{"type":"FeatureCollection","features":[{"type":"Feature","properties":{},"geometry":{"type":"MultiPolygon","coordinates":[[[[47.237019,54.846798],[47.245098,54.842856],[47.246376,54.843044],[47.248847,54.844164],[47.251172,54.843843],[47.251482,54.84449],[47.252825,54.845177],[47.253307,54.844744],[47.255403,54.845345],[47.257029,54.847093],[47.250536,54.84485],[47.245121,54.848584],[47.247532,54.848091],[47.245363,54.849312],[47.237019,54.846798]]],[[[47.25867,54.67769],[47.272961,54.674303],[47.290809,54.674267],[47.355373,54.693245],[47.375136,54.661065],[47.391801,54.650293],[47.393399,54.632578],[47.34987,54.625529],[47.346367,54.609813],[47.355475,54.580433],[47.354007,54.578501],[47.353435,54.577749],[47.354359,54.576772],[47.355481,54.576511],[47.3574,54.575979],[47.357328,54.575325],[47.357344,54.575068],[47.357715,54.574474],[47.358539,54.5741],[47.359357,54.573881],[47.360167,54.573603],[47.361345,54.573219],[47.362937,54.571898],[47.36333,54.570929],[47.364429,54.570349],[47.365907,54.569363],[47.366548,54.56938],[47.368439,54.568597],[47.367933,54.560693],[47.371798,54.555456],[47.37226,54.553553],[47.375507,54.54883],[47.383544,54.531831],[47.396834,54.496766],[47.414978,54.510975],[47.416261,54.535935],[47.438174,54.563184],[47.441073,54.563948],[47.442475,54.565076],[47.445335,54.565953],[47.446924,54.566098],[47.447941,54.566383],[47.448594,54.56536],[47.449949,54.566917],[47.452605,54.567203],[47.459253,54.566551],[47.462426,54.56581],[47.463958,54.56376],[47.467982,54.561624],[47.469697,54.561438],[47.470648,54.561084],[47.471543,54.560272],[47.473178,54.560077],[47.474014,54.559699],[47.475815,54.559344],[47.477099,54.55897],[47.479377,54.558693],[47.481479,54.557902],[47.482806,54.557608],[47.484125,54.557423],[47.485472,54.557196],[47.485812,54.555883],[47.485018,54.555494],[47.485345,54.554495],[47.486353,54.554066],[47.486115,54.552858],[47.486446,54.551873],[47.4856,54.550262],[47.484773,54.548297],[47.483978,54.546843],[47.483001,54.546582],[47.484108,54.546139],[47.492512,54.547981],[47.500673,54.5498],[47.523637,54.536667],[47.544082,54.531318],[47.56067,54.533427],[47.581864,54.533633],[47.616641,54.557594],[47.627035,54.574392],[47.632893,54.580351],[47.630287,54.593723],[47.625106,54.616737],[47.669108,54.639858],[47.693945,54.658187],[47.682547,54.680697],[47.706995,54.699801],[47.699687,54.716239],[47.740191,54.733741],[47.80231,54.730043],[47.83106,54.703569],[47.834692,54.690058],[47.833386,54.690291],[47.831921,54.689946],[47.831112,54.689957],[47.829006,54.690444],[47.826903,54.690407],[47.826032,54.689993],[47.825135,54.689345],[47.825105,54.689189],[47.825186,54.688993],[47.82454,54.688771],[47.823796,54.688774],[47.822846,54.688943],[47.821968,54.688871],[47.819258,54.688998],[47.818732,54.688906],[47.818124,54.688989],[47.817681,54.688825],[47.816867,54.688873],[47.816545,54.68924],[47.816143,54.689784],[47.8141,54.689958],[47.812332,54.689495],[47.810913,54.689028],[47.808386,54.688744],[47.804315,54.688636],[47.802271,54.689571],[47.797854,54.689695],[47.794849,54.688876],[47.79284,54.690095],[47.790128,54.69037],[47.788521,54.689219],[47.786172,54.688158],[47.783592,54.688285],[47.782364,54.68772],[47.779815,54.687229],[47.778275,54.685752],[47.776564,54.686563],[47.774989,54.685137],[47.77187,54.682887],[47.770618,54.682118],[47.801559,54.653604],[47.833284,54.642927],[47.909532,54.6479],[47.922819,54.638963],[47.923982,54.639615],[47.926483,54.639975],[47.928691,54.640457],[47.903466,54.696397],[47.905703,54.696468],[47.908151,54.695765],[47.909342,54.695382],[47.915233,54.696055],[47.917812,54.696832],[47.919736,54.69685],[47.922326,54.696869],[47.923281,54.697309],[47.925421,54.698431],[47.928135,54.698772],[47.928327,54.699031],[47.945605,54.726098],[47.978705,54.716751],[48.078263,54.718831],[48.07147,54.735065],[48.065823,54.742049],[48.103479,54.765871],[48.09957,54.747333],[48.098619,54.738596],[48.101578,54.738375],[48.105128,54.738089],[48.109197,54.738522],[48.112379,54.738061],[48.114551,54.739033],[48.116744,54.738509],[48.117991,54.737916],[48.119483,54.736737],[48.121039,54.737106],[48.122236,54.73678],[48.122952,54.735563],[48.129382,54.734391],[48.133146,54.732764],[48.134642,54.729501],[48.137828,54.729175],[48.139244,54.728681],[48.139453,54.72799],[48.143093,54.727301],[48.144272,54.727027],[48.14858,54.725364],[48.151742,54.724103],[48.15542,54.723787],[48.158634,54.723858],[48.166335,54.724628],[48.1677,54.724948],[48.169912,54.726429],[48.173735,54.727136],[48.174147,54.727677],[48.174672,54.727892],[48.175318,54.727344],[48.178659,54.727815],[48.182319,54.727085],[48.184337,54.727134],[48.185151,54.727448],[48.185527,54.727669],[48.185502,54.728216],[48.185232,54.728639],[48.185318,54.728909],[48.185858,54.729314],[48.187452,54.72977],[48.189743,54.72973],[48.19047,54.730079],[48.191323,54.730039],[48.19145,54.730324],[48.192729,54.730585],[48.193589,54.730857],[48.194423,54.730997],[48.195169,54.731422],[48.19567,54.731849],[48.196452,54.732095],[48.197431,54.731945],[48.198127,54.732198],[48.198188,54.732737],[48.199047,54.733233],[48.199837,54.734189],[48.200951,54.735595],[48.202885,54.736273],[48.205607,54.735708],[48.205644,54.733682],[48.206557,54.733665],[48.212689,54.736024],[48.211251,54.72357],[48.263048,54.723636],[48.270151,54.727886],[48.274562,54.729328],[48.280066,54.729618],[48.278425,54.727596],[48.274061,54.724566],[48.268489,54.722845],[48.267882,54.721765],[48.268413,54.719993],[48.263051,54.718713],[48.266497,54.715161],[48.265385,54.71186],[48.260041,54.709525],[48.256286,54.709217],[48.253957,54.706523],[48.251038,54.706497],[48.249668,54.706942],[48.248352,54.706358],[48.248432,54.704586],[48.244759,54.704331],[48.243974,54.703745],[48.243363,54.702281],[48.239983,54.70316],[48.234854,54.703163],[48.232132,54.703978],[48.229765,54.701204],[48.232057,54.700463],[48.23512,54.699281],[48.23691,54.697673],[48.235461,54.696787],[48.246293,54.687328],[48.29665,54.675063],[48.345879,54.697372],[48.361392,54.69392],[48.362197,54.692384],[48.361383,54.69131],[48.361312,54.690522],[48.359967,54.6902],[48.359205,54.689773],[48.358801,54.688008],[48.357013,54.686605],[48.354107,54.684902],[48.352263,54.683214],[48.351445,54.681355],[48.351076,54.679837],[48.351355,54.678088],[48.35167,54.676976],[48.350547,54.675557],[48.352453,54.674528],[48.353294,54.673514],[48.352132,54.671749],[48.351892,54.670789],[48.35475,54.669437],[48.427761,54.647397],[48.458781,54.627487],[48.598924,54.625138],[48.88178,54.79602],[49.016783,54.799855],[49.027312,54.812759],[49.032945,54.814649],[49.028578,54.81042],[49.029915,54.808639],[49.033975,54.809307],[49.042493,54.806058],[49.046718,54.803911],[49.052425,54.806111],[49.054136,54.80209],[49.058107,54.79924],[49.062506,54.797671],[49.067469,54.796642],[49.07152,54.797924],[49.073863,54.801855],[49.079433,54.800423],[49.082955,54.792946],[49.089541,54.788271],[49.093986,54.793114],[49.097915,54.794731],[49.098153,54.797856],[49.115912,54.79766],[49.128275,54.807915],[49.148209,54.841825],[49.209246,54.845822],[49.244102,54.845996],[49.244957,54.882121],[49.288299,54.891446],[49.335578,54.860082],[49.394235,54.828125],[49.436885,54.803223],[49.476072,54.778521],[49.484218,54.753441],[49.495028,54.731924],[49.514012,54.727169],[49.525316,54.720776],[49.519769,54.7197],[49.516562,54.719161],[49.512429,54.71861],[49.507706,54.716618],[49.503842,54.715239],[49.489771,54.709728],[49.48628,54.704181],[49.484157,54.697336],[49.48093,54.691619],[49.481538,54.688643],[49.482918,54.688423],[49.48471,54.688447],[49.4861,54.688951],[49.487442,54.688931],[49.488704,54.689399],[49.489788,54.689397],[49.489639,54.688827],[49.490501,54.688932],[49.491081,54.689331],[49.491832,54.68942],[49.492904,54.689637],[49.493981,54.689981],[49.494269,54.688991],[49.494876,54.689302],[49.495707,54.688909],[49.496585,54.689337],[49.497329,54.688772],[49.498748,54.688524],[49.4991,54.689229],[49.500259,54.689508],[49.50133,54.689915],[49.502243,54.689302],[49.504274,54.689667],[49.506823,54.689739],[49.507609,54.690345],[49.508409,54.690857],[49.509657,54.691236],[49.510477,54.691988],[49.511228,54.692608],[49.511429,54.693365],[49.512319,54.693423],[49.513492,54.693615],[49.514762,54.694404],[49.516089,54.694998],[49.517683,54.694953],[49.51896,54.694598],[49.519826,54.694423],[49.520178,54.693864],[49.520655,54.693142],[49.521463,54.692896],[49.521706,54.692577],[49.522292,54.692823],[49.522963,54.69306],[49.524657,54.692427],[49.52569,54.692029],[49.526867,54.691954],[49.527831,54.692153],[49.528281,54.691925],[49.528918,54.69185],[49.530082,54.691141],[49.531097,54.690966],[49.53204,54.690853],[49.533098,54.690803],[49.53484,54.691495],[49.532847,54.688155],[49.528833,54.688436],[49.529436,54.688285],[49.529828,54.688061],[49.530295,54.687735],[49.531479,54.685944],[49.531347,54.684759],[49.531667,54.683249],[49.531579,54.68205],[49.531018,54.680484],[49.54942,54.666271],[49.536091,54.649841],[49.53169,54.626252],[49.53735,54.621513],[49.538539,54.621166],[49.539296,54.620886],[49.539925,54.620647],[49.541063,54.620188],[49.543899,54.619671],[49.544961,54.619329],[49.54549,54.618766],[49.546266,54.618617],[49.547382,54.618359],[49.549438,54.618497],[49.550699,54.618102],[49.552294,54.61816],[49.553916,54.617938],[49.554522,54.617582],[49.556121,54.617235],[49.557228,54.617081],[49.559399,54.617447],[49.5602,54.617916],[49.562034,54.617996],[49.562537,54.617836],[49.563513,54.617959],[49.564391,54.617585],[49.565155,54.617075],[49.565755,54.616758],[49.566801,54.616444],[49.566668,54.614992],[49.568112,54.615113],[49.569809,54.614822],[49.57055,54.614997],[49.571499,54.61519],[49.573835,54.615462],[49.575271,54.615472],[49.577406,54.615919],[49.580031,54.615472],[49.582352,54.609255],[49.582517,54.596546],[49.577217,54.594061],[49.576197,54.593262],[49.573709,54.591475],[49.571654,54.59012],[49.570521,54.58954],[49.569457,54.588925],[49.568731,54.58753],[49.568084,54.584866],[49.567677,54.583454],[49.567165,54.582556],[49.566275,54.581786],[49.565261,54.581131],[49.560638,54.579412],[49.558179,54.578743],[49.555831,54.578483],[49.555322,54.577827],[49.554109,54.577147],[49.551091,54.576168],[49.552498,54.574686],[49.552463,54.57372],[49.552254,54.572274],[49.553462,54.570877],[49.554602,54.569904],[49.554704,54.569173],[49.556321,54.568763],[49.556946,54.568277],[49.558114,54.565669],[49.558375,54.563941],[49.560024,54.563091],[49.560316,54.56201],[49.56175,54.562644],[49.563636,54.563189],[49.565605,54.563404],[49.567315,54.563202],[49.569735,54.562262],[49.57132,54.562392],[49.572815,54.561816],[49.574344,54.562726],[49.576083,54.562553],[49.577791,54.561874],[49.578858,54.561153],[49.579715,54.560797],[49.580111,54.559908],[49.580807,54.559038],[49.581498,54.558887],[49.582469,54.559409],[49.583446,54.559852],[49.584268,54.559431],[49.585101,54.55949],[49.585789,54.559269],[49.586213,54.559292],[49.586568,54.558706],[49.587282,54.558642],[49.587989,54.558256],[49.588874,54.557982],[49.589672,54.557724],[49.590349,54.557724],[49.591702,54.557635],[49.592686,54.558147],[49.593715,54.558692],[49.595317,54.558907],[49.596336,54.558715],[49.596761,54.558445],[49.597335,54.558337],[49.598319,54.558362],[49.598473,54.55806],[49.599521,54.558339],[49.600271,54.558558],[49.600957,54.558562],[49.601827,54.558767],[49.60271,54.558803],[49.604093,54.55943],[49.604656,54.559854],[49.604542,54.560231],[49.60499,54.560381],[49.60548,54.560651],[49.606368,54.560687],[49.607216,54.560693],[49.607246,54.560187],[49.608376,54.560141],[49.610109,54.560547],[49.61063,54.559996],[49.611149,54.559285],[49.610876,54.558561],[49.610861,54.557859],[49.611544,54.557452],[49.613294,54.557124],[49.614446,54.556752],[49.615536,54.556579],[49.6167,54.556465],[49.618043,54.556538],[49.618912,54.556327],[49.620041,54.556129],[49.620747,54.556076],[49.621336,54.556185],[49.622075,54.5562],[49.62296,54.556536],[49.623536,54.556694],[49.624404,54.557064],[49.625444,54.557088],[49.62623,54.556974],[49.626927,54.557236],[49.627701,54.557715],[49.627383,54.558235],[49.626384,54.559095],[49.626977,54.559873],[49.62749,54.560096],[49.62888,54.560191],[49.629664,54.559992],[49.630656,54.55988],[49.631275,54.55978],[49.632218,54.559326],[49.632986,54.559394],[49.63428,54.559528],[49.635239,54.560112],[49.635869,54.560689],[49.636446,54.561337],[49.637521,54.56138],[49.638663,54.561625],[49.639341,54.561679],[49.639848,54.561946],[49.640331,54.5619],[49.641055,54.562415],[49.642005,54.56244],[49.642623,54.563065],[49.644507,54.563259],[49.645492,54.563586],[49.646579,54.563764],[49.647624,54.564073],[49.648762,54.564492],[49.650181,54.564281],[49.65054,54.564606],[49.652043,54.564708],[49.653131,54.565438],[49.653405,54.56597],[49.654309,54.566185],[49.654294,54.566556],[49.655029,54.56671],[49.654516,54.567411],[49.655307,54.56804],[49.656695,54.568593],[49.657395,54.569432],[49.657641,54.570736],[49.658094,54.572014],[49.659781,54.572522],[49.660353,54.573253],[49.661083,54.573322],[49.662507,54.573557],[49.663274,54.573171],[49.663936,54.573096],[49.665404,54.572903],[49.666455,54.573089],[49.667832,54.573284],[49.669815,54.573618],[49.671664,54.573413],[49.672872,54.573762],[49.674727,54.574522],[49.675205,54.575157],[49.675821,54.575068],[49.676423,54.575636],[49.677685,54.575395],[49.678488,54.575307],[49.680542,54.575556],[49.681591,54.575867],[49.68231,54.576218],[49.682697,54.576482],[49.683879,54.576377],[49.683777,54.576574],[49.684911,54.577329],[49.68778,54.577571],[49.689057,54.577856],[49.689895,54.577955],[49.690788,54.57812],[49.692154,54.578246],[49.693985,54.578281],[49.695816,54.578361],[49.696906,54.578124],[49.698958,54.578297],[49.701066,54.578369],[49.704161,54.577763],[49.706017,54.577776],[49.707107,54.57728],[49.707361,54.576971],[49.708032,54.5769],[49.708767,54.576615],[49.709796,54.576439],[49.710504,54.575936],[49.711115,54.575492],[49.711825,54.57575],[49.712959,54.57544],[49.714141,54.575235],[49.715082,54.575073],[49.715812,54.574832],[49.716806,54.57509],[49.717541,54.5749],[49.718261,54.574403],[49.719523,54.574267],[49.719924,54.57442],[49.72086,54.574581],[49.722089,54.574896],[49.723262,54.575261],[49.726271,54.57588],[49.72737,54.57612],[49.728133,54.575991],[49.728538,54.575554],[49.729778,54.57537],[49.730776,54.575439],[49.73216,54.575827],[49.732992,54.576054],[49.73325,54.576308],[49.73399,54.576754],[49.735036,54.576511],[49.737,54.576827],[49.738216,54.57645],[49.739433,54.57571],[49.740895,54.575457],[49.743737,54.575508],[49.745293,54.574566],[49.747202,54.574177],[49.750446,54.574185],[49.754143,54.573489],[49.75999,54.573069],[49.765949,54.571828],[49.769374,54.572338],[49.773626,54.571673],[49.804095,54.564632],[49.832716,54.549187],[49.837336,54.54908],[49.838763,54.548718],[49.839567,54.548268],[49.841189,54.546893],[49.842068,54.546161],[49.842772,54.54581],[49.844115,54.544509],[49.844237,54.543785],[49.844814,54.543085],[49.845208,54.542454],[49.845714,54.541727],[49.846127,54.540972],[49.846338,54.539735],[49.846946,54.539056],[49.847655,54.537653],[49.901472,54.535377],[49.939497,54.535219],[49.952829,54.513551],[49.966017,54.501467],[49.980071,54.505771],[49.98946,54.517008],[50.014251,54.51032],[50.014317,54.509353],[50.033993,54.507656],[50.094675,54.506486],[50.20067,54.499362],[50.22526,54.483639],[50.244262,54.442671],[50.254341,54.44613],[50.268684,54.442716],[50.306182,54.447436],[50.333854,54.459844],[50.343475,54.462622],[50.334162,54.47239],[50.334751,54.479232],[50.329416,54.482139],[50.333245,54.481595],[50.336791,54.48102],[50.338063,54.479696],[50.345524,54.482134],[50.344827,54.483615],[50.34202,54.486151],[50.342048,54.488146],[50.345249,54.487609],[50.350365,54.489484],[50.355876,54.491177],[50.359256,54.48985],[50.356331,54.486883],[50.355027,54.484267],[50.3653,54.485094],[50.370092,54.487408],[50.37414,54.493293],[50.388846,54.482041],[50.405375,54.459472],[50.430944,54.420996],[50.466384,54.422918],[50.475674,54.395668],[50.48539,54.369807],[50.506056,54.350623],[50.508101,54.330552],[50.550623,54.339085],[50.586024,54.348908],[50.636843,54.371611],[50.673403,54.394893],[50.737362,54.402979],[50.746476,54.388196],[50.74699,54.386366],[50.749417,54.377037],[50.754187,54.375878],[50.755841,54.376902],[50.757211,54.376549],[50.75854,54.37652],[50.762386,54.377641],[50.762365,54.376079],[50.764143,54.376513],[50.766607,54.376231],[50.76827,54.377069],[50.773868,54.377026],[50.782855,54.374354],[50.828824,54.364338],[50.852292,54.36944],[50.853917,54.37113],[50.85473,54.372369],[50.856922,54.37242],[50.860161,54.373076],[50.86147,54.374358],[50.862096,54.376091],[50.862108,54.377331],[50.863701,54.378467],[50.865828,54.380473],[50.865907,54.381395],[50.867841,54.381934],[50.870092,54.383018],[50.871861,54.383813],[50.87544,54.384392],[50.907028,54.362729],[50.905765,54.343206],[50.954356,54.392084],[50.952895,54.392985],[50.950602,54.393703],[50.951741,54.394518],[50.952099,54.39505],[50.950155,54.395357],[50.950004,54.396199],[50.951883,54.397064],[50.953867,54.396997],[50.955725,54.396562],[50.957638,54.39687],[50.957002,54.397564],[50.957386,54.398494],[50.959277,54.397578],[50.96041,54.396918],[50.96093,54.396026],[50.962801,54.395535],[50.96591,54.394218],[50.967782,54.39442],[50.967182,54.395186],[50.965867,54.396738],[50.968577,54.397332],[50.970211,54.396978],[50.972497,54.396885],[50.974909,54.395002],[50.976725,54.395693],[50.978257,54.396446],[50.978553,54.398112],[50.980122,54.398474],[50.980715,54.397275],[50.982008,54.396829],[50.983215,54.398285],[50.984999,54.398708],[50.986253,54.400373],[50.987051,54.402221],[50.989231,54.402154],[50.990174,54.401434],[50.992197,54.401353],[50.993019,54.402682],[50.996563,54.402036],[50.9985,54.402756],[50.988569,54.413029],[50.988048,54.435428],[51.02017,54.470083],[51.019411,54.472595],[51.016573,54.472582],[51.015046,54.474131],[51.012436,54.474201],[51.012925,54.475674],[51.012875,54.476706],[51.011981,54.477279],[51.010944,54.478402],[51.010487,54.479494],[51.009984,54.480075],[51.008059,54.480745],[51.007254,54.481841],[51.00505,54.481564],[51.00167,54.48197],[51.001321,54.504699],[51.006678,54.546029],[51.045239,54.5445],[51.088124,54.556297],[51.090607,54.576556],[51.14874,54.613979],[51.148318,54.637051],[51.154964,54.641858],[51.168806,54.652058],[51.20036,54.659005],[51.187666,54.65053],[51.225568,54.647674],[51.243394,54.63572],[51.249038,54.634078],[51.252837,54.633989],[51.253876,54.634831],[51.254835,54.63551],[51.255369,54.636274],[51.256879,54.637627],[51.260116,54.639334],[51.267196,54.640415],[51.281831,54.643464],[51.288439,54.652739],[51.29385,54.651503],[51.294124,54.651107],[51.294659,54.651484],[51.295186,54.651342],[51.296046,54.651151],[51.296266,54.65157],[51.298104,54.651736],[51.299329,54.651998],[51.299975,54.652254],[51.299607,54.652859],[51.300381,54.652784],[51.300753,54.653069],[51.301672,54.653194],[51.303562,54.652659],[51.303962,54.652444],[51.303721,54.65195],[51.304837,54.651722],[51.304201,54.651279],[51.304306,54.650748],[51.303194,54.650576],[51.303363,54.650436],[51.303392,54.650254],[51.303702,54.649639],[51.303174,54.648803],[51.303757,54.649022],[51.304696,54.648892],[51.305729,54.648751],[51.30668,54.649288],[51.307412,54.649612],[51.308575,54.649763],[51.309046,54.649189],[51.309384,54.648641],[51.310575,54.648674],[51.309618,54.647929],[51.309596,54.647141],[51.310548,54.64746],[51.311625,54.646873],[51.311914,54.646349],[51.312197,54.646442],[51.312412,54.64679],[51.314201,54.646688],[51.314625,54.646978],[51.31502,54.647659],[51.315594,54.648849],[51.31941,54.65029],[51.31937,54.651194],[51.320966,54.65027],[51.323013,54.650602],[51.32363,54.651903],[51.326331,54.65285],[51.329199,54.653595],[51.32925,54.654398],[51.330819,54.65625],[51.331128,54.654979],[51.332997,54.654596],[51.333941,54.653625],[51.334413,54.653068],[51.337498,54.652006],[51.343308,54.652863],[51.34847,54.652929],[51.351714,54.652187],[51.35718,54.653201],[51.358743,54.654712],[51.360802,54.65559],[51.364371,54.655971],[51.365573,54.657152],[51.363666,54.658657],[51.361869,54.660586],[51.363114,54.660687],[51.36582,54.660897],[51.368195,54.661311],[51.370408,54.662197],[51.374642,54.663104],[51.375311,54.663891],[51.376768,54.664175],[51.378206,54.664052],[51.381069,54.664561],[51.380272,54.665688],[51.380023,54.666417],[51.380191,54.6674],[51.380387,54.66848],[51.380341,54.669209],[51.381346,54.670139],[51.380571,54.671149],[51.382864,54.671337],[51.381122,54.672339],[51.382358,54.672988],[51.381973,54.673583],[51.38358,54.67387],[51.38393,54.675383],[51.385493,54.676007],[51.386767,54.676534],[51.388262,54.676632],[51.389979,54.676426],[51.40396,54.668168],[51.398643,54.6637],[51.398635,54.6622],[51.398219,54.661021],[51.398281,54.659428],[51.396807,54.657765],[51.395139,54.654345],[51.392921,54.650433],[51.391129,54.649439],[51.39136,54.647422],[51.393005,54.644731],[51.392901,54.642759],[51.392426,54.641719],[51.394333,54.639802],[51.395437,54.638877],[51.395651,54.636546],[51.393679,54.635103],[51.392632,54.63365],[51.393967,54.632913],[51.392521,54.631282],[51.390922,54.630584],[51.390095,54.629699],[51.38949,54.628926],[51.388605,54.62736],[51.387686,54.625308],[51.387901,54.62316],[51.388087,54.622407],[51.38717,54.620921],[51.386473,54.619752],[51.385312,54.619492],[51.384134,54.618178],[51.382922,54.617502],[51.382689,54.616504],[51.382105,54.615231],[51.382641,54.613898],[51.381314,54.612502],[51.382021,54.611282],[51.382803,54.609865],[51.383782,54.607243],[51.384643,54.605575],[51.385172,54.603989],[51.385658,54.602359],[51.386523,54.601294],[51.387616,54.599395],[51.386539,54.59852],[51.386902,54.596988],[51.38614,54.595389],[51.383986,54.59416],[51.384019,54.592547],[51.382785,54.590377],[51.382396,54.588215],[51.387456,54.588285],[51.494804,54.596621],[51.517245,54.635852],[51.518063,54.642277],[51.518723,54.648135],[51.519515,54.650724],[51.521035,54.651716],[51.525823,54.651017],[51.527328,54.649944],[51.529052,54.650486],[51.53478,54.650953],[51.538825,54.649721],[51.541738,54.647063],[51.543069,54.644958],[51.542414,54.643728],[51.540052,54.645144],[51.537805,54.644233],[51.540328,54.642362],[51.542274,54.641049],[51.544991,54.640203],[51.547975,54.639616],[51.550566,54.640048],[51.554071,54.639441],[51.556237,54.63739],[51.55503,54.635725],[51.55746,54.635145],[51.556638,54.634596],[51.555507,54.633631],[51.559391,54.632175],[51.562263,54.629304],[51.562954,54.628365],[51.561373,54.628125],[51.560499,54.627034],[51.560711,54.625736],[51.564549,54.624976],[51.566279,54.625373],[51.568143,54.624247],[51.569077,54.623913],[51.571799,54.625205],[51.573718,54.625848],[51.578614,54.624163],[51.580816,54.621837],[51.579428,54.620853],[51.578295,54.619676],[51.579751,54.618598],[51.581359,54.618346],[51.582269,54.616422],[51.582467,54.613713],[51.58349,54.613264],[51.587095,54.613147],[51.587068,54.61252],[51.586763,54.611297],[51.586456,54.61073],[51.586421,54.610243],[51.586154,54.609697],[51.584528,54.609356],[51.585095,54.608676],[51.585717,54.608102],[51.584903,54.606412],[51.587479,54.604],[51.590524,54.602322],[51.592552,54.601261],[51.59393,54.600389],[51.596266,54.59863],[51.59911,54.594519],[51.604063,54.590541],[51.609511,54.586414],[51.612122,54.582711],[51.612032,54.580394],[51.615621,54.579362],[51.618129,54.577853],[51.618701,54.576819],[51.619596,54.576067],[51.619401,54.573398],[51.623108,54.571056],[51.626689,54.57071],[51.629969,54.569915],[51.631877,54.568282],[51.633092,54.568904],[51.634037,54.568061],[51.632553,54.566443],[51.633448,54.565438],[51.658125,54.568379],[51.696885,54.556168],[51.777553,54.555772],[51.789261,54.536626],[51.820099,54.538009],[51.86003,54.53476],[51.915871,54.536634],[51.927615,54.527535],[51.929899,54.519999],[51.937135,54.513652],[51.941351,54.490642],[51.944835,54.454985],[51.936867,54.453968],[51.933195,54.45148],[51.939898,54.450032],[51.942334,54.448233],[51.945568,54.446343],[51.938091,54.441426],[51.928434,54.445692],[51.925553,54.439524],[51.919827,54.438475],[51.911656,54.440533],[51.911195,54.438131],[51.912692,54.436175],[51.912485,54.433946],[51.913051,54.43072],[51.914288,54.426948],[51.911842,54.420958],[51.908492,54.418612],[51.904936,54.413435],[51.956521,54.419231],[51.9712,54.426252],[51.966892,54.418139],[51.974526,54.407642],[51.988358,54.412982],[52.010208,54.412357],[52.009591,54.415197],[52.001652,54.414585],[51.990901,54.413961],[51.980502,54.413667],[51.972977,54.413466],[51.975823,54.416786],[51.978112,54.418747],[51.98404,54.421988],[51.995253,54.419953],[52.000697,54.42208],[51.995358,54.429902],[52.012093,54.426813],[52.028471,54.423862],[52.054229,54.416327],[52.059278,54.417978],[52.060186,54.417595],[52.060897,54.418059],[52.061509,54.417848],[52.062087,54.417614],[52.062641,54.417847],[52.063238,54.417757],[52.06461,54.418277],[52.065344,54.418411],[52.066378,54.418132],[52.065993,54.417569],[52.064399,54.411515],[52.048309,54.389726],[52.047456,54.380484],[52.049646,54.380058],[52.052288,54.380233],[52.055542,54.379598],[52.056799,54.379457],[52.057679,54.37949],[52.058569,54.379536],[52.059937,54.379336],[52.06097,54.377564],[52.060156,54.37722],[52.05939,54.375506],[52.058967,54.37454],[52.058527,54.373788],[52.057011,54.372719],[52.055069,54.372183],[52.04865,54.365823],[52.039874,54.353287],[52.045748,54.349703],[52.05338,54.345897],[52.092543,54.328302],[52.108941,54.342592],[52.114016,54.346787],[52.116058,54.358761],[52.10425,54.362492],[52.103416,54.381428],[52.102009,54.381275],[52.098739,54.381035],[52.097159,54.381794],[52.095528,54.391191],[52.118281,54.390417],[52.119091,54.388764],[52.118286,54.387901],[52.120321,54.386696],[52.120184,54.384688],[52.12164,54.3838],[52.1244,54.381409],[52.125565,54.379813],[52.125332,54.377527],[52.125516,54.37606],[52.12489,54.375292],[52.124951,54.374114],[52.12728,54.373327],[52.130269,54.372495],[52.132637,54.372175],[52.134053,54.371709],[52.135944,54.370944],[52.136107,54.369278],[52.136303,54.368642],[52.138176,54.368112],[52.139252,54.36673],[52.14067,54.366666],[52.142033,54.365661],[52.144133,54.364117],[52.144617,54.363566],[52.148334,54.363024],[52.149075,54.363523],[52.150202,54.363568],[52.151609,54.364148],[52.153428,54.363927],[52.155281,54.364715],[52.157287,54.364804],[52.158833,54.365196],[52.159897,54.366613],[52.16199,54.368168],[52.163462,54.368318],[52.164662,54.368813],[52.165929,54.369054],[52.167194,54.369559],[52.168286,54.370448],[52.170536,54.371329],[52.173517,54.37308],[52.174774,54.374729],[52.176612,54.374939],[52.178372,54.376874],[52.178791,54.377276],[52.178167,54.377722],[52.179107,54.37818],[52.178194,54.37882],[52.179645,54.379041],[52.180145,54.379928],[52.182049,54.380977],[52.193721,54.395709],[52.190639,54.411057],[52.221794,54.430969],[52.242889,54.439682],[52.291946,54.434961],[52.304747,54.446291],[52.335169,54.446003],[52.331688,54.433331],[52.346279,54.428058],[52.367222,54.398661],[52.40057,54.419659],[52.399153,54.420848],[52.397788,54.421942],[52.395551,54.423074],[52.393898,54.424066],[52.393789,54.425247],[52.394084,54.426489],[52.394822,54.428021],[52.392945,54.429797],[52.391433,54.432821],[52.391815,54.433735],[52.389934,54.43344],[52.389078,54.433845],[52.388797,54.436081],[52.388406,54.436827],[52.38834,54.437914],[52.387773,54.438694],[52.38897,54.43912],[52.389255,54.440233],[52.388558,54.442257],[52.387898,54.444519],[52.386808,54.445114],[52.399472,54.453454],[52.419817,54.466554],[52.436733,54.464439],[52.460893,54.467214],[52.502117,54.459062],[52.485226,54.436255],[52.485933,54.437006],[52.487903,54.437563],[52.488576,54.437868],[52.489829,54.438451],[52.490572,54.438678],[52.490633,54.439302],[52.491412,54.439548],[52.491992,54.439553],[52.492959,54.439162],[52.493609,54.439046],[52.494518,54.439087],[52.495661,54.439288],[52.496548,54.439042],[52.496944,54.439514],[52.497574,54.439301],[52.497813,54.439627],[52.498646,54.439918],[52.499351,54.439384],[52.501473,54.438726],[52.50252,54.438032],[52.50408,54.437374],[52.502826,54.411556],[52.501177,54.391244],[52.49783,54.390146],[52.495561,54.391069],[52.494413,54.390226],[52.49309,54.390316],[52.492219,54.391018],[52.491304,54.391965],[52.490218,54.391558],[52.490218,54.391005],[52.499953,54.379704],[52.526471,54.364232],[52.560888,54.345138],[52.576187,54.351359],[52.60095,54.365022],[52.601829,54.365212],[52.602655,54.365607],[52.604881,54.364596],[52.606175,54.362599],[52.608816,54.362612],[52.611908,54.362988],[52.614258,54.361164],[52.617545,54.359297],[52.620538,54.357322],[52.622826,54.356098],[52.62344,54.355261],[52.623024,54.354695],[52.623454,54.354338],[52.623976,54.35259],[52.624205,54.350564],[52.623467,54.349769],[52.623668,54.348974],[52.623542,54.34699],[52.62565,54.34531],[52.626454,54.344377],[52.626688,54.344056],[52.627424,54.343193],[52.627411,54.342126],[52.62791,54.341896],[52.628874,54.340997],[52.628632,54.340502],[52.628542,54.339389],[52.629881,54.339613],[52.634875,54.338778],[52.636502,54.339189],[52.638036,54.339304],[52.638391,54.338833],[52.682268,54.358937],[52.70191,54.360345],[52.707479,54.354457],[52.733238,54.351605],[52.773152,54.344285],[52.810008,54.332549],[52.828445,54.320231],[52.83152,54.319294],[52.867359,54.323024],[52.934189,54.308426],[52.946256,54.30408],[52.907883,54.28882],[52.893944,54.280299],[52.920791,54.269028],[52.943388,54.270596],[52.957353,54.272281],[52.967277,54.266091],[52.980716,54.27277],[53.029466,54.291641],[53.014178,54.308862],[52.995539,54.316732],[53.016833,54.322738],[53.056297,54.352739],[53.068012,54.336267],[53.097442,54.313113],[53.104517,54.312526],[53.105824,54.312639],[53.106407,54.312573],[53.107414,54.312475],[53.108208,54.312386],[53.110243,54.312234],[53.112959,54.311543],[53.116613,54.311654],[53.119168,54.310215],[53.124611,54.301575],[53.151634,54.291212],[53.116426,54.267219],[53.123029,54.259128],[53.13399,54.244596],[53.107881,54.236118],[53.085101,54.237348],[53.05719,54.242589],[53.033113,54.24489],[53.043636,54.23904],[53.055884,54.233633],[53.072339,54.225246],[53.025223,54.222892],[53.012617,54.222859],[52.997302,54.224977],[53.012221,54.232399],[52.988999,54.234396],[52.973725,54.236706],[52.959457,54.233554],[52.949293,54.226687],[52.95951,54.222682],[52.953652,54.213005],[52.965198,54.211417],[52.970985,54.205598],[52.96402,54.189963],[52.968901,54.182547],[52.974662,54.179371],[53.004713,54.179483],[53.012422,54.175064],[53.045961,54.131553],[53.070397,54.126155],[53.071193,54.126575],[53.072333,54.127147],[53.073636,54.127891],[53.075355,54.127277],[53.075208,54.126139],[53.076901,54.126506],[53.078168,54.126112],[53.079383,54.125881],[53.078894,54.12502],[53.080344,54.125187],[53.0813,54.12653],[53.086433,54.125852],[53.08739,54.126305],[53.089017,54.125419],[53.092423,54.124839],[53.093227,54.126126],[53.094766,54.12553],[53.096764,54.125968],[53.095991,54.124415],[53.094927,54.123389],[53.093244,54.120951],[53.087488,54.111146],[53.077474,54.090852],[53.061352,54.078336],[53.068142,54.067652],[53.089431,54.076046],[53.131705,54.077069],[53.191952,54.094106],[53.192084,54.106343],[53.205955,54.111497],[53.2338,54.113396],[53.235693,54.097238],[53.225771,54.087275],[53.289347,54.080904],[53.286835,54.05417],[53.284174,54.033285],[53.305772,54.018526],[53.316124,54.019535],[53.321745,54.017714],[53.36886,53.974244],[53.400696,53.993087],[53.413196,54.025169],[53.445952,54.043073],[53.499955,54.057256],[53.498059,54.056782],[53.495124,54.058521],[53.492173,54.061575],[53.490446,54.06433],[53.489584,54.066287],[53.487829,54.068166],[53.490607,54.068447],[53.490227,54.069879],[53.491485,54.07096],[53.489514,54.070728],[53.486835,54.071313],[53.488204,54.073687],[53.488597,54.076472],[53.487055,54.077106],[53.483289,54.079527],[53.476758,54.082187],[53.475054,54.084977],[53.468846,54.08681],[53.466308,54.089859],[53.46924,54.094273],[53.470873,54.096778],[53.473143,54.096401],[53.47186,54.09725],[53.472506,54.098754],[53.47156,54.099877],[53.470282,54.10125],[53.469913,54.102394],[53.467214,54.102459],[53.465755,54.105064],[53.469009,54.108117],[53.466594,54.108663],[53.468994,54.109886],[53.472489,54.111237],[53.471382,54.11354],[53.471969,54.115326],[53.468516,54.115092],[53.468592,54.117079],[53.466215,54.117207],[53.46704,54.118516],[53.468801,54.119812],[53.46823,54.121086],[53.467029,54.120218],[53.465567,54.120797],[53.463804,54.121225],[53.464286,54.122624],[53.466708,54.122757],[53.464931,54.123095],[53.465111,54.124492],[53.466245,54.125902],[53.467929,54.126052],[53.467744,54.127017],[53.468693,54.129089],[53.467059,54.129692],[53.465522,54.12948],[53.466531,54.130213],[53.467846,54.130312],[53.467624,54.131733],[53.465567,54.132581],[53.466356,54.133795],[53.464963,54.133712],[53.463717,54.135128],[53.465158,54.136832],[53.462669,54.138192],[53.464138,54.138411],[53.468603,54.138466],[53.469275,54.139507],[53.468642,54.141063],[53.46811,54.141272],[53.466543,54.141664],[53.468046,54.142402],[53.469028,54.14302],[53.468737,54.143666],[53.467137,54.143041],[53.467731,54.143936],[53.466283,54.145298],[53.463561,54.147378],[53.461815,54.149458],[53.460069,54.14854],[53.457791,54.149423],[53.459004,54.150429],[53.455595,54.152318],[53.453422,54.154422],[53.454686,54.155506],[53.453572,54.156872],[53.452893,54.157702],[53.453584,54.159597],[53.457526,54.162263],[53.455553,54.16567],[53.454502,54.167746],[53.455526,54.168773],[53.453837,54.173431],[53.452913,54.176454],[53.448549,54.179439],[53.444967,54.181749],[53.443753,54.182559],[53.441321,54.184192],[53.439592,54.184047],[53.438295,54.186194],[53.43741,54.187803],[53.437798,54.189081],[53.439025,54.190554],[53.440179,54.19026],[53.440678,54.191576],[53.439684,54.192028],[53.43958,54.193684],[53.43813,54.194211],[53.439692,54.194956],[53.438801,54.196602],[53.436804,54.198972],[53.43627,54.200648],[53.43461,54.201788],[53.432986,54.203386],[53.430706,54.207641],[53.431869,54.213536],[53.433283,54.214772],[53.43391,54.217319],[53.436559,54.222427],[53.433682,54.222977],[53.431568,54.222489],[53.429356,54.222453],[53.428314,54.220996],[53.427106,54.221273],[53.425798,54.222705],[53.425076,54.226248],[53.423514,54.230795],[53.427681,54.23302],[53.427756,54.235233],[53.428381,54.237082],[53.43001,54.235134],[53.431506,54.23572],[53.433911,54.236949],[53.436533,54.238938],[53.43384,54.241307],[53.429609,54.245716],[53.431059,54.24869],[53.427952,54.250661],[53.425483,54.248835],[53.421358,54.252199],[53.422778,54.255847],[53.427148,54.258228],[53.43204,54.257541],[53.431656,54.256435],[53.435321,54.255909],[53.439242,54.25602],[53.445313,54.259469],[53.443324,54.262521],[53.440765,54.264309],[53.440499,54.265933],[53.440677,54.267748],[53.437747,54.268819],[53.438646,54.271706],[53.435824,54.274729],[53.432243,54.275196],[53.429195,54.277925],[53.429905,54.281173],[53.427834,54.283747],[53.426147,54.285786],[53.429386,54.288961],[53.434038,54.287127],[53.434541,54.291151],[53.433017,54.294305],[53.437172,54.297316],[53.437845,54.298606],[53.435805,54.298288],[53.434708,54.297319],[53.432375,54.297507],[53.431278,54.296467],[53.42887,54.297997],[53.427404,54.297933],[53.428456,54.296479],[53.426733,54.295902],[53.423801,54.297843],[53.420308,54.298562],[53.42282,54.299817],[53.421774,54.300755],[53.420683,54.30149],[53.419127,54.301851],[53.419598,54.303411],[53.421787,54.303987],[53.420663,54.30592],[53.419825,54.307587],[53.422556,54.307455],[53.424997,54.305914],[53.42532,54.307866],[53.423047,54.308853],[53.425584,54.310593],[53.42561,54.312796],[53.427334,54.312307],[53.425907,54.314081],[53.426069,54.31648],[53.429006,54.316901],[53.428974,54.317915],[53.428742,54.320667],[53.428503,54.322979],[53.43033,54.322577],[53.430812,54.326081],[53.432048,54.32876],[53.42967,54.332403],[53.426944,54.335953],[53.421412,54.335461],[53.422654,54.338418],[53.41462,54.342988],[53.410726,54.34361],[53.407349,54.344519],[53.403834,54.344572],[53.402117,54.345444],[53.399924,54.349459],[53.402794,54.349114],[53.405576,54.347441],[53.408712,54.348648],[53.404954,54.350891],[53.407174,54.352374],[53.41176,54.352839],[53.407973,54.353702],[53.406375,54.354443],[53.414157,54.357254],[53.418981,54.360754],[53.413506,54.36203],[53.407623,54.364551],[53.401048,54.36584],[53.395781,54.370081],[53.390307,54.370478],[53.385739,54.371188],[53.381765,54.374846],[53.394373,54.381224],[53.399765,54.387413],[53.410098,54.395827],[53.408834,54.397962],[53.410766,54.401645],[53.408641,54.403711],[53.410814,54.407871],[53.394364,54.414436],[53.386341,54.417218],[53.391428,54.419497],[53.398339,54.420093],[53.40616,54.422249],[53.412382,54.423741],[53.417533,54.424035],[53.423308,54.422824],[53.427613,54.426778],[53.426531,54.42855],[53.429615,54.431152],[53.42453,54.436848],[53.417464,54.438528],[53.41176,54.441418],[53.403983,54.449322],[53.41029,54.453015],[53.41693,54.457307],[53.424375,54.456116],[53.420877,54.462611],[53.414639,54.468212],[53.421813,54.471988],[53.423976,54.475668],[53.433722,54.479581],[53.434838,54.484818],[53.432825,54.48794],[53.430449,54.491473],[53.426196,54.492123],[53.422868,54.494705],[53.423723,54.497286],[53.419587,54.498267],[53.419433,54.502301],[53.421387,54.504529],[53.424227,54.510714],[53.426063,54.511168],[53.427715,54.516539],[53.429941,54.519888],[53.4249,54.521596],[53.423776,54.526606],[53.423843,54.527993],[53.423729,54.530452],[53.425129,54.531594],[53.42793,54.530211],[53.430504,54.531111],[53.429255,54.533505],[53.432943,54.534592],[53.434094,54.542849],[53.431003,54.5485],[53.43281,54.555347],[53.424058,54.562782],[53.429168,54.569721],[53.441289,54.570344],[53.447959,54.567739],[53.459041,54.565353],[53.469023,54.570509],[53.471011,54.57724],[53.47789,54.576778],[53.482299,54.57857],[53.480887,54.579334],[53.47503,54.579377],[53.469194,54.580132],[53.46796,54.583173],[53.465727,54.584955],[53.466766,54.588985],[53.482782,54.591286],[53.488961,54.592115],[53.486692,54.594825],[53.489369,54.596797],[53.490328,54.599629],[53.490909,54.602505],[53.494213,54.605428],[53.505018,54.608829],[53.50435,54.61321],[53.510554,54.617133],[53.513766,54.613719],[53.520728,54.617277],[53.539216,54.633092],[53.560729,54.636622],[53.570466,54.640298],[53.572015,54.652527],[53.564011,54.65473],[53.5597,54.657976],[53.565419,54.659704],[53.569582,54.663442],[53.573738,54.666167],[53.573012,54.667632],[53.578122,54.669205],[53.603279,54.663814],[53.58024,54.676829],[53.577712,54.679224],[53.58484,54.67956],[53.587096,54.680174],[53.588921,54.681133],[53.589816,54.681277],[53.594322,54.681124],[53.596928,54.684279],[53.603801,54.690518],[53.608364,54.696056],[53.613244,54.696697],[53.615343,54.696067],[53.617803,54.699305],[53.618325,54.703634],[53.61884,54.705394],[53.620986,54.704898],[53.623775,54.704849],[53.62223,54.706609],[53.61987,54.709312],[53.621973,54.710477],[53.623046,54.709733],[53.62472,54.709089],[53.626436,54.711221],[53.626016,54.713461],[53.625902,54.716478],[53.626157,54.720377],[53.625605,54.723118],[53.628509,54.723769],[53.627628,54.72518],[53.625333,54.726],[53.625449,54.72703],[53.627357,54.728114],[53.631563,54.728734],[53.627637,54.732536],[53.630608,54.735997],[53.629265,54.740663],[53.6311,54.74229],[53.635536,54.742214],[53.6373,54.745345],[53.639159,54.746746],[53.635726,54.750783],[53.628559,54.756554],[53.623606,54.761552],[53.617333,54.786814],[53.619216,54.793296],[53.623472,54.794895],[53.62563,54.798932],[53.624098,54.804961],[53.628896,54.809433],[53.624832,54.80997],[53.620022,54.811703],[53.622042,54.812678],[53.613362,54.81038],[53.593066,54.809682],[53.611115,54.84986],[53.637366,54.880269],[53.642114,54.899405],[53.637694,54.910767],[53.613436,54.899527],[53.573422,54.883512],[53.554242,54.878883],[53.55108,54.882766],[53.548386,54.885937],[53.545093,54.887697],[53.54369,54.886302],[53.541632,54.887885],[53.544957,54.891042],[53.543799,54.895069],[53.540698,54.896439],[53.54304,54.898272],[53.536338,54.901722],[53.529464,54.906207],[53.519346,54.910044],[53.518794,54.907641],[53.516236,54.908197],[53.512863,54.911142],[53.508145,54.913285],[53.507325,54.916711],[53.507736,54.918573],[53.508383,54.922708],[53.512366,54.923562],[53.514789,54.923337],[53.51806,54.924777],[53.514919,54.93158],[53.503205,54.938138],[53.495683,54.941292],[53.490307,54.940999],[53.490931,54.944696],[53.485417,54.94955],[53.479974,54.951207],[53.47751,54.949875],[53.471198,54.95658],[53.468659,54.960733],[53.470066,54.962665],[53.472375,54.962512],[53.473242,54.961255],[53.476405,54.960187],[53.482473,54.960985],[53.482042,54.962407],[53.479002,54.963387],[53.478607,54.966258],[53.481966,54.966353],[53.484437,54.966468],[53.483904,54.967955],[53.480083,54.972054],[53.474266,54.974792],[53.473216,54.97635],[53.475939,54.977423],[53.470116,54.98055],[53.462295,54.982961],[53.461618,54.983772],[53.462957,54.984743],[53.461085,54.986512],[53.457701,54.987474],[53.454106,54.989641],[53.448054,54.99188],[53.442039,54.994766],[53.439235,54.994175],[53.438841,54.993101],[53.439636,54.991049],[53.43821,54.990648],[53.437119,54.99134],[53.437455,54.993548],[53.434804,54.994191],[53.430862,54.994257],[53.428163,54.995947],[53.428125,54.997468],[53.426613,54.999366],[53.422663,54.999012],[53.420315,54.999496],[53.418001,55.001226],[53.414912,55.00315],[53.412668,55.00458],[53.410975,55.006143],[53.408961,55.004271],[53.407802,55.002636],[53.405916,55.003717],[53.403276,55.004068],[53.401175,55.005409],[53.401437,55.006598],[53.404141,55.006537],[53.404757,55.00861],[53.405637,55.010349],[53.40288,55.010602],[53.399554,55.009945],[53.398448,55.011849],[53.398356,55.013645],[53.389758,55.015594],[53.388878,55.012965],[53.38681,55.011772],[53.382176,55.01268],[53.382096,55.014628],[53.384236,55.017083],[53.381873,55.017197],[53.380196,55.016203],[53.379277,55.018373],[53.380811,55.019891],[53.378927,55.020421],[53.37661,55.019875],[53.373473,55.020993],[53.373172,55.02246],[53.376159,55.022777],[53.375576,55.023928],[53.3723,55.024998],[53.368489,55.024881],[53.364664,55.024739],[53.35846,55.023204],[53.346766,55.024048],[53.339132,55.022546],[53.328697,55.021597],[53.319677,55.021611],[53.313714,55.025298],[53.315919,55.026853],[53.318689,55.028189],[53.317723,55.030121],[53.319283,55.03229],[53.32044,55.033783],[53.324526,55.033911],[53.324066,55.03633],[53.321686,55.040153],[53.31792,55.044444],[53.314305,55.044195],[53.311747,55.042921],[53.310045,55.044741],[53.269505,55.048659],[53.293937,55.070798],[53.291675,55.071777],[53.292108,55.073269],[53.290983,55.073812],[53.288171,55.072602],[53.284858,55.075091],[53.277062,55.075848],[53.270093,55.078016],[53.262995,55.088417],[53.264844,55.09843],[53.263629,55.100369],[53.262173,55.101115],[53.259481,55.102431],[53.25502,55.102547],[53.251895,55.102576],[53.250295,55.10447],[53.170297,55.1052],[53.157542,55.132945],[53.157844,55.165582],[53.219818,55.164379],[53.2726,55.172538],[53.287216,55.167785],[53.369993,55.176244],[53.369579,55.197771],[53.368815,55.203292],[53.373231,55.208254],[53.419957,55.224285],[53.466611,55.228466],[53.596534,55.214536],[53.624434,55.223003],[53.641511,55.277228],[53.684986,55.278784],[53.677989,55.285327],[53.681494,55.289403],[53.683072,55.296587],[53.685582,55.31929],[53.733494,55.332478],[53.757593,55.341449],[53.786936,55.341462],[53.861714,55.365778],[53.896892,55.355841],[53.896111,55.357992],[53.888969,55.362033],[53.890588,55.368091],[53.889449,55.371925],[53.88913,55.3742],[53.887918,55.376895],[53.890345,55.380393],[53.888796,55.385271],[53.886482,55.389938],[53.882348,55.389123],[53.87456,55.391295],[53.873343,55.395722],[53.878992,55.395839],[53.883573,55.396966],[53.884505,55.399484],[53.892016,55.401737],[53.894613,55.405511],[53.900222,55.407536],[53.901522,55.409829],[53.898851,55.410402],[53.895542,55.409139],[53.894479,55.410798],[53.895455,55.412981],[53.897619,55.415455],[53.902686,55.415435],[53.908541,55.415966],[53.910357,55.419999],[53.908504,55.423215],[53.906868,55.426044],[53.920146,55.44007],[53.940304,55.460376],[53.966816,55.488592],[53.963396,55.519469],[53.965751,55.5255],[53.969404,55.531141],[53.983704,55.5303],[53.991999,55.545188],[54.000313,55.548269],[54.004641,55.550742],[54.040053,55.553119],[54.038263,55.563924],[54.052377,55.564134],[54.069711,55.570364],[54.066182,55.580163],[54.077995,55.585787],[54.085803,55.58658],[54.083395,55.583215],[54.085102,55.58131],[54.092281,55.580147],[54.101912,55.581508],[54.108349,55.587424],[54.11714,55.591167],[54.119616,55.597008],[54.127107,55.598303],[54.131688,55.60201],[54.140656,55.607951],[54.149499,55.610226],[54.159354,55.612161],[54.165409,55.613305],[54.163456,55.615359],[54.160838,55.614426],[54.156213,55.615697],[54.15895,55.617081],[54.164548,55.6207],[54.164845,55.624804],[54.170466,55.627059],[54.171622,55.63087],[54.176142,55.631342],[54.178208,55.632048],[54.175408,55.635403],[54.18102,55.636735],[54.185729,55.639097],[54.190493,55.639854],[54.193055,55.63695],[54.195675,55.637206],[54.196851,55.640547],[54.204448,55.642736],[54.204972,55.645281],[54.198826,55.643794],[54.195966,55.64428],[54.197134,55.647168],[54.201456,55.651107],[54.197287,55.655423],[54.201966,55.66252],[54.217194,55.66735],[54.220383,55.667729],[54.22313,55.664854],[54.233365,55.668933],[54.232206,55.672696],[54.228902,55.67485],[54.225044,55.676195],[54.223458,55.678683],[54.232463,55.680785],[54.241427,55.677134],[54.246924,55.68009],[54.251372,55.686348],[54.259692,55.686761],[54.255359,55.692169],[54.251022,55.69676],[54.254618,55.698869],[54.262324,55.698162],[54.262525,55.70195],[54.261495,55.706482],[54.260531,55.711908],[54.25746,55.71685],[54.255034,55.721182],[54.24278,55.726507],[54.241799,55.724911],[54.245124,55.719125],[54.241463,55.722248],[54.238346,55.718687],[54.241433,55.714773],[54.233374,55.706236],[54.223635,55.70209],[54.216734,55.701341],[54.211596,55.70241],[54.178019,55.714025],[54.171091,55.717831],[54.170745,55.729082],[54.168873,55.732683],[54.160545,55.739932],[54.126052,55.750979],[54.115928,55.759124],[54.122161,55.770226],[54.133904,55.778668],[54.104209,55.775166],[54.066865,55.780882],[54.054902,55.773896],[54.020805,55.754748],[54.029646,55.774401],[54.065154,55.789574],[54.053887,55.807473],[54.023557,55.801523],[53.989751,55.788062],[53.959428,55.778684],[53.946855,55.800074],[53.949565,55.816915],[53.9508,55.846401],[53.921627,55.846979],[53.874012,55.858315],[53.879525,55.886982],[53.854127,55.869071],[53.838585,55.878482],[53.789878,55.895312],[53.760793,55.908521],[53.735861,55.90945],[53.719797,55.916879],[53.72278,55.922265],[53.720344,55.92577],[53.715227,55.928343],[53.710731,55.929094],[53.703886,55.927928],[53.685679,55.920979],[53.681206,55.917011],[53.678475,55.916707],[53.671073,55.914941],[53.623199,55.908848],[53.594165,55.906549],[53.579757,55.90215],[53.555652,55.912565],[53.525127,55.897669],[53.478997,55.87671],[53.435085,55.871536],[53.431995,55.870776],[53.428686,55.869819],[53.421473,55.866553],[53.41671,55.863663],[53.426524,55.857119],[53.433946,55.856347],[53.426245,55.854556],[53.419194,55.852145],[53.414775,55.851415],[53.392861,55.859646],[53.352613,55.855555],[53.342721,55.855925],[53.318476,55.858504],[53.272148,55.863428],[53.261735,55.869041],[53.25519,55.868659],[53.241075,55.874944],[53.244764,55.877939],[53.247621,55.880239],[53.248799,55.884438],[53.253426,55.890496],[53.242606,55.896301],[53.225325,55.89497],[53.217954,55.898833],[53.216763,55.898949],[53.214244,55.899762],[53.213293,55.900604],[53.201543,55.91634],[53.200127,55.921246],[53.199987,55.925401],[53.21547,55.939426],[53.23476,55.939036],[53.24728,55.937286],[53.256812,55.935654],[53.265544,55.936382],[53.267247,55.936334],[53.269776,55.936681],[53.271169,55.937163],[53.273941,55.937789],[53.276392,55.938464],[53.278134,55.939692],[53.282563,55.94049],[53.284434,55.941302],[53.285592,55.942997],[53.286783,55.943971],[53.288388,55.94481],[53.29116,55.944508],[53.311814,55.939247],[53.316864,55.94402],[53.305313,55.946199],[53.300946,55.950692],[53.301721,55.951635],[53.303035,55.952563],[53.304409,55.954088],[53.305609,55.955308],[53.304574,55.958646],[53.306475,55.962686],[53.309258,55.969111],[53.316776,55.975043],[53.318883,55.976353],[53.320088,55.977508],[53.32086,55.9784],[53.32203,55.97993],[53.322757,55.980854],[53.323098,55.981189],[53.323923,55.981792],[53.32307,55.982202],[53.322509,55.983107],[53.322424,55.984397],[53.324204,55.985957],[53.325541,55.986858],[53.340107,55.982538],[53.387464,55.991433],[53.372125,56.00525],[53.360637,56.006207],[53.361651,56.007069],[53.362961,56.008374],[53.362597,56.009742],[53.362262,56.011494],[53.365258,56.016239],[53.420131,56.012721],[53.461005,56.022832],[53.441672,56.049658],[53.440642,56.060685],[53.441303,56.06235],[53.441197,56.063495],[53.440529,56.064287],[53.441002,56.066126],[53.445224,56.066939],[53.447721,56.068623],[53.44662,56.071328],[53.44877,56.073527],[53.450453,56.074061],[53.45361,56.07497],[53.455138,56.076852],[53.455785,56.078027],[53.455327,56.07961],[53.456292,56.080164],[53.453981,56.080609],[53.454782,56.081228],[53.455152,56.082231],[53.457137,56.083036],[53.458155,56.084549],[53.467827,56.093161],[53.466979,56.095043],[53.469142,56.097],[53.469348,56.098351],[53.472789,56.098052],[53.475295,56.099795],[53.477758,56.100125],[53.478047,56.101622],[53.479671,56.101591],[53.480309,56.102816],[53.479661,56.103538],[53.479731,56.104453],[53.48062,56.10555],[53.47914,56.10613],[53.479184,56.106906],[53.47759,56.107141],[53.479136,56.108546],[53.480535,56.109067],[53.48278,56.110349],[53.485521,56.111848],[53.487242,56.113587],[53.490287,56.116715],[53.490909,56.118367],[53.490021,56.119175],[53.493257,56.122294],[53.493684,56.123159],[53.498538,56.127117],[53.497078,56.132631],[53.499307,56.132929],[53.500608,56.133952],[53.498298,56.135379],[53.499109,56.135953],[53.497101,56.136169],[53.499814,56.137278],[53.501047,56.138517],[53.504778,56.126641],[53.524441,56.117273],[53.551724,56.118149],[53.570391,56.14431],[53.572229,56.15632],[53.577131,56.166151],[53.561371,56.186811],[53.557632,56.208312],[53.553,56.218548],[53.55414,56.218537],[53.557959,56.219301],[53.558513,56.220382],[53.55969,56.21945],[53.560477,56.220321],[53.560591,56.220925],[53.560858,56.221381],[53.559465,56.222125],[53.561059,56.222128],[53.559487,56.222727],[53.559259,56.224084],[53.558344,56.22438],[53.559794,56.226394],[53.55887,56.227777],[53.557638,56.2274],[53.558649,56.228332],[53.575332,56.236981],[53.559391,56.23431],[53.558868,56.235114],[53.557707,56.236495],[53.557889,56.236978],[53.556512,56.236594],[53.555069,56.236083],[53.555214,56.237271],[53.553364,56.23719],[53.552338,56.236276],[53.550603,56.236457],[53.549722,56.236882],[53.549354,56.236254],[53.549667,56.237418],[53.548358,56.23744],[53.548414,56.238023],[53.547834,56.238094],[53.546738,56.237881],[53.547057,56.2384],[53.546732,56.238662],[53.545179,56.238128],[53.545817,56.238771],[53.544098,56.238861],[53.543476,56.239256],[53.541417,56.23562],[53.530545,56.239158],[53.525495,56.239856],[53.521421,56.239232],[53.510419,56.235979],[53.506658,56.236135],[53.501727,56.235684],[53.500525,56.236257],[53.497248,56.234357],[53.491333,56.233638],[53.488032,56.233485],[53.487201,56.238924],[53.471501,56.251072],[53.440538,56.273803],[53.400229,56.263044],[53.357298,56.258339],[53.337915,56.255189],[53.306748,56.250358],[53.273262,56.253513],[53.241257,56.245957],[53.256822,56.234745],[53.299861,56.225269],[53.330777,56.192649],[53.34391,56.175756],[53.355584,56.149567],[53.352794,56.118227],[53.380157,56.093125],[53.36387,56.081446],[53.364297,56.078411],[53.364341,56.076996],[53.367008,56.074841],[53.356702,56.071193],[53.307022,56.070741],[53.307789,56.072648],[53.271538,56.085126],[53.245439,56.100224],[53.224517,56.090386],[53.208967,56.104725],[53.195038,56.104322],[53.178897,56.113726],[53.17475,56.128856],[53.166923,56.144733],[53.141962,56.161147],[53.101509,56.114682],[53.072694,56.159326],[53.083251,56.178237],[53.077794,56.176637],[53.072883,56.177737],[53.067527,56.178074],[53.065294,56.1765],[53.062627,56.174646],[53.062006,56.172939],[53.062674,56.169561],[53.059822,56.169732],[53.057908,56.170777],[53.055984,56.168387],[53.0532,56.171905],[53.046245,56.197726],[53.05201,56.200402],[53.067692,56.211158],[53.043171,56.22341],[53.035281,56.213234],[53.062065,56.210749],[53.052371,56.205738],[53.048817,56.203105],[53.038653,56.201138],[53.02382,56.200793],[53.025539,56.196891],[53.042979,56.170643],[52.999308,56.179544],[52.999651,56.183347],[53.00163,56.187604],[53.001211,56.190834],[53.001735,56.193068],[52.997872,56.195784],[53.0028,56.197139],[53.002898,56.200057],[53.012755,56.199443],[53.016761,56.201608],[53.022384,56.202264],[53.021366,56.204572],[53.013442,56.205985],[53.017084,56.20773],[53.014911,56.210559],[53.015611,56.212946],[53.011957,56.213425],[53.009818,56.215954],[53.006789,56.211039],[53.005342,56.209475],[53.004353,56.211896],[53.001413,56.209868],[52.99922,56.212382],[52.995189,56.21294],[52.995499,56.210444],[52.990231,56.209804],[52.986033,56.208536],[52.987365,56.210863],[52.984176,56.213501],[52.986302,56.215903],[52.981841,56.219401],[52.974307,56.223734],[52.971353,56.238398],[52.968485,56.246886],[52.972824,56.256575],[52.967416,56.270475],[52.981399,56.279005],[52.996143,56.264702],[52.983021,56.285281],[52.966392,56.28485],[52.944041,56.285401],[52.947647,56.28873],[52.951293,56.291787],[52.952461,56.29656],[52.956525,56.29596],[52.96066,56.296998],[52.960052,56.29836],[52.962806,56.299827],[52.95763,56.301451],[52.959958,56.305536],[52.960826,56.303487],[52.966144,56.303623],[52.971826,56.309799],[52.973972,56.312299],[52.973082,56.315346],[52.980062,56.319441],[52.984976,56.3251],[52.981381,56.326704],[52.974196,56.326338],[52.979518,56.328472],[52.979059,56.331019],[52.974259,56.330017],[52.968618,56.333646],[52.9662,56.330714],[52.962636,56.332033],[52.961596,56.334326],[52.958669,56.334805],[52.96271,56.335345],[52.960449,56.337652],[52.960859,56.340803],[52.959976,56.341854],[52.963363,56.341921],[52.965264,56.343372],[52.967288,56.342411],[52.971644,56.342072],[52.970662,56.348152],[52.966847,56.349162],[52.963689,56.349419],[52.961783,56.354055],[52.966682,56.353555],[52.968313,56.352358],[52.969257,56.356934],[52.977679,56.362046],[52.988222,56.365544],[52.987979,56.367551],[52.991344,56.367922],[52.987831,56.369978],[52.986132,56.373954],[52.98827,56.380095],[52.987919,56.382455],[52.985424,56.384796],[52.982562,56.387588],[52.993967,56.392032],[53.002567,56.406359],[53.008733,56.425325],[53.01201,56.428079],[53.007511,56.42933],[53.004303,56.4279],[53.004897,56.430376],[53.003746,56.431872],[53.007759,56.432248],[53.010476,56.431905],[53.011694,56.434745],[53.009498,56.436468],[53.011929,56.43985],[53.012204,56.437946],[53.01403,56.436623],[53.015057,56.438558],[53.018724,56.44068],[53.021733,56.442522],[53.022635,56.444245],[53.020971,56.445326],[53.02405,56.446448],[53.056262,56.451063],[53.087367,56.453921],[53.08906,56.46267],[53.089661,56.47092],[53.097721,56.480697],[53.098584,56.499286],[53.086477,56.508251],[53.106141,56.513833],[53.134233,56.51172],[53.141921,56.521894],[53.10649,56.528384],[53.103411,56.52109],[53.092992,56.520143],[53.085674,56.524781],[53.082277,56.523824],[53.082615,56.52713],[53.080254,56.527023],[53.074135,56.529088],[53.070457,56.530296],[53.069658,56.530914],[53.069598,56.532085],[53.068672,56.533327],[53.051218,56.531085],[53.040956,56.535006],[53.043115,56.541638],[53.033821,56.542992],[53.02225,56.529241],[53.013637,56.532598],[53.009005,56.532001],[52.998529,56.532985],[52.996111,56.533871],[52.995445,56.534207],[52.9904,56.53423],[52.984641,56.537136],[52.978089,56.536889],[52.96297,56.538984],[52.954813,56.543449],[52.956407,56.533405],[52.965222,56.52808],[52.96643,56.518913],[52.965358,56.516506],[52.955194,56.506076],[52.937423,56.492583],[52.889844,56.500476],[52.888204,56.505161],[52.884028,56.496259],[52.896021,56.483823],[52.930781,56.468301],[52.932149,56.463838],[52.933193,56.463614],[52.934557,56.463726],[52.934543,56.464272],[52.936309,56.46381],[52.937926,56.463503],[52.938837,56.462622],[52.939888,56.462531],[52.940901,56.462276],[52.942077,56.461957],[52.941973,56.461381],[52.942863,56.4616],[52.943639,56.461582],[52.944378,56.461174],[52.945107,56.461619],[52.946594,56.461513],[52.946979,56.460972],[52.947779,56.460878],[52.949002,56.460481],[52.950122,56.460382],[52.95049,56.459967],[52.949841,56.459114],[52.950301,56.458199],[52.951334,56.458382],[52.951971,56.457888],[52.952632,56.456808],[52.953961,56.456639],[52.955649,56.457516],[52.957194,56.457572],[52.959958,56.457806],[52.961962,56.457935],[52.963001,56.458035],[52.964447,56.458637],[52.965092,56.459061],[52.965604,56.459294],[52.965865,56.459609],[52.967021,56.4599],[52.96752,56.459573],[52.967947,56.459395],[52.968629,56.459782],[52.965087,56.436966],[52.963986,56.42843],[52.963005,56.428954],[52.962002,56.429672],[52.961324,56.430039],[52.960272,56.430097],[52.95959,56.43085],[52.958718,56.430709],[52.958082,56.430891],[52.958188,56.43144],[52.957433,56.431942],[52.956762,56.432042],[52.955869,56.432143],[52.954684,56.433236],[52.954627,56.433798],[52.954222,56.434282],[52.953297,56.434554],[52.951998,56.435077],[52.951432,56.435],[52.95117,56.434766],[52.950893,56.434943],[52.950163,56.435318],[52.9497,56.435341],[52.9485,56.435724],[52.947576,56.435796],[52.947034,56.435864],[52.946535,56.435864],[52.946238,56.435705],[52.945895,56.436145],[52.945289,56.436503],[52.943856,56.436427],[52.934846,56.42148],[52.933514,56.410835],[52.911883,56.40054],[52.885593,56.399027],[52.871408,56.39395],[52.835682,56.38189],[52.812701,56.39706],[52.794236,56.39915],[52.779368,56.384634],[52.760438,56.381813],[52.760618,56.374812],[52.742392,56.360954],[52.731957,56.359343],[52.730352,56.343523],[52.729577,56.338124],[52.717483,56.327098],[52.711927,56.328699],[52.710636,56.328955],[52.708822,56.329022],[52.707959,56.328509],[52.706576,56.328271],[52.70457,56.328252],[52.702776,56.328062],[52.701151,56.328194],[52.700124,56.32837],[52.699472,56.328674],[52.698857,56.329711],[52.698779,56.33062],[52.697375,56.331041],[52.69861,56.309155],[52.647,56.293285],[52.653981,56.274227],[52.593789,56.285455],[52.59499,56.282106],[52.599666,56.27697],[52.587363,56.26764],[52.560481,56.246809],[52.564586,56.236718],[52.575251,56.228234],[52.58347,56.221787],[52.612993,56.222632],[52.635461,56.218959],[52.674536,56.221259],[52.731685,56.221489],[52.780954,56.204898],[52.823484,56.192576],[52.847311,56.187654],[52.835969,56.167341],[52.882179,56.159847],[52.871337,56.149256],[52.837809,56.137656],[52.87093,56.115299],[52.882059,56.111834],[52.872885,56.104303],[52.869651,56.096381],[52.856023,56.091988],[52.831098,56.080055],[52.802001,56.085745],[52.777518,56.104499],[52.738932,56.126188],[52.714438,56.122192],[52.716403,56.1057],[52.733032,56.100296],[52.744854,56.0958],[52.744001,56.090002],[52.728629,56.08449],[52.746419,56.068096],[52.755463,56.063337],[52.749872,56.058468],[52.746211,56.055265],[52.747356,56.044181],[52.742689,56.017412],[52.755367,56.013093],[52.737873,56.00845],[52.737359,56.004401],[52.756727,55.989558],[52.719395,55.994869],[52.708526,55.997779],[52.705123,55.997998],[52.702434,55.997489],[52.699702,55.998714],[52.69648,55.998627],[52.683594,55.994288],[52.676373,55.998412],[52.656854,56.010565],[52.628875,56.015861],[52.609946,56.029827],[52.589968,56.034801],[52.54444,56.048438],[52.499964,56.056767],[52.465452,56.078741],[52.457151,56.082321],[52.456708,56.082718],[52.456368,56.081515],[52.455468,56.080643],[52.455252,56.079771],[52.455265,56.078737],[52.456274,56.078593],[52.457198,56.077868],[52.456877,56.07668],[52.455858,56.076895],[52.455736,56.076456],[52.455592,56.075959],[52.454598,56.075535],[52.45304,56.075872],[52.452473,56.075358],[52.452251,56.074542],[52.451603,56.073962],[52.450925,56.07282],[52.450432,56.072435],[52.450394,56.071789],[52.449683,56.071382],[52.450515,56.070474],[52.45075,56.069922],[52.450522,56.069411],[52.450084,56.06858],[52.448044,56.068095],[52.446478,56.068422],[52.444661,56.068477],[52.443127,56.068342],[52.443211,56.068904],[52.442801,56.069458],[52.441888,56.069837],[52.44155,56.069022],[52.44066,56.068795],[52.440339,56.068479],[52.439844,56.068205],[52.439403,56.068776],[52.438135,56.069199],[52.437489,56.068315],[52.437678,56.067454],[52.43697,56.066909],[52.435564,56.066681],[52.435054,56.066407],[52.435444,56.065515],[52.434777,56.065001],[52.433375,56.064907],[52.431143,56.064294],[52.430936,56.063638],[52.432113,56.06313],[52.431527,56.06285],[52.430575,56.063035],[52.429897,56.06211],[52.428191,56.061495],[52.428457,56.061099],[52.42922,56.060866],[52.428152,56.059823],[52.427015,56.059663],[52.426577,56.058907],[52.427005,56.058084],[52.478429,56.041472],[52.484536,56.02583],[52.447253,56.008992],[52.445557,56.017313],[52.444447,56.018587],[52.444841,56.019346],[52.444352,56.0199],[52.443294,56.021334],[52.441674,56.022435],[52.441074,56.023028],[52.440476,56.023573],[52.439495,56.024391],[52.438347,56.025197],[52.437365,56.026042],[52.436467,56.026701],[52.41827,56.035363],[52.414147,56.035031],[52.413322,56.034313],[52.410824,56.033777],[52.410353,56.032605],[52.409873,56.031415],[52.409121,56.03155],[52.408383,56.03251],[52.406027,56.032123],[52.40542,56.031205],[52.404607,56.030994],[52.405267,56.030398],[52.406384,56.030607],[52.407102,56.030227],[52.407141,56.029246],[52.406807,56.02804],[52.405211,56.027848],[52.403773,56.026964],[52.402838,56.027668],[52.401894,56.028072],[52.399025,56.027623],[52.399107,56.026889],[52.398272,56.026943],[52.397509,56.027304],[52.39693,56.026946],[52.397597,56.026018],[52.399044,56.026215],[52.399247,56.025758],[52.397667,56.025284],[52.395849,56.024828],[52.394542,56.024682],[52.393598,56.0247],[52.393828,56.024094],[52.393424,56.02375],[52.392388,56.023806],[52.391083,56.022996],[52.389828,56.022911],[52.390401,56.022021],[52.391664,56.021063],[52.391157,56.020111],[52.389124,56.020118],[52.387654,56.020954],[52.385958,56.021121],[52.385419,56.020443],[52.384473,56.020261],[52.38244,56.020349],[52.381287,56.019824],[52.379718,56.019136],[52.368428,56.026496],[52.346228,56.045177],[52.332766,56.051727],[52.32689,56.055579],[52.335283,56.058756],[52.313023,56.072382],[52.299719,56.06095],[52.277623,56.072333],[52.277159,56.072481],[52.275737,56.072859],[52.274718,56.072419],[52.267872,56.069554],[52.242639,56.098249],[52.229799,56.081258],[52.254252,56.049764],[52.2616,56.036556],[52.221477,56.02627],[52.22996,56.018718],[52.227761,56.019087],[52.226332,56.018753],[52.223989,56.018834],[52.223361,56.01941],[52.222326,56.019236],[52.221675,56.019986],[52.221184,56.019123],[52.220653,56.019892],[52.218839,56.020416],[52.217707,56.021008],[52.216503,56.020581],[52.215502,56.020652],[52.2122,56.020286],[52.211104,56.020542],[52.210182,56.020073],[52.209802,56.020847],[52.209155,56.02103],[52.208199,56.020779],[52.207815,56.021421],[52.206777,56.020779],[52.209044,55.98906],[52.240255,55.976862],[52.238979,55.975709],[52.238917,55.974832],[52.239922,55.973969],[52.240328,55.973167],[52.24117,55.972468],[52.241593,55.97193],[52.242249,55.97117],[52.242559,55.970441],[52.243327,55.969676],[52.244473,55.968364],[52.24645,55.967358],[52.246608,55.966554],[52.246837,55.965679],[52.246497,55.965193],[52.245659,55.964715],[52.245509,55.963937],[52.245343,55.963286],[52.245055,55.962803],[52.245075,55.962208],[52.24514,55.961425],[52.244994,55.960961],[52.24461,55.9601],[52.244836,55.959609],[52.245007,55.958724],[52.244809,55.957521],[52.244301,55.957056],[52.244339,55.956653],[52.243396,55.956083],[52.242204,55.955825],[52.241957,55.954933],[52.240825,55.953664],[52.237679,55.951229],[52.23611,55.949795],[52.235401,55.949087],[52.234268,55.948113],[52.234041,55.947348],[52.232789,55.948003],[52.232161,55.948495],[52.231033,55.948224],[52.229742,55.948684],[52.228633,55.949318],[52.227267,55.949108],[52.226147,55.949044],[52.224529,55.949629],[52.223122,55.950498],[52.20818,55.949204],[52.195413,55.949685],[52.198673,55.936234],[52.189815,55.924883],[52.188599,55.924276],[52.188433,55.923837],[52.186657,55.922854],[52.185317,55.922538],[52.183931,55.92226],[52.182609,55.923045],[52.181447,55.923091],[52.179859,55.92156],[52.178486,55.921838],[52.176805,55.921852],[52.175552,55.922285],[52.1739,55.922226],[52.172108,55.92238],[52.169706,55.922602],[52.169571,55.921972],[52.168807,55.921405],[52.165918,55.921381],[52.163942,55.921071],[52.162261,55.921153],[52.160743,55.921633],[52.159665,55.92102],[52.134,55.905529],[52.088767,55.900923],[52.068855,55.902402],[52.065224,55.904512],[52.061831,55.906602],[52.057906,55.907737],[52.056198,55.908357],[52.056253,55.909068],[52.05617,55.909604],[52.056252,55.910101],[52.056444,55.910703],[52.056495,55.91092],[52.056657,55.911342],[52.05679,55.911692],[52.057299,55.91202],[52.057578,55.913056],[52.057358,55.913779],[52.057668,55.914303],[52.057307,55.915335],[52.056435,55.916829],[52.056122,55.918017],[52.056261,55.918792],[52.056381,55.919648],[52.056954,55.920135],[52.05769,55.920167],[52.058615,55.920409],[52.061289,55.920851],[52.062457,55.921716],[52.064311,55.922072],[52.065867,55.922932],[52.066713,55.922987],[52.068189,55.92316],[52.067978,55.923596],[52.069309,55.923785],[52.070553,55.924135],[52.071192,55.924588],[52.072559,55.924797],[52.073828,55.924572],[52.074085,55.924935],[52.074718,55.924879],[52.075195,55.924516],[52.07653,55.925252],[52.076961,55.925014],[52.077656,55.925049],[52.078958,55.925498],[52.080038,55.925803],[52.080774,55.925466],[52.082229,55.925258],[52.081071,55.92569],[52.080611,55.926178],[52.079808,55.926834],[52.078761,55.927153],[52.07841,55.927706],[52.077912,55.927641],[52.077608,55.927993],[52.077293,55.928565],[52.076111,55.928889],[52.0754,55.928701],[52.074744,55.928666],[52.074269,55.928587],[52.073509,55.929265],[52.072595,55.929612],[52.072072,55.929695],[52.071429,55.929878],[52.070884,55.929763],[52.070471,55.929686],[52.069329,55.930096],[52.068563,55.93019],[52.067714,55.930471],[52.066785,55.930977],[52.066013,55.931475],[52.065588,55.931386],[52.064435,55.931751],[52.066916,55.93582],[52.055277,55.948905],[52.037009,55.971799],[51.990941,55.976421],[51.979726,55.976516],[51.949838,55.983199],[51.929855,55.951743],[51.889078,55.93781],[51.867219,55.941961],[51.843761,55.937331],[51.815283,55.927377],[51.783848,55.889838],[51.769264,55.891798],[51.766545,55.900295],[51.764159,55.91628],[51.766018,55.925328],[51.776549,55.934056],[51.775218,55.940333],[51.755982,55.938346],[51.74992,55.937821],[51.748067,55.941209],[51.727393,55.934496],[51.716773,55.936117],[51.712693,55.942616],[51.72644,55.952774],[51.737503,55.961704],[51.754423,55.955328],[51.761216,55.969193],[51.755098,55.973411],[51.75311,55.977089],[51.744076,55.979958],[51.713786,55.975895],[51.715099,55.967792],[51.71461,55.948815],[51.708453,55.94135],[51.683471,55.941958],[51.666628,55.943963],[51.672853,55.949208],[51.664611,55.962432],[51.653134,55.968342],[51.628995,55.965134],[51.602989,55.953782],[51.589638,55.954597],[51.568552,55.964352],[51.561332,55.975043],[51.559307,55.969162],[51.554447,55.961758],[51.522955,55.951902],[51.521617,55.952588],[51.521622,55.953714],[51.520297,55.954153],[51.519713,55.9549],[51.520887,55.955992],[51.520568,55.956786],[51.517409,55.956428],[51.514367,55.954563],[51.509425,55.954245],[51.506374,55.954139],[51.509169,55.952783],[51.509394,55.952203],[51.507586,55.951968],[51.506543,55.952354],[51.50429,55.952872],[51.502369,55.952816],[51.50117,55.953762],[51.503289,55.954654],[51.50227,55.955051],[51.499894,55.954369],[51.498472,55.955253],[51.500063,55.956419],[51.499982,55.957616],[51.499752,55.95853],[51.497498,55.958881],[51.495551,55.959042],[51.493084,55.959386],[51.488131,55.960342],[51.485944,55.959404],[51.485305,55.958184],[51.485777,55.957581],[51.487674,55.957997],[51.488175,55.95775],[51.485155,55.957019],[51.483524,55.954897],[51.482441,55.954229],[51.484501,55.953707],[51.488001,55.953602],[51.488927,55.952915],[51.488328,55.952369],[51.486534,55.953298],[51.485203,55.953138],[51.485836,55.951772],[51.487419,55.952184],[51.487367,55.951706],[51.487255,55.950368],[51.488052,55.949772],[51.488234,55.949015],[51.489811,55.947689],[51.489579,55.946038],[51.492386,55.94595],[51.493387,55.9456],[51.49465,55.944735],[51.496096,55.944661],[51.495815,55.943763],[51.496139,55.943079],[51.498051,55.943872],[51.499186,55.94332],[51.499121,55.942322],[51.500604,55.942375],[51.503085,55.942283],[51.503626,55.940842],[51.504762,55.94008],[51.506519,55.940668],[51.511859,55.936623],[51.507476,55.936279],[51.495753,55.939907],[51.490805,55.943787],[51.483837,55.953417],[51.461163,55.935609],[51.460148,55.928282],[51.465919,55.924009],[51.471143,55.916487],[51.472701,55.913552],[51.47149,55.914511],[51.466322,55.91811],[51.463609,55.91901],[51.45901,55.921104],[51.453331,55.925511],[51.448339,55.931487],[51.443967,55.936155],[51.427552,55.950762],[51.415202,55.96313],[51.411767,55.967468],[51.40981,55.97168],[51.409705,55.973051],[51.40988,55.975361],[51.411378,55.982643],[51.412683,55.985739],[51.413692,55.988845],[51.411968,55.996534],[51.40764,56.003838],[51.378545,56.021458],[51.356865,56.03642],[51.341123,56.045376],[51.356365,56.040173],[51.394597,56.016505],[51.408326,56.015274],[51.401222,56.020986],[51.400689,56.023747],[51.402387,56.027403],[51.400998,56.029991],[51.397879,56.030996],[51.3998,56.034875],[51.406673,56.036463],[51.408253,56.036746],[51.417707,56.042377],[51.454389,56.043904],[51.479928,56.056396],[51.476479,56.057985],[51.477453,56.058918],[51.478399,56.060224],[51.478367,56.060741],[51.479065,56.061085],[51.479547,56.061472],[51.489833,56.068076],[51.546785,56.082977],[51.604527,56.089296],[51.645344,56.118496],[51.636448,56.127167],[51.636433,56.127374],[51.636112,56.127364],[51.636378,56.127586],[51.636539,56.127749],[51.636072,56.127806],[51.636041,56.128025],[51.636639,56.128135],[51.636469,56.128415],[51.636187,56.128459],[51.636367,56.128761],[51.635774,56.128884],[51.635651,56.129389],[51.636137,56.129585],[51.636013,56.130026],[51.636437,56.129974],[51.636815,56.130126],[51.636984,56.13028],[51.63714,56.130536],[51.637161,56.130809],[51.637518,56.131303],[51.637896,56.131596],[51.638352,56.131506],[51.638524,56.131848],[51.63909,56.13179],[51.638781,56.132349],[51.639157,56.132567],[51.639551,56.13285],[51.639312,56.132868],[51.638827,56.133292],[51.638795,56.13385],[51.639291,56.134128],[51.639425,56.134588],[51.638966,56.134876],[51.639626,56.135059],[51.639707,56.135603],[51.639299,56.135674],[51.638881,56.136153],[51.591476,56.127037],[51.560122,56.140503],[51.540154,56.131202],[51.509884,56.121719],[51.383693,56.107158],[51.351759,56.088425],[51.328223,56.064358],[51.286631,56.083867],[51.204909,56.103988],[51.154128,56.126262],[51.091973,56.127609],[51.074731,56.111394],[51.065987,56.112316],[51.066751,56.131697],[51.011622,56.143031],[50.97972,56.164975],[50.984791,56.183237],[51.001489,56.203438],[51.000215,56.203016],[50.999147,56.202891],[50.997166,56.202912],[50.996166,56.20296],[50.995372,56.203298],[50.9946,56.203077],[50.993773,56.203002],[50.993083,56.202563],[50.992785,56.202768],[50.99238,56.20296],[50.991452,56.202651],[50.990913,56.202079],[50.989728,56.20165],[50.987943,56.201465],[50.986941,56.201003],[50.987425,56.20063],[50.988186,56.200699],[50.988303,56.200307],[50.987536,56.1997],[50.986344,56.1995],[50.984856,56.199912],[50.983705,56.200003],[50.982895,56.199621],[50.981931,56.199288],[50.979318,56.199282],[50.978019,56.198977],[50.977601,56.198698],[50.97609,56.19878],[50.975468,56.198365],[50.976582,56.197806],[50.977241,56.197585],[50.977477,56.197163],[50.975932,56.196844],[50.973747,56.196401],[50.970729,56.195929],[50.96959,56.196135],[50.969175,56.196516],[50.969493,56.196792],[50.968524,56.197264],[50.964262,56.196402],[50.96195,56.195395],[50.961815,56.196013],[50.960527,56.196498],[50.952769,56.195452],[50.927415,56.193386],[50.918203,56.194399],[50.898238,56.196189],[50.875155,56.198024],[50.872015,56.211257],[50.864822,56.223453],[50.865693,56.252558],[50.915171,56.275184],[50.890329,56.307871],[50.872855,56.332887],[50.858416,56.35231],[50.853759,56.355087],[50.856007,56.355431],[50.859635,56.357202],[50.861235,56.358759],[50.857922,56.358659],[50.855097,56.35909],[50.856898,56.361023],[50.859186,56.362148],[50.862204,56.361973],[50.865133,56.363063],[50.867236,56.362802],[50.867847,56.363778],[50.873295,56.365109],[50.875744,56.364019],[50.877189,56.36462],[50.879743,56.366054],[50.880073,56.368031],[50.878654,56.36897],[50.879354,56.370227],[50.880704,56.370187],[50.882749,56.37132],[50.807958,56.400889],[50.759656,56.409357],[50.827078,56.347222],[50.82594,56.346893],[50.823914,56.346592],[50.821792,56.346864],[50.820301,56.345534],[50.818463,56.345621],[50.815941,56.34731],[50.814262,56.345932],[50.813862,56.345333],[50.812608,56.345593],[50.812706,56.344633],[50.813692,56.344326],[50.81336,56.343411],[50.80985,56.343177],[50.807767,56.342546],[50.807771,56.341485],[50.806773,56.340982],[50.804607,56.341622],[50.803857,56.340669],[50.802801,56.340788],[50.802127,56.341421],[50.799872,56.340365],[50.79909,56.339501],[50.799947,56.338833],[50.800604,56.338864],[50.800647,56.338392],[50.799844,56.338172],[50.799067,56.338138],[50.798697,56.338221],[50.798322,56.338734],[50.797949,56.338739],[50.797176,56.338567],[50.79391,56.337713],[50.793807,56.336836],[50.79046,56.335578],[50.787498,56.335171],[50.78607,56.334466],[50.787498,56.332204],[50.785221,56.332182],[50.78533,56.330505],[50.782671,56.330663],[50.78325,56.32896],[50.781866,56.328742],[50.780536,56.330134],[50.77917,56.329465],[50.777137,56.329623],[50.775577,56.329435],[50.776149,56.328067],[50.774609,56.32711],[50.772117,56.326415],[50.771851,56.32593],[50.771398,56.325886],[50.770965,56.326086],[50.770197,56.326253],[50.769476,56.326528],[50.768333,56.326439],[50.767417,56.325774],[50.766444,56.325805],[50.765646,56.325661],[50.764698,56.325443],[50.763859,56.325126],[50.763053,56.325008],[50.762689,56.325577],[50.763244,56.325911],[50.763439,56.326528],[50.762195,56.326756],[50.76106,56.326811],[50.760014,56.32622],[50.759689,56.325315],[50.759851,56.324921],[50.760828,56.324856],[50.761665,56.324559],[50.761184,56.32223],[50.761427,56.321587],[50.7607,56.32108],[50.758193,56.321011],[50.75688,56.320143],[50.756548,56.319669],[50.755153,56.319321],[50.754718,56.319112],[50.755329,56.31867],[50.75554,56.318264],[50.755933,56.317899],[50.75465,56.317498],[50.75395,56.317538],[50.752061,56.31827],[50.750366,56.31903],[50.748707,56.31813],[50.74859,56.317467],[50.748581,56.317171],[50.748223,56.317055],[50.748343,56.316772],[50.749155,56.316765],[50.749384,56.316631],[50.750167,56.316442],[50.75014,56.316023],[50.748319,56.315606],[50.746878,56.315232],[50.746641,56.314879],[50.748266,56.313806],[50.747573,56.313474],[50.746371,56.313485],[50.744911,56.313275],[50.743786,56.313358],[50.742874,56.313112],[50.742032,56.312826],[50.666219,56.33166],[50.664726,56.331825],[50.662523,56.330718],[50.659918,56.328218],[50.626245,56.343456],[50.578497,56.356307],[50.608997,56.373293],[50.614876,56.377308],[50.617509,56.377046],[50.619145,56.385234],[50.639824,56.404603],[50.594796,56.392785],[50.547752,56.408043],[50.493078,56.478331],[50.490633,56.477835],[50.490712,56.479148],[50.489054,56.48003],[50.49175,56.480523],[50.49244,56.481562],[50.492389,56.482247],[50.496146,56.484399],[50.497532,56.48592],[50.495314,56.488137],[50.500258,56.488268],[50.50104,56.489439],[50.502299,56.491129],[50.500288,56.491629],[50.499439,56.493197],[50.506168,56.492941],[50.503834,56.494596],[50.500826,56.496518],[50.506078,56.497584],[50.50774,56.496039],[50.510637,56.494713],[50.509305,56.49642],[50.514399,56.498828],[50.517345,56.501004],[50.519557,56.501615],[50.522167,56.502687],[50.523995,56.503767],[50.526845,56.503438],[50.526949,56.502063],[50.527894,56.501736],[50.533107,56.503197],[50.532662,56.50513],[50.534143,56.506664],[50.533899,56.507495],[50.533075,56.507996],[50.531434,56.508112],[50.529436,56.509205],[50.528627,56.508927],[50.52786,56.508655],[50.527311,56.508883],[50.527259,56.509718],[50.527199,56.5112],[50.52611,56.511409],[50.525226,56.511217],[50.524864,56.511347],[50.524777,56.512133],[50.526029,56.512612],[50.525949,56.512898],[50.522809,56.513968],[50.521405,56.514658],[50.520364,56.514533],[50.518789,56.514735],[50.518172,56.514697],[50.517614,56.514752],[50.516856,56.515514],[50.515761,56.516533],[50.514547,56.516551],[50.512058,56.516606],[50.510834,56.516741],[50.507891,56.51881],[50.507152,56.520158],[50.507433,56.520414],[50.507264,56.52062],[50.500406,56.524507],[50.490341,56.529102],[50.474386,56.536828],[50.464257,56.544342],[50.448034,56.545179],[50.445871,56.556999],[50.48187,56.598255],[50.46083,56.610971],[50.448578,56.58841],[50.41374,56.583743],[50.412868,56.596296],[50.425579,56.60255],[50.397769,56.628472],[50.384493,56.635503],[50.376826,56.647024],[50.361178,56.66342],[50.334849,56.677054],[50.30213,56.666005],[50.317336,56.656082],[50.315773,56.6469],[50.316442,56.646286],[50.316225,56.645821],[50.316911,56.645157],[50.315657,56.644266],[50.315095,56.643477],[50.315337,56.64279],[50.315115,56.641955],[50.300052,56.641742],[50.291925,56.631404],[50.263859,56.632182],[50.241929,56.628118],[50.202965,56.651273],[50.172819,56.650296],[50.174796,56.634749],[50.174588,56.634378],[50.173886,56.634789],[50.17374,56.635073],[50.173051,56.634936],[50.172322,56.635101],[50.172006,56.63556],[50.171566,56.635604],[50.170828,56.635246],[50.170475,56.634806],[50.169822,56.634951],[50.168622,56.634601],[50.167836,56.634401],[50.167445,56.634246],[50.166954,56.634125],[50.166451,56.633653],[50.166196,56.633489],[50.166137,56.633214],[50.165485,56.63298],[50.16478,56.632973],[50.164259,56.63248],[50.163439,56.632447],[50.162432,56.63177],[50.161578,56.631774],[50.160369,56.632008],[50.149412,56.604107],[50.079367,56.611353],[50.074263,56.598498],[50.154804,56.593813],[50.195282,56.586624],[50.192858,56.572799],[50.193362,56.554792],[50.188636,56.550405],[50.18644,56.548536],[50.184232,56.546698],[50.177403,56.541878],[50.169452,56.537543],[50.160043,56.530607],[50.119262,56.517108],[50.079744,56.513297],[50.05393,56.486589],[50.037755,56.462205],[50.018582,56.455639],[49.993546,56.441729],[49.946482,56.428925],[49.956509,56.462637],[49.978715,56.471498],[49.988387,56.488787],[49.933392,56.496858],[49.910897,56.4836],[49.908332,56.462688],[49.885751,56.447704],[49.790729,56.445189],[49.753761,56.454254],[49.770969,56.473573],[49.813885,56.501166],[49.781655,56.527875],[49.73262,56.531461],[49.684931,56.51541],[49.63645,56.51751],[49.570726,56.496672],[49.568769,56.492136],[49.576293,56.480117],[49.582932,56.463252],[49.560443,56.452168],[49.549388,56.43168],[49.521134,56.426557],[49.492668,56.422283],[49.462044,56.422683],[49.442036,56.439013],[49.443882,56.450359],[49.475682,56.476454],[49.438267,56.468784],[49.429272,56.477135],[49.421681,56.462841],[49.435483,56.447502],[49.403377,56.436392],[49.400413,56.416695],[49.406497,56.405147],[49.401468,56.378611],[49.381475,56.349293],[49.366611,56.358456],[49.363272,56.361723],[49.342752,56.365742],[49.331366,56.354366],[49.336148,56.350593],[49.341962,56.343075],[49.341018,56.342624],[49.340541,56.342342],[49.340856,56.341488],[49.340573,56.340601],[49.33946,56.33882],[49.339092,56.336497],[49.337757,56.334725],[49.337009,56.33336],[49.334461,56.331662],[49.334376,56.330698],[49.334229,56.330019],[49.332439,56.330161],[49.331478,56.330843],[49.330664,56.331171],[49.329849,56.331383],[49.329143,56.331244],[49.328628,56.331164],[49.326705,56.330927],[49.325172,56.330987],[49.32431,56.330979],[49.323374,56.331063],[49.322395,56.331541],[49.321993,56.332226],[49.322036,56.33261],[49.321412,56.332478],[49.320351,56.332499],[49.31955,56.332238],[49.317337,56.332545],[49.316037,56.332845],[49.315596,56.332588],[49.314617,56.332367],[49.314102,56.332526],[49.312038,56.332601],[49.309588,56.33419],[49.307947,56.334401],[49.306777,56.335243],[49.305533,56.335769],[49.303843,56.338081],[49.302097,56.338539],[49.300644,56.33886],[49.293606,56.342666],[49.288202,56.345375],[49.280216,56.347137],[49.271799,56.348043],[49.262188,56.347476],[49.253609,56.349896],[49.251641,56.361108],[49.232268,56.373274],[49.225443,56.385125],[49.198368,56.390129],[49.170712,56.369392],[49.170528,56.360879],[49.141807,56.356215],[49.128181,56.368389],[49.115349,56.363929],[49.109784,56.352129],[49.080153,56.334948],[49.068538,56.341408],[49.041116,56.325022],[49.029591,56.30268],[49.027441,56.284174],[48.973401,56.275232],[48.930613,56.260806],[48.928258,56.243955],[48.937537,56.225379],[48.986052,56.222377],[49.009865,56.222339],[49.014077,56.226441],[49.019906,56.231814],[49.025769,56.232726],[49.031378,56.22684],[49.040191,56.223954],[49.048244,56.214776],[49.057572,56.211183],[49.069652,56.206555],[49.061415,56.201416],[49.050322,56.196415],[49.048695,56.190213],[49.037106,56.191983],[49.006533,56.203525],[49.002735,56.201053],[48.989054,56.199396],[48.983571,56.18825],[48.965626,56.162857],[48.951671,56.155517],[48.950636,56.150895],[48.945354,56.138355],[48.930758,56.133047],[48.919472,56.132],[48.889619,56.13135],[48.872054,56.125805],[48.853866,56.117201],[48.845973,56.10605],[48.845125,56.094245],[48.830906,56.083178],[48.833121,56.077737],[48.835853,56.07329],[48.83604,56.071637],[48.831677,56.062654],[48.829928,56.050319],[48.812392,56.055761],[48.777082,56.057728],[48.74085,56.044804],[48.725354,56.057218],[48.703848,56.065633],[48.705376,56.055852],[48.701464,56.038515],[48.706957,56.01587],[48.725032,56.008075],[48.714883,55.997875],[48.702312,55.982113],[48.702441,55.971404],[48.695051,55.954845],[48.656326,55.937473],[48.613835,55.942345],[48.593383,55.945514],[48.574296,55.942583],[48.571037,55.944618],[48.535962,55.933719],[48.502506,55.931674],[48.474072,55.93618],[48.41542,55.914855],[48.400235,55.892778],[48.390633,55.878618],[48.386066,55.871946],[48.389154,55.863298],[48.397672,55.86239],[48.404289,55.857104],[48.416005,55.838447],[48.450429,55.833728],[48.450988,55.832636],[48.395434,55.825896],[48.392965,55.814814],[48.389414,55.809791],[48.395514,55.80835],[48.398824,55.8063],[48.401366,55.804108],[48.403595,55.802402],[48.404083,55.801136],[48.407827,55.799485],[48.419013,55.796813],[48.420224,55.794106],[48.412517,55.783752],[48.412127,55.782498],[48.412672,55.781429],[48.409366,55.781739],[48.408042,55.781254],[48.405062,55.780103],[48.405172,55.7804],[48.403269,55.780472],[48.403899,55.779635],[48.402622,55.779992],[48.399646,55.778632],[48.401317,55.780058],[48.402131,55.780774],[48.399595,55.780771],[48.397551,55.779187],[48.395467,55.778346],[48.387781,55.776732],[48.373444,55.778075],[48.366618,55.774031],[48.359845,55.773198],[48.353877,55.777791],[48.350591,55.778902],[48.341231,55.774977],[48.338453,55.771714],[48.332731,55.769524],[48.321434,55.770142],[48.316774,55.768919],[48.318077,55.770126],[48.311822,55.778092],[48.311104,55.781232],[48.291692,55.778918],[48.288228,55.780294],[48.290728,55.782601],[48.286756,55.783816],[48.284445,55.783294],[48.268097,55.777712],[48.270157,55.769737],[48.277218,55.765567],[48.272624,55.762545],[48.264071,55.761653],[48.262079,55.75484],[48.251319,55.754569],[48.248677,55.75264],[48.250127,55.749286],[48.252388,55.749417],[48.254541,55.748508],[48.251847,55.74769],[48.240811,55.748698],[48.246718,55.740774],[48.240613,55.722491],[48.232242,55.712602],[48.232431,55.712325],[48.232276,55.712047],[48.232715,55.711949],[48.233221,55.712096],[48.233382,55.711744],[48.233703,55.71153],[48.234363,55.711374],[48.234061,55.711012],[48.235068,55.710763],[48.235613,55.710565],[48.236266,55.710381],[48.236713,55.710284],[48.237073,55.710473],[48.237915,55.710295],[48.23774,55.709766],[48.238785,55.709759],[48.239855,55.709709],[48.240414,55.708856],[48.241165,55.707903],[48.241158,55.706442],[48.240126,55.70602],[48.23953,55.705812],[48.239146,55.705549],[48.239122,55.705232],[48.239301,55.704946],[48.238814,55.704612],[48.238341,55.70432],[48.238418,55.704071],[48.238713,55.703603],[48.238466,55.702936],[48.237691,55.702994],[48.235887,55.702541],[48.234954,55.702232],[48.234201,55.701561],[48.233638,55.699999],[48.23507,55.689446],[48.215929,55.687875],[48.170756,55.691212],[48.145872,55.693047],[48.128601,55.688965],[48.132,55.677591],[48.135665,55.673297],[48.130314,55.659195],[48.132077,55.656056],[48.132542,55.655701],[48.133093,55.655369],[48.133747,55.655206],[48.134579,55.655103],[48.134983,55.654926],[48.134784,55.654557],[48.134516,55.654179],[48.134587,55.653728],[48.134629,55.652914],[48.134681,55.652371],[48.134572,55.651763],[48.134031,55.651227],[48.133522,55.6509],[48.133206,55.650696],[48.132822,55.650154],[48.13254,55.649919],[48.132239,55.649555],[48.132046,55.649286],[48.131739,55.648923],[48.131472,55.648617],[48.131173,55.648328],[48.130852,55.647915],[48.130449,55.647507],[48.130185,55.647177],[48.130044,55.646897],[48.129847,55.646501],[48.129349,55.646463],[48.128586,55.646758],[48.127996,55.647561],[48.126246,55.648356],[48.125252,55.648901],[48.123359,55.649186],[48.120945,55.649962],[48.117394,55.65051],[48.113226,55.652041],[48.11019,55.652879],[48.109543,55.66747],[48.108942,55.678065],[48.100849,55.691644],[48.083821,55.694446],[48.082517,55.693313],[48.081463,55.692329],[48.083681,55.6776],[48.084102,55.675572],[48.084214,55.674866],[48.084631,55.674478],[48.084643,55.674139],[48.085066,55.673784],[48.085582,55.673263],[48.085863,55.673071],[48.086192,55.6728],[48.086283,55.672488],[48.086616,55.672026],[48.086689,55.671767],[48.086666,55.671446],[48.086342,55.67111],[48.086662,55.670618],[48.087079,55.670248],[48.086856,55.669882],[48.086423,55.669681],[48.086763,55.669334],[48.086312,55.669055],[48.085931,55.669028],[48.085747,55.668796],[48.085567,55.668363],[48.085173,55.667921],[48.084748,55.667677],[48.084541,55.667408],[48.084669,55.666959],[48.084331,55.666449],[48.084757,55.665978],[48.084746,55.665452],[48.084701,55.664702],[48.085151,55.663857],[48.085168,55.663277],[48.085747,55.662927],[48.086012,55.662643],[48.086068,55.662289],[48.086285,55.661916],[48.08666,55.661571],[48.087117,55.661361],[48.087475,55.661016],[48.088021,55.661095],[48.088158,55.660847],[48.088623,55.660632],[48.089097,55.660341],[48.089343,55.659743],[48.089586,55.659496],[48.090275,55.658933],[48.090311,55.658361],[48.09042,55.657962],[48.090359,55.657397],[48.090621,55.657146],[48.091045,55.656437],[48.091078,55.655736],[48.091353,55.655441],[48.091585,55.655097],[48.091767,55.654267],[48.091283,55.653887],[48.090975,55.653486],[48.090292,55.652419],[48.092022,55.651189],[48.091158,55.650497],[48.089188,55.650441],[48.036962,55.650939],[48.034319,55.637183],[48.034122,55.636509],[48.03325,55.636163],[48.031968,55.636305],[48.031418,55.635713],[48.031236,55.635348],[48.029183,55.635592],[48.028425,55.635147],[48.027618,55.634424],[48.026908,55.634757],[48.026143,55.634099],[48.025309,55.633888],[48.024266,55.63341],[48.023537,55.633808],[48.023252,55.633484],[48.023142,55.633077],[48.022624,55.633227],[48.021796,55.633379],[48.021418,55.63248],[48.020823,55.632223],[48.020417,55.631752],[48.019368,55.631757],[48.018487,55.63166],[48.017965,55.631407],[48.01703,55.631184],[48.016983,55.630894],[48.016304,55.631017],[48.015604,55.630939],[48.015521,55.630518],[48.015076,55.630133],[48.014337,55.630075],[48.013578,55.630068],[48.012906,55.629984],[48.013129,55.629482],[48.012174,55.629087],[48.011881,55.629416],[48.011342,55.629308],[48.01115,55.622623],[48.013458,55.599402],[48.021242,55.600785],[48.028512,55.606866],[48.050442,55.608181],[48.061336,55.61171],[48.082042,55.616307],[48.082022,55.614904],[48.082084,55.614001],[48.081936,55.612155],[48.0813,55.610955],[48.080462,55.609407],[48.080711,55.608887],[48.079762,55.608033],[48.078626,55.606924],[48.077647,55.605944],[48.077286,55.605389],[48.076819,55.604697],[48.076548,55.604258],[48.076254,55.603903],[48.075766,55.603577],[48.075463,55.603154],[48.074976,55.602643],[48.074503,55.602209],[48.074271,55.601677],[48.073946,55.60126],[48.073425,55.600861],[48.072405,55.600056],[48.071595,55.600074],[48.071041,55.599297],[48.070047,55.598548],[48.071819,55.585401],[48.084647,55.582874],[48.104565,55.568752],[48.12608,55.56712],[48.147589,55.565033],[48.118306,55.555297],[48.107461,55.54024],[48.108085,55.523981],[48.106405,55.523577],[48.103589,55.523538],[48.098332,55.523187],[48.093439,55.521073],[48.09025,55.5226],[48.085585,55.523264],[48.08271,55.521947],[48.08008,55.521227],[48.07935,55.523085],[48.08027,55.524577],[48.078883,55.524907],[48.076709,55.524008],[48.072446,55.527416],[48.07074,55.528646],[48.065473,55.528115],[48.065622,55.527351],[48.067654,55.527129],[48.064863,55.525475],[48.065435,55.524607],[48.069298,55.52373],[48.06658,55.523423],[48.065755,55.522834],[48.067434,55.522222],[48.064143,55.520738],[48.063122,55.519053],[48.061464,55.519272],[48.05983,55.52184],[48.058743,55.521923],[48.058811,55.520897],[48.056857,55.520127],[48.058405,55.51866],[48.056678,55.517806],[48.056157,55.516128],[48.057593,55.514932],[48.055828,55.513258],[48.053404,55.513747],[48.052105,55.512511],[48.051084,55.51348],[48.048136,55.514604],[48.044522,55.515433],[48.042321,55.515475],[48.042375,55.514869],[48.042944,55.514025],[48.041417,55.513499],[48.038702,55.512649],[48.037149,55.512485],[48.036647,55.513387],[48.035592,55.515526],[48.035982,55.516074],[48.037799,55.515733],[48.039305,55.515905],[48.04248,55.515838],[48.043377,55.516889],[48.040501,55.518009],[48.03854,55.517703],[48.036052,55.518417],[48.036394,55.518969],[48.039989,55.519294],[48.044195,55.519755],[48.04661,55.521495],[48.046386,55.52244],[48.043912,55.523205],[48.042007,55.523738],[48.040335,55.524241],[48.038195,55.524589],[48.035186,55.524465],[48.034263,55.524105],[48.021321,55.52283],[48.011914,55.521672],[47.981302,55.51607],[47.969531,55.510298],[47.974195,55.503183],[47.981982,55.499091],[47.980983,55.492171],[47.97574,55.491253],[47.972639,55.491158],[47.969238,55.490974],[47.96638,55.490023],[47.966685,55.48914],[47.966182,55.488445],[47.969493,55.487022],[47.972576,55.485299],[47.971031,55.485085],[47.967319,55.48514],[47.967544,55.484213],[47.969779,55.484128],[47.969499,55.483368],[47.968506,55.481655],[47.965956,55.481663],[47.963513,55.481727],[47.963224,55.482435],[47.965339,55.483111],[47.966331,55.484141],[47.965435,55.485024],[47.96433,55.483841],[47.963645,55.483181],[47.960833,55.484092],[47.959099,55.482811],[47.957456,55.482159],[47.954487,55.483158],[47.952218,55.483572],[47.951,55.485037],[47.947471,55.484334],[47.948588,55.483737],[47.950506,55.483184],[47.947508,55.481867],[47.945699,55.480996],[47.943457,55.480877],[47.939735,55.480067],[47.93992,55.479002],[47.937061,55.479342],[47.936429,55.477763],[47.935424,55.476616],[47.933012,55.476308],[47.931497,55.475313],[47.928281,55.474887],[47.928417,55.472554],[47.931068,55.474368],[47.932865,55.474285],[47.930703,55.472236],[47.932325,55.471132],[47.93059,55.470008],[47.933162,55.469209],[47.934486,55.466978],[47.930905,55.465015],[47.927669,55.460436],[47.926597,55.459329],[47.924258,55.457467],[47.920867,55.456439],[47.921828,55.457294],[47.922646,55.458604],[47.920926,55.460332],[47.919408,55.45939],[47.917482,55.460369],[47.913073,55.459885],[47.915304,55.457756],[47.913727,55.456953],[47.911818,55.458039],[47.9101,55.459527],[47.908512,55.458406],[47.907857,55.45561],[47.907199,55.452612],[47.908201,55.451204],[47.908973,55.450362],[47.909365,55.448007],[47.913662,55.44975],[47.915276,55.450066],[47.916161,55.448819],[47.91511,55.44742],[47.915549,55.445719],[47.913597,55.445664],[47.910915,55.445144],[47.912108,55.443189],[47.914851,55.442525],[47.915073,55.440588],[47.913979,55.438445],[47.91291,55.437865],[47.911623,55.438762],[47.909135,55.438969],[47.907951,55.438757],[47.912215,55.435916],[47.913543,55.432581],[47.910268,55.428513],[47.907214,55.428873],[47.903756,55.428882],[47.899937,55.42981],[47.897173,55.42918],[47.898181,55.427477],[47.895445,55.425842],[47.893638,55.423744],[47.896138,55.422253],[47.896027,55.420679],[47.898732,55.420056],[47.89777,55.419276],[47.89717,55.418295],[47.89266,55.414043],[47.890344,55.414419],[47.887715,55.414254],[47.884916,55.414526],[47.883717,55.413983],[47.882222,55.414279],[47.881814,55.415291],[47.878951,55.415546],[47.875267,55.413515],[47.872379,55.411873],[47.874275,55.411443],[47.874683,55.408753],[47.875602,55.404322],[47.877636,55.402635],[47.876656,55.404391],[47.877605,55.40587],[47.881455,55.401725],[47.880774,55.401209],[47.87867,55.400178],[47.876673,55.399246],[47.875412,55.398218],[47.875387,55.397239],[47.876726,55.395323],[47.874012,55.395031],[47.876306,55.393725],[47.875309,55.392735],[47.87333,55.392154],[47.860751,55.39129],[47.85979,55.390718],[47.858456,55.390696],[47.856834,55.38953],[47.855952,55.389002],[47.855651,55.388658],[47.855139,55.388453],[47.854915,55.387417],[47.855422,55.387271],[47.855372,55.387034],[47.855205,55.385655],[47.854541,55.384994],[47.853187,55.383809],[47.853164,55.383502],[47.852633,55.38292],[47.851807,55.383248],[47.850926,55.382984],[47.850349,55.382282],[47.849106,55.381281],[47.846918,55.380697],[47.845598,55.379952],[47.844822,55.37989],[47.844567,55.379298],[47.843969,55.378624],[47.843419,55.377935],[47.842776,55.377567],[47.841716,55.377155],[47.841789,55.376606],[47.841011,55.376282],[47.841511,55.375996],[47.841087,55.375683],[47.839807,55.375751],[47.839828,55.375041],[47.838923,55.373873],[47.838114,55.373541],[47.836077,55.373326],[47.833269,55.3729],[47.829216,55.371139],[47.828731,55.370991],[47.828055,55.370693],[47.827382,55.370175],[47.826821,55.369983],[47.827113,55.369784],[47.826738,55.369369],[47.825632,55.369014],[47.82464,55.368874],[47.824468,55.368458],[47.824094,55.368588],[47.82375,55.368445],[47.82301,55.368132],[47.822767,55.36782],[47.822371,55.367872],[47.821831,55.367938],[47.822087,55.368143],[47.821605,55.368223],[47.820629,55.367817],[47.819892,55.367629],[47.819205,55.367289],[47.818973,55.367397],[47.818812,55.367209],[47.818099,55.367006],[47.817495,55.367154],[47.816508,55.367277],[47.816281,55.367642],[47.815677,55.367677],[47.815687,55.367406],[47.815726,55.367149],[47.815472,55.367103],[47.815,55.367302],[47.814407,55.367458],[47.814253,55.367301],[47.81396,55.367192],[47.813114,55.367301],[47.813017,55.366982],[47.812629,55.366627],[47.81222,55.366584],[47.811721,55.366989],[47.811131,55.367187],[47.811129,55.366901],[47.810851,55.366747],[47.810594,55.366963],[47.809686,55.366963],[47.808961,55.367002],[47.808328,55.367124],[47.807586,55.366991],[47.807148,55.366862],[47.806421,55.367022],[47.805994,55.366883],[47.805299,55.366788],[47.804959,55.366431],[47.804804,55.366298],[47.803674,55.366376],[47.802951,55.366395],[47.805187,55.355586],[47.803611,55.349617],[47.798316,55.340446],[47.790319,55.338933],[47.783186,55.339273],[47.766551,55.332928],[47.766119,55.336977],[47.755872,55.338362],[47.754115,55.344806],[47.742306,55.351626],[47.721525,55.354423],[47.723584,55.35053],[47.717945,55.348138],[47.71499,55.34913],[47.707022,55.350554],[47.703,55.350639],[47.699614,55.356133],[47.687771,55.36201],[47.690983,55.359412],[47.6858,55.354827],[47.682112,55.351714],[47.679249,55.348547],[47.669834,55.352387],[47.653041,55.334712],[47.670935,55.331021],[47.68075,55.324039],[47.678518,55.314456],[47.677862,55.307644],[47.698663,55.290388],[47.693399,55.2786],[47.694201,55.264955],[47.696235,55.261351],[47.688998,55.250742],[47.687878,55.242938],[47.668521,55.230648],[47.669428,55.214214],[47.702757,55.21718],[47.70979,55.231262],[47.729733,55.236564],[47.74234,55.238203],[47.765711,55.239749],[47.779616,55.238715],[47.783403,55.243188],[47.790289,55.255925],[47.790012,55.26556],[47.79431,55.272379],[47.80032,55.281833],[47.788654,55.297639],[47.791324,55.298314],[47.796314,55.297504],[47.798283,55.297821],[47.796552,55.298404],[47.799731,55.299575],[47.804031,55.302955],[47.837867,55.275497],[47.844008,55.272182],[47.866866,55.254228],[47.901726,55.262231],[47.864214,55.284068],[47.872522,55.318944],[47.889404,55.315467],[47.917402,55.321985],[47.940928,55.310454],[47.96023,55.304534],[47.975813,55.302783],[47.998116,55.290239],[48.014883,55.283008],[48.007518,55.271204],[48.012912,55.238265],[48.030381,55.230585],[48.051489,55.230378],[48.074028,55.179732],[48.108493,55.140902],[48.107648,55.140277],[48.107978,55.139144],[48.104884,55.139916],[48.103351,55.137643],[48.102677,55.13585],[48.097946,55.136175],[48.093056,55.136686],[48.088723,55.136893],[48.086137,55.135254],[48.083071,55.133887],[48.078432,55.133215],[48.07512,55.131142],[48.073014,55.1322],[48.068646,55.130474],[48.066131,55.128984],[48.061955,55.128907],[48.080794,55.108408],[48.078385,55.089931],[48.054263,55.092246],[48.045588,55.101174],[48.042768,55.104081],[48.039852,55.106944],[48.035983,55.116625],[48.03413,55.118131],[48.02879,55.119025],[48.025614,55.119555],[48.023099,55.118957],[48.025165,55.117341],[48.023007,55.115947],[48.021686,55.117004],[48.016852,55.11573],[48.01832,55.113905],[48.018749,55.110854],[48.016177,55.110191],[48.014683,55.108801],[48.014457,55.104826],[48.011522,55.10436],[48.002299,55.102063],[47.997689,55.103804],[47.994583,55.101102],[47.99217,55.100756],[47.9922,55.099002],[47.986083,55.099505],[47.979171,55.097882],[47.973457,55.09766],[47.967212,55.099802],[47.965015,55.098398],[47.959176,55.098511],[47.960353,55.096265],[47.958197,55.094506],[47.95212,55.097093],[47.948841,55.096132],[47.950182,55.092791],[47.946466,55.092202],[47.943052,55.095296],[47.939211,55.093326],[47.942523,55.091597],[47.938673,55.08922],[47.930047,55.088509],[47.927672,55.088358],[47.926723,55.090081],[47.922469,55.089478],[47.92151,55.088002],[47.913754,55.08951],[47.9105,55.092177],[47.906107,55.092364],[47.902945,55.089665],[47.903243,55.08451],[47.901161,55.057088],[47.916773,55.046439],[47.926802,55.032607],[47.945038,55.033886],[47.936675,55.050224],[47.95132,55.064165],[47.97554,55.057288],[47.975463,55.043513],[47.987439,55.048049],[48.010935,55.03936],[48.012607,55.037685],[48.013273,55.036953],[48.027839,55.035931],[48.019794,55.012863],[48.015644,54.997945],[48.011604,54.985531],[47.991083,54.967008],[47.980068,54.957147],[47.965523,54.952061],[47.957232,54.946653],[47.950172,54.947346],[47.937665,54.945856],[47.938853,54.953826],[47.932911,54.956722],[47.930769,54.96215],[47.932178,54.969593],[47.929252,54.966622],[47.927828,54.96645],[47.923354,54.962633],[47.930728,54.952069],[47.90474,54.944174],[47.876214,54.948758],[47.861801,54.959367],[47.862371,54.965121],[47.856802,54.962176],[47.851776,54.96202],[47.847608,54.962906],[47.838555,54.963026],[47.8284,54.961042],[47.824938,54.957596],[47.823467,54.957969],[47.82202,54.96023],[47.81979,54.960654],[47.81622,54.961787],[47.812174,54.9632],[47.810588,54.963792],[47.808764,54.964349],[47.808399,54.964942],[47.805653,54.963971],[47.803536,54.962629],[47.802469,54.962264],[47.8018,54.96023],[47.798061,54.959463],[47.79391,54.959402],[47.792108,54.958374],[47.787072,54.958106],[47.775387,54.961029],[47.765225,54.951009],[47.769888,54.916152],[47.775572,54.902105],[47.782619,54.869541],[47.801671,54.826487],[47.834489,54.8094],[47.798458,54.804239],[47.787322,54.823933],[47.751113,54.886352],[47.749217,54.890775],[47.747682,54.894624],[47.745542,54.897391],[47.73693,54.905953],[47.728452,54.898635],[47.741402,54.89183],[47.740844,54.890392],[47.737081,54.882717],[47.73728,54.881702],[47.735143,54.879311],[47.735236,54.878511],[47.734366,54.87694],[47.734183,54.875912],[47.733517,54.875215],[47.732076,54.873878],[47.730933,54.873029],[47.728691,54.871563],[47.727397,54.869154],[47.754646,54.81556],[47.743289,54.810255],[47.744668,54.812334],[47.744185,54.813405],[47.742546,54.815004],[47.740791,54.816037],[47.739573,54.817173],[47.699544,54.841658],[47.630362,54.855821],[47.603164,54.832356],[47.575222,54.833805],[47.557576,54.845083],[47.521883,54.850866],[47.463342,54.86079],[47.451842,54.868777],[47.431284,54.876575],[47.424397,54.88205],[47.414384,54.882202],[47.401088,54.885918],[47.406467,54.890553],[47.404749,54.892773],[47.398209,54.88913],[47.413614,54.874669],[47.406142,54.868791],[47.420709,54.849261],[47.404535,54.837076],[47.387284,54.842945],[47.379422,54.835133],[47.362099,54.827975],[47.369692,54.809126],[47.368833,54.79801],[47.36772,54.792055],[47.370181,54.782369],[47.358841,54.773965],[47.369996,54.769401],[47.36938,54.767989],[47.368319,54.766857],[47.371215,54.766919],[47.37343,54.765894],[47.376208,54.764312],[47.377643,54.763573],[47.379706,54.762854],[47.380938,54.761678],[47.385058,54.759778],[47.385732,54.757885],[47.377645,54.747737],[47.344069,54.738552],[47.332377,54.734358],[47.327597,54.732278],[47.324688,54.730581],[47.321668,54.730348],[47.320014,54.730341],[47.319767,54.729523],[47.315349,54.727993],[47.309982,54.725381],[47.307493,54.722897],[47.292312,54.718021],[47.285632,54.714442],[47.283917,54.710561],[47.259128,54.678589],[47.25867,54.67769]],[[47.819711,54.903321],[47.822591,54.913604],[47.842493,54.910147],[47.842479,54.908812],[47.840101,54.907811],[47.838873,54.907307],[47.834614,54.90672],[47.832624,54.906031],[47.830701,54.905529],[47.828475,54.906002],[47.826507,54.905205],[47.824524,54.904035],[47.819711,54.903321]],[[47.837301,54.768253],[47.842154,54.771839],[47.850796,54.769161],[47.851515,54.757772],[47.845831,54.752841],[47.841904,54.75602],[47.839474,54.762693],[47.837301,54.768253]],[[48.050632,54.989088],[48.05814,55.005537],[48.095854,55.020308],[48.116696,55.020128],[48.120441,55.016942],[48.119988,55.014318],[48.117473,55.01136],[48.103669,55.003541],[48.100395,54.999722],[48.101873,54.994766],[48.058316,54.988273],[48.050632,54.989088]]],[[[47.291423,54.869452],[47.298236,54.87008],[47.299235,54.870123],[47.300239,54.870019],[47.3016,54.869863],[47.301141,54.870588],[47.299779,54.87153],[47.300813,54.873084],[47.302007,54.874303],[47.321487,54.884217],[47.326046,54.885158],[47.327655,54.886473],[47.328747,54.887292],[47.325348,54.891772],[47.324072,54.891521],[47.322942,54.891236],[47.322113,54.891058],[47.32101,54.890545],[47.319483,54.889826],[47.318406,54.889063],[47.316327,54.888439],[47.31442,54.887144],[47.312783,54.886151],[47.310709,54.883901],[47.301287,54.879468],[47.291423,54.869452]]],[[[47.294091,54.847865],[47.297588,54.844454],[47.303739,54.846958],[47.321947,54.845659],[47.325066,54.852519],[47.308423,54.85191],[47.294091,54.847865]]],[[[47.342158,54.87582],[47.349753,54.869517],[47.345585,54.882301],[47.342158,54.87582]]],[[[47.698621,55.388533],[47.731163,55.375859],[47.733575,55.370127],[47.736997,55.368245],[47.742799,55.367531],[47.722446,55.383885],[47.699979,55.390276],[47.698621,55.388533]]],[[[52.198179,56.063201],[52.208095,56.056595],[52.20125,56.047787],[52.208147,56.048223],[52.218269,56.054791],[52.224199,56.052903],[52.22432,56.048369],[52.226423,56.049328],[52.223471,56.055832],[52.22981,56.056504],[52.22931,56.057349],[52.224529,56.05857],[52.225682,56.062561],[52.221518,56.070191],[52.209419,56.066819],[52.203541,56.064737],[52.200698,56.067011],[52.201111,56.065963],[52.200854,56.065265],[52.200304,56.064826],[52.199168,56.064425],[52.198689,56.063879],[52.198179,56.063201]]],[[[53.082416,56.197587],[53.090537,56.191091],[53.083523,56.204452],[53.082416,56.197587]]]]}}]}