{
"type": "FeatureCollection",
"name": "rail",
"features": [
{ "type": "Feature", "properties": { }, "geometry": { "type": "MultiLineString", "coordinates": [ [ [ 48.499746, 55.3454774 ], [ 48.5000327, 55.3445704 ], [ 48.5001472, 55.3442324 ], [ 48.5005641, 55.3429035 ], [ 48.5015935, 55.3396229 ], [ 48.5030091, 55.3352385 ], [ 48.5031559, 55.3347137 ], [ 48.5033563, 55.3340743 ], [ 48.503734, 55.3328929 ], [ 48.5040753, 55.3317176 ], [ 48.5042014, 55.331014 ], [ 48.5053371, 55.323469 ], [ 48.5054552, 55.3224574 ], [ 48.5054425, 55.3217629 ], [ 48.5053821, 55.3212897 ], [ 48.5052814, 55.3208368 ], [ 48.505133, 55.32034 ], [ 48.5049889, 55.3199686 ], [ 48.5047717, 55.3195384 ], [ 48.5045142, 55.3190908 ], [ 48.5042175, 55.3186181 ], [ 48.5028442, 55.316609 ], [ 48.5022424, 55.3157721 ], [ 48.5018769, 55.3153142 ], [ 48.5013904, 55.3147566 ], [ 48.5007419, 55.3140764 ], [ 48.5000055, 55.3133931 ], [ 48.4995818, 55.3130077 ], [ 48.4991523, 55.3126412 ], [ 48.4986019, 55.3122014 ], [ 48.4980913, 55.3117995 ], [ 48.4957192, 55.309911 ], [ 48.4927133, 55.307529 ], [ 48.4917882, 55.3067837 ], [ 48.4909727, 55.306074 ], [ 48.4904192, 55.3055384 ], [ 48.489921, 55.3050209 ], [ 48.4894745, 55.3045017 ], [ 48.4874151, 55.3021107 ], [ 48.4852739, 55.2996557 ], [ 48.4844047, 55.298644 ], [ 48.4841803, 55.2983829 ], [ 48.476181, 55.2890713 ], [ 48.473961, 55.2864909 ], [ 48.4732519, 55.2857515 ], [ 48.4725667, 55.285128 ], [ 48.471957, 55.2845978 ], [ 48.4712337, 55.2840151 ], [ 48.4640722, 55.2784096 ], [ 48.4614533, 55.2763591 ], [ 48.4610382, 55.2759707 ], [ 48.460675, 55.275587 ], [ 48.4603047, 55.2751872 ], [ 48.4599732, 55.2747807 ], [ 48.4557814, 55.2698356 ], [ 48.4551256, 55.2690395 ], [ 48.4544912, 55.2683079 ], [ 48.4540077, 55.2678307 ], [ 48.453479, 55.2673346 ], [ 48.4503871, 55.2645162 ], [ 48.4471476, 55.2615731 ], [ 48.4456221, 55.2601941 ], [ 48.4437805, 55.2585076 ], [ 48.4430568, 55.2578425 ], [ 48.44233, 55.2572598 ], [ 48.4418426, 55.2568981 ], [ 48.441312, 55.2565094 ], [ 48.4407319, 55.2561182 ], [ 48.4352192, 55.2525864 ], [ 48.4238771, 55.2452652 ], [ 48.4209915, 55.2434037 ], [ 48.4201544, 55.2428633 ], [ 48.4196766, 55.2425666 ], [ 48.4191185, 55.2422468 ], [ 48.4184155, 55.24187 ], [ 48.4179044, 55.2416055 ], [ 48.4166957, 55.2410257 ], [ 48.4141731, 55.2398974 ], [ 48.4117613, 55.2388097 ], [ 48.4072235, 55.2367471 ], [ 48.4070948, 55.2366928 ], [ 48.406285, 55.2363133 ], [ 48.4054821, 55.2359589 ], [ 48.3995735, 55.2332798 ], [ 48.3977297, 55.2324528 ], [ 48.3958781, 55.2316175 ], [ 48.3948855, 55.2311698 ], [ 48.3943687, 55.2309323 ], [ 48.3929219, 55.2303018 ], [ 48.3920864, 55.229956 ], [ 48.3911919, 55.2296028 ], [ 48.3901745, 55.2292521 ], [ 48.3893037, 55.228968 ], [ 48.3879169, 55.2285672 ], [ 48.3871999, 55.2283762 ], [ 48.3864766, 55.228197 ], [ 48.3856774, 55.2280104 ], [ 48.3847654, 55.227813 ], [ 48.3839551, 55.2276628 ], [ 48.382853, 55.227475 ], [ 48.3819583, 55.2273402 ], [ 48.3804471, 55.2271507 ], [ 48.3738275, 55.2263829 ], [ 48.3599732, 55.2247766 ], [ 48.3587882, 55.2246067 ], [ 48.3579755, 55.2244614 ], [ 48.3571494, 55.2242839 ], [ 48.3562187, 55.2240575 ], [ 48.3554542, 55.2238341 ], [ 48.3546926, 55.2235799 ], [ 48.3538181, 55.2232466 ], [ 48.3529544, 55.2228672 ], [ 48.3521688, 55.2224644 ], [ 48.3515784, 55.2221237 ], [ 48.3509856, 55.2217427 ], [ 48.350399, 55.2213159 ], [ 48.3498886, 55.2209013 ], [ 48.3494917, 55.2205418 ], [ 48.3491293, 55.220183 ], [ 48.3483266, 55.2193098 ], [ 48.3478683, 55.2188098 ], [ 48.345468, 55.2161899 ], [ 48.3445432, 55.2151798 ], [ 48.3441702, 55.2147855 ], [ 48.3437536, 55.2143975 ], [ 48.3433226, 55.2140373 ], [ 48.3427997, 55.2136469 ], [ 48.3423302, 55.2133395 ], [ 48.3418393, 55.2130334 ], [ 48.3413029, 55.212735 ], [ 48.3405456, 55.2123559 ], [ 48.336775, 55.2105945 ], [ 48.3358866, 55.2101532 ], [ 48.3350158, 55.2096927 ], [ 48.3337457, 55.2089518 ], [ 48.330173, 55.2067687 ], [ 48.3257581, 55.2040428 ], [ 48.324936, 55.2035186 ], [ 48.3242051, 55.2029756 ], [ 48.3235949, 55.2024624 ], [ 48.3230528, 55.2019204 ], [ 48.3226401, 55.2014368 ], [ 48.3222857, 55.200945 ], [ 48.321981, 55.2004405 ], [ 48.3217469, 55.199978 ], [ 48.321543, 55.1994683 ], [ 48.3213311, 55.1987917 ], [ 48.3209947, 55.1976676 ], [ 48.3207732, 55.1968597 ], [ 48.3205372, 55.1960943 ], [ 48.3201483, 55.1947945 ], [ 48.3195626, 55.1927643 ], [ 48.3193276, 55.1919057 ], [ 48.3188206, 55.1901523 ], [ 48.3154646, 55.1785307 ], [ 48.314719, 55.1758877 ], [ 48.3143413, 55.1745667 ], [ 48.3140651, 55.1736626 ], [ 48.3137351, 55.17275 ], [ 48.3130898, 55.1712635 ], [ 48.3126247, 55.1702592 ], [ 48.3122734, 55.169446 ], [ 48.3112272, 55.1670648 ], [ 48.3100751, 55.1644991 ], [ 48.3089107, 55.161882 ], [ 48.3080167, 55.1599052 ], [ 48.3069916, 55.1576311 ], [ 48.3059202, 55.1552114 ], [ 48.305541, 55.1543372 ], [ 48.3051354, 55.1534728 ], [ 48.3046478, 55.1525923 ], [ 48.3040857, 55.1517665 ], [ 48.3034853, 55.1509532 ], [ 48.3030948, 55.1504926 ], [ 48.3027676, 55.1501263 ], [ 48.3023034, 55.1496393 ], [ 48.2989558, 55.1464546 ], [ 48.2962468, 55.143853 ], [ 48.2952574, 55.1429098 ], [ 48.2944474, 55.1421708 ], [ 48.2936477, 55.1414797 ], [ 48.2930177, 55.140995 ], [ 48.2923302, 55.1404822 ], [ 48.2912555, 55.1397732 ], [ 48.2878321, 55.1376417 ], [ 48.2830519, 55.1347157 ], [ 48.2824123, 55.134292 ], [ 48.2819855, 55.1339819 ], [ 48.2815244, 55.1335652 ], [ 48.2811856, 55.1331897 ], [ 48.2808405, 55.1327372 ], [ 48.280554, 55.1322452 ], [ 48.280352, 55.1317189 ], [ 48.2802558, 55.1312989 ], [ 48.2802162, 55.1308209 ], [ 48.2801584, 55.1291986 ], [ 48.2800704, 55.1265109 ], [ 48.2800033, 55.1260011 ], [ 48.2798991, 55.1256141 ], [ 48.279773, 55.1252737 ], [ 48.2796461, 55.1250102 ], [ 48.2795021, 55.1247645 ], [ 48.2793304, 55.1245083 ], [ 48.2791375, 55.1242403 ], [ 48.2788449, 55.1239486 ], [ 48.2784106, 55.1235531 ], [ 48.2779735, 55.1232028 ], [ 48.2775468, 55.1229194 ], [ 48.2771069, 55.1226664 ], [ 48.276569, 55.1224007 ], [ 48.2760876, 55.1221986 ], [ 48.2756156, 55.1220161 ], [ 48.2749393, 55.1217868 ], [ 48.2736415, 55.1214225 ], [ 48.2728332, 55.1211835 ], [ 48.2714367, 55.1207936 ], [ 48.2707352, 55.1205825 ], [ 48.2700446, 55.1203473 ], [ 48.2693758, 55.1200838 ], [ 48.268792, 55.1198028 ], [ 48.2682824, 55.1195175 ], [ 48.2677337, 55.1191489 ], [ 48.2672954, 55.1188058 ], [ 48.2668877, 55.11841 ], [ 48.2665497, 55.1180327 ], [ 48.2662689, 55.117617 ], [ 48.2660079, 55.1171645 ], [ 48.2658619, 55.1167361 ], [ 48.265788, 55.1164328 ], [ 48.2657423, 55.116083 ], [ 48.2657324, 55.1156341 ], [ 48.265778, 55.1151351 ], [ 48.2660508, 55.113133 ], [ 48.266252, 55.1117753 ], [ 48.2662817, 55.1112415 ], [ 48.2662654, 55.110953 ], [ 48.2662144, 55.1106093 ], [ 48.2661313, 55.1102979 ], [ 48.2660159, 55.1099818 ], [ 48.2658926, 55.1097011 ], [ 48.2657209, 55.1094084 ], [ 48.2654875, 55.1090736 ], [ 48.2652247, 55.1087606 ], [ 48.2646962, 55.1082384 ], [ 48.2640405, 55.10764 ], [ 48.26317, 55.1068932 ], [ 48.2601821, 55.1043324 ], [ 48.255982, 55.1007176 ], [ 48.2495508, 55.0951667 ], [ 48.2453175, 55.0915576 ], [ 48.2448828, 55.0911677 ], [ 48.2445169, 55.0908199 ], [ 48.2441425, 55.0904187 ], [ 48.2438135, 55.0899944 ], [ 48.2435954, 55.0895836 ], [ 48.2433963, 55.089132 ], [ 48.2432789, 55.0886841 ], [ 48.2432337, 55.0882399 ], [ 48.2432359, 55.087803 ], [ 48.2433271, 55.0873209 ], [ 48.2434354, 55.0867769 ], [ 48.2435524, 55.0863047 ], [ 48.243666, 55.0857978 ], [ 48.2437777, 55.0853713 ], [ 48.2439525, 55.0848976 ], [ 48.2442176, 55.0843888 ], [ 48.2445877, 55.0838223 ], [ 48.2472167, 55.0804052 ], [ 48.2483588, 55.0788761 ], [ 48.2488932, 55.078064 ], [ 48.2491314, 55.0775719 ], [ 48.2492917, 55.0771389 ], [ 48.2494559, 55.0765012 ], [ 48.2494962, 55.0760947 ], [ 48.2494719, 55.0756451 ], [ 48.2494211, 55.0751672 ], [ 48.2493175, 55.074703 ], [ 48.2491797, 55.0742705 ], [ 48.2489811, 55.073855 ], [ 48.2487076, 55.0733952 ], [ 48.2484153, 55.0729777 ], [ 48.2481008, 55.0726086 ], [ 48.2478011, 55.0722987 ], [ 48.2474421, 55.0719689 ], [ 48.2470393, 55.0716383 ], [ 48.2465913, 55.0712934 ], [ 48.2459578, 55.0708697 ], [ 48.2412971, 55.0678339 ], [ 48.2403338, 55.0671815 ], [ 48.2398514, 55.0668169 ], [ 48.2394916, 55.0665211 ], [ 48.2392234, 55.0662661 ], [ 48.2388759, 55.0658794 ], [ 48.2386279, 55.0655565 ], [ 48.2384321, 55.0652497 ], [ 48.2382524, 55.0649114 ], [ 48.2380754, 55.0644967 ], [ 48.2375793, 55.0630596 ], [ 48.2373887, 55.0623708 ], [ 48.2373317, 55.0619733 ], [ 48.237319, 55.0615414 ], [ 48.2373532, 55.0611454 ], [ 48.2374578, 55.0607407 ], [ 48.2376328, 55.0602925 ], [ 48.2378537, 55.059874 ], [ 48.2381558, 55.0594645 ], [ 48.2385049, 55.0590599 ], [ 48.2394206, 55.0581467 ], [ 48.2404123, 55.0571396 ], [ 48.2441997, 55.0533335 ], [ 48.2446361, 55.0528738 ], [ 48.2447569, 55.0527302 ], [ 48.2448828, 55.0525834 ], [ 48.245194, 55.0521855 ], [ 48.2455299, 55.0516942 ], [ 48.2457492, 55.051282 ], [ 48.245982, 55.050783 ], [ 48.2461461, 55.0503294 ], [ 48.2464742, 55.0493075 ], [ 48.2467175, 55.048547 ], [ 48.2468337, 55.0482212 ], [ 48.2470019, 55.0475582 ], [ 48.2487263, 55.0418617 ], [ 48.2523344, 55.0300478 ], [ 48.2535655, 55.0260363 ], [ 48.2536862, 55.0256562 ], [ 48.2543917, 55.0233782 ], [ 48.2545468, 55.0229854 ], [ 48.2547721, 55.0225195 ], [ 48.2551315, 55.0219013 ], [ 48.2554534, 55.0214427 ], [ 48.2557967, 55.021028 ], [ 48.2561588, 55.0206205 ], [ 48.2569558, 55.0197894 ], [ 48.2588504, 55.0178105 ], [ 48.2633114, 55.0132014 ], [ 48.2654929, 55.0109228 ], [ 48.266201, 55.0101753 ], [ 48.2665604, 55.0097631 ], [ 48.266893, 55.0093448 ], [ 48.2674844, 55.0085522 ], [ 48.2680786, 55.0076036 ], [ 48.2691156, 55.0056713 ], [ 48.2704806, 55.0030839 ], [ 48.2720228, 55.000152 ], [ 48.2725203, 54.999309 ], [ 48.2728207, 54.9988628 ], [ 48.2731671, 54.9983784 ], [ 48.2735181, 54.9978936 ], [ 48.273899, 54.9974412 ], [ 48.2743429, 54.9969273 ], [ 48.2771932, 54.9940027 ], [ 48.2774422, 54.9937286 ], [ 48.2776588, 54.993452 ], [ 48.2778686, 54.9931454 ], [ 48.2780521, 54.9928386 ], [ 48.2781985, 54.9925145 ], [ 48.2783085, 54.9922252 ], [ 48.2783924, 54.9918755 ], [ 48.2784373, 54.9915636 ], [ 48.278448, 54.9912358 ], [ 48.2784115, 54.9907848 ], [ 48.2783374, 54.9903199 ], [ 48.277983, 54.9887178 ], [ 48.2770637, 54.9848525 ], [ 48.2767056, 54.9833437 ], [ 48.2765383, 54.9825976 ], [ 48.2763818, 54.9818313 ], [ 48.2763076, 54.9810585 ], [ 48.2763477, 54.9803588 ], [ 48.2764605, 54.9798271 ], [ 48.2765812, 54.9793684 ], [ 48.2767477, 54.9789194 ], [ 48.2769379, 54.9785065 ], [ 48.2771947, 54.978049 ], [ 48.2774717, 54.9776306 ], [ 48.2777131, 54.9773027 ], [ 48.2780536, 54.9768848 ], [ 48.2803531, 54.9741634 ], [ 48.2806474, 54.9737868 ], [ 48.2808502, 54.9734872 ], [ 48.2810551, 54.9731233 ], [ 48.2812124, 54.9727761 ], [ 48.281345, 54.9723754 ], [ 48.2813957, 54.9720825 ], [ 48.2814308, 54.9717801 ], [ 48.2814279, 54.9714544 ], [ 48.2813957, 54.9711604 ], [ 48.2813475, 54.9709202 ], [ 48.281224, 54.9705723 ], [ 48.2810256, 54.9701027 ], [ 48.2808003, 54.9697316 ], [ 48.2805696, 54.9694237 ], [ 48.2802827, 54.9690803 ], [ 48.2799715, 54.9687832 ], [ 48.2795101, 54.9684045 ], [ 48.2789978, 54.9680442 ], [ 48.2786277, 54.9678163 ], [ 48.2782415, 54.9676115 ], [ 48.2779384, 54.9674668 ], [ 48.2775065, 54.9672867 ], [ 48.2771096, 54.9671373 ], [ 48.2766992, 54.9669926 ], [ 48.2759804, 54.9667817 ], [ 48.2754573, 54.9666538 ], [ 48.2749477, 54.9665429 ], [ 48.2738614, 54.9663305 ], [ 48.2735127, 54.9662612 ], [ 48.2733129, 54.9662218 ], [ 48.2722414, 54.9660102 ], [ 48.2714176, 54.9658475 ], [ 48.271015, 54.965768 ], [ 48.2703475, 54.9656332 ], [ 48.268194, 54.9652042 ], [ 48.266423, 54.9648536 ], [ 48.2657367, 54.9647052 ], [ 48.2651331, 54.9645595 ], [ 48.2648476, 54.9644803 ], [ 48.2644764, 54.9643691 ], [ 48.2640212, 54.9642113 ], [ 48.263719, 54.9640932 ], [ 48.2633753, 54.963951 ], [ 48.2628769, 54.9637163 ], [ 48.262508, 54.9635198 ], [ 48.2621548, 54.9633167 ], [ 48.2608339, 54.9625372 ], [ 48.2581383, 54.9609294 ], [ 48.2564217, 54.959899 ], [ 48.2552388, 54.9591777 ], [ 48.2547786, 54.9589077 ], [ 48.2542732, 54.958611 ], [ 48.2538012, 54.9583569 ], [ 48.2533854, 54.9581613 ], [ 48.2528543, 54.9579257 ], [ 48.25165, 54.957419 ], [ 48.251178, 54.957208 ], [ 48.2507917, 54.9570278 ], [ 48.2504457, 54.9568553 ], [ 48.2500783, 54.9566335 ], [ 48.2496813, 54.9563732 ], [ 48.2493452, 54.956123 ], [ 48.2490215, 54.9558296 ], [ 48.2487535, 54.9555234 ], [ 48.248494, 54.9551908 ], [ 48.2483214, 54.9549209 ], [ 48.2481563, 54.9545981 ], [ 48.248021, 54.954274 ], [ 48.2479325, 54.9539891 ], [ 48.2478649, 54.9536737 ], [ 48.2478279, 54.9533561 ], [ 48.2478263, 54.9529924 ], [ 48.2478869, 54.9524951 ], [ 48.2480187, 54.9518784 ], [ 48.2482357, 54.9507569 ], [ 48.2485843, 54.9490555 ], [ 48.2487685, 54.9478215 ], [ 48.2496353, 54.9414624 ], [ 48.2497081, 54.9410168 ], [ 48.2498127, 54.9405485 ], [ 48.2499623, 54.9400606 ], [ 48.2500809, 54.9397504 ], [ 48.2502526, 54.9393698 ], [ 48.250494, 54.9389183 ], [ 48.251178, 54.9377227 ], [ 48.2515819, 54.9370059 ], [ 48.2700901, 54.9046993 ], [ 48.2710495, 54.9030028 ], [ 48.2724762, 54.9005671 ], [ 48.2733276, 54.8990814 ], [ 48.2736639, 54.8984517 ], [ 48.2738259, 54.8981154 ], [ 48.2739311, 54.8978321 ], [ 48.2739997, 54.897588 ], [ 48.2740545, 54.8973278 ], [ 48.2740871, 54.8970259 ], [ 48.274084, 54.8967201 ], [ 48.2740626, 54.8964255 ], [ 48.2740089, 54.8961417 ], [ 48.2739325, 54.8958588 ], [ 48.2737917, 54.8954985 ], [ 48.2736327, 54.8951727 ], [ 48.2734403, 54.894863 ], [ 48.2731193, 54.8944429 ], [ 48.2713818, 54.8923966 ], [ 48.2710711, 54.8919804 ], [ 48.2708466, 54.8916329 ], [ 48.2706991, 54.8913321 ], [ 48.2705707, 54.8909836 ], [ 48.2704657, 54.8906533 ], [ 48.2704027, 54.8902742 ], [ 48.2703826, 54.8898527 ], [ 48.2704134, 54.8894693 ], [ 48.2704872, 54.8890582 ], [ 48.2706056, 54.8885547 ], [ 48.2718166, 54.8839534 ], [ 48.2719244, 54.8835679 ], [ 48.2726484, 54.8808153 ], [ 48.2726725, 54.8807237 ], [ 48.273239, 54.8785695 ], [ 48.2740219, 54.8755899 ], [ 48.2754534, 54.8701408 ], [ 48.276554, 54.8659511 ], [ 48.2769664, 54.8643966 ], [ 48.2771069, 54.8637221 ], [ 48.2771605, 54.8632776 ], [ 48.2771283, 54.8628206 ], [ 48.2770363, 54.862373 ], [ 48.2762929, 54.8601918 ], [ 48.2727134, 54.84993 ], [ 48.2682622, 54.837059 ], [ 48.2680196, 54.8364207 ], [ 48.2677782, 54.8359388 ], [ 48.267467, 54.8354228 ], [ 48.2671076, 54.8349471 ], [ 48.2667589, 54.8345207 ], [ 48.2663437, 54.8340789 ], [ 48.2658765, 54.8336618 ], [ 48.2653695, 54.833254 ], [ 48.2648411, 54.8328801 ], [ 48.2643557, 54.8325619 ], [ 48.2638434, 54.8322622 ], [ 48.2633547, 54.8319984 ], [ 48.2627033, 54.8316757 ], [ 48.2575271, 54.8293483 ], [ 48.2567114, 54.8289343 ], [ 48.2560998, 54.8285728 ], [ 48.2555929, 54.8282499 ], [ 48.2551932, 54.8279695 ], [ 48.2547065, 54.8275941 ], [ 48.2537139, 54.826778 ], [ 48.2531378, 54.8262676 ], [ 48.2524011, 54.8255862 ], [ 48.2520014, 54.8251798 ], [ 48.2466783, 54.8193378 ], [ 48.2434299, 54.8157632 ], [ 48.2430301, 54.8152091 ], [ 48.2428213, 54.8148458 ], [ 48.2426888, 54.8145602 ], [ 48.2425654, 54.8141877 ], [ 48.2424982, 54.813886 ], [ 48.2424569, 54.8135566 ], [ 48.2424524, 54.8132347 ], [ 48.2424822, 54.8128476 ], [ 48.2425895, 54.8122649 ], [ 48.2429294, 54.8108176 ], [ 48.2438247, 54.8070547 ], [ 48.2443632, 54.8048489 ], [ 48.2444483, 54.8043551 ], [ 48.2444854, 54.8038704 ], [ 48.2444376, 54.8033719 ], [ 48.2443211, 54.8028924 ], [ 48.2440932, 54.8023409 ], [ 48.2437576, 54.8017257 ], [ 48.2434569, 54.801174 ], [ 48.2388314, 54.7927659 ], [ 48.2359402, 54.7875205 ], [ 48.2356453, 54.78691 ], [ 48.235492, 54.7865513 ], [ 48.2353932, 54.7862202 ], [ 48.2353354, 54.7858564 ], [ 48.2353234, 54.7854747 ], [ 48.2353589, 54.7851261 ], [ 48.2354254, 54.7847246 ], [ 48.2355412, 54.7842868 ], [ 48.2360767, 54.7825555 ], [ 48.2361817, 54.7820688 ], [ 48.2362211, 54.7815795 ], [ 48.2361656, 54.7810572 ], [ 48.2360238, 54.7805491 ], [ 48.2358156, 54.7800822 ], [ 48.2356204, 54.7797246 ], [ 48.2353649, 54.7793509 ], [ 48.2350682, 54.7789852 ], [ 48.2345997, 54.7784826 ], [ 48.234093, 54.7779564 ], [ 48.2297947, 54.7734065 ], [ 48.225937, 54.7693281 ], [ 48.2256315, 54.7690053 ], [ 48.2253602, 54.7687185 ], [ 48.224871, 54.7681902 ], [ 48.2140975, 54.7568058 ], [ 48.2090379, 54.7514499 ], [ 48.2060803, 54.7483001 ], [ 48.2019886, 54.7439922 ], [ 48.2016858, 54.7436732 ], [ 48.2012959, 54.7433107 ], [ 48.2009318, 54.7430075 ], [ 48.2005256, 54.7427055 ], [ 48.2001263, 54.7424536 ], [ 48.1996454, 54.7421976 ], [ 48.1992182, 54.7419887 ], [ 48.1987571, 54.7417898 ], [ 48.1983149, 54.7416222 ], [ 48.1978089, 54.7414543 ], [ 48.1971538, 54.7412716 ], [ 48.1966335, 54.7411576 ], [ 48.1960876, 54.7410587 ], [ 48.1954584, 54.7409632 ], [ 48.1947051, 54.740879 ], [ 48.1926194, 54.7406986 ], [ 48.1918085, 54.7406148 ], [ 48.1911491, 54.7405481 ], [ 48.1905775, 54.7404683 ], [ 48.1900534, 54.7403767 ], [ 48.1894856, 54.740256 ], [ 48.1887525, 54.740065 ], [ 48.1881092, 54.7398537 ], [ 48.1874317, 54.7395958 ], [ 48.186848, 54.7393325 ], [ 48.1862922, 54.7390461 ], [ 48.1857645, 54.7387372 ], [ 48.1853412, 54.7384391 ], [ 48.1848092, 54.7380012 ], [ 48.1844282, 54.7376268 ], [ 48.184069, 54.7372056 ], [ 48.1837958, 54.7367973 ], [ 48.1835782, 54.7363674 ], [ 48.1834007, 54.7358588 ], [ 48.1833019, 54.7354751 ], [ 48.183219, 54.7350897 ], [ 48.183051, 54.734245 ], [ 48.1827107, 54.7325153 ], [ 48.1825648, 54.7318239 ], [ 48.1823651, 54.7310773 ], [ 48.1803126, 54.7239288 ], [ 48.1801692, 54.7234755 ], [ 48.1800151, 54.7230422 ] ], [ [ 48.3635079, 55.7732778 ], [ 48.3643756, 55.7727148 ], [ 48.3649545, 55.7722537 ], [ 48.3653442, 55.7718806 ], [ 48.3656344, 55.7715669 ], [ 48.3662446, 55.7706765 ], [ 48.3665076, 55.7702412 ], [ 48.3667432, 55.769875 ], [ 48.3669416, 55.7695582 ], [ 48.3672375, 55.7691051 ], [ 48.3676643, 55.7684798 ], [ 48.3679153, 55.7681827 ], [ 48.3682752, 55.7678029 ], [ 48.3686846, 55.767439 ], [ 48.3691046, 55.7671191 ], [ 48.3696156, 55.7667971 ], [ 48.3700059, 55.7665855 ], [ 48.3706319, 55.7662544 ], [ 48.3711249, 55.7660167 ], [ 48.3719419, 55.7656671 ], [ 48.372495, 55.7654544 ], [ 48.3730354, 55.7652704 ], [ 48.3742979, 55.7649655 ], [ 48.3754376, 55.7647858 ], [ 48.3763584, 55.7646879 ], [ 48.3785173, 55.7645604 ], [ 48.3792906, 55.7644908 ], [ 48.3800215, 55.7644037 ], [ 48.3806446, 55.764317 ], [ 48.3811094, 55.7642562 ], [ 48.3816512, 55.7641956 ], [ 48.3822433, 55.7641426 ], [ 48.3828503, 55.7641173 ], [ 48.3837001, 55.7640963 ], [ 48.3845908, 55.7641275 ], [ 48.3856178, 55.7642189 ], [ 48.3865064, 55.7643336 ], [ 48.3875708, 55.7644867 ], [ 48.3881772, 55.7645714 ], [ 48.3887183, 55.7646278 ], [ 48.3893835, 55.7646781 ], [ 48.3899864, 55.7647025 ], [ 48.391294, 55.7647373 ], [ 48.3924428, 55.7647576 ], [ 48.3929119, 55.7647843 ], [ 48.3933474, 55.7648131 ], [ 48.3939259, 55.764873 ], [ 48.3943263, 55.7649196 ], [ 48.3948746, 55.7650153 ], [ 48.3957842, 55.7651991 ], [ 48.3963773, 55.7653574 ], [ 48.3972088, 55.7656059 ], [ 48.3981611, 55.76591 ], [ 48.3989211, 55.7661319 ], [ 48.399687, 55.7663216 ], [ 48.4001684, 55.7664176 ], [ 48.4007424, 55.7665186 ], [ 48.4016217, 55.7666589 ], [ 48.402251, 55.7667778 ], [ 48.4030357, 55.7669416 ], [ 48.4036135, 55.767103 ], [ 48.4040809, 55.7672449 ], [ 48.4044482, 55.7673782 ], [ 48.4052046, 55.7676516 ], [ 48.405676, 55.7678288 ], [ 48.4060374, 55.7679623 ], [ 48.406711, 55.7682175 ], [ 48.4074573, 55.7684953 ], [ 48.4082444, 55.7687976 ], [ 48.4085971, 55.7689308 ], [ 48.4092955, 55.76918 ], [ 48.4099481, 55.7694261 ], [ 48.4103545, 55.7695559 ], [ 48.4108208, 55.7696971 ], [ 48.4112037, 55.769799 ], [ 48.4118973, 55.7699801 ], [ 48.412587, 55.7701362 ], [ 48.4138291, 55.7704322 ], [ 48.4144535, 55.7705813 ], [ 48.4149672, 55.770705 ], [ 48.4155821, 55.7708676 ], [ 48.4160626, 55.7709999 ], [ 48.4166743, 55.771203 ], [ 48.4171209, 55.7713709 ], [ 48.4175971, 55.7715723 ], [ 48.4180645, 55.7717994 ], [ 48.418658, 55.7721307 ], [ 48.4192536, 55.7725265 ], [ 48.4195782, 55.7727682 ], [ 48.4200201, 55.7731536 ], [ 48.4202908, 55.7734302 ], [ 48.4205457, 55.7737339 ], [ 48.4208544, 55.7741611 ], [ 48.4209875, 55.7744111 ], [ 48.4210821, 55.7746275 ], [ 48.4211618, 55.7748827 ], [ 48.4212582, 55.7752807 ], [ 48.4212991, 55.7756205 ], [ 48.42129, 55.7759441 ], [ 48.4212516, 55.7764147 ], [ 48.4212564, 55.7769268 ], [ 48.4212845, 55.7773611 ], [ 48.4213106, 55.7776025 ], [ 48.4214017, 55.7779021 ], [ 48.4214913, 55.7781504 ], [ 48.4216714, 55.7785024 ], [ 48.4218661, 55.7788211 ], [ 48.4220902, 55.7791291 ], [ 48.422387, 55.77947 ], [ 48.4227231, 55.7797945 ], [ 48.4230786, 55.7800798 ], [ 48.4233993, 55.7803057 ], [ 48.423745, 55.7805421 ], [ 48.4242085, 55.7808172 ], [ 48.4247738, 55.78109 ], [ 48.4254198, 55.7813634 ], [ 48.4260491, 55.7815834 ], [ 48.4265861, 55.7817512 ], [ 48.4272445, 55.7819174 ], [ 48.4278405, 55.7820421 ], [ 48.4285424, 55.7821617 ], [ 48.4292333, 55.782239 ], [ 48.4298122, 55.7822924 ], [ 48.4306383, 55.7823239 ], [ 48.4321202, 55.7823396 ], [ 48.4339139, 55.7823615 ], [ 48.4355766, 55.7823715 ], [ 48.4372065, 55.7823693 ], [ 48.4385667, 55.7823997 ], [ 48.4398177, 55.7824018 ], [ 48.4403078, 55.7823972 ], [ 48.4408201, 55.7823763 ], [ 48.4412492, 55.7823451 ], [ 48.4416884, 55.7822999 ], [ 48.4421648, 55.782236 ], [ 48.4427486, 55.7821396 ], [ 48.4432276, 55.7820503 ], [ 48.4441539, 55.7818521 ], [ 48.4449685, 55.7816619 ], [ 48.445956, 55.7814459 ], [ 48.446755, 55.7812843 ], [ 48.4473311, 55.7811792 ], [ 48.4478953, 55.7810932 ], [ 48.4482145, 55.7810453 ], [ 48.4485997, 55.7809986 ], [ 48.4494037, 55.7809009 ], [ 48.4501871, 55.7808259 ], [ 48.4510225, 55.7807642 ], [ 48.45164, 55.7807372 ], [ 48.4523871, 55.7807139 ], [ 48.4531079, 55.7807031 ], [ 48.4532636, 55.7807052 ], [ 48.4539556, 55.7807137 ], [ 48.4542185, 55.7807182 ], [ 48.4546743, 55.7807367 ], [ 48.455976, 55.7808145 ], [ 48.4565322, 55.7808595 ], [ 48.4574638, 55.7809543 ], [ 48.4582933, 55.7810653 ], [ 48.4589476, 55.781167 ], [ 48.4598383, 55.7813131 ], [ 48.460455, 55.7814421 ], [ 48.4618022, 55.7817567 ], [ 48.4629385, 55.7820524 ], [ 48.463559, 55.7822046 ], [ 48.4641442, 55.7823273 ], [ 48.4648956, 55.7824368 ], [ 48.4654547, 55.7825001 ], [ 48.4662255, 55.7825503 ], [ 48.4667644, 55.7825717 ], [ 48.4670722, 55.7825953 ], [ 48.4675829, 55.7826156 ], [ 48.4685819, 55.7826619 ], [ 48.4693864, 55.7827157 ], [ 48.4699277, 55.7827634 ], [ 48.4705566, 55.7828435 ], [ 48.4712432, 55.7829582 ], [ 48.4717886, 55.783067 ], [ 48.4721752, 55.783165 ], [ 48.4730708, 55.7834088 ], [ 48.4738934, 55.783639 ], [ 48.474873, 55.7839168 ], [ 48.4758116, 55.7841848 ], [ 48.4768541, 55.784474 ], [ 48.4777625, 55.7847332 ], [ 48.4787611, 55.7850126 ], [ 48.4795756, 55.7852417 ], [ 48.4809414, 55.7856207 ], [ 48.4817448, 55.7858327 ], [ 48.4826786, 55.7860411 ], [ 48.484014, 55.7862849 ], [ 48.4850068, 55.786426 ], [ 48.4857398, 55.7865076 ], [ 48.4867733, 55.7865851 ], [ 48.4878859, 55.786636 ], [ 48.489144, 55.7866477 ], [ 48.4900696, 55.7866422 ], [ 48.4910798, 55.7866509 ], [ 48.4920834, 55.7866469 ], [ 48.4927051, 55.7866469 ], [ 48.4934142, 55.7866395 ], [ 48.4944417, 55.7866484 ], [ 48.4957408, 55.7866547 ], [ 48.4972955, 55.7866503 ], [ 48.4985562, 55.7866577 ], [ 48.5000682, 55.7866637 ], [ 48.5014541, 55.7866681 ], [ 48.5026782, 55.7866778 ], [ 48.5039546, 55.7866722 ], [ 48.5051468, 55.7866675 ], [ 48.5067968, 55.7866722 ], [ 48.5083238, 55.7866813 ], [ 48.5096443, 55.7866904 ], [ 48.510442, 55.7867129 ], [ 48.511242, 55.7867498 ], [ 48.5119218, 55.7867988 ], [ 48.5126201, 55.7868699 ], [ 48.5134871, 55.7869772 ], [ 48.5142727, 55.7870942 ], [ 48.5149299, 55.7872133 ], [ 48.515469, 55.7873263 ], [ 48.5159431, 55.7874359 ], [ 48.5163948, 55.7875506 ], [ 48.5168412, 55.7876686 ], [ 48.5173372, 55.7878146 ], [ 48.5178003, 55.7879645 ], [ 48.5182669, 55.7881228 ], [ 48.5186656, 55.7882669 ], [ 48.5190082, 55.7883983 ], [ 48.5194539, 55.7885821 ], [ 48.5199238, 55.788788 ], [ 48.5203777, 55.7889965 ], [ 48.5208986, 55.7892597 ], [ 48.5213341, 55.7894975 ], [ 48.5218008, 55.7897727 ], [ 48.5223017, 55.7900947 ], [ 48.5226986, 55.7903677 ], [ 48.5230788, 55.7906558 ], [ 48.5233821, 55.7909022 ], [ 48.5235813, 55.7910722 ], [ 48.5237242, 55.7911977 ], [ 48.5239292, 55.7913809 ], [ 48.5241142, 55.7915717 ], [ 48.5243885, 55.7918373 ] ], [ [ 48.5244883, 55.7920529 ], [ 48.5243628, 55.7919141 ], [ 48.5240579, 55.7915936 ], [ 48.5238621, 55.7914036 ], [ 48.5236586, 55.7912153 ], [ 48.5235125, 55.7910874 ], [ 48.5233242, 55.790911 ], [ 48.5230194, 55.7906717 ], [ 48.5226391, 55.7903967 ], [ 48.5222381, 55.7901208 ], [ 48.5217424, 55.7897993 ], [ 48.5212612, 55.7895179 ], [ 48.5208392, 55.7892879 ], [ 48.5203224, 55.7890299 ], [ 48.5198716, 55.7888178 ], [ 48.5193982, 55.788613 ], [ 48.5189527, 55.7884288 ], [ 48.5186206, 55.7883011 ], [ 48.5182294, 55.7881576 ], [ 48.5177631, 55.7879994 ], [ 48.5173107, 55.7878548 ], [ 48.5168146, 55.7877089 ], [ 48.5163858, 55.7875887 ], [ 48.5159227, 55.7874782 ], [ 48.5154433, 55.7873641 ], [ 48.5149192, 55.7872535 ], [ 48.5142513, 55.7871307 ], [ 48.5136068, 55.787035 ], [ 48.5128666, 55.7869326 ], [ 48.5120485, 55.7868406 ], [ 48.5114099, 55.7867922 ], [ 48.5107491, 55.7867557 ], [ 48.5099565, 55.7867164 ], [ 48.509122, 55.7867124 ], [ 48.5082983, 55.7867071 ], [ 48.5073146, 55.7867019 ], [ 48.5063647, 55.7866986 ], [ 48.5053889, 55.7866959 ], [ 48.5043907, 55.7866974 ], [ 48.5035111, 55.7866974 ], [ 48.5027198, 55.7866989 ], [ 48.5019814, 55.7866986 ], [ 48.5012103, 55.7866931 ], [ 48.5003561, 55.7866883 ], [ 48.4993826, 55.7866894 ], [ 48.4985999, 55.7866851 ], [ 48.497795, 55.7866798 ], [ 48.496897, 55.7866732 ], [ 48.4959954, 55.7866747 ], [ 48.4950109, 55.7866761 ], [ 48.4941902, 55.7866714 ], [ 48.4934378, 55.7866668 ], [ 48.4924478, 55.7866751 ], [ 48.4913888, 55.7866775 ], [ 48.4901507, 55.7866746 ], [ 48.4890935, 55.7866761 ], [ 48.4881014, 55.7866656 ], [ 48.4875247, 55.7866463 ], [ 48.4869292, 55.7866203 ], [ 48.4862704, 55.7865808 ], [ 48.4856171, 55.7865224 ], [ 48.4849656, 55.7864528 ], [ 48.4842962, 55.7863604 ], [ 48.483662, 55.7862597 ], [ 48.4830292, 55.7861437 ], [ 48.4823809, 55.7860068 ], [ 48.48175, 55.7858573 ], [ 48.4810529, 55.7856776 ], [ 48.4801937, 55.7854483 ], [ 48.4792357, 55.7851771 ], [ 48.4783511, 55.7849253 ], [ 48.4773488, 55.784651 ], [ 48.4766128, 55.7844352 ], [ 48.4758462, 55.7842253 ], [ 48.4751156, 55.7840175 ], [ 48.4743499, 55.783803 ], [ 48.4736165, 55.783589 ], [ 48.4728828, 55.7833806 ], [ 48.4721921, 55.783195 ], [ 48.4715499, 55.7830461 ], [ 48.4708285, 55.7829165 ], [ 48.4702263, 55.7828222 ], [ 48.4697148, 55.7827667 ], [ 48.4690909, 55.7827132 ], [ 48.4684306, 55.7826808 ], [ 48.4677246, 55.7826463 ], [ 48.4670039, 55.7826185 ], [ 48.4663421, 55.7825841 ], [ 48.4657985, 55.7825522 ], [ 48.4652111, 55.7825039 ], [ 48.464722, 55.7824396 ], [ 48.4642986, 55.7823792 ], [ 48.4639208, 55.7823099 ], [ 48.4635688, 55.782237 ], [ 48.4631775, 55.782143 ], [ 48.4627395, 55.7820336 ], [ 48.4622101, 55.7818945 ], [ 48.4616858, 55.7817656 ], [ 48.4611583, 55.7816401 ], [ 48.4605957, 55.7815099 ], [ 48.4601722, 55.7814187 ], [ 48.4596197, 55.7813088 ], [ 48.4590591, 55.7812165 ], [ 48.4585847, 55.7811366 ], [ 48.4580992, 55.7810641 ], [ 48.4574987, 55.7809855 ], [ 48.4569081, 55.780924 ], [ 48.456289, 55.7808631 ], [ 48.4557003, 55.7808226 ], [ 48.4551243, 55.7807834 ], [ 48.454681, 55.7807639 ], [ 48.4542235, 55.7807446 ], [ 48.4539657, 55.7807399 ], [ 48.4532755, 55.7807264 ], [ 48.4528917, 55.7807303 ], [ 48.4522889, 55.7807412 ], [ 48.4516547, 55.7807654 ], [ 48.4511035, 55.7807867 ], [ 48.4506231, 55.780818 ], [ 48.4501478, 55.7808556 ], [ 48.4496135, 55.7809069 ], [ 48.449065, 55.7809659 ], [ 48.4485201, 55.7810369 ], [ 48.4480152, 55.7811015 ], [ 48.4475084, 55.7811784 ], [ 48.447018, 55.7812643 ], [ 48.4463176, 55.7814003 ], [ 48.4455831, 55.7815542 ], [ 48.4449193, 55.7817056 ], [ 48.4442573, 55.7818632 ], [ 48.4434769, 55.7820317 ], [ 48.4427895, 55.7821678 ], [ 48.4421142, 55.7822763 ], [ 48.4415951, 55.7823402 ], [ 48.4410851, 55.7823844 ], [ 48.4406289, 55.7824154 ], [ 48.4400717, 55.7824286 ], [ 48.4393, 55.7824275 ], [ 48.4384033, 55.7824226 ], [ 48.4375337, 55.7824004 ], [ 48.4366772, 55.7823909 ], [ 48.4359159, 55.7824001 ], [ 48.4351218, 55.7823927 ], [ 48.4341455, 55.7823892 ], [ 48.4331933, 55.7823745 ], [ 48.4320192, 55.7823657 ], [ 48.4308389, 55.782355 ], [ 48.4301789, 55.7823351 ], [ 48.4295435, 55.7822967 ], [ 48.4289304, 55.7822369 ], [ 48.4282606, 55.7821465 ], [ 48.4276964, 55.7820504 ], [ 48.4271872, 55.7819369 ], [ 48.4267166, 55.7818173 ], [ 48.4263117, 55.7816976 ], [ 48.4258806, 55.7815658 ], [ 48.4254018, 55.7813888 ], [ 48.4249998, 55.7812243 ], [ 48.4246748, 55.7810774 ], [ 48.4242935, 55.780898 ], [ 48.4238535, 55.7806452 ], [ 48.4234411, 55.7803829 ], [ 48.4230291, 55.7800977 ], [ 48.4227062, 55.7798237 ], [ 48.4224245, 55.7795708 ], [ 48.4222323, 55.7793682 ], [ 48.421973, 55.7790583 ], [ 48.421804, 55.7788064 ], [ 48.4217631, 55.7787434 ], [ 48.4216297, 55.7785378 ], [ 48.421509, 55.7783191 ], [ 48.421399, 55.7780657 ], [ 48.4212944, 55.7777278 ], [ 48.4212354, 55.7775362 ], [ 48.4211978, 55.7773507 ], [ 48.421179, 55.777147 ], [ 48.4211737, 55.7769781 ], [ 48.4211786, 55.7765843 ], [ 48.4211835, 55.7760533 ], [ 48.4211844, 55.7757577 ], [ 48.4211576, 55.7754846 ], [ 48.4210691, 55.7749973 ], [ 48.4210181, 55.7748042 ], [ 48.4208954, 55.7744931 ], [ 48.4207435, 55.7742019 ], [ 48.4205738, 55.7739495 ], [ 48.4203851, 55.7736894 ], [ 48.4200765, 55.7733635 ], [ 48.4197614, 55.7730619 ], [ 48.4195087, 55.7728373 ], [ 48.4191345, 55.7725677 ], [ 48.4187275, 55.7722984 ], [ 48.4181637, 55.7719753 ], [ 48.4175983, 55.7716904 ], [ 48.4170565, 55.7714626 ], [ 48.4164208, 55.7712272 ], [ 48.4157663, 55.771019 ], [ 48.415187, 55.7708621 ], [ 48.4145513, 55.7707187 ], [ 48.4141973, 55.7706478 ], [ 48.4138306, 55.770582 ], [ 48.4132715, 55.7705043 ], [ 48.4120282, 55.7703449 ], [ 48.411351, 55.7702207 ], [ 48.4106125, 55.7700831 ], [ 48.4098574, 55.7698908 ], [ 48.4088829, 55.7696265 ], [ 48.4083251, 55.7694551 ], [ 48.4077081, 55.7692297 ], [ 48.4065102, 55.7687496 ], [ 48.4057441, 55.7684583 ], [ 48.4049582, 55.7682129 ], [ 48.4040593, 55.7679843 ], [ 48.4026517, 55.7676925 ], [ 48.4012918, 55.7674115 ], [ 48.3999925, 55.7671476 ], [ 48.3989321, 55.7669266 ], [ 48.3979215, 55.7667227 ], [ 48.3968179, 55.7664956 ], [ 48.3954898, 55.7662217 ], [ 48.3943945, 55.7660025 ], [ 48.3934056, 55.7658196 ], [ 48.3926586, 55.7657182 ], [ 48.3920222, 55.7656594 ], [ 48.391469, 55.7656264 ], [ 48.3905359, 55.7656103 ], [ 48.388766, 55.7656076 ], [ 48.3875244, 55.7656002 ], [ 48.3865481, 55.7655677 ], [ 48.3859247, 55.7655193 ], [ 48.3852001, 55.7654504 ], [ 48.3841313, 55.7653298 ], [ 48.3831192, 55.7652274 ], [ 48.3823813, 55.765192 ], [ 48.3816381, 55.7651731 ], [ 48.3803088, 55.765168 ], [ 48.3785166, 55.7651503 ], [ 48.3772965, 55.7651714 ], [ 48.3767266, 55.7652043 ], [ 48.3762118, 55.7652612 ], [ 48.375675, 55.7653374 ], [ 48.3749473, 55.7654574 ], [ 48.3745032, 55.7655373 ], [ 48.3739949, 55.7656451 ], [ 48.3734731, 55.7657756 ], [ 48.3728603, 55.765947 ], [ 48.3722777, 55.7661637 ], [ 48.3717957, 55.7663694 ], [ 48.3710619, 55.7667585 ], [ 48.3705491, 55.7670725 ], [ 48.3701198, 55.7673751 ], [ 48.3697481, 55.7676762 ], [ 48.3693212, 55.7680587 ], [ 48.3690189, 55.7683643 ], [ 48.3687807, 55.7686027 ], [ 48.3680866, 55.7693186 ], [ 48.3676309, 55.769778 ], [ 48.3671754, 55.7702676 ], [ 48.3669329, 55.77056 ], [ 48.3666403, 55.7709738 ], [ 48.3663216, 55.7714644 ], [ 48.3660115, 55.771893 ], [ 48.3655071, 55.7724651 ], [ 48.3649963, 55.7729233 ], [ 48.3644245, 55.7733482 ] ], [ [ 48.4180382, 55.8439084 ], [ 48.4162606, 55.8442602 ], [ 48.4141373, 55.8445125 ], [ 48.411971, 55.8447916 ], [ 48.4111681, 55.8449505 ] ], [ [ 48.4199013, 55.8435328 ], [ 48.4180382, 55.8439084 ] ], [ [ 48.4180382, 55.8439084 ], [ 48.4195133, 55.8436913 ] ], [ [ 48.4195133, 55.8436913 ], [ 48.4183077, 55.843931 ] ], [ [ 48.4221261, 55.8433177 ], [ 48.4210157, 55.8434787 ], [ 48.4200643, 55.8436084 ], [ 48.4195133, 55.8436913 ] ], [ [ 48.4210128, 55.8432684 ], [ 48.4199013, 55.8435328 ] ], [ [ 48.423188, 55.8429205 ], [ 48.4199013, 55.8435328 ] ], [ [ 48.4199265, 55.8434762 ], [ 48.4210128, 55.8432684 ] ], [ [ 48.4382912, 55.8404785 ], [ 48.4372696, 55.8405938 ], [ 48.4266722, 55.8423061 ], [ 48.4231478, 55.8428603 ], [ 48.4210128, 55.8432684 ] ], [ [ 48.4221261, 55.8433177 ], [ 48.4231612, 55.8431374 ], [ 48.4255323, 55.8427639 ] ], [ [ 48.4367469, 55.844013 ], [ 48.4317583, 55.844499 ], [ 48.430231, 55.8444905 ], [ 48.4295507, 55.8443732 ], [ 48.426984, 55.8435367 ], [ 48.4260187, 55.8432411 ], [ 48.4255716, 55.8431309 ], [ 48.4248501, 55.8431035 ], [ 48.423719, 55.8431172 ], [ 48.4228221, 55.8432348 ], [ 48.4221261, 55.8433177 ] ], [ [ 48.4346625, 55.8410757 ], [ 48.4336272, 55.8412173 ], [ 48.423188, 55.8429205 ] ], [ [ 48.423188, 55.8429205 ], [ 48.4246176, 55.8427338 ], [ 48.426742, 55.8423829 ], [ 48.429421, 55.8419549 ] ], [ [ 48.4240019, 55.9593312 ], [ 48.4242437, 55.9590727 ], [ 48.4246997, 55.9585684 ], [ 48.4253754, 55.9577097 ], [ 48.4260655, 55.9567962 ], [ 48.4266177, 55.9561597 ], [ 48.4271144, 55.9557004 ], [ 48.4277077, 55.9552468 ], [ 48.4287109, 55.9546509 ], [ 48.4332507, 55.9523126 ], [ 48.438305, 55.9497172 ], [ 48.4505947, 55.9434463 ], [ 48.4513108, 55.9431263 ], [ 48.4519274, 55.9428979 ], [ 48.4526341, 55.9426577 ], [ 48.4536538, 55.9423796 ], [ 48.4593662, 55.9410088 ], [ 48.4638489, 55.9399363 ], [ 48.4650176, 55.9396843 ], [ 48.4655714, 55.9395846 ], [ 48.4660181, 55.9395146 ], [ 48.4685802, 55.9391585 ], [ 48.4740471, 55.9384091 ], [ 48.4748303, 55.938277 ], [ 48.4755144, 55.9381279 ], [ 48.4762529, 55.9379289 ], [ 48.4770241, 55.9376656 ], [ 48.4779172, 55.9373143 ], [ 48.4788892, 55.9367981 ], [ 48.4797729, 55.9362025 ], [ 48.4808151, 55.9354497 ], [ 48.4814432, 55.9349759 ], [ 48.4820026, 55.9344832 ], [ 48.482362, 55.9340515 ], [ 48.4826457, 55.9336497 ], [ 48.4839233, 55.9315466 ], [ 48.4865013, 55.9273311 ], [ 48.486676, 55.9269524 ], [ 48.4867998, 55.9266531 ], [ 48.4868822, 55.9263736 ], [ 48.4869431, 55.9260914 ], [ 48.4869722, 55.9258493 ], [ 48.4870569, 55.9249981 ], [ 48.4870984, 55.9246107 ], [ 48.4871901, 55.9242267 ], [ 48.4873359, 55.9238077 ], [ 48.4875887, 55.9233083 ], [ 48.4878797, 55.9228936 ], [ 48.4882091, 55.922498 ], [ 48.4887051, 55.9220325 ], [ 48.4891493, 55.9216732 ], [ 48.4964053, 55.9167912 ], [ 48.4970972, 55.9162881 ], [ 48.4977288, 55.915797 ], [ 48.4982645, 55.9153723 ], [ 48.498788, 55.9149207 ], [ 48.4994152, 55.9143536 ], [ 48.5013062, 55.9126122 ], [ 48.5017665, 55.9121308 ], [ 48.5021739, 55.9115894 ], [ 48.5024051, 55.9112148 ], [ 48.5025791, 55.9108166 ], [ 48.5028171, 55.910041 ], [ 48.5036906, 55.9067185 ], [ 48.504394, 55.9041843 ], [ 48.5046207, 55.903658 ], [ 48.504844, 55.9031874 ], [ 48.5052131, 55.9025829 ], [ 48.5056002, 55.9021098 ], [ 48.5060124, 55.9016238 ], [ 48.5064398, 55.9011794 ], [ 48.5130556, 55.894635 ], [ 48.5215102, 55.8861649 ], [ 48.5221391, 55.8855297 ], [ 48.5237582, 55.883874 ], [ 48.5269661, 55.8805975 ], [ 48.5285077, 55.8790202 ], [ 48.5302376, 55.8772535 ], [ 48.531655, 55.8758035 ], [ 48.5327962, 55.8746358 ], [ 48.5345047, 55.8728781 ], [ 48.5352986, 55.8720859 ], [ 48.5357312, 55.8716332 ], [ 48.5362831, 55.8710422 ], [ 48.5386079, 55.8686919 ], [ 48.5398805, 55.867372 ], [ 48.5419268, 55.8652802 ], [ 48.5461222, 55.8610151 ], [ 48.5471835, 55.8599323 ], [ 48.5474422, 55.8596705 ], [ 48.547664, 55.8593886 ], [ 48.5478594, 55.8591019 ], [ 48.5480185, 55.8588226 ], [ 48.5481768, 55.8585128 ], [ 48.5483512, 55.858048 ], [ 48.5484403, 55.8576756 ], [ 48.5484691, 55.857428 ], [ 48.5484997, 55.8569987 ], [ 48.5484538, 55.8565408 ], [ 48.548375, 55.8560839 ], [ 48.5482828, 55.8556114 ], [ 48.548246, 55.8551495 ], [ 48.5482587, 55.8548604 ], [ 48.5483072, 55.8545923 ], [ 48.548443, 55.8540225 ], [ 48.5484625, 55.8536026 ], [ 48.5484202, 55.8532101 ], [ 48.548346, 55.8529628 ], [ 48.5482245, 55.8527028 ], [ 48.5475829, 55.8515859 ], [ 48.5471862, 55.8509348 ], [ 48.5454515, 55.848727 ], [ 48.5451078, 55.848335 ], [ 48.5447586, 55.8479751 ], [ 48.544239, 55.8474994 ], [ 48.5437081, 55.8469657 ], [ 48.5435132, 55.8467269 ], [ 48.5433506, 55.8464672 ], [ 48.5432081, 55.8461372 ], [ 48.5431369, 55.8458749 ], [ 48.5430772, 55.8454418 ], [ 48.5430861, 55.8451352 ], [ 48.5431557, 55.8447951 ], [ 48.5432259, 55.8446017 ], [ 48.5432712, 55.8444768 ], [ 48.5433763, 55.8442676 ], [ 48.5434298, 55.844161 ], [ 48.543707, 55.8437946 ], [ 48.544128, 55.8433676 ], [ 48.5443154, 55.8432028 ], [ 48.5445627, 55.8429932 ], [ 48.5447425, 55.8428757 ], [ 48.545008, 55.8427132 ], [ 48.5453165, 55.842547 ], [ 48.545712, 55.8423605 ], [ 48.5459782, 55.8422541 ], [ 48.5462705, 55.8421418 ], [ 48.5466112, 55.8420335 ], [ 48.5469693, 55.8419334 ], [ 48.54734, 55.8418505 ], [ 48.5477384, 55.8417751 ], [ 48.5480744, 55.8417248 ], [ 48.5484814, 55.8416804 ], [ 48.5488723, 55.8416615 ], [ 48.5492546, 55.8416497 ], [ 48.549916, 55.841637 ], [ 48.5505611, 55.841631 ] ], [ [ 48.429421, 55.8419549 ], [ 48.4325275, 55.8414447 ], [ 48.4346625, 55.8410757 ] ], [ [ 48.429421, 55.8419549 ], [ 48.4300821, 55.8418836 ], [ 48.4309342, 55.8418242 ], [ 48.4317473, 55.8418721 ] ], [ [ 48.4317473, 55.8418721 ], [ 48.4325501, 55.8419329 ] ], [ [ 48.4317473, 55.8418721 ], [ 48.4329648, 55.8420572 ], [ 48.4342431, 55.8422268 ] ], [ [ 48.4421314, 55.8406277 ], [ 48.4340863, 55.8419071 ], [ 48.4336096, 55.8419435 ], [ 48.4325501, 55.8419329 ] ], [ [ 48.4325501, 55.8419329 ], [ 48.4334109, 55.8420063 ], [ 48.4341493, 55.8420037 ], [ 48.4351307, 55.8419007 ], [ 48.4396415, 55.8411714 ] ], [ [ 48.4425426, 55.8413513 ], [ 48.4368917, 55.8422715 ], [ 48.4362634, 55.8423359 ], [ 48.4351536, 55.8423127 ], [ 48.4342431, 55.8422268 ] ], [ [ 48.4342431, 55.8422268 ], [ 48.4349989, 55.8423473 ] ], [ [ 48.4346625, 55.8410757 ], [ 48.4365613, 55.8407445 ], [ 48.4382912, 55.8404785 ] ], [ [ 48.4349989, 55.8423473 ], [ 48.4353508, 55.8423771 ], [ 48.4359011, 55.8424209 ], [ 48.4369238, 55.8423951 ], [ 48.4375016, 55.8423204 ], [ 48.4401196, 55.8418986 ] ], [ [ 48.4349989, 55.8423473 ], [ 48.4359088, 55.8425159 ], [ 48.4367155, 55.8426456 ], [ 48.4370982, 55.8426591 ], [ 48.4377947, 55.8425876 ], [ 48.4391606, 55.8423449 ], [ 48.4399947, 55.8422383 ], [ 48.4408279, 55.8421525 ] ], [ [ 48.4370309, 55.8427564 ], [ 48.4408279, 55.8421525 ] ], [ [ 48.4382912, 55.8404785 ], [ 48.4414861, 55.8399872 ], [ 48.4447964, 55.83978 ], [ 48.4500906, 55.8394752 ], [ 48.4533737, 55.8392703 ], [ 48.454865, 55.839186 ], [ 48.4568874, 55.8390701 ], [ 48.457751, 55.8390395 ], [ 48.4586415, 55.839047 ], [ 48.4595239, 55.8391027 ], [ 48.4603662, 55.8391951 ], [ 48.4643156, 55.8396882 ], [ 48.4656742, 55.8398653 ], [ 48.4692845, 55.8404571 ], [ 48.4731474, 55.8409399 ], [ 48.4772239, 55.841421 ], [ 48.4786186, 55.8416318 ], [ 48.4802601, 55.8419752 ], [ 48.4818024, 55.8423788 ], [ 48.4827572, 55.8426103 ], [ 48.4837228, 55.842779 ], [ 48.4847179, 55.8428844 ], [ 48.4857346, 55.8429254 ], [ 48.4881941, 55.8429104 ], [ 48.4895486, 55.8428528 ], [ 48.4908843, 55.8426815 ], [ 48.4921024, 55.8424354 ], [ 48.492524, 55.8423565 ], [ 48.4929931, 55.8422719 ], [ 48.4934885, 55.8421962 ], [ 48.4940483, 55.8421451 ], [ 48.4946063, 55.8421343 ], [ 48.4951484, 55.8421523 ], [ 48.4954814, 55.8421864 ], [ 48.4958479, 55.8422202 ], [ 48.4961577, 55.8422755 ], [ 48.4964814, 55.8423322 ], [ 48.4972266, 55.8425225 ], [ 48.4978312, 55.8426465 ], [ 48.4985082, 55.84266 ], [ 48.4990379, 55.8426429 ], [ 48.5000376, 55.8425527 ] ], [ [ 48.4421314, 55.8406277 ], [ 48.4396415, 55.8411714 ] ], [ [ 48.4396415, 55.8411714 ], [ 48.4431331, 55.8406055 ] ], [ [ 48.4425426, 55.8413513 ], [ 48.4401196, 55.8418986 ] ], [ [ 48.4401196, 55.8418986 ], [ 48.4436834, 55.8413214 ] ], [ [ 48.4408279, 55.8421525 ], [ 48.4439535, 55.8416511 ] ], [ [ 48.4430816, 55.8404774 ], [ 48.4421314, 55.8406277 ] ], [ [ 48.44361, 55.8411823 ], [ 48.4425426, 55.8413513 ] ], [ [ 48.4730967, 55.8373761 ], [ 48.4703887, 55.8371211 ] ], [ [ 48.4730967, 55.8373761 ], [ 48.4715816, 55.8371502 ], [ 48.4705075, 55.8370453 ] ], [ [ 48.4740145, 55.8374911 ], [ 48.4735358, 55.8374565 ], [ 48.4730583, 55.8374475 ], [ 48.4725326, 55.8375273 ], [ 48.4721633, 55.8376724 ], [ 48.4717333, 55.8378828 ], [ 48.4714383, 55.8381147 ], [ 48.4712157, 55.8383647 ], [ 48.4711057, 55.8386102 ], [ 48.470993, 55.8389822 ] ], [ [ 48.4746102, 55.8408919 ], [ 48.4737611, 55.8407293 ], [ 48.4709957, 55.84041 ] ], [ [ 48.4746102, 55.8408919 ], [ 48.4710188, 55.8404747 ] ], [ [ 48.4740145, 55.8374911 ], [ 48.4730967, 55.8373761 ] ], [ [ 48.4851031, 55.8381103 ], [ 48.4832631, 55.838285 ], [ 48.4825496, 55.8382955 ], [ 48.4819247, 55.8382323 ], [ 48.4813909, 55.8381991 ], [ 48.4767893, 55.8377065 ], [ 48.4740145, 55.8374911 ] ], [ [ 48.4850038, 55.8426901 ], [ 48.4846307, 55.8426743 ], [ 48.4842581, 55.8426373 ], [ 48.4838773, 55.842562 ], [ 48.483314, 55.8423452 ], [ 48.482402, 55.8418873 ], [ 48.4820963, 55.8417699 ], [ 48.481769, 55.8417006 ], [ 48.4805728, 55.841547 ], [ 48.4780354, 55.8412578 ], [ 48.4746102, 55.8408919 ] ], [ [ 48.4779856, 55.7176868 ], [ 48.4786833, 55.7185699 ], [ 48.4808884, 55.7217988 ], [ 48.4811389, 55.7221903 ], [ 48.4813686, 55.7226058 ], [ 48.481558, 55.7230568 ], [ 48.4816881, 55.7235041 ], [ 48.4817356, 55.7239335 ], [ 48.4817275, 55.7243464 ], [ 48.4816708, 55.7248557 ], [ 48.4815712, 55.725297 ], [ 48.4812306, 55.7267138 ], [ 48.4809722, 55.7275118 ] ], [ [ 48.4784201, 55.7183258 ], [ 48.4779856, 55.7176868 ] ], [ [ 48.4779856, 55.7176868 ], [ 48.4763169, 55.7154554 ], [ 48.4751477, 55.7142341 ], [ 48.4729623, 55.7120931 ], [ 48.4728671, 55.7119994 ], [ 48.472086, 55.7110894 ], [ 48.4709983, 55.709996 ], [ 48.470202, 55.709343 ], [ 48.4695454, 55.7088456 ], [ 48.4672335, 55.7072446 ], [ 48.4652698, 55.7057525 ], [ 48.4641331, 55.7049202 ], [ 48.4637282, 55.7045653 ], [ 48.4632406, 55.7040312 ], [ 48.4624879, 55.7029034 ], [ 48.4618511, 55.701915 ], [ 48.4614009, 55.7013968 ], [ 48.4610506, 55.7010699 ], [ 48.46065, 55.7007558 ], [ 48.4602588, 55.7004943 ], [ 48.4596386, 55.7001355 ], [ 48.4591188, 55.6998938 ], [ 48.4578273, 55.6993464 ], [ 48.4566855, 55.6989023 ], [ 48.4484072, 55.6956582 ], [ 48.4377396, 55.6913384 ], [ 48.4291136, 55.6881201 ], [ 48.4260511, 55.6875274 ], [ 48.4233302, 55.6872768 ], [ 48.4209934, 55.6872768 ], [ 48.4170178, 55.687365 ], [ 48.4147873, 55.6872101 ], [ 48.4119436, 55.6868287 ], [ 48.4029105, 55.6854828 ], [ 48.3883214, 55.6833283 ], [ 48.3867181, 55.6828646 ], [ 48.3847884, 55.6821108 ], [ 48.3837388, 55.6814263 ], [ 48.3825105, 55.680431 ], [ 48.3818024, 55.6795475 ], [ 48.3811987, 55.6788283 ], [ 48.3808661, 55.6783262 ], [ 48.3802754, 55.677405 ], [ 48.3588841, 55.6451618 ], [ 48.3584711, 55.6445246 ], [ 48.3561434, 55.6410422 ], [ 48.3527284, 55.6359247 ], [ 48.3461342, 55.6259009 ], [ 48.3458633, 55.625489 ], [ 48.3407879, 55.6178096 ], [ 48.340576, 55.61749 ], [ 48.338768, 55.6147621 ], [ 48.3379769, 55.6135638 ], [ 48.33641, 55.6111963 ], [ 48.3348254, 55.6088039 ], [ 48.3345196, 55.6083342 ], [ 48.3343613, 55.6081069 ], [ 48.3338973, 55.6074024 ], [ 48.3336049, 55.60691 ], [ 48.3333967, 55.6065028 ], [ 48.3332697, 55.6061858 ], [ 48.3331821, 55.6058856 ], [ 48.3331034, 55.6055222 ], [ 48.3330497, 55.6050807 ], [ 48.3330443, 55.6046449 ], [ 48.333064, 55.6043478 ], [ 48.3331516, 55.6038464 ], [ 48.3332905, 55.603382 ], [ 48.3333548, 55.6032183 ], [ 48.3334708, 55.6029554 ], [ 48.3336478, 55.6025993 ], [ 48.3337471, 55.6024205 ], [ 48.3339508, 55.6021107 ], [ 48.3342755, 55.6016856 ], [ 48.3346229, 55.6013149 ], [ 48.3350909, 55.600878 ], [ 48.3355906, 55.6004656 ], [ 48.3401885, 55.5969168 ], [ 48.3430262, 55.5947542 ], [ 48.3440334, 55.594066 ], [ 48.3451066, 55.5934132 ], [ 48.3473408, 55.5921245 ], [ 48.3479279, 55.591788 ], [ 48.3484054, 55.5914606 ], [ 48.3487029, 55.5912109 ], [ 48.3490705, 55.5908695 ], [ 48.3493235, 55.5905368 ], [ 48.3495212, 55.5902071 ], [ 48.3496499, 55.5898433 ], [ 48.349721, 55.5895625 ], [ 48.3497438, 55.5892734 ], [ 48.3497182, 55.5889471 ], [ 48.3496392, 55.5886292 ], [ 48.3495373, 55.5883624 ], [ 48.3493978, 55.5880714 ], [ 48.3489598, 55.5872056 ], [ 48.3488177, 55.5868737 ], [ 48.3487165, 55.5865949 ], [ 48.3486548, 55.5863297 ], [ 48.3485909, 55.5860001 ], [ 48.3482219, 55.5834083 ], [ 48.3475411, 55.5780279 ], [ 48.3470626, 55.5753196 ], [ 48.3468475, 55.573765 ], [ 48.3467316, 55.573209 ], [ 48.3465362, 55.5726019 ], [ 48.3462838, 55.5720921 ], [ 48.3459364, 55.5715354 ], [ 48.3455528, 55.5711134 ], [ 48.3449538, 55.5705758 ], [ 48.3431015, 55.5690196 ], [ 48.3425898, 55.5685067 ], [ 48.3421861, 55.567926 ], [ 48.3418972, 55.5673227 ], [ 48.3417706, 55.5668246 ], [ 48.3417564, 55.5663334 ], [ 48.3418813, 55.5657455 ], [ 48.3420536, 55.5653377 ], [ 48.3423175, 55.5648604 ], [ 48.342589, 55.5645217 ], [ 48.3430272, 55.5641314 ], [ 48.3437061, 55.5635914 ], [ 48.3443394, 55.5632438 ], [ 48.345162, 55.5628528 ], [ 48.34595, 55.5625702 ], [ 48.3512901, 55.5610712 ], [ 48.3531001, 55.5603601 ], [ 48.3550678, 55.5592139 ], [ 48.3573873, 55.5575143 ], [ 48.3621581, 55.5540095 ], [ 48.3629059, 55.5532385 ], [ 48.3632868, 55.5527086 ], [ 48.3636521, 55.5520135 ], [ 48.3638451, 55.5513348 ], [ 48.3639241, 55.5508391 ], [ 48.3638806, 55.5501709 ], [ 48.3632932, 55.5478276 ], [ 48.3631639, 55.5470443 ], [ 48.3631532, 55.5463502 ], [ 48.3633184, 55.5456437 ], [ 48.363666, 55.5444701 ], [ 48.3639184, 55.5435736 ], [ 48.3638322, 55.5427873 ], [ 48.363477, 55.5418259 ], [ 48.3628539, 55.5404571 ], [ 48.3621356, 55.5389023 ], [ 48.3618797, 55.538144 ], [ 48.3617708, 55.537679 ], [ 48.3617128, 55.5372449 ], [ 48.361685, 55.5367045 ], [ 48.3617182, 55.5361721 ], [ 48.361803, 55.5356922 ], [ 48.3619135, 55.5352429 ], [ 48.3620793, 55.5347936 ], [ 48.3622579, 55.5343659 ], [ 48.3624145, 55.5340513 ], [ 48.3626023, 55.5337356 ], [ 48.362958, 55.5332111 ], [ 48.3635437, 55.5324955 ], [ 48.3644648, 55.5314443 ], [ 48.3646341, 55.5312496 ], [ 48.3648581, 55.5309919 ], [ 48.3659986, 55.5296801 ], [ 48.366812, 55.5288052 ], [ 48.3672076, 55.528254 ], [ 48.3674188, 55.5278802 ], [ 48.3676314, 55.5273826 ], [ 48.3677356, 55.5269124 ], [ 48.367787, 55.5265324 ], [ 48.3677549, 55.5261054 ], [ 48.3676422, 55.5255092 ], [ 48.3674438, 55.5249164 ], [ 48.3667898, 55.5238101 ], [ 48.3652895, 55.5211409 ], [ 48.3649908, 55.5202976 ], [ 48.364949, 55.5190136 ], [ 48.3654339, 55.5166137 ], [ 48.3666587, 55.5110502 ], [ 48.3673131, 55.507704 ], [ 48.367507, 55.5065635 ], [ 48.3680351, 55.5039835 ], [ 48.3694266, 55.4973179 ], [ 48.3701263, 55.4962553 ], [ 48.3705389, 55.4957192 ], [ 48.3710512, 55.4951639 ], [ 48.371366, 55.4948616 ], [ 48.371518, 55.4947149 ], [ 48.3728856, 55.4936546 ], [ 48.3745305, 55.4927811 ], [ 48.3761787, 55.4920358 ], [ 48.378607, 55.4910119 ], [ 48.3795876, 55.4904329 ], [ 48.3796471, 55.4903978 ], [ 48.380688, 55.4896479 ], [ 48.3819411, 55.488352 ], [ 48.38335, 55.4863461 ], [ 48.3857917, 55.482834 ], [ 48.3919318, 55.4739702 ], [ 48.3928582, 55.4726312 ], [ 48.3931661, 55.4722195 ], [ 48.3935201, 55.471812 ], [ 48.3939305, 55.4713787 ], [ 48.3944515, 55.4709013 ], [ 48.3950003, 55.4704693 ], [ 48.3954674, 55.4701275 ], [ 48.395918, 55.4698386 ], [ 48.3965318, 55.4694701 ], [ 48.3971867, 55.4691256 ], [ 48.397927, 55.4687865 ], [ 48.3985858, 55.4685074 ], [ 48.3999923, 55.4679974 ], [ 48.4031632, 55.4669247 ], [ 48.4040366, 55.4666359 ], [ 48.4057947, 55.4660376 ], [ 48.4101879, 55.4645424 ], [ 48.4126961, 55.4636956 ], [ 48.4150881, 55.4628887 ], [ 48.4157159, 55.4626767 ], [ 48.4167062, 55.4623474 ], [ 48.4220705, 55.4605227 ], [ 48.4264693, 55.4590383 ], [ 48.4288675, 55.4582249 ], [ 48.4296808, 55.4579492 ], [ 48.4302651, 55.457751 ], [ 48.4379906, 55.4551416 ], [ 48.4406569, 55.4542462 ], [ 48.4429747, 55.4534668 ], [ 48.4440958, 55.4530667 ], [ 48.4451906, 55.452645 ], [ 48.4462577, 55.4521998 ], [ 48.4478883, 55.4514361 ], [ 48.4484786, 55.4511335 ], [ 48.4491223, 55.4507821 ], [ 48.4497186, 55.450434 ], [ 48.450686, 55.4498344 ], [ 48.4516391, 55.4491918 ], [ 48.4527057, 55.4483802 ], [ 48.4537076, 55.4475456 ], [ 48.4559035, 55.4455763 ], [ 48.4566158, 55.4448941 ], [ 48.4600947, 55.4417716 ], [ 48.4631492, 55.438955 ], [ 48.4655611, 55.4357011 ], [ 48.4664269, 55.4335573 ], [ 48.4670717, 55.4310986 ], [ 48.4685158, 55.426014 ], [ 48.4717121, 55.4142092 ], [ 48.4717775, 55.412471 ], [ 48.4715865, 55.4105416 ], [ 48.4712871, 55.4065142 ], [ 48.4711697, 55.4052388 ], [ 48.4711653, 55.405174 ], [ 48.4711057, 55.4044308 ], [ 48.4710921, 55.4040236 ], [ 48.4711029, 55.4037545 ], [ 48.4711245, 55.4035018 ], [ 48.4712022, 55.4029642 ], [ 48.4713607, 55.4023182 ], [ 48.4723384, 55.3996842 ], [ 48.4729779, 55.3979625 ], [ 48.4733427, 55.3970821 ], [ 48.4734929, 55.3967561 ], [ 48.473674, 55.3964153 ], [ 48.4740508, 55.3958391 ], [ 48.4743994, 55.3953882 ], [ 48.4751139, 55.3945743 ], [ 48.4758291, 55.3937857 ], [ 48.4762108, 55.3933279 ], [ 48.4764916, 55.3929586 ], [ 48.4767517, 55.3925777 ], [ 48.4770117, 55.3921283 ], [ 48.4772211, 55.3916957 ], [ 48.4773984, 55.3912427 ], [ 48.4775752, 55.3905745 ], [ 48.4776878, 55.3900154 ], [ 48.4777676, 55.3894667 ], [ 48.4792572, 55.3799475 ], [ 48.4793347, 55.3793116 ], [ 48.4794607, 55.3785984 ], [ 48.4796674, 55.3777389 ], [ 48.4798047, 55.3773155 ], [ 48.4799731, 55.3768306 ], [ 48.4801501, 55.3764039 ], [ 48.4803539, 55.3759681 ], [ 48.4805632, 55.3755429 ], [ 48.4808099, 55.3750933 ], [ 48.4810379, 55.3747001 ], [ 48.4812962, 55.3743093 ], [ 48.4815985, 55.3738802 ], [ 48.4819365, 55.373426 ], [ 48.483961, 55.371006 ], [ 48.4868901, 55.3676295 ], [ 48.4883999, 55.3658739 ], [ 48.4887339, 55.3654919 ], [ 48.4931681, 55.3604061 ], [ 48.4950738, 55.3580826 ], [ 48.4953699, 55.3576785 ], [ 48.4956617, 55.3572446 ], [ 48.4961154, 55.3564154 ], [ 48.4963161, 55.3559964 ], [ 48.4964754, 55.3556404 ], [ 48.4966794, 55.3551899 ], [ 48.4968178, 55.3548161 ], [ 48.4969585, 55.3543945 ], [ 48.4978213, 55.3516992 ], [ 48.4979283, 55.3513654 ], [ 48.4985879, 55.349329 ], [ 48.4997273, 55.3455382 ] ], [ [ 48.4784201, 55.7183258 ], [ 48.4807939, 55.7218186 ], [ 48.4810433, 55.7222083 ], [ 48.4812713, 55.7226208 ], [ 48.4814591, 55.7230679 ], [ 48.4815878, 55.7235105 ], [ 48.4816347, 55.723935 ], [ 48.4816267, 55.7243443 ], [ 48.4815704, 55.7248504 ], [ 48.4814711, 55.7252899 ], [ 48.4811117, 55.7269107 ] ], [ [ 48.4811117, 55.7269107 ], [ 48.4811714, 55.7262287 ], [ 48.4813893, 55.7252841 ], [ 48.4814882, 55.724846 ], [ 48.4815442, 55.7243426 ], [ 48.4815522, 55.7239362 ], [ 48.4815057, 55.7235157 ], [ 48.4814682, 55.7233867 ], [ 48.4813781, 55.723077 ], [ 48.4811917, 55.722633 ], [ 48.4809651, 55.7222231 ], [ 48.4807166, 55.7218348 ], [ 48.4788037, 55.7190147 ], [ 48.4784201, 55.7183258 ] ], [ [ 48.4829732, 55.8391214 ], [ 48.4823558, 55.8396532 ], [ 48.4820271, 55.8399363 ], [ 48.4817983, 55.8401277 ], [ 48.4814867, 55.8402451 ], [ 48.4810442, 55.8403354 ], [ 48.4805421, 55.8403506 ], [ 48.4800237, 55.840327 ], [ 48.4796034, 55.8402955 ], [ 48.4785514, 55.840177 ] ], [ [ 48.5151759, 55.7777634 ], [ 48.5150939, 55.7776409 ], [ 48.5140533, 55.7760771 ], [ 48.5122119, 55.7733559 ], [ 48.5120201, 55.773042 ], [ 48.5116047, 55.7723348 ], [ 48.5114072, 55.7714153 ], [ 48.5115612, 55.7688743 ], [ 48.5117446, 55.7664855 ], [ 48.511776, 55.7657674 ], [ 48.5117998, 55.7652596 ], [ 48.5117733, 55.7644697 ], [ 48.5117029, 55.7637089 ], [ 48.5114837, 55.762594 ], [ 48.5111485, 55.7614808 ], [ 48.5106956, 55.760042 ], [ 48.5106623, 55.7595767 ], [ 48.5107064, 55.7589976 ], [ 48.5108104, 55.7585826 ], [ 48.510974, 55.7581797 ], [ 48.5112026, 55.7577721 ], [ 48.5115024, 55.7573949 ], [ 48.5119938, 55.7568273 ], [ 48.5124385, 55.7564455 ], [ 48.5131144, 55.7559565 ], [ 48.5138955, 55.7554448 ], [ 48.5150108, 55.7547143 ], [ 48.5154324, 55.7544079 ], [ 48.516736, 55.7532018 ], [ 48.5179161, 55.7517889 ], [ 48.5192036, 55.7504364 ], [ 48.5211348, 55.7489751 ], [ 48.5229802, 55.7477795 ], [ 48.5242569, 55.7468677 ], [ 48.5248792, 55.7462397 ], [ 48.5252547, 55.7456962 ], [ 48.5253609, 55.7448963 ], [ 48.5253512, 55.7443978 ], [ 48.5251903, 55.7439629 ], [ 48.5248577, 55.7434436 ], [ 48.5244393, 55.7429906 ], [ 48.5239565, 55.7425739 ], [ 48.5232377, 55.7421693 ], [ 48.5212891, 55.7413902 ], [ 48.5175299, 55.7400494 ], [ 48.5150623, 55.7391494 ], [ 48.51341, 55.7386421 ], [ 48.5120689, 55.7384005 ], [ 48.5105025, 55.7382434 ], [ 48.5090649, 55.7382676 ], [ 48.5068762, 55.7385394 ], [ 48.5026383, 55.7391615 ], [ 48.4988188, 55.7396266 ], [ 48.4978318, 55.739693 ], [ 48.496437, 55.7396809 ], [ 48.4944415, 55.7394756 ], [ 48.4926712, 55.7390166 ], [ 48.4898388, 55.7379837 ], [ 48.4875428, 55.7369508 ], [ 48.4865128, 55.7361898 ], [ 48.4843581, 55.733975 ], [ 48.4834991, 55.7330158 ], [ 48.4822964, 55.7318102 ], [ 48.481447, 55.7307848 ], [ 48.4812217, 55.7304344 ], [ 48.4810205, 55.7300447 ], [ 48.4809213, 55.7297608 ], [ 48.4808515, 55.7294693 ], [ 48.4808167, 55.7291914 ], [ 48.4807952, 55.7288787 ], [ 48.4807872, 55.728545 ], [ 48.4808247, 55.728184 ], [ 48.4809722, 55.7275118 ] ], [ [ 48.4809722, 55.7275118 ], [ 48.4811117, 55.7269107 ] ], [ [ 48.4874741, 55.83789 ], [ 48.4869216, 55.8378027 ], [ 48.4864811, 55.8377391 ], [ 48.4862056, 55.837726 ], [ 48.4855098, 55.8377483 ], [ 48.4845167, 55.8378011 ], [ 48.4836686, 55.8378053 ], [ 48.4824753, 55.8377928 ], [ 48.4820462, 55.8377566 ] ], [ [ 48.4850038, 55.8426901 ], [ 48.4846173, 55.8426555 ], [ 48.4842313, 55.8425952 ], [ 48.4838719, 55.8424807 ], [ 48.48355, 55.842291 ], [ 48.4833462, 55.8421223 ], [ 48.4823752, 55.8402819 ], [ 48.482343, 55.8400259 ], [ 48.4823951, 55.8398098 ], [ 48.4824204, 55.8397672 ], [ 48.4825455, 55.839556 ], [ 48.4829732, 55.8391214 ] ], [ [ 48.4830652, 55.8390478 ], [ 48.4829732, 55.8391214 ] ], [ [ 48.4851031, 55.8381103 ], [ 48.4847018, 55.8381795 ], [ 48.4842874, 55.8382528 ], [ 48.4839745, 55.8383393 ], [ 48.4836196, 55.8385569 ], [ 48.4830652, 55.8390478 ] ], [ [ 48.4830652, 55.8390478 ], [ 48.4836076, 55.8386755 ], [ 48.4841385, 55.8384192 ], [ 48.484365, 55.8383377 ], [ 48.4861907, 55.837985 ] ], [ [ 48.4952076, 55.8418663 ], [ 48.4947354, 55.8417887 ], [ 48.4943337, 55.8417627 ], [ 48.4938899, 55.8417773 ], [ 48.4932732, 55.8418082 ], [ 48.492565, 55.8419387 ], [ 48.4923466, 55.8420094 ], [ 48.4916, 55.8422682 ], [ 48.4914729, 55.8423123 ], [ 48.4913738, 55.8423466 ], [ 48.4911087, 55.8424139 ], [ 48.4906801, 55.842473 ], [ 48.4901244, 55.8425077 ], [ 48.4890931, 55.842552 ], [ 48.4865114, 55.842663 ], [ 48.4850038, 55.8426901 ] ], [ [ 48.4874741, 55.83789 ], [ 48.4871641, 55.8378737 ], [ 48.4868556, 55.8378722 ], [ 48.4865418, 55.8378918 ], [ 48.4862403, 55.837925 ], [ 48.4851031, 55.8381103 ] ], [ [ 48.4892717, 55.8386684 ], [ 48.4889746, 55.8384194 ], [ 48.4886742, 55.8382337 ], [ 48.4883067, 55.8380801 ], [ 48.4879097, 55.8379611 ], [ 48.4874741, 55.83789 ] ], [ [ 48.4892717, 55.8386684 ], [ 48.4890001, 55.8384126 ], [ 48.4888391, 55.838251 ], [ 48.4886245, 55.8379566 ] ], [ [ 48.4894728, 55.8389763 ], [ 48.4893125, 55.8386501 ], [ 48.4891449, 55.8384671 ], [ 48.4890709, 55.8383852 ] ], [ [ 48.4894728, 55.8389763 ], [ 48.4892717, 55.8386684 ] ], [ [ 48.4899467, 55.8398998 ], [ 48.4894728, 55.8389763 ] ], [ [ 48.4952076, 55.8418663 ], [ 48.4947547, 55.8417557 ], [ 48.4943445, 55.8417184 ], [ 48.4939349, 55.8416983 ], [ 48.493851, 55.8416969 ], [ 48.4932773, 55.8416873 ], [ 48.492904, 55.8416653 ], [ 48.4925376, 55.8416238 ], [ 48.4922382, 55.8415717 ], [ 48.4914979, 55.8414367 ], [ 48.4910613, 55.8412865 ], [ 48.4906644, 55.8410892 ], [ 48.4903747, 55.8408438 ], [ 48.4902355, 55.8405607 ], [ 48.4899467, 55.8398998 ] ], [ [ 48.4899467, 55.8398998 ], [ 48.4901816, 55.8406359 ] ], [ [ 48.4962397, 55.8421686 ], [ 48.4953869, 55.8418592 ], [ 48.4947848, 55.8417219 ], [ 48.494346, 55.8416632 ], [ 48.4938293, 55.841652 ], [ 48.4932925, 55.8416404 ], [ 48.4928701, 55.8416145 ], [ 48.4925712, 55.8415888 ], [ 48.4920384, 55.8414962 ], [ 48.4916534, 55.8413922 ], [ 48.4913179, 55.841193 ], [ 48.4910104, 55.8408296 ], [ 48.4904664, 55.8397181 ] ], [ [ 48.4946237, 55.8401552 ], [ 48.4944168, 55.8398588 ], [ 48.49428, 55.8397112 ], [ 48.4941137, 55.8395772 ], [ 48.4939125, 55.8394552 ], [ 48.4936711, 55.8393543 ], [ 48.4934297, 55.839291 ], [ 48.4931561, 55.8392488 ], [ 48.4928718, 55.8392383 ], [ 48.4925902, 55.8392579 ], [ 48.4910908, 55.8394732 ] ], [ [ 48.4946237, 55.8401552 ], [ 48.494457, 55.8398498 ], [ 48.4943309, 55.8396961 ], [ 48.4941646, 55.8395561 ], [ 48.4939447, 55.8394356 ], [ 48.4932227, 55.83909 ], [ 48.4927715, 55.8387979 ] ], [ [ 48.4962769, 55.8421457 ], [ 48.4958973, 55.8419534 ], [ 48.4956713, 55.8418035 ], [ 48.4954365, 55.8415797 ], [ 48.4952857, 55.8413127 ], [ 48.4952288, 55.8412154 ], [ 48.4946237, 55.8401552 ] ], [ [ 48.4962397, 55.8421686 ], [ 48.4952076, 55.8418663 ] ], [ [ 48.4962769, 55.8421457 ], [ 48.4959349, 55.8419424 ], [ 48.4957458, 55.841779 ], [ 48.4956901, 55.841709 ], [ 48.4954172, 55.8413784 ] ], [ [ 48.4968128, 55.8423584 ], [ 48.4962397, 55.8421686 ] ], [ [ 48.4968128, 55.8423584 ], [ 48.4962769, 55.8421457 ] ], [ [ 48.4997821, 55.8425233 ], [ 48.4990448, 55.8425978 ], [ 48.4985024, 55.8426282 ], [ 48.4978607, 55.8425983 ], [ 48.4972702, 55.8424817 ], [ 48.4968128, 55.8423584 ] ], [ [ 48.5010821, 55.8349456 ], [ 48.5007173, 55.8349456 ], [ 48.5003686, 55.8349291 ], [ 48.5003056, 55.8349239 ], [ 48.5003042, 55.8349238 ], [ 48.5000199, 55.8349005 ], [ 48.4996873, 55.8348387 ], [ 48.4993279, 55.8347604 ], [ 48.4989551, 55.8347092 ], [ 48.4985849, 55.8346866 ], [ 48.498188, 55.8346911 ], [ 48.4974879, 55.8347393 ] ], [ [ 48.4984669, 55.8350842 ], [ 48.4993038, 55.835039 ] ], [ [ 48.5005686, 55.8423887 ], [ 48.4995836, 55.8424353 ], [ 48.4988687, 55.8423595 ] ], [ [ 48.4993038, 55.835039 ], [ 48.5002613, 55.8349887 ], [ 48.5002627, 55.8349886 ], [ 48.5010821, 55.8349456 ] ], [ [ 48.5007951, 55.8375966 ], [ 48.5007562, 55.8359209 ], [ 48.5006663, 55.8355783 ], [ 48.5004678, 55.8352574 ], [ 48.5002456, 55.8351437 ], [ 48.500211, 55.835126 ], [ 48.4999381, 55.8350579 ], [ 48.499627, 55.8350368 ], [ 48.4993038, 55.835039 ] ], [ [ 48.5005686, 55.8423887 ], [ 48.4997821, 55.8425233 ] ], [ [ 48.5012597, 55.8423678 ], [ 48.4997821, 55.8425233 ] ], [ [ 48.5012597, 55.8423678 ], [ 48.5000376, 55.8425527 ] ], [ [ 48.5000376, 55.8425527 ], [ 48.5013386, 55.8424117 ], [ 48.5025957, 55.8422754 ], [ 48.5032485, 55.8422156 ], [ 48.5040003, 55.84217 ], [ 48.504746, 55.8421947 ], [ 48.5062208, 55.8422179 ], [ 48.5080531, 55.8422489 ], [ 48.5091147, 55.842193 ], [ 48.5100366, 55.8421445 ], [ 48.5101255, 55.8421398 ], [ 48.5111763, 55.8420638 ] ], [ [ 48.5063283, 55.8421293 ], [ 48.5047521, 55.8420927 ], [ 48.5039825, 55.8420698 ], [ 48.5031669, 55.8421151 ], [ 48.5013006, 55.8423116 ], [ 48.5005686, 55.8423887 ] ], [ [ 48.5032324, 55.8410775 ], [ 48.5025595, 55.8407644 ], [ 48.5022575, 55.8406067 ], [ 48.5014307, 55.8400742 ], [ 48.5011062, 55.8397383 ], [ 48.5010027, 55.8393502 ], [ 48.5009775, 55.8390696 ], [ 48.5009748, 55.8385289 ], [ 48.5009077, 55.8382457 ], [ 48.5008499, 55.8379124 ], [ 48.5007951, 55.8375966 ] ], [ [ 48.5008219, 55.8394868 ], [ 48.5007996, 55.8379133 ], [ 48.5007951, 55.8375966 ] ], [ [ 48.5010821, 55.8349456 ], [ 48.5020825, 55.8349095 ], [ 48.5023883, 55.8349185 ], [ 48.5026646, 55.8349562 ], [ 48.5028818, 55.8349773 ], [ 48.5030421, 55.8349683 ] ], [ [ 48.5106523, 55.8420811 ], [ 48.510031, 55.8421075 ], [ 48.5090886, 55.8421475 ], [ 48.5080639, 55.8422022 ], [ 48.5070419, 55.8421947 ], [ 48.5062212, 55.8421706 ], [ 48.5047486, 55.8421495 ], [ 48.5039943, 55.8421268 ], [ 48.5032303, 55.8421735 ], [ 48.5013196, 55.8423619 ], [ 48.5012597, 55.8423678 ] ], [ [ 48.5052127, 55.8419514 ], [ 48.5048291, 55.8418558 ], [ 48.5044523, 55.8417647 ], [ 48.5040553, 55.8416947 ], [ 48.503653, 55.8416393 ], [ 48.5032278, 55.8416533 ], [ 48.5020494, 55.8417409 ] ], [ [ 48.5021148, 55.8402842 ], [ 48.5026874, 55.8407698 ], [ 48.5032324, 55.8410775 ] ], [ [ 48.503984, 55.8414436 ], [ 48.5032324, 55.8410775 ] ], [ [ 48.503984, 55.8414436 ], [ 48.5037294, 55.8413054 ], [ 48.503488, 55.8411585 ], [ 48.5033137, 55.8409657 ], [ 48.5032278, 55.8407719 ], [ 48.5032225, 55.8404507 ], [ 48.5033485, 55.8401419 ], [ 48.5035068, 55.8399386 ], [ 48.5035873, 55.839736 ] ], [ [ 48.5041569, 55.8415226 ], [ 48.503984, 55.8414436 ] ], [ [ 48.5068293, 55.8421409 ], [ 48.5062185, 55.8420892 ], [ 48.5056212, 55.8419712 ], [ 48.5050176, 55.84181 ], [ 48.5041569, 55.8415226 ] ], [ [ 48.5052127, 55.8419514 ], [ 48.5048519, 55.8418347 ], [ 48.5045274, 55.8416962 ], [ 48.5041569, 55.8415226 ] ], [ [ 48.5049119, 55.8413651 ], [ 48.5051584, 55.8415381 ], [ 48.505482, 55.8417111 ], [ 48.5057953, 55.8418726 ], [ 48.5063831, 55.8420507 ], [ 48.5068367, 55.8421231 ], [ 48.5073023, 55.842156 ] ], [ [ 48.5063283, 55.8421293 ], [ 48.5060334, 55.8421126 ], [ 48.5057397, 55.8420787 ], [ 48.5054688, 55.84202 ], [ 48.5052127, 55.8419514 ] ], [ [ 48.5053977, 55.8402609 ], [ 48.5053479, 55.8384377 ] ], [ [ 48.5079544, 55.8421584 ], [ 48.507463, 55.8421404 ], [ 48.5069963, 55.8420862 ], [ 48.506543, 55.8419673 ], [ 48.506138, 55.8418046 ], [ 48.505792, 55.8415832 ], [ 48.5055613, 55.8413182 ], [ 48.5054487, 55.8410441 ], [ 48.5054151, 55.8407475 ], [ 48.5053977, 55.8402609 ] ], [ [ 48.5053977, 55.8402609 ], [ 48.505438, 55.8399582 ], [ 48.5055533, 55.8396871 ], [ 48.5055828, 55.8395296 ] ], [ [ 48.5085331, 55.8421127 ], [ 48.5079543, 55.8421089 ], [ 48.5074604, 55.8421058 ], [ 48.5070332, 55.8420305 ], [ 48.5065953, 55.8419176 ], [ 48.5062158, 55.8417564 ], [ 48.5059342, 55.8416103 ] ], [ [ 48.5068293, 55.8421409 ], [ 48.5063283, 55.8421293 ] ], [ [ 48.5073023, 55.842156 ], [ 48.5068293, 55.8421409 ] ], [ [ 48.5079544, 55.8421584 ], [ 48.5073023, 55.842156 ] ], [ [ 48.5085331, 55.8421127 ], [ 48.5079544, 55.8421584 ] ], [ [ 48.5092429, 55.8420884 ], [ 48.5085331, 55.8421127 ] ], [ [ 48.5102276, 55.8420341 ], [ 48.5100217, 55.8420454 ], [ 48.5092429, 55.8420884 ] ], [ [ 48.5106523, 55.8420811 ], [ 48.5100276, 55.8420843 ], [ 48.5092429, 55.8420884 ] ], [ [ 48.5111763, 55.8420638 ], [ 48.5106523, 55.8420811 ] ], [ [ 48.5111763, 55.8420638 ], [ 48.5117273, 55.8420156 ], [ 48.5127679, 55.8419437 ], [ 48.5151781, 55.8416516 ], [ 48.5162012, 55.8415518 ], [ 48.5229212, 55.841005 ], [ 48.5249676, 55.8408977 ], [ 48.5315674, 55.8407033 ], [ 48.5326302, 55.8407037 ], [ 48.5335894, 55.8407353 ], [ 48.5347583, 55.8408137 ], [ 48.5362612, 55.8409675 ], [ 48.537638, 55.8410822 ], [ 48.5380712, 55.8411169 ], [ 48.5386859, 55.8411739 ], [ 48.5391556, 55.8412092 ], [ 48.5396845, 55.8412354 ], [ 48.5409087, 55.841278 ], [ 48.542569, 55.8413297 ], [ 48.5442049, 55.8413894 ], [ 48.5444355, 55.8413978 ], [ 48.5447647, 55.8414098 ], [ 48.5464139, 55.8414763 ], [ 48.5476263, 55.8415056 ], [ 48.5479106, 55.8415147 ], [ 48.5497278, 55.8415621 ], [ 48.5527177, 55.8416435 ], [ 48.5529927, 55.8416582 ], [ 48.5544338, 55.8417413 ], [ 48.5568824, 55.8418427 ], [ 48.558172, 55.8418991 ], [ 48.5612449, 55.841976 ], [ 48.565862, 55.8420976 ], [ 48.5667329, 55.84212 ], [ 48.5675885, 55.8421181 ], [ 48.5684508, 55.8420997 ], [ 48.5692664, 55.8420716 ], [ 48.5707518, 55.8419906 ], [ 48.5721234, 55.841926 ], [ 48.5734565, 55.8418618 ], [ 48.5736473, 55.8418508 ], [ 48.5744458, 55.8418167 ], [ 48.5752451, 55.8417971 ], [ 48.5760444, 55.8418016 ], [ 48.5768437, 55.8418127 ], [ 48.5809353, 55.8418784 ], [ 48.5864486, 55.8419687 ], [ 48.5872237, 55.8419928 ], [ 48.5879801, 55.8420244 ], [ 48.588758, 55.8420787 ], [ 48.5895197, 55.8421329 ], [ 48.5900615, 55.8421705 ], [ 48.5907696, 55.8422277 ], [ 48.5915663, 55.8423015 ], [ 48.5921939, 55.8423648 ], [ 48.5927893, 55.8424416 ], [ 48.5932856, 55.8425094 ], [ 48.5940849, 55.8426283 ], [ 48.5948761, 55.8427533 ], [ 48.5955091, 55.8428587 ], [ 48.5960643, 55.8429687 ], [ 48.5966786, 55.8430922 ], [ 48.5973089, 55.8432262 ], [ 48.5980867, 55.8433813 ], [ 48.5988404, 55.8435545 ], [ 48.6024293, 55.8443565 ], [ 48.6031944, 55.8445147 ], [ 48.6040646, 55.8446825 ], [ 48.6047858, 55.8448075 ], [ 48.6115954, 55.8460208 ], [ 48.6124965, 55.8461892 ], [ 48.6226462, 55.8480038 ], [ 48.6237237, 55.8482009 ], [ 48.6244593, 55.8483441 ], [ 48.6258979, 55.8486199 ], [ 48.6302545, 55.8494046 ], [ 48.6310832, 55.8495506 ], [ 48.6318825, 55.8496907 ], [ 48.6321803, 55.8497419 ], [ 48.6328294, 55.8498413 ], [ 48.633634, 55.8499361 ], [ 48.6343207, 55.8499919 ], [ 48.6350046, 55.850034 ], [ 48.6357396, 55.8500521 ], [ 48.6362902, 55.8500586 ], [ 48.6367508, 55.8500491 ], [ 48.6374213, 55.850028 ], [ 48.6379738, 55.8499858 ], [ 48.6385425, 55.8499361 ], [ 48.6390575, 55.8498804 ], [ 48.6396154, 55.8498036 ], [ 48.640066, 55.8497344 ], [ 48.6406319, 55.8496335 ], [ 48.6411791, 55.8495281 ], [ 48.6416726, 55.8494393 ], [ 48.6422788, 55.8493278 ], [ 48.646919, 55.8484711 ], [ 48.6496415, 55.8479576 ], [ 48.6505641, 55.8477935 ], [ 48.6511623, 55.8476971 ], [ 48.6517524, 55.8476248 ], [ 48.6524202, 55.8475511 ], [ 48.6530961, 55.8474938 ], [ 48.653764, 55.8474487 ], [ 48.6544426, 55.8474276 ], [ 48.6551185, 55.847414 ], [ 48.6557837, 55.8474246 ], [ 48.6566581, 55.8474472 ], [ 48.657562, 55.8474863 ], [ 48.6584445, 55.8475134 ], [ 48.6593135, 55.847542 ], [ 48.6604373, 55.8475676 ], [ 48.6615138, 55.8475763 ], [ 48.6629858, 55.8476219 ], [ 48.6637767, 55.8476489 ], [ 48.6645331, 55.8476836 ], [ 48.6656167, 55.8477333 ], [ 48.6664482, 55.8477634 ], [ 48.6667066, 55.8477727 ], [ 48.6672823, 55.8477935 ], [ 48.6680843, 55.8478236 ], [ 48.6690526, 55.8478522 ], [ 48.6698573, 55.8478808 ], [ 48.6706163, 55.8478838 ], [ 48.671244, 55.8478793 ], [ 48.6718555, 55.8478492 ], [ 48.6724054, 55.847807 ], [ 48.6729606, 55.8477634 ], [ 48.6734729, 55.8476971 ], [ 48.6740576, 55.8476083 ], [ 48.6744599, 55.8475345 ], [ 48.67494, 55.8474381 ], [ 48.6754416, 55.8473207 ], [ 48.6760022, 55.8471791 ], [ 48.6765896, 55.847006 ], [ 48.6769827, 55.8468808 ], [ 48.6772897, 55.8467831 ], [ 48.6780487, 55.8465422 ], [ 48.6784208, 55.8464228 ], [ 48.6786683, 55.8463434 ], [ 48.6794193, 55.846101 ], [ 48.6800577, 55.8458675 ], [ 48.680739, 55.8455965 ], [ 48.6814095, 55.8452878 ], [ 48.681895, 55.8450258 ], [ 48.682359, 55.8447637 ], [ 48.682925, 55.8444053 ], [ 48.6832767, 55.8441494 ], [ 48.6834123, 55.8440507 ], [ 48.6838906, 55.8436584 ], [ 48.6842232, 55.8433482 ], [ 48.6845772, 55.8429898 ], [ 48.6848803, 55.8426404 ], [ 48.6852183, 55.8422157 ], [ 48.6855965, 55.8417443 ], [ 48.6861034, 55.8411615 ], [ 48.6864494, 55.8408151 ], [ 48.6871656, 55.8401991 ], [ 48.6875947, 55.8398828 ], [ 48.6881258, 55.8395455 ], [ 48.6886703, 55.8392247 ], [ 48.6891397, 55.8389852 ], [ 48.6896842, 55.8387307 ], [ 48.6902153, 55.8384777 ], [ 48.690749, 55.8382759 ], [ 48.6912613, 55.8380996 ], [ 48.6918648, 55.8379159 ], [ 48.6923128, 55.8377909 ], [ 48.6928196, 55.8376643 ], [ 48.6935144, 55.8375137 ], [ 48.6940347, 55.8374203 ], [ 48.6946531, 55.8373265 ], [ 48.6952088, 55.8372666 ], [ 48.6957928, 55.8372134 ], [ 48.6964434, 55.8371763 ], [ 48.6970764, 55.8371507 ], [ 48.6975886, 55.8371522 ], [ 48.6981117, 55.8371657 ], [ 48.6994095, 55.8372337 ], [ 48.7008744, 55.8373541 ], [ 48.7015222, 55.837435 ], [ 48.702792, 55.8376344 ], [ 48.7045999, 55.8379312 ], [ 48.7056923, 55.838105 ], [ 48.7071511, 55.8383116 ], [ 48.7096438, 55.8386619 ], [ 48.7112054, 55.8388607 ], [ 48.7134294, 55.8391092 ], [ 48.7148165, 55.8392881 ], [ 48.7172495, 55.8396492 ], [ 48.7182443, 55.8398151 ], [ 48.7187245, 55.83991 ], [ 48.7196651, 55.8401215 ], [ 48.7206503, 55.8403814 ], [ 48.7207372, 55.8404059 ], [ 48.7231278, 55.8410806 ], [ 48.725842, 55.8419179 ], [ 48.7273881, 55.8423965 ], [ 48.7281726, 55.8425885 ], [ 48.7289786, 55.8427519 ], [ 48.729841, 55.8428867 ], [ 48.7307013, 55.8429894 ], [ 48.7324414, 55.8431118 ], [ 48.7341271, 55.8432134 ], [ 48.7349707, 55.8432451 ], [ 48.7358129, 55.8432534 ], [ 48.7366632, 55.8432232 ], [ 48.7375, 55.8431404 ], [ 48.7381129, 55.8430734 ], [ 48.7387258, 55.8429861 ], [ 48.7391483, 55.8429177 ], [ 48.7408978, 55.8426403 ], [ 48.7431611, 55.8422822 ], [ 48.7438282, 55.8421998 ], [ 48.7445084, 55.8421346 ], [ 48.7449324, 55.8421028 ], [ 48.7454105, 55.8420729 ], [ 48.7459302, 55.8420561 ], [ 48.746359, 55.8420542 ], [ 48.7489501, 55.8420558 ], [ 48.7496098, 55.8420482 ], [ 48.7503448, 55.8420272 ], [ 48.7509432, 55.8419868 ], [ 48.7514793, 55.8419322 ], [ 48.7521958, 55.8418423 ], [ 48.752807, 55.841741 ], [ 48.7533784, 55.8416296 ], [ 48.754001, 55.8414793 ], [ 48.7545907, 55.8413148 ], [ 48.755264, 55.8410919 ], [ 48.7558031, 55.8408736 ], [ 48.756117596482326, 55.840754086426543 ] ], [ [ 48.5151759, 55.7777634 ], [ 48.5179806, 55.7820026 ], [ 48.5182827, 55.7824485 ], [ 48.5185875, 55.7829453 ], [ 48.5188246, 55.7833777 ], [ 48.5190775, 55.7838748 ], [ 48.519235, 55.7842324 ], [ 48.5207433, 55.7877181 ], [ 48.5209077, 55.7880718 ], [ 48.52104, 55.7882984 ], [ 48.5212554, 55.7886462 ], [ 48.5215835, 55.7890823 ] ], [ [ 48.5155528, 55.7784738 ], [ 48.5154211, 55.7781961 ], [ 48.5151759, 55.7777634 ] ], [ [ 48.5213125, 55.788794 ], [ 48.5211003, 55.7885268 ], [ 48.5209555, 55.788311 ], [ 48.5208091, 55.7880956 ], [ 48.5206752, 55.7878051 ], [ 48.5191229, 55.7842355 ], [ 48.5189221, 55.783782 ], [ 48.5186743, 55.7833201 ], [ 48.51848, 55.7829438 ], [ 48.5182525, 55.7825828 ], [ 48.5164108, 55.7798089 ], [ 48.516211, 55.7795017 ], [ 48.5158355, 55.7789307 ], [ 48.5155528, 55.7784738 ] ], [ [ 48.5157734, 55.7789392 ], [ 48.5155528, 55.7784738 ] ], [ [ 48.5213125, 55.788794 ], [ 48.5210109, 55.7884735 ], [ 48.5208548, 55.7882926 ], [ 48.5207321, 55.78811 ], [ 48.5205915, 55.7878319 ], [ 48.5190416, 55.7842396 ], [ 48.5188439, 55.7837941 ], [ 48.5185966, 55.783333 ], [ 48.5184028, 55.7829578 ], [ 48.5181764, 55.7825985 ], [ 48.5163382, 55.7798277 ], [ 48.516148, 55.7795168 ], [ 48.5159361, 55.7792015 ], [ 48.5157734, 55.7789392 ] ], [ [ 48.5157734, 55.7789392 ], [ 48.5159374, 55.7792837 ], [ 48.5160836, 55.7795386 ], [ 48.5162539, 55.7798441 ], [ 48.5180926, 55.7826157 ], [ 48.5183179, 55.7829732 ], [ 48.5185111, 55.7833472 ], [ 48.5187578, 55.7838073 ], [ 48.518959, 55.7842439 ], [ 48.5205375, 55.7879095 ], [ 48.5206474, 55.7881259 ], [ 48.5207976, 55.7883468 ], [ 48.5209599, 55.788561 ], [ 48.5213448, 55.7889659 ], [ 48.5215487, 55.7891793 ], [ 48.5216975, 55.7893316 ], [ 48.5219027, 55.7895179 ], [ 48.5224313, 55.7899772 ] ], [ [ 48.5194658, 55.782049 ], [ 48.518177, 55.7801972 ], [ 48.5171444, 55.7786082 ] ], [ [ 48.5199041, 55.7822437 ], [ 48.5174757, 55.7785144 ] ], [ [ 48.5189841, 55.7801059 ], [ 48.5202263, 55.7819968 ], [ 48.520315, 55.7822516 ], [ 48.5204224, 55.7830604 ] ], [ [ 48.5215, 55.7880202 ], [ 48.5206082, 55.7859399 ], [ 48.5194373, 55.7831601 ] ], [ [ 48.5194658, 55.782049 ], [ 48.520217, 55.7832363 ] ], [ [ 48.521448, 55.7872754 ], [ 48.5207789, 55.7857479 ], [ 48.5198398, 55.7837111 ], [ 48.5196609, 55.7825291 ], [ 48.5194658, 55.782049 ] ], [ [ 48.5231932, 55.790644 ], [ 48.5228562, 55.7903872 ], [ 48.5225341, 55.7901643 ], [ 48.5210675, 55.7891737 ], [ 48.519696, 55.7880874 ] ], [ [ 48.5204224, 55.7830604 ], [ 48.5199041, 55.7822437 ] ], [ [ 48.520217, 55.7832363 ], [ 48.5199041, 55.7822437 ] ], [ [ 48.5205952, 55.7842158 ], [ 48.5202363, 55.7832864 ], [ 48.520217, 55.7832363 ] ], [ [ 48.5204224, 55.7830604 ], [ 48.5205812, 55.7836119 ], [ 48.5205952, 55.7842158 ] ], [ [ 48.521448, 55.7872754 ], [ 48.5213378, 55.7862326 ], [ 48.5205952, 55.7842158 ] ], [ [ 48.5215835, 55.7890823 ], [ 48.5214208, 55.7889081 ], [ 48.5213125, 55.788794 ] ], [ [ 48.5215, 55.7880202 ], [ 48.5214598, 55.7873866 ], [ 48.521448, 55.7872754 ] ], [ [ 48.5223909, 55.7898271 ], [ 48.5221628, 55.7896015 ], [ 48.5220663, 55.7894839 ], [ 48.521939, 55.7892999 ], [ 48.5218276, 55.7891159 ], [ 48.5216975, 55.7888928 ], [ 48.5215822, 55.788613 ], [ 48.5215218, 55.7883627 ], [ 48.5215, 55.7880202 ] ], [ [ 48.5217329, 55.7892459 ], [ 48.5215835, 55.7890823 ] ], [ [ 48.5217329, 55.7892459 ], [ 48.5218625, 55.7893655 ], [ 48.5223909, 55.7898271 ] ], [ [ 48.5224313, 55.7899772 ], [ 48.5222608, 55.7898119 ], [ 48.5220634, 55.7896034 ], [ 48.5217329, 55.7892459 ] ], [ [ 48.5223909, 55.7898271 ], [ 48.5229092, 55.79028 ] ], [ [ 48.5231932, 55.790644 ], [ 48.5224313, 55.7899772 ] ], [ [ 48.5229092, 55.79028 ], [ 48.5237283, 55.7910053 ], [ 48.5238783, 55.7911375 ], [ 48.5244642, 55.791678 ], [ 48.5246114, 55.7918335 ], [ 48.5248467, 55.7921032 ], [ 48.5250115, 55.7923087 ], [ 48.5251832, 55.7925394 ], [ 48.5253226, 55.7927435 ], [ 48.5255111, 55.7930186 ], [ 48.5256173, 55.7931599 ], [ 48.5257061, 55.7932809 ], [ 48.5258442, 55.7934535 ], [ 48.5260036, 55.793628 ] ], [ [ 48.5229092, 55.79028 ], [ 48.5233564, 55.7907619 ], [ 48.5235632, 55.7909704 ] ], [ [ 48.5235632, 55.7909704 ], [ 48.5231932, 55.790644 ] ], [ [ 48.5235632, 55.7909704 ], [ 48.5236627, 55.7910617 ], [ 48.5237736, 55.7911565 ], [ 48.5238082, 55.7911896 ] ], [ [ 48.5238082, 55.7911896 ], [ 48.5241853, 55.791528 ], [ 48.5243741, 55.7917116 ], [ 48.524516, 55.7918624 ], [ 48.5247516, 55.7921267 ], [ 48.5249334, 55.7923303 ], [ 48.525176, 55.7926665 ] ], [ [ 48.5238082, 55.7911896 ], [ 48.5241478, 55.7915514 ], [ 48.5243885, 55.7918373 ] ], [ [ 48.756117596482326, 55.840754086426543 ], [ 48.7553858, 55.8407698 ], [ 48.7545587, 55.8407877 ], [ 48.7536525, 55.840823 ], [ 48.7529467, 55.8408682 ], [ 48.7521478, 55.8409469 ], [ 48.751157, 55.8410728 ], [ 48.7482334, 55.8414782 ], [ 48.7444584, 55.8420044 ], [ 48.7431244, 55.8421919 ], [ 48.7408578, 55.8425646 ], [ 48.7391026, 55.8428336 ], [ 48.7386399, 55.842907 ], [ 48.7381987, 55.8429695 ], [ 48.7377434, 55.8430268 ], [ 48.737309, 55.843075 ], [ 48.7367628, 55.8431207 ], [ 48.7362903, 55.8431494 ], [ 48.7358106, 55.8431651 ], [ 48.7353046, 55.8431706 ], [ 48.7347937, 55.8431615 ], [ 48.7341455, 55.8431296 ], [ 48.7328003, 55.8430551 ], [ 48.7320082, 55.8430019 ], [ 48.7313792, 55.8429476 ], [ 48.7307861, 55.8428894 ], [ 48.7301677, 55.8428089 ], [ 48.7295955, 55.8427323 ], [ 48.7289929, 55.8426258 ], [ 48.7282353, 55.842482 ], [ 48.7276402, 55.8423513 ], [ 48.7270246, 55.8421939 ], [ 48.7264144, 55.8420215 ], [ 48.7259052, 55.8418548 ], [ 48.724594, 55.8414582 ], [ 48.7240006, 55.8412786 ], [ 48.7236879, 55.8411766 ], [ 48.723013, 55.8409597 ], [ 48.7217188, 55.840562 ], [ 48.7210107, 55.8403454 ], [ 48.7207418, 55.8402631 ], [ 48.719269, 55.8398889 ], [ 48.7187929, 55.8397903 ], [ 48.7183141, 55.8396991 ], [ 48.7174575, 55.8395608 ], [ 48.7148649, 55.8391856 ], [ 48.7133749, 55.838994 ], [ 48.7112492, 55.8387456 ], [ 48.7072075, 55.8381762 ], [ 48.7036554, 55.837667 ], [ 48.7015102, 55.8373805 ], [ 48.7012461, 55.837347 ], [ 48.7001085, 55.8371923 ], [ 48.699434, 55.8371231 ], [ 48.6985515, 55.8370737 ], [ 48.6979565, 55.8370529 ], [ 48.6973152, 55.8370499 ], [ 48.6967106, 55.8370619 ], [ 48.6962406, 55.8370866 ], [ 48.6955744, 55.8371358 ], [ 48.6950325, 55.8372022 ], [ 48.6944345, 55.8372818 ], [ 48.6939411, 55.8373639 ], [ 48.6934006, 55.8374668 ], [ 48.6928079, 55.8376016 ], [ 48.6923496, 55.8377163 ], [ 48.6917829, 55.8378718 ], [ 48.6912157, 55.8380436 ], [ 48.6906913, 55.8382247 ], [ 48.6901471, 55.8384391 ], [ 48.689007, 55.8389646 ], [ 48.6883527, 55.8393052 ], [ 48.6880185, 55.8395139 ], [ 48.6876859, 55.8397262 ], [ 48.6872219, 55.84005 ], [ 48.6869134, 55.840294 ], [ 48.6865647, 55.8405862 ], [ 48.6862751, 55.8408528 ], [ 48.6860819, 55.8410485 ], [ 48.6858191, 55.8413407 ], [ 48.6854945, 55.8417443 ], [ 48.6852129, 55.8420877 ], [ 48.6850458, 55.8422924 ], [ 48.6847623, 55.8426509 ], [ 48.6845853, 55.8428618 ], [ 48.6844109, 55.843047 ], [ 48.6842044, 55.8432563 ], [ 48.6839952, 55.8434626 ], [ 48.6837457, 55.8436885 ], [ 48.6834507, 55.843928 ], [ 48.6832453, 55.8440853 ], [ 48.6832295, 55.8440974 ], [ 48.682977, 55.84428 ], [ 48.6827345, 55.844437 ], [ 48.6824878, 55.8445996 ], [ 48.6822276, 55.8447653 ], [ 48.6819487, 55.8449234 ], [ 48.6815839, 55.8451146 ], [ 48.6812406, 55.8452803 ], [ 48.6807685, 55.8454956 ], [ 48.6802267, 55.84572 ], [ 48.6797627, 55.8459037 ], [ 48.6792504, 55.8460829 ], [ 48.6785637, 55.8463042 ], [ 48.6783655, 55.8463684 ], [ 48.6778851, 55.8465241 ], [ 48.676954, 55.8468188 ], [ 48.6769383, 55.8468238 ], [ 48.6762516, 55.84703 ], [ 48.6756642, 55.8471882 ], [ 48.6750259, 55.8473372 ], [ 48.6743607, 55.8474818 ], [ 48.6736177, 55.8476053 ], [ 48.6729123, 55.8477046 ], [ 48.6723356, 55.8477558 ], [ 48.6719467, 55.8477935 ], [ 48.6715256, 55.8478191 ], [ 48.6709677, 55.8478341 ], [ 48.6703481, 55.8478387 ], [ 48.6697392, 55.8478296 ], [ 48.6692028, 55.8478085 ], [ 48.6681594, 55.8477694 ], [ 48.6670141, 55.8477272 ], [ 48.6667106, 55.8477157 ], [ 48.6657401, 55.847679 ], [ 48.6648844, 55.8476474 ], [ 48.6640932, 55.8476068 ], [ 48.6637892, 55.8475968 ], [ 48.6629821, 55.8475703 ], [ 48.6615558, 55.8475224 ], [ 48.6608075, 55.8475164 ], [ 48.6600189, 55.8474999 ], [ 48.6594422, 55.8474893 ], [ 48.6583747, 55.8474547 ], [ 48.6570578, 55.8474065 ], [ 48.656178, 55.8473779 ], [ 48.6555369, 55.8473568 ], [ 48.6548852, 55.8473553 ], [ 48.65422, 55.8473628 ], [ 48.6536728, 55.8473824 ], [ 48.6530264, 55.847414 ], [ 48.6523612, 55.8474682 ], [ 48.6520233, 55.8474968 ], [ 48.651511, 55.8475541 ], [ 48.6511006, 55.8476068 ], [ 48.6506339, 55.8476821 ], [ 48.6501135, 55.8477634 ], [ 48.6494805, 55.8478778 ], [ 48.6468543, 55.8483679 ], [ 48.6420884, 55.849251 ], [ 48.6415305, 55.8493489 ], [ 48.6408465, 55.8494799 ], [ 48.6401947, 55.8496019 ], [ 48.6395563, 55.8497013 ], [ 48.6388992, 55.8497946 ], [ 48.6383359, 55.8498593 ], [ 48.6378118, 55.8499041 ], [ 48.637236, 55.849945 ], [ 48.6366211, 55.8499662 ], [ 48.6362911, 55.849973 ], [ 48.6356055, 55.8499678 ], [ 48.6349751, 55.8499512 ], [ 48.6342536, 55.849909 ], [ 48.6335589, 55.8498503 ], [ 48.6329286, 55.8497811 ], [ 48.6324565, 55.8497148 ], [ 48.6319228, 55.8496275 ], [ 48.6311343, 55.849495 ], [ 48.6302946, 55.8493414 ], [ 48.6259334, 55.8485539 ], [ 48.6245252, 55.8482843 ], [ 48.6237892, 55.8481381 ], [ 48.6227604, 55.8479486 ], [ 48.6125277, 55.8461235 ], [ 48.6115165, 55.8459368 ], [ 48.6047493, 55.8447336 ], [ 48.6041029, 55.8446177 ], [ 48.6032097, 55.844446 ], [ 48.6024533, 55.8442954 ], [ 48.5989906, 55.8435123 ], [ 48.5982745, 55.8433407 ], [ 48.5972043, 55.8431253 ], [ 48.5962279, 55.8429235 ], [ 48.5954608, 55.8427804 ], [ 48.5945113, 55.8426223 ], [ 48.5935967, 55.8424853 ], [ 48.5927867, 55.8423768 ], [ 48.5921295, 55.842294 ], [ 48.5915073, 55.8422338 ], [ 48.5906999, 55.84216 ], [ 48.5897075, 55.8420832 ], [ 48.5888572, 55.8420214 ], [ 48.5879909, 55.8419747 ], [ 48.5872425, 55.8419416 ], [ 48.586454, 55.841913 ], [ 48.5801833, 55.8418033 ], [ 48.5794365, 55.8417887 ], [ 48.5791706, 55.8417842 ], [ 48.5783826, 55.8417709 ], [ 48.576043, 55.8417451 ], [ 48.5752491, 55.8417421 ], [ 48.5744404, 55.8417707 ], [ 48.5692851, 55.8420199 ], [ 48.5684417, 55.8420561 ], [ 48.5675861, 55.8420697 ], [ 48.5667332, 55.8420697 ], [ 48.565876, 55.8420561 ], [ 48.5612509, 55.8419307 ], [ 48.5581674, 55.8418467 ], [ 48.5569014, 55.8417985 ], [ 48.5552376, 55.8417072 ], [ 48.5549706, 55.8416946 ], [ 48.5529587, 55.8416043 ], [ 48.5516009, 55.8415691 ], [ 48.5484775, 55.8414883 ], [ 48.548351, 55.8414852 ], [ 48.5464326, 55.841431 ], [ 48.5449765, 55.8413786 ], [ 48.5444627, 55.8413414 ], [ 48.5442192, 55.8413177 ], [ 48.5429247, 55.8411821 ], [ 48.5423284, 55.8411205 ], [ 48.5418935, 55.8410775 ], [ 48.5411063, 55.840983 ], [ 48.5393798, 55.840773 ], [ 48.5379881, 55.8405971 ], [ 48.5347797, 55.8401892 ], [ 48.5330402, 55.8399797 ], [ 48.5311251, 55.8397418 ], [ 48.5294714, 55.8395334 ], [ 48.5278208, 55.8393307 ], [ 48.5269038, 55.8392191 ], [ 48.5261629, 55.8391072 ], [ 48.5253648, 55.8389441 ], [ 48.5246334, 55.838753 ], [ 48.5239376, 55.8385378 ], [ 48.5233366, 55.8383094 ], [ 48.5228274, 55.8381064 ], [ 48.5222143, 55.8378275 ], [ 48.5216367, 55.837504 ], [ 48.5211618, 55.8371977 ], [ 48.5205743, 55.8367454 ], [ 48.5201437, 55.8363512 ], [ 48.5197927, 55.8359611 ], [ 48.5195439, 55.8356513 ], [ 48.5193411, 55.8353447 ], [ 48.5191299, 55.8349413 ], [ 48.5189993, 55.8346184 ], [ 48.518924, 55.8343429 ], [ 48.5188358, 55.8339116 ], [ 48.5187923, 55.8334729 ], [ 48.5186646, 55.8320431 ], [ 48.5186026, 55.8313189 ], [ 48.5184444, 55.8293946 ], [ 48.5184004, 55.8282921 ], [ 48.5183749, 55.827681 ], [ 48.5182857, 55.8267071 ], [ 48.518216, 55.8262106 ], [ 48.5174253, 55.8162827 ], [ 48.5174292, 55.8158918 ], [ 48.5174801, 55.8155522 ], [ 48.5175642, 55.8152395 ], [ 48.5176636, 55.8148588 ], [ 48.5178205, 55.8145332 ], [ 48.5180299, 55.8141364 ], [ 48.5182188, 55.8138466 ], [ 48.518521, 55.8134832 ], [ 48.5188654, 55.8131168 ], [ 48.5193789, 55.8126121 ], [ 48.5199424, 55.8120821 ], [ 48.5207967, 55.8112885 ], [ 48.5215429, 55.8105596 ], [ 48.5220941, 55.8100131 ], [ 48.5227156, 55.8094191 ], [ 48.5232406, 55.808927 ], [ 48.5240915, 55.8081154 ], [ 48.5243086, 55.8079145 ] ], [ [ 48.5243086, 55.8079145 ], [ 48.525564, 55.8067168 ] ], [ [ 48.5243086, 55.8079145 ], [ 48.5249128, 55.8074134 ] ], [ [ 48.5243885, 55.7918373 ], [ 48.5244343, 55.79189 ], [ 48.5245079, 55.7919682 ] ], [ [ 48.5267835, 55.7972434 ], [ 48.5263113, 55.7954683 ], [ 48.5261995, 55.7950898 ], [ 48.5261269, 55.7948462 ], [ 48.5260109, 55.7945262 ], [ 48.5258418, 55.7941467 ], [ 48.5256661, 55.793801 ], [ 48.5254827, 55.793446 ], [ 48.5252896, 55.7930842 ], [ 48.5251095, 55.7928083 ], [ 48.5249315, 55.792575 ], [ 48.5247632, 55.7923676 ], [ 48.5244883, 55.7920529 ] ], [ [ 48.5248732, 55.7926266 ], [ 48.524782, 55.7924644 ], [ 48.5244883, 55.7920529 ] ], [ [ 48.5245079, 55.7919682 ], [ 48.5248961, 55.7923468 ], [ 48.525176, 55.7926665 ] ], [ [ 48.5245079, 55.7919682 ], [ 48.5248399, 55.792352 ], [ 48.5250019, 55.7925535 ], [ 48.5251817, 55.7927934 ], [ 48.5253684, 55.7930552 ], [ 48.5255829, 55.7934264 ], [ 48.5257625, 55.793782 ], [ 48.5259458, 55.79413 ], [ 48.5261082, 55.7945123 ], [ 48.5262211, 55.7948338 ], [ 48.5263092, 55.7950797 ], [ 48.5264168, 55.7954607 ], [ 48.5266592, 55.7963502 ] ], [ [ 48.5280137, 55.8030462 ], [ 48.5280767, 55.8026599 ], [ 48.5280858, 55.8024646 ], [ 48.5280799, 55.8022361 ], [ 48.528059, 55.802111 ], [ 48.5279139, 55.8015748 ], [ 48.5277433, 55.8009457 ], [ 48.527384, 55.7996861 ], [ 48.5272005, 55.7991126 ], [ 48.5270576, 55.7986018 ], [ 48.5267831, 55.7975782 ], [ 48.5262197, 55.7954749 ], [ 48.5260898, 55.7951 ], [ 48.5260079, 55.7948619 ], [ 48.5258802, 55.7945448 ], [ 48.5257254, 55.794205 ], [ 48.5255651, 55.7938934 ], [ 48.5253468, 55.793474 ], [ 48.52527, 55.7933346 ], [ 48.5248732, 55.7926266 ] ], [ [ 48.5280137, 55.8030462 ], [ 48.528034, 55.8026559 ], [ 48.5280181, 55.8024623 ], [ 48.5279986, 55.8022372 ], [ 48.5279806, 55.8021124 ], [ 48.527839, 55.8015818 ], [ 48.5276564, 55.8009531 ], [ 48.5273062, 55.7996931 ], [ 48.527126, 55.7991197 ], [ 48.5269857, 55.7986077 ], [ 48.526695, 55.7975865 ], [ 48.5261378, 55.7954808 ], [ 48.5260028, 55.7951081 ], [ 48.5259159, 55.794874 ], [ 48.5257941, 55.7945571 ], [ 48.525626, 55.7942106 ], [ 48.5254735, 55.7938934 ], [ 48.5252196, 55.7934471 ], [ 48.5251031, 55.7931989 ], [ 48.5249685, 55.7928316 ], [ 48.5248732, 55.7926266 ] ], [ [ 48.5249128, 55.8074134 ], [ 48.5241422, 55.8081247 ], [ 48.5232986, 55.808942 ], [ 48.5227655, 55.809443 ], [ 48.5221503, 55.810034 ], [ 48.5215978, 55.8105734 ], [ 48.5208464, 55.8113051 ], [ 48.5199993, 55.8121116 ], [ 48.5194475, 55.8126298 ], [ 48.518952, 55.8131412 ], [ 48.5186227, 55.8135259 ], [ 48.5183822, 55.8138849 ], [ 48.5182138, 55.8141754 ], [ 48.5180594, 55.8145638 ], [ 48.5179524, 55.8148932 ], [ 48.517876, 55.8152653 ], [ 48.5178326, 55.815581 ], [ 48.5178185, 55.8159 ], [ 48.5178467, 55.8162717 ], [ 48.5186557, 55.826205 ], [ 48.5186855, 55.8266925 ], [ 48.5186831, 55.827686 ], [ 48.5186006, 55.8283048 ], [ 48.5185688, 55.8286253 ], [ 48.5185517, 55.8289479 ], [ 48.5185732, 55.8293948 ], [ 48.5187068, 55.8313291 ], [ 48.5188902, 55.8334765 ], [ 48.5189379, 55.8339126 ], [ 48.519006, 55.834333 ], [ 48.519087, 55.8346084 ], [ 48.5192129, 55.8349301 ], [ 48.5194162, 55.835326 ], [ 48.5196257, 55.8356353 ], [ 48.5198645, 55.8359406 ], [ 48.520208, 55.836334 ], [ 48.5206404, 55.8367252 ], [ 48.5212183, 55.8371654 ], [ 48.5217019, 55.8374731 ], [ 48.5222669, 55.8377993 ], [ 48.5228803, 55.8380819 ], [ 48.5233678, 55.8382749 ], [ 48.5239765, 55.8385043 ], [ 48.5246614, 55.8387179 ], [ 48.5253889, 55.8389067 ], [ 48.5261891, 55.8390675 ], [ 48.5269255, 55.8391855 ], [ 48.5278353, 55.8392924 ], [ 48.5294862, 55.8394986 ], [ 48.5311422, 55.8397049 ], [ 48.5330668, 55.8399391 ], [ 48.5347905, 55.8401472 ], [ 48.5380145, 55.840553 ], [ 48.5393996, 55.8407259 ], [ 48.5411192, 55.8409407 ], [ 48.5419076, 55.841033 ], [ 48.5422711, 55.8410707 ], [ 48.5429327, 55.8411354 ], [ 48.5442289, 55.8412717 ], [ 48.5444852, 55.8412966 ], [ 48.5450067, 55.8413351 ], [ 48.5457269, 55.841371 ], [ 48.5468317, 55.8413881 ], [ 48.5470466, 55.8413945 ], [ 48.5515919, 55.8415244 ], [ 48.5522425, 55.8415395 ], [ 48.5528599, 55.8415622 ] ], [ [ 48.5250642, 55.8072679 ], [ 48.5249128, 55.8074134 ] ], [ [ 48.5250642, 55.8072679 ], [ 48.525564, 55.8067168 ] ], [ [ 48.5257344, 55.8066422 ], [ 48.5254755, 55.8068861 ], [ 48.5250642, 55.8072679 ] ], [ [ 48.525176, 55.7926665 ], [ 48.5252418, 55.7927624 ], [ 48.5254278, 55.7930372 ], [ 48.5255675, 55.7932268 ] ], [ [ 48.525564, 55.8067168 ], [ 48.525689, 55.8066312 ], [ 48.5265717, 55.8057563 ], [ 48.5269012, 55.8054138 ], [ 48.5272095, 55.8050603 ], [ 48.5274374, 55.8047369 ], [ 48.5275591, 55.8045251 ], [ 48.5276587, 55.8043088 ], [ 48.5277754, 55.8040262 ], [ 48.5278907, 55.803647 ], [ 48.5279355, 55.8034969 ] ], [ [ 48.5255675, 55.7932268 ], [ 48.5260147, 55.7937495 ], [ 48.5261956, 55.7939746 ], [ 48.526354, 55.794227 ], [ 48.5264603, 55.7944621 ], [ 48.5265861, 55.7947857 ], [ 48.5266713, 55.7950461 ], [ 48.5267695, 55.7954353 ], [ 48.5273281, 55.7975274 ], [ 48.5274786, 55.7980784 ], [ 48.5276226, 55.7985476 ], [ 48.5277612, 55.7990599 ], [ 48.5279376, 55.7996475 ], [ 48.5282917, 55.8009007 ], [ 48.5284203, 55.8013791 ], [ 48.5284474, 55.8015482 ], [ 48.5284598, 55.8017272 ], [ 48.5284527, 55.8018688 ], [ 48.5284172, 55.8021676 ] ], [ [ 48.5255675, 55.7932268 ], [ 48.5258327, 55.7936148 ] ], [ [ 48.5272122, 55.7983506 ], [ 48.5272866, 55.7985815 ], [ 48.5274061, 55.7990933 ], [ 48.5275839, 55.799668 ], [ 48.5279295, 55.8009301 ], [ 48.5281003, 55.8015573 ], [ 48.5282253, 55.8021081 ], [ 48.528239, 55.8022341 ], [ 48.5282327, 55.8024645 ], [ 48.5282188, 55.8026621 ], [ 48.5281858, 55.8029075 ], [ 48.5281391, 55.8030993 ], [ 48.5280636, 55.8033568 ], [ 48.5278439, 55.8040324 ], [ 48.5277311, 55.8043179 ], [ 48.5276335, 55.8045339 ], [ 48.5274993, 55.8047588 ], [ 48.5273009, 55.8050417 ], [ 48.5269627, 55.8054437 ], [ 48.5266357, 55.8057729 ], [ 48.5257344, 55.8066422 ] ], [ [ 48.5282138, 55.8031605 ], [ 48.5279986, 55.8038756 ], [ 48.5279109, 55.8041316 ], [ 48.5278056, 55.8044019 ], [ 48.527728, 55.8045719 ], [ 48.5276017, 55.8047993 ], [ 48.527491, 55.804966 ], [ 48.5273461, 55.805156 ], [ 48.5272102, 55.8053255 ], [ 48.5270451, 55.8055021 ], [ 48.5268243, 55.805726 ], [ 48.5265969, 55.8059216 ], [ 48.5261191, 55.806319 ], [ 48.5257344, 55.8066422 ] ], [ [ 48.5258327, 55.7936148 ], [ 48.5260293, 55.7938849 ], [ 48.526252, 55.7942382 ], [ 48.5263724, 55.7944746 ], [ 48.5264912, 55.7947982 ], [ 48.5265715, 55.7950553 ], [ 48.5266735, 55.7954422 ], [ 48.5272311, 55.7975365 ], [ 48.5273857, 55.7980866 ], [ 48.527536, 55.7985565 ], [ 48.5276668, 55.7990692 ], [ 48.5278524, 55.7996554 ], [ 48.5281989, 55.8009079 ], [ 48.5283499, 55.8015044 ], [ 48.5283921, 55.801681 ], [ 48.5284151, 55.8018486 ], [ 48.5284194, 55.8019716 ], [ 48.5284172, 55.8021676 ] ], [ [ 48.5258327, 55.7936148 ], [ 48.5261396, 55.7941635 ], [ 48.5262816, 55.7944876 ], [ 48.5263995, 55.7948103 ], [ 48.5264792, 55.7950639 ], [ 48.5265834, 55.7954487 ], [ 48.5272033, 55.7977905 ] ], [ [ 48.5260036, 55.793628 ], [ 48.526277, 55.7939168 ], [ 48.5264261, 55.7941085 ], [ 48.5265226, 55.7942638 ], [ 48.5266139, 55.7944402 ], [ 48.5267403, 55.7947654 ], [ 48.5268207, 55.7950322 ], [ 48.5269212, 55.7954244 ], [ 48.5275061, 55.7975107 ], [ 48.5276731, 55.7980589 ], [ 48.5277795, 55.7982979 ], [ 48.5278891, 55.7984992 ], [ 48.5280356, 55.7986969 ], [ 48.5286312, 55.7992858 ], [ 48.5290387, 55.799683 ], [ 48.5293122, 55.7999679 ], [ 48.5295455, 55.800203 ], [ 48.5298189, 55.800477 ], [ 48.5299666, 55.8006463 ], [ 48.5301892, 55.8008543 ], [ 48.5304119, 55.8010744 ], [ 48.5306614, 55.8013217 ], [ 48.530892, 55.8015388 ], [ 48.531179, 55.8018116 ], [ 48.5314389, 55.8020635 ] ], [ [ 48.5284421, 55.8023997 ], [ 48.5284775, 55.802259 ], [ 48.5285009, 55.8020988 ], [ 48.5285241, 55.801892 ], [ 48.5285278, 55.8017295 ], [ 48.528529, 55.8015892 ], [ 48.528512, 55.8014245 ], [ 48.5283669, 55.8008949 ], [ 48.528012, 55.7996407 ], [ 48.5278461, 55.7990515 ], [ 48.5277012, 55.7985395 ], [ 48.5275565, 55.7980715 ], [ 48.5274252, 55.7975183 ], [ 48.5268478, 55.7954297 ], [ 48.5267446, 55.7950393 ], [ 48.526672, 55.7947744 ], [ 48.5265414, 55.7944505 ], [ 48.5264586, 55.7942916 ], [ 48.5263625, 55.7941211 ], [ 48.5262546, 55.793949 ], [ 48.5260036, 55.793628 ] ], [ [ 48.5263648, 55.7949822 ], [ 48.5265019, 55.795454 ], [ 48.5269498, 55.7970814 ] ], [ [ 48.5266592, 55.7963502 ], [ 48.5269855, 55.7975586 ], [ 48.5272122, 55.7983506 ] ], [ [ 48.5266592, 55.7963502 ], [ 48.5267835, 55.7972434 ] ], [ [ 48.5279355, 55.8034969 ], [ 48.5280568, 55.8031061 ], [ 48.5280946, 55.8029604 ], [ 48.5281237, 55.8028254 ], [ 48.528148, 55.8026554 ], [ 48.528159, 55.8024637 ], [ 48.5281505, 55.8022352 ], [ 48.5281308, 55.8021098 ], [ 48.5279932, 55.8015673 ], [ 48.5278184, 55.8009394 ], [ 48.5274694, 55.7996784 ], [ 48.5272865, 55.7991045 ], [ 48.5271445, 55.7985947 ], [ 48.5268784, 55.7975692 ], [ 48.5267835, 55.7972434 ] ], [ [ 48.5269498, 55.7970814 ], [ 48.5272033, 55.7977905 ] ], [ [ 48.5272122, 55.7983506 ], [ 48.5270975, 55.7976951 ], [ 48.5270584, 55.7975095 ], [ 48.5269498, 55.7970814 ] ], [ [ 48.5272033, 55.7977905 ], [ 48.5273092, 55.7980934 ], [ 48.5274553, 55.7985648 ], [ 48.5275944, 55.7990764 ], [ 48.5277563, 55.7996642 ], [ 48.5281159, 55.8009144 ], [ 48.5282851, 55.8015413 ], [ 48.5283335, 55.8017552 ], [ 48.5283502, 55.8019213 ], [ 48.5283508, 55.8021071 ], [ 48.5283096, 55.8025472 ], [ 48.5282801, 55.8027493 ], [ 48.5282547, 55.8029353 ], [ 48.5282138, 55.8031605 ] ], [ [ 48.5279243, 55.7989761 ], [ 48.5280938, 55.7996332 ], [ 48.5284502, 55.8008884 ], [ 48.528595, 55.801459 ], [ 48.5286099, 55.8016386 ], [ 48.5286041, 55.8017951 ], [ 48.5285557, 55.8020328 ], [ 48.5284421, 55.8023997 ] ], [ [ 48.5279355, 55.8034969 ], [ 48.5279815, 55.8032965 ], [ 48.5280137, 55.8030462 ] ], [ [ 48.5282813, 55.8029278 ], [ 48.5282138, 55.8031605 ] ], [ [ 48.5284172, 55.8021676 ], [ 48.5283928, 55.8023863 ], [ 48.528356, 55.8026073 ], [ 48.5282813, 55.8029278 ] ], [ [ 48.5284421, 55.8023997 ], [ 48.5283801, 55.8026143 ], [ 48.5282813, 55.8029278 ] ], [ [ 48.5302346, 55.7989156 ], [ 48.530594, 55.8000946 ], [ 48.5306543, 55.8002978 ], [ 48.5306718, 55.8003569 ], [ 48.530712, 55.8007715 ], [ 48.5307898, 55.8011424 ], [ 48.5308864, 55.8013776 ] ], [ [ 48.5308864, 55.8013776 ], [ 48.5306825, 55.8010866 ], [ 48.5306048, 55.8008333 ], [ 48.5305323, 55.8005032 ] ], [ [ 48.5308864, 55.8013776 ], [ 48.531101, 55.8016278 ] ], [ [ 48.531101, 55.8016278 ], [ 48.5318252, 55.8022791 ] ], [ [ 48.531101, 55.8016278 ], [ 48.5314389, 55.8020635 ] ], [ [ 48.5314389, 55.8020635 ], [ 48.5318533, 55.8024047 ], [ 48.5321554, 55.8026106 ], [ 48.5324853, 55.8028247 ], [ 48.5329414, 55.803096 ], [ 48.5334054, 55.8033735 ], [ 48.5340223, 55.8036508 ], [ 48.534489, 55.8038392 ], [ 48.5349906, 55.8040081 ], [ 48.5356907, 55.8042026 ] ], [ [ 48.5356907, 55.8042026 ], [ 48.5365918, 55.8043699 ], [ 48.5373858, 55.8045251 ], [ 48.5387215, 55.8047709 ], [ 48.5393679, 55.8048598 ], [ 48.5400224, 55.8049246 ], [ 48.5404327, 55.8049548 ], [ 48.5408485, 55.8049668 ], [ 48.541334, 55.8049533 ], [ 48.5428628, 55.8048417 ] ], [ [ 48.5356907, 55.8042026 ], [ 48.5372463, 55.804596 ] ], [ [ 48.5428628, 55.8048417 ], [ 48.5436621, 55.8047905 ] ], [ [ 48.5428628, 55.8048417 ], [ 48.5436755, 55.8048266 ], [ 48.5447484, 55.8047543 ], [ 48.5611984, 55.8036086 ], [ 48.562333, 55.8034774 ] ], [ [ 48.5436621, 55.8047905 ], [ 48.5441959, 55.8047188 ], [ 48.544727, 55.8046683 ], [ 48.5607505, 55.8035483 ], [ 48.561472, 55.8035468 ] ], [ [ 48.5436621, 55.8047905 ], [ 48.5447379, 55.804712 ], [ 48.561472, 55.8035468 ] ], [ [ 48.561472, 55.8035468 ], [ 48.562333, 55.8034774 ] ], [ [ 48.562333, 55.8034774 ], [ 48.5629499, 55.8034352 ] ], [ [ 48.5629499, 55.8034352 ], [ 48.5635856, 55.8033855 ] ], [ [ 48.5629499, 55.8034352 ], [ 48.5638672, 55.8034111 ], [ 48.5806632, 55.8022292 ], [ 48.581543, 55.8021237 ] ], [ [ 48.5635856, 55.8033855 ], [ 48.5645324, 55.8032739 ], [ 48.5808483, 55.8021312 ], [ 48.582091, 55.8020855 ] ], [ [ 48.5635856, 55.8033855 ], [ 48.581543, 55.8021237 ] ], [ [ 48.5812892, 55.8417823 ], [ 48.5864905, 55.8418703 ], [ 48.5872415, 55.8418907 ], [ 48.5879787, 55.8419172 ], [ 48.5888707, 55.8419742 ], [ 48.5897009, 55.8420393 ], [ 48.5904995, 55.8421001 ], [ 48.5913167, 55.8421683 ], [ 48.5922505, 55.8422632 ], [ 48.592996, 55.8423587 ], [ 48.593906, 55.8424887 ], [ 48.594563, 55.8425873 ], [ 48.5952703, 55.8427069 ], [ 48.5959481, 55.8428276 ], [ 48.5968105, 55.8429975 ], [ 48.5977342, 55.8431795 ], [ 48.598487, 55.8433374 ], [ 48.6025133, 55.8442496 ], [ 48.6032228, 55.8443929 ], [ 48.6041283, 55.8445669 ], [ 48.6047749, 55.844685 ], [ 48.6115487, 55.845897 ], [ 48.612552, 55.8460717 ], [ 48.6228361, 55.847914 ], [ 48.6239004, 55.8481089 ], [ 48.6245535, 55.848236 ], [ 48.6259622, 55.8485066 ], [ 48.6303073, 55.8492996 ], [ 48.6311612, 55.8494588 ], [ 48.6319327, 55.8495907 ], [ 48.6327213, 55.8497126 ], [ 48.633439, 55.8497959 ], [ 48.634145, 55.8498654 ], [ 48.635004, 55.8499159 ], [ 48.6357023, 55.8499323 ], [ 48.6362916, 55.849933 ], [ 48.6367093, 55.8499275 ], [ 48.6371547, 55.8499084 ], [ 48.6378254, 55.8498671 ], [ 48.6385276, 55.8498063 ], [ 48.6394346, 55.8496851 ], [ 48.6402536, 55.8495529 ], [ 48.6411107, 55.8493984 ], [ 48.642001, 55.84923 ], [ 48.6468323, 55.8483329 ], [ 48.6494486, 55.8478438 ], [ 48.6500538, 55.8477348 ], [ 48.6506733, 55.8476346 ], [ 48.6513589, 55.8475301 ], [ 48.6520666, 55.8474539 ], [ 48.6529488, 55.8473795 ], [ 48.6536915, 55.8473392 ], [ 48.6541973, 55.8473257 ], [ 48.6552938, 55.8473125 ], [ 48.6561359, 55.8473356 ], [ 48.657164, 55.8473722 ], [ 48.6584317, 55.8474169 ], [ 48.6592286, 55.8474446 ], [ 48.6600205, 55.8474563 ], [ 48.6608361, 55.8474659 ], [ 48.6616716, 55.8474746 ], [ 48.6629924, 55.8475163 ], [ 48.6637972, 55.8475401 ], [ 48.664869, 55.8475985 ], [ 48.6665402, 55.847663 ], [ 48.6667139, 55.8476696 ], [ 48.6678066, 55.8477109 ], [ 48.6689056, 55.8477564 ], [ 48.6699723, 55.8477975 ], [ 48.6704948, 55.8477992 ], [ 48.6711318, 55.8477893 ], [ 48.6717274, 55.8477649 ], [ 48.672361, 55.8477147 ], [ 48.6729849, 55.8476518 ], [ 48.6736869, 55.8475557 ], [ 48.6743103, 55.8474489 ], [ 48.6749265, 55.8473179 ], [ 48.6757962, 55.8471061 ], [ 48.6769328, 55.8467727 ], [ 48.6772397, 55.8466827 ], [ 48.6783161, 55.8463199 ], [ 48.6792373, 55.8460095 ], [ 48.6804185, 55.8455994 ], [ 48.6812226, 55.8452434 ], [ 48.6816393, 55.8450315 ], [ 48.6819987, 55.8448317 ], [ 48.6824297, 55.8445769 ], [ 48.6829072, 55.8442547 ], [ 48.6831704, 55.8440731 ], [ 48.6832208, 55.8440353 ], [ 48.6834652, 55.843852 ], [ 48.6837461, 55.8436255 ], [ 48.6839778, 55.8434076 ], [ 48.6842174, 55.843166 ], [ 48.6845108, 55.8428617 ], [ 48.6847935, 55.8425128 ], [ 48.6852266, 55.8419769 ], [ 48.6857696, 55.841311 ], [ 48.6860931, 55.8409544 ], [ 48.6864573, 55.8406061 ], [ 48.6869141, 55.8402271 ], [ 48.6873762, 55.8398955 ], [ 48.6879379, 55.83951 ], [ 48.6884035, 55.8392303 ], [ 48.6889955, 55.8389218 ], [ 48.6897771, 55.8385648 ], [ 48.690092, 55.8384084 ], [ 48.6906507, 55.8381925 ], [ 48.6911767, 55.8380131 ], [ 48.6917587, 55.8378372 ], [ 48.6923021, 55.8376824 ], [ 48.6927766, 55.8375635 ], [ 48.6933793, 55.8374251 ], [ 48.6939293, 55.8373172 ], [ 48.6944057, 55.8372394 ], [ 48.6950111, 55.8371598 ], [ 48.6955664, 55.8370965 ], [ 48.6962477, 55.8370318 ], [ 48.6970255, 55.8369858 ], [ 48.6977201, 55.8369655 ], [ 48.6985704, 55.8369715 ], [ 48.6993912, 55.8369972 ], [ 48.7001704, 55.8370551 ], [ 48.7009414, 55.8371268 ], [ 48.7016072, 55.8372036 ], [ 48.7023229, 55.8372844 ], [ 48.7037793, 55.8374475 ], [ 48.7049322, 55.8375949 ], [ 48.7063516, 55.8377982 ], [ 48.707307, 55.8379372 ], [ 48.7103749, 55.8383873 ], [ 48.7112278, 55.8385123 ], [ 48.7120351, 55.8386509 ], [ 48.7132208, 55.8388625 ], [ 48.7138136, 55.8389613 ], [ 48.7145053, 55.8390759 ], [ 48.7175332, 55.8395142 ], [ 48.7182967, 55.8396434 ], [ 48.7188392, 55.8397462 ], [ 48.7192931, 55.8398437 ], [ 48.719788, 55.8399582 ], [ 48.720767, 55.840218 ], [ 48.7211124, 55.8403229 ], [ 48.7217202, 55.8405074 ], [ 48.722369, 55.8407069 ], [ 48.722609, 55.8407819 ], [ 48.7251261, 55.841568 ], [ 48.7259316, 55.8418204 ], [ 48.7264627, 55.8419838 ], [ 48.7270823, 55.842157 ], [ 48.7276818, 55.8423061 ], [ 48.728271, 55.8424377 ], [ 48.7290181, 55.8425818 ], [ 48.729625, 55.8426856 ], [ 48.7301816, 55.8427647 ], [ 48.730788, 55.8428433 ], [ 48.7314114, 55.842904 ], [ 48.7320257, 55.8429582 ], [ 48.7328156, 55.8430071 ], [ 48.73417, 55.8430869 ], [ 48.7347829, 55.8431178 ], [ 48.7353113, 55.8431284 ], [ 48.7358336, 55.8431245 ], [ 48.7362783, 55.843105 ], [ 48.7367532, 55.8430764 ], [ 48.7373165, 55.8430345 ], [ 48.7377428, 55.8429876 ], [ 48.7381844, 55.8429307 ], [ 48.7386145, 55.8428708 ], [ 48.7390856, 55.8427964 ], [ 48.7408339, 55.8425279 ], [ 48.7431021, 55.8421475 ], [ 48.7444207, 55.8419488 ], [ 48.74827, 55.8413402 ], [ 48.7545133, 55.8403498 ], [ 48.7556635, 55.8401356 ], [ 48.7571204, 55.8398437 ], [ 48.7594781, 55.8393322 ], [ 48.7636902, 55.8383953 ], [ 48.7655785, 55.8379562 ], [ 48.7690506, 55.8370248 ], [ 48.7700262, 55.836774 ], [ 48.7804193, 55.833996 ], [ 48.7820695, 55.8335603 ], [ 48.7874859, 55.83211 ], [ 48.7880932, 55.8319571 ], [ 48.788635, 55.8318299 ], [ 48.7892117, 55.8317153 ], [ 48.7897648, 55.8316159 ], [ 48.7903467, 55.8315363 ], [ 48.790998, 55.8314525 ], [ 48.7914192, 55.8314135 ], [ 48.791922, 55.8313779 ], [ 48.7924169, 55.8313545 ], [ 48.7942518, 55.8312991 ], [ 48.794827, 55.8312788 ], [ 48.7954357, 55.8312551 ], [ 48.7960385, 55.8312179 ], [ 48.7966484, 55.8311682 ], [ 48.7973068, 55.8310919 ], [ 48.7980106, 55.8309764 ], [ 48.8015708, 55.8303001 ], [ 48.8071603, 55.8292329 ], [ 48.808782, 55.8289361 ], [ 48.8110676, 55.8285084 ], [ 48.8113493, 55.8284598 ], [ 48.8133609, 55.828087 ], [ 48.8162755, 55.8275458 ], [ 48.8181969, 55.8271876 ], [ 48.819928, 55.8268654 ], [ 48.8207704, 55.8267398 ], [ 48.8215319, 55.8266315 ], [ 48.8224286, 55.8265386 ], [ 48.8233071, 55.8264839 ], [ 48.8242804, 55.8264347 ], [ 48.8295128, 55.8262185 ], [ 48.8302777, 55.8261819 ], [ 48.8311114, 55.8261319 ], [ 48.831558, 55.826098 ], [ 48.8348527, 55.8258063 ], [ 48.8353497, 55.8257638 ], [ 48.8359613, 55.8257254 ], [ 48.8381427, 55.8256023 ], [ 48.8388129, 55.8255512 ], [ 48.839664, 55.8254791 ], [ 48.8419506, 55.825241 ], [ 48.8425809, 55.8251747 ], [ 48.8430273, 55.8251204 ], [ 48.8436765, 55.8250275 ], [ 48.8443082, 55.8249226 ], [ 48.8454375, 55.8247258 ], [ 48.8460397, 55.8246014 ], [ 48.8465841, 55.8244674 ], [ 48.8468782, 55.8243826 ], [ 48.8471085, 55.8243174 ], [ 48.8474555, 55.8242069 ], [ 48.8479131, 55.8240402 ], [ 48.8484632, 55.8238173 ], [ 48.8501396, 55.8230799 ], [ 48.8508118, 55.8227874 ], [ 48.8513741, 55.8225553 ], [ 48.8517489, 55.8224212 ], [ 48.8521946, 55.8222742 ], [ 48.8546366, 55.8215354 ], [ 48.8576143, 55.8206542 ], [ 48.8600444, 55.8199114 ], [ 48.864281, 55.8185491 ], [ 48.8650283, 55.8183294 ], [ 48.8653716, 55.818236 ], [ 48.8657186, 55.8181545 ], [ 48.8676541, 55.8177536 ], [ 48.8694848, 55.8173855 ], [ 48.8695898, 55.8173644 ], [ 48.8715453, 55.8169739 ], [ 48.87234, 55.816815 ], [ 48.8733968, 55.8166453 ], [ 48.8742337, 55.8165211 ], [ 48.8746816, 55.8164698 ], [ 48.8754827, 55.8163987 ], [ 48.8762507, 55.8163538 ], [ 48.8769561, 55.8163342 ], [ 48.8782114, 55.8163131 ], [ 48.8791078, 55.8162531 ], [ 48.8820598, 55.8160001 ], [ 48.8829929, 55.8158899 ], [ 48.8847265, 55.815632 ], [ 48.8855253, 55.8155199 ], [ 48.8864528, 55.815445 ], [ 48.8872807, 55.8154324 ], [ 48.8954438, 55.8152785 ], [ 48.9003075, 55.8151879 ], [ 48.9010826, 55.815207 ], [ 48.9018596, 55.815252 ], [ 48.9026089, 55.8153142 ], [ 48.9029502, 55.8153425 ], [ 48.904267, 55.8154517 ] ], [ [ 48.581543, 55.8021237 ], [ 48.582091, 55.8020855 ] ], [ [ 48.582091, 55.8020855 ], [ 48.5827312, 55.8020453 ] ], [ [ 48.6671786, 55.8266162 ], [ 48.668087, 55.8272153 ], [ 48.668418, 55.8274181 ], [ 48.6687495, 55.8275589 ], [ 48.6690294, 55.8276794 ], [ 48.669355, 55.8278539 ], [ 48.6696238, 55.82802 ], [ 48.670518, 55.82866 ], [ 48.671134, 55.8291053 ], [ 48.6716651, 55.8294835 ], [ 48.6720084, 55.8297336 ], [ 48.6722498, 55.8299128 ], [ 48.6724456, 55.8300394 ], [ 48.6726307, 55.8301298 ], [ 48.6728479, 55.8302201 ], [ 48.6734436, 55.8303809 ], [ 48.6745657, 55.830652 ], [ 48.6746339, 55.8306672 ], [ 48.6753158, 55.8308133 ], [ 48.6758112, 55.8309526 ], [ 48.6763745, 55.8311716 ], [ 48.6767843, 55.8313388 ], [ 48.6775137, 55.8317406 ] ], [ [ 48.6775137, 55.8317406 ], [ 48.6791459, 55.8327929 ], [ 48.6834784, 55.8354859 ], [ 48.6840536, 55.8358163 ], [ 48.6845526, 55.836097 ], [ 48.6848161, 55.8362244 ], [ 48.6851305, 55.8363566 ], [ 48.6858234, 55.8365918 ], [ 48.6863164, 55.8367318 ], [ 48.6868702, 55.8368466 ], [ 48.6877275, 55.8369659 ], [ 48.6881232, 55.8369986 ], [ 48.6889381, 55.8370277 ], [ 48.6898811, 55.8370707 ], [ 48.6911455, 55.837128 ], [ 48.691413, 55.8371351 ], [ 48.6918875, 55.8371553 ], [ 48.692647, 55.8371769 ], [ 48.6932248, 55.837188 ], [ 48.6937966, 55.8371766 ], [ 48.694305, 55.8371509 ], [ 48.6949601, 55.8371055 ], [ 48.695408, 55.8370709 ], [ 48.6962476, 55.8370001 ], [ 48.6970496, 55.8369294 ], [ 48.6978409, 55.8369068 ], [ 48.6986268, 55.8369128 ], [ 48.6994314, 55.8369324 ], [ 48.7001986, 55.8369941 ], [ 48.7028903, 55.8372916 ] ], [ [ 48.6829018, 55.8288194 ], [ 48.6824182, 55.8287457 ], [ 48.6817802, 55.8286251 ], [ 48.6812505, 55.8285058 ], [ 48.6804402, 55.828346 ], [ 48.6798974, 55.82826 ], [ 48.6791963, 55.8282334 ], [ 48.6786938, 55.8282698 ], [ 48.6782392, 55.828344 ], [ 48.6778114, 55.8284445 ], [ 48.6774636, 55.8285604 ], [ 48.6771715, 55.8287049 ], [ 48.6769025, 55.8288617 ], [ 48.6766634, 55.8290305 ], [ 48.6764951, 55.8291987 ], [ 48.6763673, 55.8293793 ], [ 48.6762786, 55.8295446 ], [ 48.6762413, 55.8297104 ], [ 48.6762118, 55.8299646 ], [ 48.6762209, 55.8302114 ], [ 48.6762557, 55.8304148 ], [ 48.6763843, 55.8306993 ], [ 48.6765265, 55.8309401 ], [ 48.6767657, 55.8311868 ], [ 48.6768935, 55.8312879 ], [ 48.6775137, 55.8317406 ] ], [ [ 48.812196, 55.8283977 ], [ 48.8111199, 55.8286037 ], [ 48.8088391, 55.8290163 ], [ 48.8072177, 55.8293241 ], [ 48.8016132, 55.8303671 ], [ 48.7980354, 55.831018 ], [ 48.7973284, 55.831133 ], [ 48.7966639, 55.8312093 ], [ 48.7960475, 55.8312626 ], [ 48.7954386, 55.8313007 ], [ 48.7948307, 55.8313251 ], [ 48.7942561, 55.8313439 ], [ 48.7924221, 55.8314037 ], [ 48.7919294, 55.8314317 ], [ 48.7914383, 55.8314694 ], [ 48.7910238, 55.8315059 ], [ 48.790367, 55.8315805 ], [ 48.7897911, 55.8316592 ], [ 48.7892325, 55.8317571 ], [ 48.788665, 55.8318723 ], [ 48.7881347, 55.8319998 ], [ 48.7875298, 55.8321516 ], [ 48.782095, 55.833598 ], [ 48.7804438, 55.8340266 ], [ 48.7700585, 55.8368251 ], [ 48.769211, 55.8370453 ], [ 48.7678576, 55.8374069 ], [ 48.7659757, 55.8379097 ], [ 48.7637385, 55.8384269 ], [ 48.7615299, 55.8389145 ], [ 48.7608063, 55.8390834 ], [ 48.7602022, 55.8392549 ], [ 48.7597076, 55.8394125 ], [ 48.7590056, 55.8396566 ], [ 48.756117596482326, 55.840754086426543 ] ], [ [ 48.9286109, 55.8157365 ], [ 48.9281233, 55.8157193 ], [ 48.9271977, 55.815703 ], [ 48.9262235, 55.8157103 ], [ 48.9133157, 55.8159606 ], [ 48.9130787, 55.8159643 ], [ 48.9107174, 55.8160059 ], [ 48.9088848, 55.816048 ], [ 48.9082387, 55.816069 ], [ 48.9075695, 55.8161142 ], [ 48.9069612, 55.816178 ], [ 48.9050791, 55.8164288 ], [ 48.9041628, 55.8165505 ], [ 48.8984851, 55.8174177 ], [ 48.8975742, 55.8174946 ], [ 48.8965548, 55.8175449 ], [ 48.8922175, 55.8175553 ], [ 48.8888757, 55.8175914 ], [ 48.8877627, 55.8175986 ], [ 48.8869026, 55.817584 ], [ 48.8859873, 55.8175202 ], [ 48.8858977, 55.8175102 ], [ 48.8844917, 55.8174237 ], [ 48.8830527, 55.8174809 ], [ 48.8813888, 55.8176039 ], [ 48.8811598, 55.8176161 ], [ 48.8805109, 55.8176202 ], [ 48.8798391, 55.8176043 ], [ 48.8783076, 55.8175411 ], [ 48.8771773, 55.8175319 ], [ 48.876164, 55.8175425 ], [ 48.8754353, 55.8175571 ], [ 48.8749887, 55.8175812 ], [ 48.8745474, 55.8176182 ], [ 48.8741519, 55.8176678 ], [ 48.8736503, 55.8177568 ], [ 48.8732704, 55.8178417 ], [ 48.8728456, 55.8179617 ], [ 48.8724362, 55.8180896 ], [ 48.8720664, 55.818233 ], [ 48.8717147, 55.8183804 ], [ 48.8714348, 55.8185253 ], [ 48.8711732, 55.8186688 ], [ 48.8709399, 55.8188177 ], [ 48.87073, 55.8189659 ], [ 48.8705054, 55.8191371 ], [ 48.8702989, 55.8193134 ], [ 48.8698724, 55.819764 ], [ 48.8694375, 55.8202414 ], [ 48.8690793, 55.8205916 ], [ 48.8686901, 55.8209302 ], [ 48.8683033, 55.8211955 ], [ 48.8678712, 55.8214537 ], [ 48.8672588, 55.8217579 ], [ 48.8667397, 55.8219668 ], [ 48.8661838, 55.8221572 ], [ 48.865752, 55.8222849 ], [ 48.8653218, 55.8223958 ], [ 48.8649103, 55.8224828 ], [ 48.8644087, 55.8225719 ], [ 48.8636228, 55.8226721 ], [ 48.8620044, 55.8228789 ], [ 48.8603697, 55.8230879 ], [ 48.8546147, 55.8237934 ], [ 48.8529546, 55.8239999 ], [ 48.8512188, 55.8242169 ], [ 48.8503001, 55.824357 ], [ 48.8496593, 55.8244711 ], [ 48.8488037, 55.8246302 ], [ 48.8475108, 55.8248698 ], [ 48.8462215, 55.8251064 ], [ 48.8456852, 55.8251745 ], [ 48.8452609, 55.8252162 ], [ 48.8437415, 55.8253653 ], [ 48.8338528, 55.826383 ], [ 48.8329947, 55.8264659 ], [ 48.8323194, 55.8265179 ], [ 48.8316563, 55.8265638 ], [ 48.8305527, 55.8266141 ], [ 48.8281668, 55.8267117 ], [ 48.8257839, 55.8268214 ], [ 48.8242131, 55.8268863 ], [ 48.8231518, 55.8269545 ], [ 48.8223544, 55.8270234 ], [ 48.8211381, 55.82715 ], [ 48.8202944, 55.8272584 ], [ 48.8194778, 55.827377 ], [ 48.8172083, 55.8277319 ], [ 48.8134812, 55.8282998 ], [ 48.8122687, 55.8285 ], [ 48.8104695, 55.8288282 ], [ 48.8088985, 55.829121 ], [ 48.8072686, 55.8294254 ], [ 48.8016688, 55.8304549 ], [ 48.7980908, 55.831111 ], [ 48.7973746, 55.8312209 ], [ 48.7966964, 55.8312958 ], [ 48.7960656, 55.8313526 ], [ 48.7954444, 55.8313894 ], [ 48.7948377, 55.8314111 ], [ 48.7942642, 55.8314287 ], [ 48.7924303, 55.8314814 ], [ 48.7919408, 55.8315142 ], [ 48.7914656, 55.8315493 ], [ 48.7910624, 55.8315858 ], [ 48.7904039, 55.831661 ], [ 48.7898383, 55.8317366 ], [ 48.7892707, 55.8318336 ], [ 48.7887138, 55.8319411 ], [ 48.7881964, 55.8320633 ], [ 48.7875911, 55.8322095 ], [ 48.7821723, 55.8336624 ], [ 48.7805047, 55.8341028 ], [ 48.7714834, 55.8365088 ], [ 48.7706682, 55.836732 ], [ 48.7699935, 55.8369255 ], [ 48.7692912, 55.8371415 ], [ 48.7687129, 55.8373526 ], [ 48.7681631, 55.8375539 ], [ 48.7677084, 55.8377466 ], [ 48.7670709, 55.8380218 ], [ 48.7649712, 55.8389898 ], [ 48.7640735, 55.8393827 ], [ 48.7633564, 55.8396444 ], [ 48.7626128, 55.8398855 ], [ 48.7618294, 55.840096 ], [ 48.7610579, 55.840276 ], [ 48.7602939, 55.8404218 ], [ 48.759479, 55.8405506 ], [ 48.758741, 55.8406349 ], [ 48.7578179, 55.8407032 ], [ 48.7568621, 55.8407381 ], [ 48.756117596482326, 55.840754086426543 ] ], [ [ 48.9121197, 55.8151817 ], [ 48.9110111, 55.8153183 ], [ 48.9091305, 55.8155378 ], [ 48.9081468, 55.8155803 ], [ 48.9073174, 55.8155845 ], [ 48.9064738, 55.8155551 ], [ 48.9054948, 55.8154993 ], [ 48.904267, 55.8154517 ] ], [ [ 48.904267, 55.8154517 ], [ 48.9054845, 55.8155527 ], [ 48.9064771, 55.8156148 ] ], [ [ 48.9064771, 55.8156148 ], [ 48.9081529, 55.8156274 ], [ 48.9089844, 55.8155973 ], [ 48.9097998, 55.815528 ], [ 48.9099753, 55.8155007 ], [ 48.9141861, 55.8149415 ], [ 48.9155575, 55.8147515 ], [ 48.9166244, 55.8145681 ], [ 48.9174091, 55.8144202 ], [ 48.9190316, 55.8140719 ], [ 48.9252489, 55.8125274 ], [ 48.9267622, 55.8121491 ], [ 48.9305507, 55.8112485 ], [ 48.9396614, 55.8090264 ], [ 48.9431085, 55.8081824 ], [ 48.9435824, 55.8080694 ], [ 48.9459347, 55.8075143 ], [ 48.9482338, 55.8069534 ], [ 48.9491228, 55.8067351 ], [ 48.9515535, 55.8061419 ], [ 48.9547344, 55.8053656 ], [ 48.9643307, 55.8030236 ], [ 48.9655537, 55.8027242 ], [ 48.9658916, 55.8026424 ], [ 48.9666469, 55.8024762 ], [ 48.9671239, 55.8023838 ], [ 48.9677129, 55.8022851 ], [ 48.9683, 55.8022068 ], [ 48.9694961, 55.8020433 ], [ 48.9697988, 55.8020019 ], [ 48.9711987, 55.8018295 ], [ 48.9729483, 55.8016191 ], [ 48.9752867, 55.8013306 ], [ 48.9762107, 55.8012185 ], [ 48.9767082, 55.8011676 ], [ 48.9771985, 55.8011279 ], [ 48.9777849, 55.8010941 ], [ 48.9782095, 55.801085 ], [ 48.9786213, 55.801084 ], [ 48.9790209, 55.8010963 ], [ 48.9794383, 55.8011169 ], [ 48.9800314, 55.8011609 ], [ 48.9806195, 55.8012184 ], [ 48.9810795, 55.8012801 ], [ 48.9814939, 55.8013511 ], [ 48.9818979, 55.801436 ], [ 48.9827183, 55.8016157 ], [ 48.9835693, 55.8018006 ], [ 48.9844156, 55.8019728 ], [ 48.9849844, 55.8020613 ], [ 48.9855459, 55.8021282 ], [ 48.9862142, 55.8021788 ], [ 48.9868313, 55.8022094 ], [ 48.9878113, 55.8022314 ], [ 48.9901104, 55.8022398 ], [ 48.992409, 55.8022658 ], [ 48.9944345, 55.8022655 ], [ 48.9986139, 55.8022781 ], [ 48.999293, 55.8022647 ], [ 48.9998814, 55.8022381 ], [ 49.001019, 55.8021599 ], [ 49.0018024, 55.8020902 ], [ 49.0022217, 55.8020506 ], [ 49.0024248, 55.8020342 ], [ 49.0028471, 55.8019997 ], [ 49.0050937, 55.801793 ], [ 49.0066618, 55.8016389 ], [ 49.0083021, 55.8014748 ], [ 49.0091168, 55.8013885 ], [ 49.0096241, 55.8013473 ], [ 49.0100596, 55.8013151 ], [ 49.0107723, 55.8012765 ], [ 49.0111913, 55.8012629 ], [ 49.0117569, 55.8012553 ], [ 49.0125617, 55.8012576 ], [ 49.0135668, 55.8012747 ], [ 49.0136982, 55.8012768 ], [ 49.0144452, 55.8012894 ], [ 49.0160846, 55.8013089 ], [ 49.0177416, 55.8013221 ], [ 49.0199021, 55.801338 ], [ 49.0211199, 55.8013506 ] ], [ [ 48.939732719042404, 55.818208984792101 ], [ 48.9396139, 55.818115 ], [ 48.9390406, 55.8177181 ], [ 48.9385951, 55.8174496 ], [ 48.9382902, 55.8172791 ], [ 48.9378815, 55.8170696 ], [ 48.9374803, 55.8168864 ], [ 48.9369293, 55.8166696 ], [ 48.9363172, 55.8164495 ], [ 48.9359902, 55.81635 ], [ 48.9356727, 55.8162627 ], [ 48.93507, 55.8161017 ], [ 48.9343789, 55.8159506 ], [ 48.9338002, 55.815855 ], [ 48.9328757, 55.8157328 ], [ 48.9328061, 55.8157245 ], [ 48.9315768, 55.8155353 ], [ 48.9302614, 55.8153423 ], [ 48.9292592, 55.8152175 ], [ 48.9282399, 55.8151361 ], [ 48.9272234, 55.8151105 ], [ 48.9261812, 55.8151242 ], [ 48.9227132, 55.8151828 ], [ 48.9191781, 55.8152371 ], [ 48.9150954, 55.8152916 ], [ 48.9085025, 55.8156584 ], [ 48.908186, 55.815676 ], [ 48.9073294, 55.8156636 ], [ 48.9064771, 55.8156148 ] ], [ [ 48.9090821, 55.8152155 ], [ 48.9096669, 55.8152088 ], [ 48.9101444, 55.8152165 ], [ 48.9110785, 55.8152315 ], [ 48.9116049, 55.8152243 ], [ 48.9121197, 55.8151817 ] ], [ [ 48.9121197, 55.8151817 ], [ 48.9132495, 55.8150311 ], [ 48.9136568, 55.8149636 ], [ 48.9140765, 55.8148777 ], [ 48.9144103, 55.8147882 ], [ 48.9146693, 55.8147187 ] ], [ [ 48.9146693, 55.8147187 ], [ 48.9150448, 55.8145808 ], [ 48.9153909, 55.8144221 ], [ 48.9159794, 55.814048 ], [ 48.9166502, 55.8136488 ], [ 48.917053, 55.8134247 ], [ 48.917566, 55.8132049 ], [ 48.9191415, 55.812739 ], [ 48.9226036, 55.8117558 ], [ 48.924019, 55.811317 ], [ 48.9294818, 55.8097308 ], [ 48.9295143, 55.8097214 ], [ 48.9296151, 55.8096896 ], [ 48.9313553, 55.8091505 ] ], [ [ 48.9146693, 55.8147187 ], [ 48.915073, 55.8146004 ], [ 48.9153392, 55.8145155 ], [ 48.9156365, 55.8143891 ], [ 48.9158823, 55.814257 ], [ 48.9163648, 55.8140093 ], [ 48.9166334, 55.8138956 ], [ 48.9170235, 55.8137655 ], [ 48.9195186, 55.8130506 ] ], [ [ 48.9303686, 55.8157798 ], [ 48.9300735, 55.8157689 ], [ 48.9286109, 55.8157365 ] ], [ [ 48.9440713, 55.8224526 ], [ 48.9438437, 55.8222766 ], [ 48.9436073, 55.8220781 ], [ 48.943152, 55.8216854 ], [ 48.9421827, 55.8207731 ], [ 48.941416, 55.8200734 ], [ 48.9411749, 55.8198627 ], [ 48.9409445, 55.8196774 ], [ 48.940739, 55.8195349 ], [ 48.9405358, 55.8194013 ], [ 48.9402751, 55.8192502 ], [ 48.939874, 55.8190422 ], [ 48.9395178, 55.8188808 ], [ 48.9391631, 55.8187445 ], [ 48.9386074, 55.8185698 ], [ 48.9371784, 55.818175 ], [ 48.9367941, 55.8180533 ], [ 48.9364226, 55.8179271 ], [ 48.9361189, 55.8178012 ], [ 48.9358587, 55.8176749 ], [ 48.9355966, 55.8175342 ], [ 48.9352901, 55.8173718 ], [ 48.9347947, 55.8170786 ], [ 48.9342226, 55.8167622 ], [ 48.934021, 55.816661 ], [ 48.9337519, 55.8165369 ], [ 48.9334917, 55.8164261 ], [ 48.9331505, 55.8162978 ], [ 48.9328067, 55.8161912 ], [ 48.9323754, 55.8160808 ], [ 48.9318194, 55.8159726 ], [ 48.9311345, 55.8158816 ], [ 48.9301814, 55.8158114 ], [ 48.9286109, 55.8157365 ] ], [ [ 48.939638280854901, 55.818216834966435 ], [ 48.9395133, 55.8181164 ], [ 48.9389875, 55.817748 ], [ 48.9385494, 55.8174756 ], [ 48.9382392, 55.8173055 ], [ 48.9378309, 55.8171028 ], [ 48.9374231, 55.8169244 ], [ 48.9368739, 55.8167156 ], [ 48.9362327, 55.8165121 ], [ 48.9358106, 55.8164009 ], [ 48.9352049, 55.8162691 ], [ 48.9343695, 55.816127 ], [ 48.9337203, 55.8160507 ], [ 48.9322472, 55.8159055 ], [ 48.931657, 55.8158483 ], [ 48.9310348, 55.8158083 ], [ 48.9303686, 55.8157798 ] ], [ [ 48.9303686, 55.8157798 ], [ 48.9310375, 55.8158309 ], [ 48.9314744, 55.8158737 ], [ 48.9324266, 55.8160113 ], [ 48.9328819, 55.8161085 ], [ 48.9332343, 55.8162145 ], [ 48.933607, 55.8163523 ], [ 48.9338686, 55.8164646 ], [ 48.9341207, 55.8165874 ], [ 48.9343249, 55.8166917 ], [ 48.9349029, 55.8170211 ], [ 48.9354108, 55.8173032 ], [ 48.9357156, 55.817466 ], [ 48.9359768, 55.817594 ], [ 48.9362425, 55.8177103 ], [ 48.9365427, 55.8178269 ], [ 48.9368899, 55.8179385 ], [ 48.9371951, 55.8180189 ], [ 48.937507, 55.8180868 ], [ 48.9378496, 55.8181463 ], [ 48.9381883, 55.8181915 ], [ 48.9385152, 55.8182179 ], [ 48.9387918, 55.8182322 ], [ 48.9390305, 55.8182375 ], [ 48.9392912, 55.8182354 ], [ 48.9395581, 55.8182235 ], [ 48.939638280854901, 55.818216834966435 ] ], [ [ 48.9346853, 55.867767 ], [ 48.9347684, 55.8677249 ], [ 48.9352365, 55.8675525 ], [ 48.9357039, 55.8674273 ] ], [ [ 48.9371545, 55.8669405 ], [ 48.9363144, 55.8672403 ], [ 48.9357039, 55.8674273 ] ], [ [ 48.9357039, 55.8674273 ], [ 48.9362597, 55.8673035 ], [ 48.9367862, 55.8672374 ], [ 48.9373219, 55.8672132 ], [ 48.9378693, 55.8672174 ], [ 48.9384431, 55.8673125 ], [ 48.939044, 55.8674754 ], [ 48.9397198, 55.8677354 ], [ 48.9404172, 55.8680479 ], [ 48.9408738, 55.86833 ], [ 48.9411169, 55.8684758 ], [ 48.9413962, 55.8685782 ], [ 48.9416998, 55.8686371 ], [ 48.9423304, 55.8686983 ], [ 48.9429645, 55.8687185 ], [ 48.9441112, 55.8687102 ], [ 48.9446467, 55.8686883 ], [ 48.9455717, 55.86864 ] ], [ [ 48.9476448, 55.8625277 ], [ 48.9473377, 55.8625824 ], [ 48.9461839, 55.8628694 ], [ 48.9455798, 55.8631014 ], [ 48.9442032, 55.8640154 ], [ 48.9425324, 55.8651075 ], [ 48.9415989, 55.8655147 ], [ 48.9410831, 55.8656645 ], [ 48.9400973, 55.8660003 ], [ 48.9392689, 55.8662378 ], [ 48.9371545, 55.8669405 ] ], [ [ 48.9371545, 55.8669405 ], [ 48.937971, 55.8667346 ], [ 48.9384404, 55.8666428 ], [ 48.9388769, 55.8666155 ], [ 48.9467759, 55.8666116 ], [ 48.9490265, 55.8666105 ], [ 48.9491991, 55.8666118 ], [ 48.9522172, 55.8666349 ], [ 48.9528412, 55.8666036 ], [ 48.9532837, 55.866581 ], [ 48.9538094, 55.8665208 ], [ 48.9545189, 55.8665227 ], [ 48.9549653, 55.8665239 ], [ 48.9561215, 55.8665449 ] ], [ [ 48.9455717, 55.86864 ], [ 48.9448001, 55.8687772 ], [ 48.9444324, 55.8688521 ], [ 48.9439924, 55.8689088 ], [ 48.9394282, 55.8689233 ] ], [ [ 48.9396104, 55.8642421 ], [ 48.9451061, 55.8627618 ], [ 48.9460952, 55.8625211 ] ], [ [ 48.9440713, 55.8224526 ], [ 48.9422874, 55.8207404 ], [ 48.941249, 55.8197364 ], [ 48.9410732, 55.8195535 ], [ 48.9405394, 55.8190301 ], [ 48.9402641, 55.8187542 ], [ 48.9400332, 55.8185486 ], [ 48.9397409, 55.8182993 ], [ 48.939638280854901, 55.818216834966435 ] ], [ [ 48.939638280854901, 55.818216834966435 ], [ 48.939732719042404, 55.818208984792101 ] ], [ [ 48.939732719042404, 55.818208984792101 ], [ 48.9398359, 55.8182906 ], [ 48.940094, 55.8185242 ], [ 48.940322, 55.8187365 ], [ 48.9406014, 55.8190151 ], [ 48.9411137, 55.8195211 ], [ 48.9413083, 55.8197201 ], [ 48.9423481, 55.8207225 ], [ 48.9441299, 55.8224372 ], [ 48.945023, 55.8232474 ], [ 48.9467509, 55.8249013 ], [ 48.9485242, 55.8265465 ], [ 48.9495432, 55.8275009 ], [ 48.9500375, 55.8279153 ], [ 48.9505746, 55.8283007 ], [ 48.9511514, 55.8286625 ], [ 48.9517447, 55.82897 ], [ 48.9524198, 55.8292646 ], [ 48.9531744, 55.8295262 ], [ 48.9539252, 55.8297549 ], [ 48.9546974, 55.8299483 ], [ 48.9555306, 55.8301142 ], [ 48.9564005, 55.8302252 ], [ 48.9594293, 55.830547 ], [ 48.9628119, 55.8309122 ], [ 48.9674491, 55.8314021 ], [ 48.9721334, 55.8318995 ], [ 48.9772223, 55.8324404 ], [ 48.9791438, 55.8326456 ], [ 48.9807464, 55.8328213 ], [ 48.9826864, 55.8330339 ], [ 48.9836062, 55.8331393 ], [ 48.9904294, 55.8338477 ], [ 48.9961856, 55.8344347 ], [ 49.0029142, 55.8351497 ], [ 49.008446, 55.8357349 ], [ 49.0159999, 55.8365367 ], [ 49.0202125, 55.8369839 ], [ 49.0229988, 55.8372842 ], [ 49.0256311, 55.8375505 ], [ 49.0281639, 55.8378336 ], [ 49.0298689, 55.8380151 ], [ 49.0302113, 55.8380515 ] ], [ [ 49.001818, 55.8021335 ], [ 49.0010345, 55.8022079 ], [ 49.0004581, 55.8022517 ], [ 48.9998893, 55.8022801 ], [ 48.9992934, 55.8023051 ], [ 48.9986097, 55.8023197 ], [ 48.9944249, 55.8023064 ], [ 48.9924009, 55.802299 ], [ 48.9901078, 55.802279 ], [ 48.9878051, 55.8022611 ], [ 48.9868175, 55.8022385 ], [ 48.9862035, 55.8022137 ], [ 48.985537, 55.8021576 ], [ 48.9849554, 55.8020885 ], [ 48.984386, 55.8019967 ], [ 48.9835381, 55.8018354 ], [ 48.9826807, 55.8016548 ], [ 48.9818688, 55.8014756 ], [ 48.981463, 55.8013925 ], [ 48.9810581, 55.8013271 ], [ 48.9805926, 55.8012659 ], [ 48.9800169, 55.8012027 ], [ 48.9794373, 55.8011615 ], [ 48.9790061, 55.8011392 ], [ 48.9786085, 55.8011285 ], [ 48.9782082, 55.801128 ], [ 48.9777777, 55.8011361 ], [ 48.9772071, 55.8011662 ], [ 48.9767187, 55.8012049 ], [ 48.976228, 55.8012553 ], [ 48.9753005, 55.8013668 ], [ 48.9729608, 55.8016553 ], [ 48.9712097, 55.8018649 ], [ 48.9698143, 55.8020417 ], [ 48.9695163, 55.8020815 ], [ 48.9683157, 55.802242 ], [ 48.9677334, 55.8023281 ], [ 48.9671494, 55.8024237 ], [ 48.9666689, 55.8025187 ], [ 48.9659283, 55.8026856 ], [ 48.9655664, 55.8027717 ], [ 48.954764, 55.8054064 ], [ 48.953292, 55.8057654 ], [ 48.9515872, 55.8061815 ], [ 48.9471216, 55.8072713 ], [ 48.9460468, 55.8075239 ], [ 48.9457775, 55.8075994 ], [ 48.9454731, 55.8076922 ], [ 48.9452264, 55.8077773 ], [ 48.9449548, 55.8078848 ], [ 48.9446875, 55.8080067 ], [ 48.944411, 55.8081534 ], [ 48.9441819, 55.8082974 ], [ 48.9439866, 55.8084354 ], [ 48.9438061, 55.8085852 ], [ 48.9436061, 55.8087811 ], [ 48.9434763, 55.8089553 ], [ 48.9433466, 55.8091543 ], [ 48.9432522, 55.8093238 ], [ 48.9431834, 55.8094775 ], [ 48.9431332, 55.8096635 ], [ 48.9431007, 55.8098084 ], [ 48.9430846, 55.809987 ], [ 48.943079, 55.8103113 ], [ 48.9431583, 55.8108075 ], [ 48.9434133, 55.812597 ], [ 48.9436989, 55.8144621 ], [ 48.9437753, 55.8150097 ], [ 48.9438081, 55.815283 ], [ 48.9438142, 55.8155619 ], [ 48.9438011, 55.8157783 ], [ 48.9437753, 55.815913 ], [ 48.9437413, 55.8160386 ], [ 48.9436747, 55.8162235 ], [ 48.9436184, 55.8163455 ], [ 48.9435215, 55.8165051 ], [ 48.9433689, 55.8167057 ], [ 48.9431883, 55.8169039 ], [ 48.9429948, 55.8170726 ], [ 48.9427634, 55.8172503 ], [ 48.9425629, 55.8173808 ], [ 48.9423487, 55.8175045 ], [ 48.9421231, 55.8176151 ], [ 48.9418493, 55.8177345 ], [ 48.9416014, 55.8178261 ], [ 48.9413223, 55.8179165 ], [ 48.9409586, 55.8180152 ], [ 48.9405132, 55.8181111 ], [ 48.9401972, 55.8181599 ], [ 48.9398781, 55.8181969 ], [ 48.939732719042404, 55.818208984792101 ] ], [ [ 48.9460952, 55.8625211 ], [ 48.9453682, 55.8626333 ], [ 48.9448925, 55.8626311 ], [ 48.9407173, 55.8620789 ] ], [ [ 48.9422733, 55.8874564 ], [ 48.9416684, 55.8873481 ], [ 48.941392, 55.8872971 ] ], [ [ 48.9422733, 55.8874564 ], [ 48.9429492, 55.8875317 ], [ 48.9432067, 55.8875392 ], [ 48.943947, 55.8875557 ], [ 48.9442769, 55.8875888 ], [ 48.9470315, 55.8880762 ], [ 48.9473016, 55.8881412 ], [ 48.9475197, 55.8882025 ], [ 48.9482734, 55.8884643 ], [ 48.9488053, 55.8886011 ] ], [ [ 48.9429243, 55.8875705 ], [ 48.9422733, 55.8874564 ] ], [ [ 48.9482293, 55.8885002 ], [ 48.9471948, 55.8883189 ], [ 48.9469245, 55.8882715 ], [ 48.9443479, 55.88782 ], [ 48.943828, 55.8877289 ], [ 48.9429243, 55.8875705 ] ], [ [ 48.9482293, 55.8885002 ], [ 48.9478147, 55.8884552 ], [ 48.9473855, 55.8884206 ], [ 48.9471535, 55.8883942 ], [ 48.9468813, 55.88835 ], [ 48.9443037, 55.8878897 ], [ 48.9439416, 55.8878235 ], [ 48.9437887, 55.8877874 ], [ 48.9429243, 55.8875705 ] ], [ [ 49.0289708, 55.8379748 ], [ 49.0281444, 55.8378853 ], [ 49.025587, 55.8376059 ], [ 49.0229548, 55.8373341 ], [ 49.0201957, 55.8370378 ], [ 49.0159911, 55.8365897 ], [ 49.0084387, 55.835792 ], [ 49.0028878, 55.8352089 ], [ 48.9961499, 55.8344916 ], [ 48.9904099, 55.8338953 ], [ 48.9835653, 55.8331773 ], [ 48.9826711, 55.8330758 ], [ 48.980731, 55.8328649 ], [ 48.9791292, 55.8326908 ], [ 48.9772165, 55.8324837 ], [ 48.9721106, 55.8319466 ], [ 48.9674398, 55.8314473 ], [ 48.9627798, 55.8309594 ], [ 48.9594351, 55.830606 ], [ 48.9563988, 55.8302721 ], [ 48.9555057, 55.8301676 ], [ 48.9546693, 55.8300062 ], [ 48.9538491, 55.8298014 ], [ 48.9531079, 55.8295823 ], [ 48.952376, 55.8293102 ], [ 48.9517002, 55.8290188 ], [ 48.9510382, 55.8286953 ], [ 48.9504726, 55.828334 ], [ 48.9499171, 55.8279488 ], [ 48.9494499, 55.8275415 ], [ 48.9484372, 55.8265741 ], [ 48.9466721, 55.824942 ], [ 48.9449309, 55.8232726 ], [ 48.9440713, 55.8224526 ] ], [ [ 48.9455717, 55.86864 ], [ 48.9473373, 55.8686519 ], [ 48.9491348, 55.8686759 ], [ 48.9491779, 55.8686765 ], [ 48.9527009, 55.8686844 ] ], [ [ 48.9460952, 55.8625211 ], [ 48.9469307, 55.8623177 ], [ 48.9543389, 55.8612568 ], [ 48.9561592, 55.8610559 ], [ 48.9566727, 55.8610687 ], [ 48.9611987, 55.8610603 ] ], [ [ 48.963804, 55.8698599 ], [ 48.9629672, 55.8701917 ], [ 48.9622889, 55.8705849 ], [ 48.9618131, 55.8710167 ], [ 48.9616197, 55.8712369 ], [ 48.9613709, 55.8717048 ], [ 48.9610603, 55.8730589 ], [ 48.9607456, 55.8737089 ], [ 48.960539, 55.8739843 ], [ 48.9602685, 55.8742357 ], [ 48.9592863, 55.8748322 ], [ 48.9589802, 55.8749486 ], [ 48.9580251, 55.8752039 ], [ 48.9571749, 55.8753018 ], [ 48.956021, 55.875316 ], [ 48.9498076, 55.8753928 ], [ 48.9469553, 55.875428 ], [ 48.946493, 55.8755051 ] ], [ [ 48.9663185, 55.8614796 ], [ 48.9646645, 55.8614304 ], [ 48.9627593, 55.8614676 ], [ 48.9612658, 55.8616861 ], [ 48.9605371, 55.8618071 ], [ 48.9597982, 55.8619069 ], [ 48.959387, 55.8619446 ], [ 48.9588295, 55.8619685 ], [ 48.9572035, 55.8619517 ], [ 48.9506755, 55.8619912 ], [ 48.9493953, 55.8621412 ], [ 48.9476448, 55.8625277 ] ], [ [ 48.9476448, 55.8625277 ], [ 48.9480588, 55.8624916 ], [ 48.9486033, 55.8624675 ], [ 48.9497593, 55.862457 ], [ 48.9506686, 55.8625247 ], [ 48.9564614, 55.8625271 ] ], [ [ 48.9488053, 55.8886011 ], [ 48.9482293, 55.8885002 ] ], [ [ 48.9520105, 55.8888504 ], [ 48.951374, 55.8888885 ], [ 48.9511038, 55.888888 ], [ 48.9506856, 55.8888708 ], [ 48.9502287, 55.8888313 ], [ 48.9498057, 55.8887738 ], [ 48.9488053, 55.8886011 ] ], [ [ 48.9492845, 55.8795597 ], [ 48.9553655, 55.8797348 ] ], [ [ 48.9564469, 55.8797144 ], [ 48.949298, 55.8794912 ] ], [ [ 48.9520105, 55.8888504 ], [ 48.9527525, 55.8887585 ] ], [ [ 48.9526126, 55.8888148 ], [ 48.9520105, 55.8888504 ] ], [ [ 48.9595601, 55.8884071 ], [ 48.9587662, 55.8884959 ], [ 48.9583826, 55.8885199 ], [ 48.9538872, 55.8887862 ], [ 48.9533427, 55.8888163 ], [ 48.9526126, 55.8888148 ] ], [ [ 48.9595601, 55.8884071 ], [ 48.9583767, 55.8884724 ], [ 48.9538794, 55.8887399 ], [ 48.9526126, 55.8888148 ] ], [ [ 48.9527525, 55.8887585 ], [ 48.9536431, 55.8886433 ], [ 48.9538604, 55.8886282 ], [ 48.9583638, 55.8883695 ], [ 48.9586025, 55.8883635 ], [ 48.9593588, 55.8883673 ] ], [ [ 48.9527525, 55.8887585 ], [ 48.9538708, 55.8886895 ], [ 48.9583705, 55.8884233 ], [ 48.9593588, 55.8883673 ] ], [ [ 48.9553655, 55.8797348 ], [ 48.9569262, 55.8797855 ] ], [ [ 48.9553655, 55.8797348 ], [ 48.9564469, 55.8797144 ] ], [ [ 48.962441, 55.8741271 ], [ 48.962992, 55.8755961 ], [ 48.9630576, 55.875864 ], [ 48.9630938, 55.8761862 ], [ 48.9630305, 55.8765464 ], [ 48.9628514, 55.8768764 ], [ 48.9625602, 55.8772186 ], [ 48.9622617, 55.8774858 ], [ 48.9612104, 55.878236 ], [ 48.9603383, 55.878862 ], [ 48.9598969, 55.8791437 ], [ 48.9593427, 55.8793716 ], [ 48.9589233, 55.8795053 ], [ 48.9584364, 55.8796181 ], [ 48.9578093, 55.8796931 ], [ 48.957168, 55.87973 ], [ 48.9564469, 55.8797144 ] ], [ [ 48.9593588, 55.8883673 ], [ 48.9601658, 55.888369 ] ], [ [ 48.9601658, 55.888369 ], [ 48.9595601, 55.8884071 ] ], [ [ 48.9650542, 55.879843 ], [ 48.9649326, 55.8801617 ], [ 48.9648762, 55.8803332 ], [ 48.9648011, 55.8804852 ], [ 48.9647144, 55.8806209 ], [ 48.9646241, 55.8807455 ], [ 48.9644819, 55.8808854 ], [ 48.9642608, 55.8810496 ], [ 48.9634791, 55.8815408 ], [ 48.9633259, 55.8816737 ], [ 48.9631972, 55.8818046 ], [ 48.9630747, 55.881962 ], [ 48.9629638, 55.8821371 ], [ 48.9629048, 55.8823011 ], [ 48.9628555, 55.8825395 ], [ 48.9628029, 55.8835357 ], [ 48.9628002, 55.8837122 ], [ 48.9628163, 55.8838807 ], [ 48.9628538, 55.8840913 ], [ 48.962937, 55.8843561 ], [ 48.9630276, 55.8845609 ], [ 48.9638127, 55.8860022 ], [ 48.9638932, 55.8861756 ], [ 48.9639375, 55.8863207 ], [ 48.9639549, 55.8864565 ], [ 48.9639442, 55.8866058 ], [ 48.9639093, 55.8867825 ], [ 48.9638518, 55.8869552 ], [ 48.9637864, 55.8870819 ], [ 48.9637041, 55.8872158 ], [ 48.963577, 55.8873746 ], [ 48.9633688, 55.8875753 ], [ 48.9631274, 55.8877483 ], [ 48.9628297, 55.8879002 ], [ 48.9625349, 55.8880272 ], [ 48.9622128, 55.8881318 ], [ 48.9618507, 55.8882236 ], [ 48.9614725, 55.8882838 ], [ 48.9610655, 55.8883186 ], [ 48.9606911, 55.8883412 ], [ 48.9601658, 55.888369 ] ], [ [ 48.9611987, 55.8610603 ], [ 48.96177, 55.8610661 ] ], [ [ 48.9611987, 55.8610603 ], [ 48.9620043, 55.8608423 ], [ 48.9624703, 55.8607109 ], [ 48.9630182, 55.860401 ], [ 48.9636588, 55.8598759 ], [ 48.9642553, 55.8593516 ], [ 48.9652458, 55.85896 ], [ 48.9664388, 55.8587389 ], [ 48.967777, 55.8586703 ] ], [ [ 48.96177, 55.8610661 ], [ 48.964028, 55.8604272 ], [ 48.9653557, 55.8603801 ], [ 48.9655838, 55.8603828 ], [ 48.9677113, 55.8603783 ] ], [ [ 48.96177, 55.8610661 ], [ 48.9635506, 55.8610551 ] ], [ [ 48.962441, 55.8741271 ], [ 48.9634831, 55.8758892 ], [ 48.9638853, 55.8765945 ] ], [ [ 48.963804, 55.8698599 ], [ 48.9629401, 55.8702957 ], [ 48.9625376, 55.8705418 ], [ 48.9622121, 55.870831 ], [ 48.9618726, 55.8712495 ], [ 48.9617011, 55.8715439 ], [ 48.9616034, 55.8718588 ], [ 48.9615655, 55.8721401 ], [ 48.9616034, 55.8724067 ], [ 48.9617373, 55.8728707 ], [ 48.9619387, 55.8732309 ], [ 48.962441, 55.8741271 ] ], [ [ 48.9635506, 55.8610551 ], [ 48.9640027, 55.8610597 ], [ 48.9643357, 55.861051 ], [ 48.9647092, 55.861012 ], [ 48.9650663, 55.8609472 ], [ 48.9658127, 55.8607881 ], [ 48.9660515, 55.8607406 ], [ 48.9663548, 55.8606981 ], [ 48.9666266, 55.8606785 ], [ 48.9719314, 55.8606905 ], [ 48.9724564, 55.8606634 ], [ 48.9730223, 55.8606022 ], [ 48.9735618, 55.8605295 ], [ 48.9738341, 55.8605019 ], [ 48.9757245, 55.860505 ] ], [ [ 48.9635506, 55.8610551 ], [ 48.9638147, 55.8610753 ], [ 48.9641723, 55.8611202 ], [ 48.964536, 55.8611964 ], [ 48.9650786, 55.8613019 ], [ 48.9655002, 55.8613361 ], [ 48.9662077, 55.8613834 ], [ 48.9673105, 55.861424 ] ], [ [ 48.9671036, 55.867726 ], [ 48.9664625, 55.8683707 ], [ 48.9659821, 55.8687671 ], [ 48.9656542, 55.8689701 ], [ 48.9645697, 55.8695202 ], [ 48.963804, 55.8698599 ] ], [ [ 48.9638853, 55.8765945 ], [ 48.9642751, 55.8770789 ], [ 48.964639, 55.8774171 ], [ 48.964982, 55.8776291 ], [ 48.9653091, 55.8777815 ], [ 48.9656107, 55.8778965 ], [ 48.9658837, 55.8779792 ], [ 48.9662202, 55.8780573 ], [ 48.9664561, 55.8781005 ], [ 48.9667101, 55.8781241 ], [ 48.9695386, 55.8781324 ] ], [ [ 48.9638853, 55.8765945 ], [ 48.964879, 55.878325 ], [ 48.9649942, 55.8785488 ], [ 48.9650736, 55.8787621 ], [ 48.9651176, 55.8789837 ], [ 48.965131, 55.8791883 ], [ 48.9651306, 55.8793668 ] ], [ [ 48.9647034, 55.8836368 ], [ 48.9647019, 55.8822177 ], [ 48.9647207, 55.8819385 ], [ 48.9648108, 55.881334 ] ], [ [ 48.9648108, 55.881334 ], [ 48.9648172, 55.88194 ], [ 48.9648201, 55.8822175 ], [ 48.9648092, 55.8836385 ] ], [ [ 48.9648108, 55.881334 ], [ 48.9648982, 55.8807632 ], [ 48.9650023, 55.8801617 ], [ 48.9650542, 55.879843 ] ], [ [ 48.9651306, 55.8793668 ], [ 48.9650828, 55.8796592 ], [ 48.9650542, 55.879843 ] ], [ [ 48.965131, 55.8815398 ], [ 48.965123, 55.8822173 ], [ 48.9651247, 55.883174 ] ], [ [ 48.9651306, 55.8793668 ], [ 48.9651223, 55.880428 ], [ 48.965131, 55.8815398 ] ], [ [ 48.965131, 55.8815398 ], [ 48.9651659, 55.881776 ], [ 48.9652303, 55.8820363 ], [ 48.9652464, 55.8822171 ], [ 48.9652383, 55.8831796 ] ], [ [ 48.9663185, 55.8614796 ], [ 48.9675863, 55.861527 ] ], [ [ 48.9673105, 55.861424 ], [ 48.9663185, 55.8614796 ] ], [ [ 48.9671036, 55.867726 ], [ 48.965705, 55.8696477 ], [ 48.9661071, 55.8712468 ], [ 48.96651, 55.8722631 ], [ 48.9678913, 55.8746637 ] ], [ [ 48.9675863, 55.861527 ], [ 48.9680314, 55.8615809 ], [ 48.9684369, 55.8616763 ], [ 48.9687676, 55.8617842 ], [ 48.9690976, 55.8619356 ], [ 48.9693775, 55.8620981 ], [ 48.9695814, 55.8622724 ], [ 48.9697786, 55.8624847 ], [ 48.9699399, 55.8627465 ], [ 48.970036, 55.8630308 ], [ 48.9700297, 55.86349 ], [ 48.9699356, 55.863752 ], [ 48.9694431, 55.8644355 ], [ 48.9674804, 55.8671836 ], [ 48.9671036, 55.867726 ] ], [ [ 48.9840211, 55.8613912 ], [ 48.9673105, 55.861424 ] ], [ [ 48.9675863, 55.861527 ], [ 48.9680753, 55.8615367 ] ], [ [ 48.967777, 55.8586703 ], [ 48.9688261, 55.8588075 ], [ 48.9696275, 55.8589365 ], [ 48.9700669, 55.8589972 ], [ 48.9707342, 55.859037 ], [ 48.9733407, 55.8590631 ] ], [ [ 48.967777, 55.8586703 ], [ 48.9686561, 55.8586252 ], [ 48.9741067, 55.8582745 ], [ 48.9748919, 55.8582502 ], [ 48.9756292, 55.8582502 ], [ 48.9757131, 55.8582502 ], [ 48.9763398, 55.8583472 ], [ 48.9767864, 55.8584685 ], [ 48.9774982, 55.8587957 ], [ 48.9780816, 55.8589211 ], [ 48.981907, 55.8589564 ] ], [ [ 48.9680753, 55.8615367 ], [ 48.9685152, 55.8615766 ], [ 48.968853, 55.8616246 ], [ 48.9692119, 55.861714 ], [ 48.9695127, 55.861829 ], [ 48.9697999, 55.8619784 ], [ 48.9702079, 55.862255 ] ], [ [ 48.9852941, 55.8614481 ], [ 48.9843974, 55.8614928 ], [ 48.9837391, 55.8614928 ], [ 48.9832421, 55.8614928 ], [ 48.9780759, 55.861483 ], [ 48.9734461, 55.8614806 ], [ 48.9703159, 55.8614683 ], [ 48.9695006, 55.8614953 ], [ 48.9688205, 55.8615246 ], [ 48.9680753, 55.8615367 ] ], [ [ 48.9702079, 55.862255 ], [ 48.9706287, 55.8625336 ], [ 48.9709644, 55.8627098 ], [ 48.97145, 55.8628753 ], [ 48.9720543, 55.8630058 ], [ 48.9725339, 55.8630547 ], [ 48.9730981, 55.8630716 ], [ 48.9775426, 55.8630541 ] ], [ [ 48.9702079, 55.862255 ], [ 48.9707072, 55.8627049 ], [ 48.971069, 55.8630376 ], [ 48.9717161, 55.8635963 ], [ 48.971954, 55.8638596 ], [ 48.9721066, 55.8641092 ], [ 48.9723282, 55.8645522 ] ], [ [ 48.9723282, 55.8645522 ], [ 48.9726251, 55.8649089 ], [ 48.9728987, 55.8651196 ], [ 48.9731616, 55.8652792 ], [ 48.9734566, 55.8654116 ], [ 48.973757, 55.865529 ], [ 48.974154, 55.8656314 ], [ 48.9745241, 55.8657036 ], [ 48.9748996, 55.8657518 ], [ 48.9753342, 55.8657698 ], [ 48.9757258, 55.8657909 ], [ 48.9771527, 55.8657909 ] ], [ [ 48.9723282, 55.8645522 ], [ 48.9725862, 55.8650054 ], [ 48.9731801, 55.8663942 ], [ 48.9734487, 55.866982 ] ], [ [ 48.9734487, 55.866982 ], [ 48.9738693, 55.8674141 ], [ 48.974509, 55.8680153 ] ], [ [ 48.9734487, 55.866982 ], [ 48.9736024, 55.8673182 ] ], [ [ 48.9757942, 55.869011 ], [ 48.9750127, 55.8685536 ], [ 48.9743011, 55.8681499 ], [ 48.9739973, 55.8678358 ], [ 48.9736024, 55.8673182 ] ], [ [ 48.9736024, 55.8673182 ], [ 48.9739476, 55.8680737 ] ], [ [ 48.9739476, 55.8680737 ], [ 48.9742586, 55.8683886 ], [ 48.974646, 55.8686576 ], [ 48.9749345, 55.8688295 ], [ 48.9753016, 55.8689581 ], [ 48.9759444, 55.8691395 ], [ 48.9767149, 55.8692311 ], [ 48.9774771, 55.8693085 ], [ 48.9784933, 55.8693109 ], [ 48.9793207, 55.8693652 ], [ 48.9805001, 55.8693788 ], [ 48.9809802, 55.8694277 ], [ 48.9817682, 55.8696008 ], [ 48.9830168, 55.8697485 ], [ 48.984908, 55.8697792 ], [ 48.9855427, 55.8697957 ], [ 48.9866289, 55.8698002 ], [ 48.9872566, 55.8698077 ] ], [ [ 48.9739476, 55.8680737 ], [ 48.9740663, 55.8683333 ] ], [ [ 48.9740663, 55.8683333 ], [ 48.9742508, 55.8686168 ] ], [ [ 48.9740663, 55.8683333 ], [ 48.9746794, 55.8696164 ], [ 48.9752214, 55.870885 ], [ 48.9753557, 55.8714792 ] ], [ [ 48.9742508, 55.8686168 ], [ 48.9746234, 55.8689951 ], [ 48.9750338, 55.8692629 ], [ 48.9754696, 55.8694796 ], [ 48.9766161, 55.869767 ] ], [ [ 48.9742508, 55.8686168 ], [ 48.9743471, 55.8688145 ], [ 48.975058, 55.8695076 ], [ 48.9753109, 55.8697781 ], [ 48.9757464, 55.8705979 ] ], [ [ 48.9753557, 55.8714792 ], [ 48.9755326, 55.8718483 ], [ 48.9757483, 55.872129 ], [ 48.9761686, 55.8724697 ], [ 48.976963, 55.8728308 ], [ 48.9775147, 55.8729323 ], [ 48.9780262, 55.872974 ], [ 48.9788529, 55.8729797 ], [ 48.9793248, 55.8729815 ], [ 48.9796592, 55.87298 ] ], [ [ 48.9753557, 55.8714792 ], [ 48.9754106, 55.8718224 ], [ 48.9756296, 55.8728331 ] ], [ [ 48.9756296, 55.8728331 ], [ 48.9759799, 55.8733441 ], [ 48.9765055, 55.8737157 ], [ 48.9772436, 55.8740059 ] ], [ [ 48.9756296, 55.8728331 ], [ 48.9756487, 55.8733779 ], [ 48.97575, 55.8738748 ] ], [ [ 48.97575, 55.8738748 ], [ 48.9760584, 55.8742425 ], [ 48.9762761, 55.8746269 ], [ 48.9766404, 55.8749497 ], [ 48.9770411, 55.8751211 ], [ 48.9774014, 55.8752383 ], [ 48.9778843, 55.8753279 ], [ 48.9784429, 55.8753846 ], [ 48.9792152, 55.8753758 ] ], [ [ 48.97575, 55.8738748 ], [ 48.9758194, 55.8741646 ] ], [ [ 48.9796723, 55.8755695 ], [ 48.9784223, 55.8755542 ], [ 48.977417, 55.8754235 ], [ 48.9769891, 55.8752973 ], [ 48.976657, 55.875129 ], [ 48.9763319, 55.8749242 ], [ 48.9761067, 55.8746939 ], [ 48.9758194, 55.8741646 ] ], [ [ 48.9758194, 55.8741646 ], [ 48.975994, 55.8749874 ], [ 48.9762293, 55.875655 ] ], [ [ 48.9762293, 55.875655 ], [ 48.9764527, 55.8760587 ], [ 48.9766999, 55.8763496 ], [ 48.9769756, 55.8766094 ], [ 48.9772117, 55.8767584 ], [ 48.9774334, 55.8768789 ], [ 48.977812, 55.8770337 ], [ 48.9787379, 55.8772684 ], [ 48.980017, 55.8776147 ], [ 48.9805698, 55.8776701 ], [ 48.9809433, 55.8776968 ], [ 48.9849487, 55.8777137 ], [ 48.989912, 55.8776898 ], [ 48.9911948, 55.8778237 ], [ 48.9920476, 55.8778919 ], [ 48.9934027, 55.8780084 ], [ 48.9940361, 55.8779988 ], [ 48.9960194, 55.8779906 ], [ 48.9980739, 55.8779891 ] ], [ [ 48.9762293, 55.875655 ], [ 48.9765663, 55.8767087 ], [ 48.9769195, 55.8780094 ], [ 48.9770734, 55.8801534 ] ], [ [ 48.9835979, 55.8635073 ], [ 48.9804352, 55.8634126 ], [ 48.9787019, 55.8631726 ], [ 48.9775426, 55.8630541 ] ], [ [ 48.9775426, 55.8630541 ], [ 48.9843064, 55.86305 ], [ 48.9854315, 55.8630904 ] ], [ [ 48.9796723, 55.8755695 ], [ 48.983295, 55.8755757 ] ], [ [ 48.9859547, 55.8757602 ], [ 48.9849007, 55.8757548 ], [ 48.9812182, 55.8757574 ], [ 48.9796723, 55.8755695 ] ], [ [ 48.9852941, 55.8614481 ], [ 48.9846705, 55.8614424 ], [ 48.9840211, 55.8613912 ] ], [ [ 48.9882748, 55.8613689 ], [ 48.9840211, 55.8613912 ] ], [ [ 48.9859895, 55.8614453 ], [ 48.9852941, 55.8614481 ] ], [ [ 48.9854315, 55.8630904 ], [ 48.9922817, 55.8631083 ] ], [ [ 48.9854315, 55.8630904 ], [ 48.9860094, 55.863143 ], [ 48.9863951, 55.8632151 ], [ 48.9869932, 55.863327 ], [ 48.9877741, 55.8634409 ], [ 48.9908174, 55.8634104 ] ], [ [ 48.9877527, 55.8757671 ], [ 48.9859547, 55.8757602 ] ], [ [ 48.9859547, 55.8757602 ], [ 48.9869956, 55.8756266 ], [ 48.9876235, 55.8755882 ], [ 48.989441, 55.8755888 ] ], [ [ 48.9882748, 55.8613689 ], [ 48.9870291, 55.8614453 ], [ 48.9859895, 55.8614453 ] ], [ [ 48.9859895, 55.8614453 ], [ 48.9866513, 55.8614928 ], [ 48.9870654, 55.8615075 ], [ 48.9878196, 55.861505 ] ], [ [ 48.9907301, 55.8758043 ], [ 48.9899156, 55.8758146 ], [ 48.9888423, 55.8757691 ], [ 48.9877527, 55.8757671 ] ], [ [ 48.9877527, 55.8757671 ], [ 48.9885708, 55.8758284 ], [ 48.9899308, 55.8759128 ], [ 48.9906093, 55.8759473 ], [ 48.9911932, 55.8759639 ], [ 48.9917547, 55.8759744 ], [ 48.9920738, 55.8759984 ], [ 48.9925996, 55.8760451 ], [ 48.9955419, 55.8760571 ], [ 48.9970822, 55.8760808 ] ], [ [ 49.0303796, 55.838221 ], [ 49.0298185, 55.8381615 ], [ 49.026491, 55.8378086 ], [ 49.0256562, 55.8377279 ], [ 49.0250654, 55.8377022 ], [ 49.0246025, 55.8377035 ], [ 49.0240392, 55.8377365 ], [ 49.0235509, 55.8378048 ], [ 49.0228929, 55.8379378 ], [ 49.0223915, 55.8380842 ], [ 49.0219762, 55.8382545 ], [ 49.021426, 55.8385314 ], [ 49.0210634, 55.8387642 ], [ 49.0208256, 55.8389943 ], [ 49.0207703, 55.8390572 ], [ 49.0179656, 55.8422483 ], [ 49.0150199, 55.8456638 ], [ 49.0134384, 55.8474973 ], [ 49.0108619, 55.8504937 ], [ 49.0082865, 55.8534661 ], [ 49.0072042, 55.8546528 ], [ 49.00666, 55.8551298 ], [ 49.005781, 55.8558122 ], [ 49.005042, 55.8563715 ], [ 49.0030495, 55.8578236 ], [ 49.0021565, 55.858503 ], [ 49.0006643, 55.8596277 ], [ 49.0000826, 55.8600294 ], [ 48.9993979, 55.8603888 ], [ 48.9988038, 55.8606451 ], [ 48.998196, 55.8608588 ], [ 48.9974646, 55.8610672 ], [ 48.9968111, 55.8612088 ], [ 48.9964224, 55.8612785 ], [ 48.995939, 55.8613475 ], [ 48.9955585, 55.8613732 ], [ 48.9950726, 55.8613933 ], [ 48.9882748, 55.8613689 ] ], [ [ 48.9907301, 55.8758043 ], [ 48.9911908, 55.8757524 ], [ 48.9948175, 55.8757277 ], [ 48.99544, 55.8757908 ], [ 48.9956608, 55.8758395 ] ], [ [ 48.9956608, 55.8758395 ], [ 48.9948177, 55.8757758 ], [ 48.9938707, 55.8757708 ], [ 48.9911874, 55.8757773 ], [ 48.9907301, 55.8758043 ] ], [ [ 48.9922817, 55.8631083 ], [ 48.9967295, 55.8631199 ] ], [ [ 48.9922817, 55.8631083 ], [ 48.9931054, 55.8631875 ], [ 48.9942808, 55.8633715 ] ], [ [ 49.0015581, 55.802217 ], [ 48.999918, 55.8023696 ], [ 48.9993005, 55.8024232 ], [ 48.9988424, 55.8024501 ], [ 48.9984168, 55.8024622 ], [ 48.9944415, 55.8024481 ] ], [ [ 48.9970822, 55.8760808 ], [ 48.9964726, 55.8759774 ], [ 48.9956608, 55.8758395 ] ], [ [ 48.9970822, 55.8760808 ], [ 48.998259, 55.8760812 ] ], [ [ 49.0028802, 55.8020925 ], [ 49.0024556, 55.8021315 ], [ 49.0022538, 55.8021514 ], [ 49.0015581, 55.802217 ] ], [ [ 49.0026745, 55.8022398 ], [ 49.0025814, 55.8022282 ], [ 49.0024663, 55.8022138 ], [ 49.0023387, 55.8022049 ], [ 49.0021375, 55.8021961 ], [ 49.0019341, 55.8021966 ], [ 49.0015581, 55.802217 ] ], [ [ 49.0196889, 55.8013847 ], [ 49.0177347, 55.8013741 ], [ 49.0160825, 55.8013581 ], [ 49.0144451, 55.8013483 ], [ 49.0135617, 55.801337 ], [ 49.012561, 55.8013268 ], [ 49.0117571, 55.8013272 ], [ 49.0111979, 55.8013348 ], [ 49.0107785, 55.8013481 ], [ 49.0100736, 55.8013845 ], [ 49.0096391, 55.8014104 ], [ 49.0091403, 55.8014542 ], [ 49.0083216, 55.8015356 ], [ 49.0066785, 55.8016889 ], [ 49.0051088, 55.8018394 ], [ 49.0028635, 55.8020458 ], [ 49.0024388, 55.8020787 ], [ 49.0022358, 55.8020948 ], [ 49.001818, 55.8021335 ] ], [ [ 49.001818, 55.8021335 ], [ 49.0022412, 55.8021118 ], [ 49.0024463, 55.8021021 ], [ 49.0028802, 55.8020925 ] ], [ [ 49.004561, 55.8024165 ], [ 49.0041827, 55.8023807 ], [ 49.0034949, 55.8023172 ], [ 49.0026745, 55.8022398 ] ], [ [ 49.0026745, 55.8022398 ], [ 49.0032753, 55.8023362 ] ], [ [ 49.0028802, 55.8020925 ], [ 49.0034739, 55.8020403 ] ], [ [ 49.0028802, 55.8020925 ], [ 49.0034532, 55.802079 ] ], [ [ 49.0032753, 55.8023362 ], [ 49.0036878, 55.8023996 ], [ 49.0041781, 55.8024757 ] ], [ [ 49.0122968, 55.8032087 ], [ 49.0070914, 55.8032314 ], [ 49.0066352, 55.8032195 ], [ 49.0063155, 55.8031957 ], [ 49.0059749, 55.8031442 ], [ 49.0056525, 55.8030787 ], [ 49.005348, 55.8030055 ], [ 49.005108, 55.802937 ], [ 49.0048965, 55.802866 ], [ 49.0040256, 55.8025391 ], [ 49.0036646, 55.8024244 ], [ 49.0032753, 55.8023362 ] ], [ [ 49.0034532, 55.802079 ], [ 49.0040116, 55.8020893 ], [ 49.0044118, 55.8020903 ], [ 49.0047996, 55.8020815 ], [ 49.0051804, 55.8020605 ], [ 49.0055437, 55.8020367 ], [ 49.0059744, 55.8019963 ], [ 49.0067546, 55.8019164 ], [ 49.0083968, 55.8017699 ], [ 49.0092239, 55.801688 ], [ 49.009696, 55.8016506 ], [ 49.0101207, 55.8016169 ], [ 49.0107991, 55.8015844 ], [ 49.0112194, 55.8015704 ], [ 49.0117577, 55.8015654 ], [ 49.0125587, 55.8015801 ], [ 49.0135395, 55.8016101 ], [ 49.0139768, 55.8016141 ], [ 49.0144447, 55.8016168 ], [ 49.0149035, 55.8016021 ], [ 49.0153571, 55.8015784 ], [ 49.0160745, 55.8015454 ] ], [ [ 49.0034532, 55.802079 ], [ 49.0040058, 55.8020598 ], [ 49.0044058, 55.8020417 ], [ 49.0051538, 55.8019782 ], [ 49.0067253, 55.8018287 ], [ 49.0083667, 55.8016759 ], [ 49.0091888, 55.80159 ], [ 49.0096719, 55.8015489 ], [ 49.0101012, 55.8015208 ], [ 49.0107908, 55.8014895 ], [ 49.0112107, 55.8014752 ], [ 49.0117575, 55.8014727 ], [ 49.0125596, 55.8014844 ], [ 49.0135474, 55.8015127 ], [ 49.0144448, 55.801536 ], [ 49.015357, 55.8015503 ], [ 49.0157054, 55.8015501 ], [ 49.0160745, 55.8015454 ] ], [ [ 49.0034739, 55.8020403 ], [ 49.0039921, 55.8019891 ], [ 49.0051232, 55.8018839 ], [ 49.0066922, 55.80173 ], [ 49.0083344, 55.8015754 ], [ 49.0091566, 55.8014999 ], [ 49.0096508, 55.8014601 ], [ 49.0100832, 55.8014316 ], [ 49.0107829, 55.8013987 ], [ 49.0112026, 55.8013867 ], [ 49.0117572, 55.8013827 ], [ 49.0125605, 55.8013867 ], [ 49.0135564, 55.8014019 ], [ 49.014445, 55.8014215 ], [ 49.0160786, 55.8014497 ], [ 49.0168656, 55.8014692 ], [ 49.0175075, 55.8014789 ] ], [ [ 49.0168044, 55.8015124 ], [ 49.0160763, 55.8015031 ], [ 49.0144449, 55.8014758 ], [ 49.0135514, 55.8014637 ], [ 49.01256, 55.8014409 ], [ 49.0117574, 55.801442 ], [ 49.0112077, 55.8014419 ], [ 49.0107874, 55.8014498 ], [ 49.0100939, 55.8014845 ], [ 49.0096633, 55.8015128 ], [ 49.0091749, 55.8015511 ], [ 49.0083509, 55.8016269 ], [ 49.0067085, 55.8017785 ], [ 49.0051389, 55.8019323 ], [ 49.0044003, 55.8019964 ], [ 49.003998, 55.8020192 ], [ 49.0034739, 55.8020403 ] ], [ [ 49.0041781, 55.8024757 ], [ 49.0052466, 55.802636 ] ], [ [ 49.0041781, 55.8024757 ], [ 49.0045379, 55.8025522 ], [ 49.0049887, 55.8026411 ], [ 49.0052305, 55.8026832 ], [ 49.0068759, 55.8029429 ] ], [ [ 49.004561, 55.8024165 ], [ 49.0048371, 55.8024275 ], [ 49.0051188, 55.8024315 ], [ 49.0054605, 55.8024228 ], [ 49.0058493, 55.8024015 ], [ 49.0076414, 55.8022674 ], [ 49.0094046, 55.8021259 ] ], [ [ 49.0102615, 55.8021057 ], [ 49.009413, 55.8021637 ], [ 49.0058627, 55.8024499 ], [ 49.0054571, 55.8024633 ], [ 49.0051028, 55.8024597 ], [ 49.0048318, 55.8024403 ], [ 49.004561, 55.8024165 ] ], [ [ 49.0052466, 55.802636 ], [ 49.0057959, 55.8026787 ], [ 49.0061105, 55.8027069 ], [ 49.0065031, 55.8027321 ], [ 49.0067844, 55.8027342 ], [ 49.0070281, 55.8027268 ], [ 49.007402, 55.8027025 ], [ 49.012585, 55.8023258 ] ], [ [ 49.0052466, 55.802636 ], [ 49.0057832, 55.802712 ], [ 49.0060951, 55.8027459 ], [ 49.0064938, 55.8027726 ], [ 49.0067831, 55.802781 ], [ 49.0070282, 55.8027792 ], [ 49.0074102, 55.8027569 ], [ 49.0125832, 55.8023732 ] ], [ [ 49.0146932, 55.8026357 ], [ 49.0159024, 55.8020113 ], [ 49.0161907, 55.8018829 ], [ 49.0164247, 55.8018159 ], [ 49.0166729, 55.8017429 ], [ 49.0170002, 55.8016691 ], [ 49.0175307, 55.8015968 ], [ 49.0177465, 55.801577 ], [ 49.0181551, 55.8015572 ], [ 49.0187563, 55.8015301 ], [ 49.0192841, 55.8015284 ], [ 49.0197577, 55.8015166 ], [ 49.0207738, 55.8015057 ] ], [ [ 49.0160745, 55.8015454 ], [ 49.0168044, 55.8015124 ] ], [ [ 49.0168044, 55.8015124 ], [ 49.0175075, 55.8014789 ] ], [ [ 49.0175075, 55.8014789 ], [ 49.017732, 55.8014708 ], [ 49.0180509, 55.8014594 ] ], [ [ 49.0180509, 55.8014594 ], [ 49.0187741, 55.8014629 ], [ 49.0207738, 55.8015057 ] ], [ [ 49.0180509, 55.8014594 ], [ 49.0196889, 55.8013847 ] ], [ [ 49.0199004, 55.8013877 ], [ 49.0196889, 55.8013847 ] ], [ [ 49.095064, 55.7938699 ], [ 49.0958247, 55.7933021 ], [ 49.0952727, 55.7937879 ], [ 49.0947841, 55.794192 ], [ 49.0944259, 55.7944509 ], [ 49.094116, 55.7946458 ], [ 49.0937679, 55.7948356 ], [ 49.0934139, 55.795007 ], [ 49.0929894, 55.7951867 ], [ 49.0925512, 55.7953462 ], [ 49.0921427, 55.795472 ], [ 49.091671, 55.7955984 ], [ 49.0915346, 55.7956283 ], [ 49.0912704, 55.7956862 ], [ 49.0908669, 55.7957646 ], [ 49.0893553, 55.7960151 ], [ 49.0792472, 55.7977407 ], [ 49.0771559, 55.7980937 ], [ 49.0762688, 55.7982361 ], [ 49.0755519, 55.7983804 ], [ 49.0749495, 55.7985321 ], [ 49.0741784, 55.7987701 ], [ 49.0733654, 55.7990785 ], [ 49.0716793, 55.7997385 ], [ 49.0699995, 55.8003842 ], [ 49.0695254, 55.8005691 ], [ 49.0675491, 55.8013395 ], [ 49.0661055, 55.8018952 ], [ 49.0642486, 55.8026251 ], [ 49.0625511, 55.8032784 ], [ 49.0610623, 55.8038514 ], [ 49.0602389, 55.8041771 ], [ 49.0589581, 55.8046836 ], [ 49.0577012, 55.8051549 ], [ 49.056949, 55.805406 ], [ 49.0562399, 55.8056095 ], [ 49.0557763, 55.8057171 ], [ 49.0553494, 55.8057979 ], [ 49.0548741, 55.8058789 ], [ 49.0543642, 55.8059483 ], [ 49.0538307, 55.8060107 ], [ 49.0531971, 55.8060584 ], [ 49.0525093, 55.8060916 ], [ 49.0519129, 55.806089 ], [ 49.0513023, 55.8060748 ], [ 49.0504742, 55.8060211 ], [ 49.0464191, 55.8057454 ], [ 49.0455369, 55.8056668 ], [ 49.0447102, 55.8055726 ], [ 49.0438714, 55.8054466 ], [ 49.0430381, 55.8053027 ], [ 49.0411562, 55.804925 ], [ 49.0383665, 55.8043815 ], [ 49.0357672, 55.8038657 ], [ 49.0347974, 55.8036617 ], [ 49.0329212, 55.8032232 ], [ 49.0313738, 55.8028455 ], [ 49.0305191, 55.8026401 ], [ 49.029636, 55.8024504 ], [ 49.0278103, 55.8020765 ], [ 49.0261422, 55.8017484 ], [ 49.0253484, 55.8016192 ], [ 49.0245897, 55.8015243 ], [ 49.0239037, 55.8014649 ], [ 49.0234823, 55.8014448 ], [ 49.0230694, 55.8014309 ], [ 49.0225864, 55.8014257 ], [ 49.0199004, 55.8013877 ] ], [ [ 49.0211199, 55.8013506 ], [ 49.0199004, 55.8013877 ] ], [ [ 49.0203022, 55.8207577 ], [ 49.0199538, 55.8201966 ], [ 49.019982, 55.8192446 ] ], [ [ 49.019982, 55.8192446 ], [ 49.0199984, 55.8186897 ], [ 49.0200693, 55.8182413 ], [ 49.0200515, 55.8175163 ], [ 49.0200047, 55.8156079 ], [ 49.0202087, 55.8150277 ], [ 49.0206039, 55.8145549 ], [ 49.0209991, 55.8143042 ], [ 49.0217768, 55.8139747 ], [ 49.0232445, 55.8137191 ], [ 49.0246469, 55.8136922 ], [ 49.0257218, 55.813647 ], [ 49.0278422, 55.8135579 ], [ 49.0313402, 55.8133757 ], [ 49.0330486, 55.8130103 ], [ 49.0340517, 55.8126457 ], [ 49.034694, 55.8125544 ], [ 49.0353765, 55.8125189 ], [ 49.0392051, 55.8125017 ], [ 49.0409979, 55.8124233 ], [ 49.0418091, 55.812302 ], [ 49.0428545, 55.8120083 ], [ 49.0434517, 55.8116929 ], [ 49.0441935, 55.8112627 ], [ 49.0445922, 55.8110072 ], [ 49.0449033, 55.8107562 ], [ 49.0451266, 55.8104515 ], [ 49.0456138, 55.8091689 ] ], [ [ 49.019982, 55.8192446 ], [ 49.0211908, 55.8186078 ], [ 49.0214789, 55.8185269 ], [ 49.0223892, 55.8182711 ], [ 49.0241613, 55.8181852 ], [ 49.0275943, 55.8179652 ], [ 49.0342203, 55.8175405 ] ], [ [ 49.0254223, 55.8295498 ], [ 49.0242421, 55.8283307 ], [ 49.0238051, 55.8278156 ], [ 49.0237789, 55.8277878 ], [ 49.0236228, 55.8276222 ], [ 49.0236, 55.827598 ], [ 49.0235809, 55.8275623 ], [ 49.0233743, 55.8271839 ], [ 49.0233395, 55.8271243 ], [ 49.0232872, 55.8270243 ], [ 49.0232347, 55.8269235 ], [ 49.0224759, 55.8252115 ], [ 49.0221682, 55.8245266 ], [ 49.0213975, 55.8229876 ], [ 49.0211055, 55.822319 ], [ 49.0207034, 55.8213187 ], [ 49.020496, 55.8210697 ], [ 49.0203022, 55.8207577 ] ], [ [ 49.0203022, 55.8207577 ], [ 49.0201743, 55.8200898 ], [ 49.020207, 55.8196974 ], [ 49.020442, 55.8195067 ], [ 49.0207553, 55.8193087 ], [ 49.0211143, 55.8191804 ], [ 49.021408, 55.819129 ], [ 49.0216613, 55.8191294 ], [ 49.0236927, 55.8191327 ] ], [ [ 49.0207738, 55.8015057 ], [ 49.0210054, 55.8015137 ] ], [ [ 49.0210054, 55.8015137 ], [ 49.0215567, 55.8015222 ], [ 49.0218497, 55.8015324 ], [ 49.0222527, 55.8015568 ], [ 49.0226859, 55.8015945 ], [ 49.0230816, 55.8016433 ], [ 49.0233672, 55.8016895 ], [ 49.0236756, 55.8017559 ], [ 49.0240314, 55.801856 ], [ 49.0243932, 55.8019985 ], [ 49.0246161, 55.8020983 ], [ 49.0248623, 55.8022341 ], [ 49.0249942, 55.8023112 ], [ 49.0251609, 55.802412 ], [ 49.0255074, 55.8026095 ] ], [ [ 49.0230257, 55.8017089 ], [ 49.0226443, 55.8016535 ], [ 49.0222318, 55.8016133 ], [ 49.0218351, 55.8015735 ], [ 49.0215429, 55.8015481 ], [ 49.0210054, 55.8015137 ] ], [ [ 49.0211199, 55.8013506 ], [ 49.0215365, 55.8013569 ] ], [ [ 49.0215365, 55.8013569 ], [ 49.0225701, 55.8013668 ], [ 49.023067, 55.8013717 ], [ 49.0234738, 55.8013904 ], [ 49.0239315, 55.8014144 ], [ 49.0246172, 55.8014715 ], [ 49.0253853, 55.8015707 ], [ 49.0261697, 55.8017056 ], [ 49.0278193, 55.8020365 ], [ 49.0296543, 55.8024104 ], [ 49.0305341, 55.8025939 ], [ 49.0314016, 55.8027953 ], [ 49.0329296, 55.8031774 ], [ 49.0348206, 55.8036212 ], [ 49.0357951, 55.8038251 ], [ 49.0383835, 55.8043347 ], [ 49.0411811, 55.8048798 ], [ 49.0430727, 55.8052606 ], [ 49.0438996, 55.8054011 ], [ 49.0447469, 55.8055249 ], [ 49.0455598, 55.8056255 ], [ 49.0464459, 55.8057011 ], [ 49.0504781, 55.8059871 ], [ 49.0513055, 55.8060388 ], [ 49.0519082, 55.8060569 ], [ 49.052508, 55.8060514 ], [ 49.0531865, 55.8060185 ], [ 49.0538175, 55.8059701 ], [ 49.0543454, 55.8059136 ], [ 49.0548503, 55.8058415 ], [ 49.0553308, 55.8057641 ], [ 49.055743, 55.8056836 ], [ 49.0562155, 55.8055691 ], [ 49.0569186, 55.8053689 ], [ 49.0576619, 55.8051187 ], [ 49.0589041, 55.8046476 ], [ 49.0601961, 55.8041388 ], [ 49.0610182, 55.8038151 ], [ 49.0623478, 55.8033021 ], [ 49.0624653, 55.8032555 ], [ 49.0629143, 55.8030773 ], [ 49.0636332, 55.8027562 ], [ 49.0641346, 55.8025378 ], [ 49.0659946, 55.8018046 ], [ 49.0674423, 55.8012517 ], [ 49.069369, 55.8004998 ], [ 49.0698885, 55.8002951 ], [ 49.0715832, 55.7996495 ], [ 49.0732636, 55.7989987 ], [ 49.0741039, 55.7987004 ], [ 49.0748939, 55.7984654 ], [ 49.075513, 55.7983185 ], [ 49.0762366, 55.7981807 ], [ 49.0771131, 55.7980338 ], [ 49.0792084, 55.7976676 ] ], [ [ 49.0327827, 55.8027572 ], [ 49.0327397, 55.8027483 ], [ 49.0316476, 55.8025604 ], [ 49.0292558, 55.8021865 ], [ 49.0286163, 55.8020624 ], [ 49.0269674, 55.8016654 ], [ 49.0259513, 55.8014408 ], [ 49.02532, 55.8013574 ], [ 49.0248693, 55.8013165 ], [ 49.0243309, 55.8012916 ], [ 49.0230444, 55.8012897 ], [ 49.0225844, 55.8013015 ], [ 49.0220575, 55.8013325 ], [ 49.0215365, 55.8013569 ] ], [ [ 49.0254223, 55.8295498 ], [ 49.0243642, 55.8283333 ], [ 49.0242828, 55.8281631 ], [ 49.0242389, 55.8279886 ], [ 49.024224, 55.8279295 ], [ 49.0242195, 55.8277542 ], [ 49.0242342, 55.8276447 ], [ 49.0242574, 55.8274711 ], [ 49.0243441, 55.8273037 ], [ 49.0243849, 55.8272181 ], [ 49.0244092, 55.8271672 ], [ 49.0244535, 55.827058 ], [ 49.0244775, 55.8269942 ], [ 49.0245276, 55.82687 ], [ 49.0245549, 55.8267891 ], [ 49.0245709, 55.8267415 ], [ 49.0247623, 55.8263674 ], [ 49.0248347, 55.8261465 ], [ 49.0248016, 55.8257631 ], [ 49.0239111, 55.8234881 ] ], [ [ 49.0321326, 55.8368017 ], [ 49.0313396, 55.8359447 ], [ 49.0268233, 55.831064 ], [ 49.0257262, 55.8298783 ], [ 49.0254223, 55.8295498 ] ], [ [ 49.0255074, 55.8026095 ], [ 49.0261199, 55.802966 ] ], [ [ 49.0284798, 55.8047576 ], [ 49.0281844, 55.8045885 ], [ 49.0279337, 55.8044349 ], [ 49.0276468, 55.8042319 ], [ 49.0272537, 55.8039274 ], [ 49.0264752, 55.8033277 ], [ 49.0258465, 55.8028367 ], [ 49.0255074, 55.8026095 ] ], [ [ 49.0278778, 55.8043279 ], [ 49.0273997, 55.8038833 ], [ 49.0266314, 55.803289 ], [ 49.026394, 55.8031292 ], [ 49.0261199, 55.802966 ] ], [ [ 49.0261199, 55.802966 ], [ 49.0265593, 55.8033069 ], [ 49.0273362, 55.8039025 ], [ 49.0278778, 55.8043279 ] ], [ [ 49.0262306, 55.8088699 ], [ 49.0292585, 55.8086729 ], [ 49.0314737, 55.8086191 ], [ 49.0327645, 55.808646 ], [ 49.0340394, 55.8087785 ], [ 49.0350211, 55.8087284 ], [ 49.036245, 55.8085135 ], [ 49.0367805, 55.808363 ], [ 49.0374052, 55.8080908 ], [ 49.0378641, 55.8077039 ], [ 49.0382976, 55.8071522 ], [ 49.0389351, 55.806708 ], [ 49.039352, 55.8065401 ], [ 49.0396535, 55.8064396 ], [ 49.0400103, 55.8063536 ], [ 49.0405323, 55.8062683 ], [ 49.0409968, 55.8062024 ], [ 49.0413406, 55.8061697 ], [ 49.0416678, 55.8061479 ], [ 49.0420943, 55.8061547 ], [ 49.0425035, 55.8061786 ] ], [ [ 49.0278778, 55.8043279 ], [ 49.0279943, 55.8044182 ], [ 49.0282166, 55.8045832 ], [ 49.0284798, 55.8047576 ] ], [ [ 49.0284798, 55.8047576 ], [ 49.0286887, 55.8048673 ], [ 49.02905, 55.8050236 ], [ 49.0296598, 55.8052561 ], [ 49.0299368, 55.8053451 ], [ 49.0302081, 55.8054153 ], [ 49.0307297, 55.8055105 ], [ 49.0311429, 55.805563 ], [ 49.0320459, 55.8056579 ], [ 49.0327611, 55.8057094 ], [ 49.0337096, 55.8057829 ], [ 49.0344572, 55.8058331 ], [ 49.0361732, 55.8059446 ], [ 49.0371445, 55.8060211 ], [ 49.0377197, 55.8060597 ], [ 49.0382246, 55.8060734 ], [ 49.0398717, 55.8060722 ], [ 49.0405762, 55.8060733 ], [ 49.0411568, 55.8060811 ], [ 49.0416598, 55.8060989 ], [ 49.0420998, 55.8061302 ], [ 49.0425035, 55.8061786 ] ], [ [ 49.0302113, 55.8380515 ], [ 49.0298638, 55.83803 ], [ 49.0289708, 55.8379748 ] ], [ [ 49.0321096, 55.8383131 ], [ 49.0317056, 55.8382712 ], [ 49.02985, 55.8380701 ], [ 49.0289708, 55.8379748 ] ], [ [ 49.0319031, 55.8366325 ], [ 49.0314682, 55.8363118 ], [ 49.0308347, 55.8360223 ], [ 49.0292562, 55.8351894 ] ], [ [ 49.0311888, 55.8315734 ], [ 49.0309626, 55.8315152 ], [ 49.0308542, 55.8314873 ], [ 49.0299622, 55.8313015 ] ], [ [ 49.0301752, 55.8336451 ], [ 49.0309798, 55.8345188 ], [ 49.0321547, 55.8358097 ], [ 49.0324604, 55.8360687 ], [ 49.0329271, 55.8364242 ], [ 49.0338144, 55.8370483 ] ], [ [ 49.0302113, 55.8380515 ], [ 49.0312369, 55.8381607 ] ], [ [ 49.0303059, 55.8321524 ], [ 49.0349038, 55.8332155 ], [ 49.0377802, 55.8339115 ] ], [ [ 49.0337362, 55.8385746 ], [ 49.0316612, 55.8383491 ], [ 49.0303796, 55.838221 ] ], [ [ 49.0364338, 55.8389963 ], [ 49.0357649, 55.8389353 ], [ 49.035029, 55.838898 ], [ 49.0326289, 55.8386422 ], [ 49.0320651, 55.838556 ], [ 49.0315822, 55.8384501 ], [ 49.0309991, 55.8383199 ], [ 49.0303796, 55.838221 ] ], [ [ 49.0307331, 55.8334056 ], [ 49.0317284, 55.8345982 ], [ 49.0317791, 55.8346589 ], [ 49.0322914, 55.8353005 ], [ 49.032911, 55.8360687 ], [ 49.0331712, 55.836373 ], [ 49.0332624, 55.8365477 ] ], [ [ 49.0311888, 55.8315734 ], [ 49.0317878, 55.8316737 ], [ 49.0322615, 55.8317155 ], [ 49.0325677, 55.8317455 ], [ 49.0330926, 55.8317484 ], [ 49.0336524, 55.8316902 ], [ 49.0341311, 55.8315242 ], [ 49.0344787, 55.8313705 ], [ 49.035421, 55.8307907 ], [ 49.0358539, 55.8305824 ], [ 49.0359043, 55.8305605 ], [ 49.0365418, 55.8304142 ], [ 49.0370049, 55.8303508 ], [ 49.0373784, 55.8303203 ], [ 49.0378797, 55.8304118 ], [ 49.0382816, 55.8305229 ], [ 49.0386919, 55.8307146 ], [ 49.0389583, 55.8308883 ], [ 49.0391118, 55.8309543 ], [ 49.0394459, 55.8310227 ] ], [ [ 49.0377802, 55.8339115 ], [ 49.0370566, 55.8336451 ], [ 49.0365944, 55.8334115 ], [ 49.0361322, 55.8331065 ], [ 49.0356353, 55.8328534 ], [ 49.0352578, 55.83272 ], [ 49.0348557, 55.8325921 ], [ 49.0335639, 55.8321849 ], [ 49.0311888, 55.8315734 ] ], [ [ 49.0312369, 55.8381607 ], [ 49.0317422, 55.8381925 ], [ 49.0321264, 55.8382081 ] ], [ [ 49.0312369, 55.8381607 ], [ 49.031726, 55.83822 ], [ 49.0360804, 55.8386671 ], [ 49.0390834, 55.8389914 ], [ 49.0422875, 55.8393258 ], [ 49.0441979, 55.8395454 ], [ 49.0465338, 55.8397915 ], [ 49.0486821, 55.8400264 ], [ 49.0510651, 55.8402563 ] ], [ [ 49.0321326, 55.8368017 ], [ 49.0319031, 55.8366325 ] ], [ [ 49.0357896, 55.8385431 ], [ 49.0353633, 55.8384587 ], [ 49.0347223, 55.8382749 ], [ 49.0343131, 55.8381351 ], [ 49.0337402, 55.8379149 ], [ 49.0332594, 55.8376985 ], [ 49.0329981, 55.8375458 ], [ 49.032845, 55.8374563 ], [ 49.0324648, 55.83717 ], [ 49.0319031, 55.8366325 ] ], [ [ 49.0510534, 55.8403061 ], [ 49.0486646, 55.8400732 ], [ 49.0465143, 55.8398371 ], [ 49.0441785, 55.8395913 ], [ 49.0422699, 55.8393716 ], [ 49.039071, 55.8390416 ], [ 49.036067, 55.8387173 ], [ 49.0321096, 55.8383131 ] ], [ [ 49.033047, 55.8384542 ], [ 49.0321096, 55.8383131 ] ], [ [ 49.0321264, 55.8382081 ], [ 49.0325785, 55.8382244 ], [ 49.0330479, 55.8382538 ], [ 49.0357896, 55.8385431 ] ], [ [ 49.0321264, 55.8382081 ], [ 49.0361013, 55.8386226 ], [ 49.0390949, 55.8389446 ], [ 49.0423052, 55.83928 ], [ 49.0442173, 55.8394995 ], [ 49.0465533, 55.8397459 ], [ 49.0487009, 55.8399762 ], [ 49.050195, 55.8401294 ] ], [ [ 49.0366466, 55.8386303 ], [ 49.035832, 55.8384997 ], [ 49.0351928, 55.8383706 ], [ 49.034753, 55.8382423 ], [ 49.0343486, 55.8380983 ], [ 49.0338107, 55.8378859 ], [ 49.0333139, 55.8376698 ], [ 49.0331104, 55.8375476 ], [ 49.0329684, 55.8374623 ], [ 49.0325398, 55.8371604 ], [ 49.0321326, 55.8368017 ] ], [ [ 49.0336845, 55.8028895 ], [ 49.0327827, 55.8027572 ] ], [ [ 49.0327827, 55.8027572 ], [ 49.0332191, 55.8028449 ], [ 49.033645, 55.8029489 ], [ 49.0340484, 55.8030662 ], [ 49.0344964, 55.8032289 ], [ 49.0355411, 55.8036331 ], [ 49.0358053, 55.8037291 ], [ 49.0360369, 55.8037945 ], [ 49.0364436, 55.8038894 ], [ 49.0384184, 55.8042826 ], [ 49.0412444, 55.8048172 ], [ 49.0431364, 55.8051697 ], [ 49.0435445, 55.8052431 ], [ 49.0439312, 55.8053069 ] ], [ [ 49.0332624, 55.8365477 ], [ 49.0328574, 55.836123 ] ], [ [ 49.0510534, 55.8403061 ], [ 49.0503122, 55.8402756 ], [ 49.0499424, 55.84025 ], [ 49.0486487, 55.8401157 ], [ 49.0464948, 55.8398827 ], [ 49.0441592, 55.8396372 ], [ 49.0422523, 55.8394174 ], [ 49.0390388, 55.839086 ], [ 49.036044, 55.8387638 ], [ 49.033047, 55.8384542 ] ], [ [ 49.0337362, 55.8385746 ], [ 49.033047, 55.8384542 ] ], [ [ 49.0332624, 55.8365477 ], [ 49.0338144, 55.8370483 ] ], [ [ 49.0336845, 55.8028895 ], [ 49.0342506, 55.802928 ], [ 49.0349336, 55.8030008 ], [ 49.0354579, 55.8030629 ], [ 49.0358063, 55.8030967 ], [ 49.0360594, 55.8031111 ], [ 49.0364874, 55.8031083 ], [ 49.03683, 55.8030943 ] ], [ [ 49.037833, 55.8035971 ], [ 49.0370549, 55.8034359 ], [ 49.0361424, 55.8032901 ], [ 49.0348714, 55.8030883 ], [ 49.0336845, 55.8028895 ] ], [ [ 49.0341819, 55.8386234 ], [ 49.0337362, 55.8385746 ] ], [ [ 49.0338144, 55.8370483 ], [ 49.0340391, 55.8372016 ], [ 49.034629, 55.8376041 ], [ 49.0347922, 55.8377051 ], [ 49.0353507, 55.8380508 ], [ 49.0358452, 55.8382557 ], [ 49.0363737, 55.83843 ], [ 49.0369262, 55.8385717 ], [ 49.0374001, 55.8386521 ], [ 49.0380685, 55.8387459 ] ], [ [ 49.0505666, 55.8403353 ], [ 49.0499495, 55.8402814 ], [ 49.0486335, 55.8401562 ], [ 49.0464752, 55.8399283 ], [ 49.0441398, 55.8396831 ], [ 49.0422346, 55.8394632 ], [ 49.0389647, 55.8391231 ], [ 49.0359989, 55.8388116 ], [ 49.0341819, 55.8386234 ] ], [ [ 49.0351187, 55.8387731 ], [ 49.0341819, 55.8386234 ] ], [ [ 49.0342203, 55.8175405 ], [ 49.0354637, 55.8172308 ], [ 49.0360005, 55.8168699 ], [ 49.0363052, 55.816665 ], [ 49.0368406, 55.8161492 ], [ 49.0370956, 55.8154544 ], [ 49.0370446, 55.814996 ] ], [ [ 49.0342203, 55.8175405 ], [ 49.0360884, 55.8174887 ], [ 49.0387275, 55.817281 ], [ 49.0402954, 55.8171734 ], [ 49.0423993, 55.8170809 ] ], [ [ 49.0479414, 55.840138 ], [ 49.0464557, 55.8399739 ], [ 49.0441205, 55.8397289 ], [ 49.042217, 55.839509 ], [ 49.0389647, 55.8391718 ], [ 49.0351187, 55.8387731 ] ], [ [ 49.0358854, 55.8389032 ], [ 49.0351187, 55.8387731 ] ], [ [ 49.0377208, 55.8101635 ], [ 49.0368274, 55.8103225 ], [ 49.0356704, 55.8105804 ], [ 49.03539, 55.8106735 ] ], [ [ 49.0357896, 55.8385431 ], [ 49.0366466, 55.8386303 ] ], [ [ 49.0465441, 55.8400354 ], [ 49.0441011, 55.8397748 ], [ 49.0421993, 55.8395548 ], [ 49.0389599, 55.8392287 ], [ 49.0358854, 55.8389032 ] ], [ [ 49.0364338, 55.8389963 ], [ 49.0358854, 55.8389032 ] ], [ [ 49.0370493, 55.8390701 ], [ 49.0364338, 55.8389963 ] ], [ [ 49.0366466, 55.8386303 ], [ 49.0372774, 55.8387057 ] ], [ [ 49.0457836, 55.8399995 ], [ 49.0440817, 55.8398207 ], [ 49.0421817, 55.8396006 ], [ 49.0370493, 55.8390701 ] ], [ [ 49.0370493, 55.8390701 ], [ 49.0378772, 55.8392169 ] ], [ [ 49.0372774, 55.8387057 ], [ 49.0380685, 55.8387459 ] ], [ [ 49.0372774, 55.8387057 ], [ 49.0391068, 55.8388962 ], [ 49.041185, 55.8391124 ] ], [ [ 49.0377208, 55.8101635 ], [ 49.0385517, 55.80995 ], [ 49.0396991, 55.8098067 ], [ 49.0404768, 55.8096419 ], [ 49.0410123, 55.8094126 ], [ 49.0415605, 55.8090329 ], [ 49.0417098, 55.808769 ] ], [ [ 49.0456138, 55.8091689 ], [ 49.0450368, 55.8096551 ], [ 49.0442399, 55.8100312 ], [ 49.0435181, 55.8101976 ], [ 49.0428572, 55.8102252 ], [ 49.0407424, 55.810228 ], [ 49.0384348, 55.8101062 ], [ 49.0377208, 55.8101635 ] ], [ [ 49.0377802, 55.8339115 ], [ 49.0387076, 55.8341346 ], [ 49.0422126, 55.8349698 ], [ 49.0428449, 55.8353403 ], [ 49.0432363, 55.8360216 ] ], [ [ 49.037833, 55.8035971 ], [ 49.0381998, 55.8036614 ], [ 49.0385293, 55.803712 ], [ 49.0387888, 55.8037401 ], [ 49.0390104, 55.8037511 ], [ 49.0393191, 55.8037541 ], [ 49.0396529, 55.803729 ], [ 49.0399363, 55.8036915 ], [ 49.0401976, 55.8036415 ], [ 49.0404895, 55.8035898 ], [ 49.0406049, 55.8035693 ], [ 49.0409284, 55.8034835 ] ], [ [ 49.0386813, 55.8037934 ], [ 49.0384766, 55.803747 ], [ 49.037833, 55.8035971 ] ], [ [ 49.0457836, 55.8399995 ], [ 49.0453698, 55.8399912 ], [ 49.0449696, 55.8399628 ], [ 49.0440629, 55.8398653 ], [ 49.0421641, 55.8396464 ], [ 49.0378772, 55.8392169 ] ], [ [ 49.0378772, 55.8392169 ], [ 49.0386934, 55.8393616 ], [ 49.0391287, 55.8394266 ], [ 49.0416758, 55.8396865 ], [ 49.0426394, 55.8398268 ], [ 49.0431524, 55.8399746 ], [ 49.0438325, 55.8402129 ], [ 49.0444064, 55.8404627 ], [ 49.0447614, 55.8406554 ], [ 49.0448392, 55.8407096 ] ], [ [ 49.0380685, 55.8387459 ], [ 49.0403298, 55.8389875 ] ], [ [ 49.0386813, 55.8037934 ], [ 49.0389602, 55.8038438 ], [ 49.0392981, 55.8038995 ], [ 49.0396978, 55.8039636 ], [ 49.0398769, 55.80399 ], [ 49.0405802, 55.8040526 ] ], [ [ 49.044864, 55.8037158 ], [ 49.042376, 55.8041007 ], [ 49.0421056, 55.8041414 ], [ 49.041733, 55.804185 ], [ 49.0413733, 55.8042118 ], [ 49.0411439, 55.8042224 ], [ 49.0409031, 55.8042198 ], [ 49.0407318, 55.8042063 ], [ 49.0404518, 55.8041704 ], [ 49.0401453, 55.8041178 ], [ 49.039874, 55.8040719 ], [ 49.0396625, 55.8040263 ], [ 49.0386813, 55.8037934 ] ], [ [ 49.0403298, 55.8389875 ], [ 49.041139, 55.8390172 ], [ 49.0427334, 55.8391166 ] ], [ [ 49.0403298, 55.8389875 ], [ 49.041185, 55.8391124 ] ], [ [ 49.0448392, 55.8407096 ], [ 49.0447444, 55.8407353 ], [ 49.0440117, 55.8409301 ], [ 49.0433379, 55.841091 ], [ 49.0429751, 55.841142 ], [ 49.042635, 55.8411738 ], [ 49.0421859, 55.8411582 ], [ 49.0405528, 55.840994 ] ], [ [ 49.0409284, 55.8034835 ], [ 49.0412961, 55.8033418 ], [ 49.0424002, 55.8029011 ] ], [ [ 49.0409284, 55.8034835 ], [ 49.0411549, 55.8034408 ], [ 49.0415928, 55.8033307 ], [ 49.0420513, 55.8032245 ], [ 49.0427044, 55.8030199 ], [ 49.0434326, 55.8027356 ] ], [ [ 49.041185, 55.8391124 ], [ 49.043218, 55.8393414 ], [ 49.0442437, 55.8394456 ], [ 49.0477091, 55.8398203 ] ], [ [ 49.0425035, 55.8061786 ], [ 49.0431566, 55.8062617 ], [ 49.0435696, 55.8063265 ], [ 49.0438897, 55.8063963 ], [ 49.0441979, 55.8064767 ], [ 49.04458, 55.806607 ] ], [ [ 49.0432363, 55.8360216 ], [ 49.0437034, 55.836386 ], [ 49.0440815, 55.8365744 ], [ 49.0445261, 55.8367078 ], [ 49.0449133, 55.836806 ] ], [ [ 49.0432363, 55.8360216 ], [ 49.0433517, 55.8362226 ], [ 49.0438548, 55.8373945 ], [ 49.0440845, 55.8378578 ], [ 49.0443166, 55.8382158 ], [ 49.0446136, 55.8384988 ], [ 49.0446974, 55.8385631 ], [ 49.0448035, 55.8386445 ], [ 49.0449139, 55.8387331 ], [ 49.0451236, 55.8389013 ], [ 49.0457174, 55.8392357 ], [ 49.0461636, 55.839442 ], [ 49.0466239, 55.8395977 ], [ 49.0470859, 55.8397129 ], [ 49.0477091, 55.8398203 ] ], [ [ 49.0439312, 55.8053069 ], [ 49.0443928, 55.8053639 ], [ 49.0446835, 55.8053979 ], [ 49.0449902, 55.8054318 ], [ 49.0459243, 55.8055307 ], [ 49.0468646, 55.8056151 ], [ 49.0472996, 55.8056549 ], [ 49.0479471, 55.805728 ] ], [ [ 49.0479471, 55.805728 ], [ 49.0472896, 55.8056867 ], [ 49.0468505, 55.8056614 ], [ 49.045911, 55.8055765 ], [ 49.0449616, 55.805469 ], [ 49.0446448, 55.8054258 ], [ 49.0443731, 55.8053845 ], [ 49.0439312, 55.8053069 ] ], [ [ 49.04458, 55.806607 ], [ 49.0451059, 55.8068174 ], [ 49.0457207, 55.8071525 ], [ 49.046159, 55.8074072 ], [ 49.0467789, 55.8078258 ], [ 49.0471244, 55.8081318 ], [ 49.0474773, 55.8084604 ] ], [ [ 49.04458, 55.806607 ], [ 49.0448266, 55.8067247 ], [ 49.0451222, 55.8069009 ] ], [ [ 49.0448392, 55.8407096 ], [ 49.0454766, 55.8411585 ], [ 49.0459988, 55.8416368 ], [ 49.0461638, 55.841911 ], [ 49.0463139, 55.8422852 ], [ 49.0463946, 55.8426247 ], [ 49.0467042, 55.8447261 ], [ 49.0468695, 55.8456445 ], [ 49.0474218, 55.8474811 ] ], [ [ 49.0487204, 55.8402711 ], [ 49.0481498, 55.8402417 ], [ 49.0474042, 55.8402505 ], [ 49.0466205, 55.8403392 ], [ 49.0459739, 55.8404379 ], [ 49.0454712, 55.8405501 ], [ 49.044975, 55.8406721 ], [ 49.0448392, 55.8407096 ] ], [ [ 49.0449133, 55.836806 ], [ 49.0452356, 55.8368878 ], [ 49.0455291, 55.8369623 ], [ 49.0483854, 55.8376439 ], [ 49.0502066, 55.8380816 ], [ 49.0515846, 55.8384107 ] ], [ [ 49.0515846, 55.8384107 ], [ 49.050293, 55.8382048 ], [ 49.049734, 55.8380827 ], [ 49.0483237, 55.8377277 ], [ 49.0457336, 55.8370759 ], [ 49.0452334, 55.8369113 ], [ 49.0449133, 55.836806 ] ], [ [ 49.0451222, 55.8069009 ], [ 49.0456082, 55.8072117 ] ], [ [ 49.0456138, 55.8091689 ], [ 49.0459111, 55.8083662 ], [ 49.045946, 55.808173 ], [ 49.0459389, 55.8079937 ], [ 49.0458924, 55.8077811 ], [ 49.0457873, 55.8075831 ], [ 49.0456349, 55.8073726 ], [ 49.0454418, 55.8071607 ], [ 49.0451222, 55.8069009 ] ], [ [ 49.0456082, 55.8072117 ], [ 49.0459336, 55.8073784 ], [ 49.0462033, 55.8075293 ], [ 49.0466645, 55.8078291 ], [ 49.0470581, 55.8081665 ] ], [ [ 49.0470581, 55.8081665 ], [ 49.0465432, 55.8078135 ], [ 49.0456082, 55.8072117 ] ], [ [ 49.0465441, 55.8400354 ], [ 49.0457836, 55.8399995 ] ], [ [ 49.0470772, 55.8400896 ], [ 49.0465441, 55.8400354 ] ], [ [ 49.046788, 55.8395269 ], [ 49.0472093, 55.8396358 ], [ 49.047664, 55.8397294 ], [ 49.0484494, 55.8398646 ], [ 49.0490104, 55.8399487 ] ], [ [ 49.0470581, 55.8081665 ], [ 49.0476715, 55.8087261 ], [ 49.0479157, 55.8089469 ], [ 49.0482874, 55.8093353 ], [ 49.0486395, 55.8096788 ] ], [ [ 49.0479414, 55.840138 ], [ 49.0470772, 55.8400896 ] ], [ [ 49.0487204, 55.8402711 ], [ 49.0470772, 55.8400896 ] ], [ [ 49.0477091, 55.8398203 ], [ 49.0490104, 55.8399487 ] ], [ [ 49.0499502, 55.8403211 ], [ 49.0492386, 55.840274 ], [ 49.0479414, 55.840138 ] ], [ [ 49.0479471, 55.805728 ], [ 49.0490563, 55.8058002 ] ], [ [ 49.0490359, 55.8402953 ], [ 49.0487204, 55.8402711 ] ], [ [ 49.0490104, 55.8399487 ], [ 49.0494554, 55.8400069 ], [ 49.0497285, 55.8400445 ], [ 49.050195, 55.8401294 ] ], [ [ 49.0499502, 55.8403211 ], [ 49.0494647, 55.8403183 ], [ 49.0490359, 55.8402953 ] ], [ [ 49.0490359, 55.8402953 ], [ 49.0495344, 55.8403709 ], [ 49.0499224, 55.8404577 ], [ 49.0504494, 55.840605 ], [ 49.0506778, 55.8407469 ], [ 49.0508282, 55.8408379 ], [ 49.051094, 55.8410037 ], [ 49.0513626, 55.8411866 ], [ 49.0515536, 55.8414309 ], [ 49.0516943, 55.8416654 ], [ 49.0517566, 55.8419313 ], [ 49.0517657, 55.8423789 ], [ 49.0516475, 55.8426665 ], [ 49.051554, 55.8438866 ] ], [ [ 49.0505666, 55.8403353 ], [ 49.0499502, 55.8403211 ] ], [ [ 49.050195, 55.8401294 ], [ 49.0504862, 55.8401697 ], [ 49.0510651, 55.8402563 ] ], [ [ 49.0508259, 55.8403461 ], [ 49.0505666, 55.8403353 ] ], [ [ 49.0517065, 55.8403724 ], [ 49.0508259, 55.8403461 ] ], [ [ 49.0526003, 55.8405021 ], [ 49.0516941, 55.8404143 ], [ 49.0508259, 55.8403461 ] ], [ [ 49.0517065, 55.8403724 ], [ 49.0510534, 55.8403061 ] ], [ [ 49.0510651, 55.8402563 ], [ 49.0518135, 55.8403324 ] ], [ [ 49.0515846, 55.8384107 ], [ 49.0525897, 55.8386488 ], [ 49.0531303, 55.8387777 ], [ 49.0537591, 55.8388395 ], [ 49.0541389, 55.8388162 ], [ 49.0545793, 55.8387904 ], [ 49.0550198, 55.8386837 ], [ 49.0555086, 55.8385351 ], [ 49.0558773, 55.8384004 ] ], [ [ 49.0526098, 55.840464 ], [ 49.0517065, 55.8403724 ] ], [ [ 49.0518135, 55.8403324 ], [ 49.0526206, 55.84042 ], [ 49.0571711, 55.8408802 ], [ 49.0610043, 55.8412885 ], [ 49.0648088, 55.8416813 ], [ 49.068279, 55.8420353 ] ], [ [ 49.0526098, 55.840464 ], [ 49.0518135, 55.8403324 ] ], [ [ 49.0710353, 55.8430471 ], [ 49.069891, 55.8429303 ], [ 49.0692229, 55.8428337 ], [ 49.0686916, 55.8427233 ], [ 49.0682905, 55.8426194 ], [ 49.0661341, 55.8420317 ], [ 49.0657015, 55.8419159 ], [ 49.0652413, 55.8418202 ], [ 49.0647902, 55.8417607 ], [ 49.0609792, 55.8413746 ], [ 49.0571417, 55.8409722 ], [ 49.0537626, 55.8406177 ], [ 49.0526003, 55.8405021 ] ], [ [ 49.0526003, 55.8405021 ], [ 49.0533649, 55.8406308 ], [ 49.0535977, 55.8406958 ], [ 49.0537906, 55.8407496 ], [ 49.0541611, 55.8409023 ], [ 49.0544552, 55.8410837 ], [ 49.0549632, 55.8415281 ] ], [ [ 49.0669454, 55.8419348 ], [ 49.0609921, 55.8413304 ], [ 49.0571581, 55.8409209 ], [ 49.0526098, 55.840464 ] ], [ [ 49.0554589, 55.8418938 ], [ 49.0549632, 55.8415281 ] ], [ [ 49.0549632, 55.8415281 ], [ 49.0558753, 55.8423258 ] ], [ [ 49.0557774, 55.8420786 ], [ 49.0554589, 55.8418938 ] ], [ [ 49.0554589, 55.8418938 ], [ 49.0558518, 55.842168 ], [ 49.0563012, 55.8424363 ], [ 49.0568994, 55.8426787 ], [ 49.0573064, 55.8428039 ], [ 49.0577417, 55.8428913 ], [ 49.0581239, 55.842949 ], [ 49.0602333, 55.8431874 ] ], [ [ 49.0578868, 55.8425674 ], [ 49.0569843, 55.8424581 ], [ 49.0563685, 55.8423369 ], [ 49.0557774, 55.8420786 ] ], [ [ 49.0557774, 55.8420786 ], [ 49.0562517, 55.8423429 ], [ 49.0565773, 55.8424979 ], [ 49.0576709, 55.8428317 ], [ 49.0581098, 55.8429013 ], [ 49.0585274, 55.842951 ], [ 49.0610827, 55.8432192 ] ], [ [ 49.0558753, 55.8423258 ], [ 49.0563043, 55.8425965 ], [ 49.0567687, 55.8427837 ] ], [ [ 49.0558753, 55.8423258 ], [ 49.0575299, 55.8437572 ], [ 49.0578625, 55.8439997 ], [ 49.057993, 55.844064 ] ], [ [ 49.0567687, 55.8427837 ], [ 49.0572446, 55.8429098 ], [ 49.0578498, 55.8430191 ], [ 49.0582993, 55.8430767 ], [ 49.0595769, 55.8432138 ], [ 49.0605289, 55.8433171 ], [ 49.0619088, 55.8434669 ], [ 49.0628322, 55.8435762 ], [ 49.0634621, 55.8436079 ] ], [ [ 49.0567687, 55.8427837 ], [ 49.0572389, 55.8429362 ], [ 49.0577518, 55.8430495 ], [ 49.0586107, 55.8431552 ], [ 49.061866, 55.8435066 ] ], [ [ 49.0610827, 55.8432192 ], [ 49.0602333, 55.8431874 ] ], [ [ 49.0602333, 55.8431874 ], [ 49.0624913, 55.8434298 ], [ 49.0641187, 55.8436154 ] ], [ [ 49.0650651, 55.8436962 ], [ 49.0630576, 55.8433841 ], [ 49.0624134, 55.8433146 ], [ 49.0616596, 55.8432749 ], [ 49.061288, 55.8432371 ], [ 49.0610827, 55.8432192 ] ], [ [ 49.0628322, 55.8436217 ], [ 49.061866, 55.8435066 ] ], [ [ 49.061866, 55.8435066 ], [ 49.0626975, 55.8436611 ] ], [ [ 49.0626975, 55.8436611 ], [ 49.0629573, 55.8436924 ], [ 49.0634975, 55.8437868 ], [ 49.0649619, 55.8439795 ], [ 49.0663999, 55.8441237 ], [ 49.0669784, 55.8441399 ] ], [ [ 49.0626975, 55.8436611 ], [ 49.0631906, 55.8438086 ], [ 49.0640854, 55.8441499 ], [ 49.0644385, 55.8442716 ], [ 49.0648492, 55.8443475 ], [ 49.065502, 55.8444175 ], [ 49.0678835, 55.844679 ] ], [ [ 49.0636194, 55.8437068 ], [ 49.0628322, 55.8436217 ] ], [ [ 49.0634621, 55.8436079 ], [ 49.0628322, 55.8436217 ] ], [ [ 49.0632274, 55.8433682 ], [ 49.0644135, 55.8435502 ] ], [ [ 49.0634621, 55.8436079 ], [ 49.0635829, 55.843614 ], [ 49.0641187, 55.8436154 ] ], [ [ 49.0641187, 55.8436154 ], [ 49.0650651, 55.8436962 ] ], [ [ 49.0644135, 55.8435502 ], [ 49.0654288, 55.8436305 ] ], [ [ 49.0644135, 55.8435502 ], [ 49.0659922, 55.8437923 ] ], [ [ 49.0650651, 55.8436962 ], [ 49.0659922, 55.8437923 ] ], [ [ 49.0659922, 55.8437923 ], [ 49.067295, 55.8439061 ] ], [ [ 49.0669454, 55.8419348 ], [ 49.068279, 55.8420353 ] ], [ [ 49.0715521, 55.8424154 ], [ 49.0685883, 55.8421132 ], [ 49.0669454, 55.8419348 ] ], [ [ 49.068279, 55.8420353 ], [ 49.0691744, 55.8421246 ], [ 49.0697443, 55.8421698 ], [ 49.0705102, 55.8422144 ] ], [ [ 49.0705102, 55.8422144 ], [ 49.0711858, 55.8422221 ], [ 49.0717583, 55.8422442 ], [ 49.0726293, 55.8422916 ], [ 49.0729941, 55.8423063 ], [ 49.0730836, 55.8423099 ], [ 49.074275, 55.8423524 ], [ 49.0751327, 55.8424135 ], [ 49.0756401, 55.8424577 ], [ 49.0796446, 55.8428746 ], [ 49.0813138, 55.8430487 ], [ 49.0821107, 55.8431239 ], [ 49.083841, 55.8432695 ], [ 49.0841903, 55.8433027 ], [ 49.0846511, 55.8433506 ], [ 49.0858167, 55.8434699 ], [ 49.0866037, 55.8435682 ], [ 49.0873249, 55.8436949 ], [ 49.0885504, 55.8439094 ], [ 49.0890432, 55.8440022 ], [ 49.0893901, 55.8440769 ], [ 49.0898187, 55.8441878 ] ], [ [ 49.0705102, 55.8422144 ], [ 49.0717529, 55.8422884 ], [ 49.0725978, 55.8423388 ], [ 49.0729894, 55.8423623 ], [ 49.0742366, 55.8424372 ], [ 49.0748924, 55.842486 ], [ 49.075716, 55.8425598 ], [ 49.0796114, 55.8429561 ], [ 49.0812512, 55.8431414 ], [ 49.0820815, 55.8432217 ], [ 49.0831656, 55.8433105 ], [ 49.0838592, 55.8433704 ], [ 49.084266, 55.8434034 ], [ 49.0846197, 55.8434398 ], [ 49.0857846, 55.8435613 ], [ 49.0865609, 55.8436474 ], [ 49.0872505, 55.8437413 ], [ 49.0885224, 55.8439615 ], [ 49.0898187, 55.8441878 ] ], [ [ 49.0717512, 55.843124 ], [ 49.0710353, 55.8430471 ] ], [ [ 49.0710353, 55.8430471 ], [ 49.0715795, 55.8431482 ], [ 49.0720207, 55.8432562 ], [ 49.0723903, 55.8433791 ], [ 49.0730718, 55.8436312 ], [ 49.073908, 55.8439726 ], [ 49.0742361, 55.8440917 ], [ 49.0745882, 55.844177 ], [ 49.0750323, 55.8442736 ], [ 49.0757045, 55.8443927 ], [ 49.0761046, 55.8444398 ], [ 49.0775009, 55.8445589 ] ], [ [ 49.0914095, 55.8445047 ], [ 49.0909081, 55.8444248 ], [ 49.0904153, 55.8443618 ], [ 49.0884013, 55.8441491 ], [ 49.085637, 55.8438438 ], [ 49.0854716, 55.8438297 ], [ 49.0847397, 55.8437534 ], [ 49.0846387, 55.8437425 ], [ 49.0844566, 55.8437229 ], [ 49.0836048, 55.8435951 ], [ 49.0831983, 55.8435458 ], [ 49.0817732, 55.8433992 ], [ 49.0795275, 55.8431618 ], [ 49.0776545, 55.8429577 ], [ 49.0747452, 55.8426546 ], [ 49.0737247, 55.8425508 ], [ 49.0728088, 55.8424867 ], [ 49.0726472, 55.8424774 ], [ 49.0724308, 55.8424649 ], [ 49.0715521, 55.8424154 ] ], [ [ 49.0914095, 55.8445047 ], [ 49.0903828, 55.8443936 ], [ 49.0883657, 55.8441944 ], [ 49.0856251, 55.8438869 ], [ 49.0854574, 55.8438687 ], [ 49.0847261, 55.8437951 ], [ 49.084623, 55.8437849 ], [ 49.0835671, 55.8436807 ], [ 49.0794895, 55.843255 ], [ 49.0737027, 55.8426503 ], [ 49.0726275, 55.8425336 ], [ 49.072507, 55.8425205 ], [ 49.0715521, 55.8424154 ] ], [ [ 49.0734761, 55.8432109 ], [ 49.0730518, 55.8431791 ], [ 49.0720729, 55.8431383 ], [ 49.0717512, 55.843124 ] ], [ [ 49.0717512, 55.843124 ], [ 49.0720647, 55.8431603 ], [ 49.0724917, 55.8431999 ], [ 49.0766887, 55.8436267 ] ], [ [ 49.0834329, 55.8441964 ], [ 49.0822349, 55.8440648 ], [ 49.0774381, 55.8435753 ], [ 49.0739497, 55.8432257 ], [ 49.0734761, 55.8432109 ] ], [ [ 49.0734761, 55.8432109 ], [ 49.073968, 55.8432695 ], [ 49.0774209, 55.8436267 ], [ 49.0822021, 55.8441141 ], [ 49.0834329, 55.8441964 ] ], [ [ 49.0792084, 55.7976676 ], [ 49.0921037, 55.795434 ] ], [ [ 49.0792084, 55.7976676 ], [ 49.0892558, 55.7959898 ], [ 49.0892672, 55.7959879 ], [ 49.089656, 55.795923 ], [ 49.090535, 55.7957702 ], [ 49.0912508, 55.7956465 ], [ 49.0915143, 55.795586 ], [ 49.0916403, 55.7955571 ], [ 49.0921037, 55.795434 ] ], [ [ 49.0840168, 55.844235 ], [ 49.0835492, 55.844231 ], [ 49.0833544, 55.8442293 ], [ 49.0829236, 55.844236 ], [ 49.0823088, 55.8442159 ], [ 49.081698, 55.8441838 ], [ 49.0804005, 55.8441694 ], [ 49.0802776, 55.844168 ], [ 49.0797975, 55.8441299 ] ], [ [ 49.0819873, 55.7621627 ], [ 49.0807733, 55.7611875 ], [ 49.0803672, 55.7608323 ] ], [ [ 49.0809407, 55.7610093 ], [ 49.0810922, 55.7611897 ], [ 49.0812248, 55.7613962 ], [ 49.0819873, 55.7621627 ] ], [ [ 49.0819873, 55.7621627 ], [ 49.081885, 55.7618221 ], [ 49.0817381, 55.7613962 ], [ 49.0816384, 55.7608915 ], [ 49.0814789, 55.7604625 ] ], [ [ 49.0972222, 55.7741371 ], [ 49.0963948, 55.7734776 ], [ 49.0958977, 55.7730814 ], [ 49.0943988, 55.7719753 ], [ 49.0940719, 55.7717251 ], [ 49.0912262, 55.7695467 ], [ 49.0902095, 55.7687638 ], [ 49.0890534, 55.7678622 ], [ 49.087688, 55.7668043 ], [ 49.087394, 55.7665828 ], [ 49.0865917, 55.7659436 ], [ 49.0860286, 55.7654782 ], [ 49.0857844, 55.7652792 ], [ 49.0853359, 55.764839 ], [ 49.0844197, 55.7641164 ], [ 49.0825306, 55.7625991 ], [ 49.0819873, 55.7621627 ] ], [ [ 49.0840168, 55.844235 ], [ 49.0835589, 55.8442047 ], [ 49.0834329, 55.8441964 ] ], [ [ 49.1179857, 55.8635411 ], [ 49.1203176, 55.8626442 ], [ 49.1206128, 55.8625015 ], [ 49.1209079, 55.8623037 ], [ 49.1211703, 55.8620552 ], [ 49.1214614, 55.8616931 ], [ 49.1216752, 55.8614271 ], [ 49.1218508, 55.8612086 ], [ 49.1219328, 55.8609647 ], [ 49.1219492, 55.8607715 ], [ 49.1219082, 55.8603988 ], [ 49.1218098, 55.8600905 ], [ 49.1215832, 55.8598095 ], [ 49.1195302, 55.8581034 ], [ 49.1182187, 55.8569891 ], [ 49.1179924, 55.8568416 ], [ 49.1169482, 55.8563559 ], [ 49.1164383, 55.8560664 ], [ 49.1151857, 55.8550432 ], [ 49.1150929, 55.8549674 ], [ 49.1149969, 55.854888 ], [ 49.1140659, 55.8541183 ], [ 49.11352, 55.8537947 ], [ 49.1128164, 55.8532373 ], [ 49.1125222, 55.8530048 ], [ 49.1120634, 55.8525214 ], [ 49.1112303, 55.8518409 ], [ 49.1108276, 55.8515887 ], [ 49.1102719, 55.851286 ], [ 49.110208, 55.8512342 ], [ 49.1084967, 55.8498461 ], [ 49.1083942, 55.8497493 ], [ 49.1078721, 55.849329 ], [ 49.1070475, 55.8488249 ], [ 49.1065109, 55.8486294 ], [ 49.1059979, 55.8484947 ], [ 49.1055367, 55.8483943 ], [ 49.1041483, 55.848241 ], [ 49.1037483, 55.8481803 ], [ 49.1033765, 55.8480878 ], [ 49.1030424, 55.847961 ], [ 49.1006127, 55.8464542 ], [ 49.1002183, 55.846205 ], [ 49.09963, 55.8459513 ], [ 49.0990697, 55.8458224 ], [ 49.0984211, 55.8457345 ], [ 49.098185, 55.8457087 ], [ 49.0922969, 55.8451055 ], [ 49.0914408, 55.8450552 ], [ 49.0907847, 55.8449885 ], [ 49.0874729, 55.844652 ], [ 49.0871846, 55.8446283 ], [ 49.0867888, 55.8445682 ], [ 49.0863018, 55.8445065 ], [ 49.0858439, 55.8444403 ], [ 49.0854707, 55.8443803 ], [ 49.0853592, 55.8443624 ], [ 49.085316, 55.8443576 ], [ 49.0846113, 55.8442847 ], [ 49.0845852, 55.8442825 ], [ 49.0840168, 55.844235 ] ], [ [ 49.0957305, 55.7730429 ], [ 49.0951645, 55.7726974 ], [ 49.0944972, 55.7724395 ], [ 49.0936427, 55.7721362 ], [ 49.0929459, 55.7719692 ], [ 49.0916101, 55.7715678 ], [ 49.0908967, 55.7713506 ], [ 49.0905373, 55.7712118 ], [ 49.0901832, 55.7709553 ], [ 49.0886973, 55.7697573 ], [ 49.0867554, 55.7681761 ], [ 49.0859668, 55.7675725 ] ], [ [ 49.088286, 55.7670201 ], [ 49.0893773, 55.7678695 ] ], [ [ 49.0893773, 55.7678695 ], [ 49.0896663, 55.7680153 ], [ 49.0900999, 55.7681947 ], [ 49.0904836, 55.768318 ] ], [ [ 49.0893773, 55.7678695 ], [ 49.0923863, 55.7701908 ] ], [ [ 49.0898187, 55.8441878 ], [ 49.0905059, 55.8443093 ], [ 49.0913667, 55.8444372 ], [ 49.0927422, 55.8445933 ], [ 49.0937064, 55.8446995 ], [ 49.0970502, 55.8450659 ], [ 49.0985955, 55.8452239 ], [ 49.1003433, 55.8454071 ], [ 49.1022415, 55.8456061 ], [ 49.1067521, 55.8460835 ], [ 49.1109806, 55.8465329 ], [ 49.1207743, 55.8475456 ], [ 49.125259, 55.8480117 ], [ 49.1297396, 55.8484945 ], [ 49.133963, 55.848918 ], [ 49.136105, 55.8491613 ], [ 49.1369452, 55.8492487 ], [ 49.1412121, 55.8496925 ], [ 49.1447324, 55.8500601 ], [ 49.1464615, 55.8502299 ], [ 49.1479611, 55.8503495 ], [ 49.1487752, 55.8503644 ], [ 49.1491155, 55.8503615 ], [ 49.1495259, 55.850358 ], [ 49.1503263, 55.8503002 ], [ 49.1510032, 55.8502454 ], [ 49.1513096, 55.8502091 ], [ 49.1517278, 55.8501414 ], [ 49.152641, 55.8499691 ], [ 49.1543497, 55.8496224 ], [ 49.1561207, 55.8492612 ], [ 49.156644, 55.8491537 ], [ 49.1598078, 55.8485038 ], [ 49.1606249, 55.848332 ], [ 49.1630298, 55.8478324 ], [ 49.1630503, 55.8478281 ], [ 49.1640977, 55.8476136 ], [ 49.1644608, 55.8475427 ], [ 49.1652621, 55.8473774 ], [ 49.166427, 55.8471944 ], [ 49.1679303, 55.8470491 ], [ 49.1694016, 55.8469269 ], [ 49.1741746, 55.8464901 ], [ 49.1786319, 55.8461031 ], [ 49.1795916, 55.8460099 ], [ 49.1805498, 55.8459877 ], [ 49.1810844, 55.8459996 ], [ 49.1816692, 55.846014 ], [ 49.182375, 55.8460691 ], [ 49.1830179, 55.8461393 ], [ 49.1836059, 55.84623 ], [ 49.1840677, 55.8463081 ], [ 49.1845307, 55.84641 ], [ 49.1848782, 55.8464972 ], [ 49.1853328, 55.8466145 ], [ 49.1859785, 55.8468312 ], [ 49.1864968, 55.8470352 ], [ 49.1873175, 55.8473837 ], [ 49.1876605, 55.8475609 ], [ 49.1879892, 55.8477371 ], [ 49.1884369, 55.8480221 ], [ 49.1890127, 55.848433 ], [ 49.189493, 55.8487581 ] ], [ [ 49.238417, 55.8838973 ], [ 49.2335752, 55.8804373 ], [ 49.2222075, 55.8722834 ], [ 49.2216629, 55.8718927 ], [ 49.2201517, 55.8708114 ], [ 49.2200826, 55.8707596 ], [ 49.2164873, 55.8681957 ], [ 49.2068212, 55.8612646 ], [ 49.2053819, 55.8602398 ], [ 49.2051934, 55.8601013 ], [ 49.2048151, 55.8598404 ], [ 49.2046123, 55.8596909 ], [ 49.2036411, 55.8589866 ], [ 49.2034011, 55.858812 ], [ 49.2030789, 55.8585805 ], [ 49.1964176, 55.8538081 ], [ 49.1905457, 55.8495898 ], [ 49.1904223, 55.8494951 ], [ 49.1903454, 55.849441 ], [ 49.1891163, 55.8485633 ], [ 49.1883587, 55.8480519 ], [ 49.1882515, 55.8479937 ], [ 49.1878939, 55.8477649 ], [ 49.1874843, 55.847533 ], [ 49.1864687, 55.8470738 ], [ 49.1859261, 55.8468702 ], [ 49.1852914, 55.8466646 ], [ 49.1848708, 55.8465511 ], [ 49.1844504, 55.8464527 ], [ 49.1840167, 55.8463585 ], [ 49.1835836, 55.8462763 ], [ 49.1829994, 55.8461948 ], [ 49.1825724, 55.8461434 ], [ 49.1817863, 55.8460661 ], [ 49.1810346, 55.8460464 ], [ 49.1800693, 55.8460534 ], [ 49.1796024, 55.8460727 ], [ 49.1791394, 55.8461094 ], [ 49.1737251, 55.8465957 ], [ 49.1712582, 55.84682 ], [ 49.1688907, 55.8470288 ], [ 49.1664384, 55.8472756 ], [ 49.1652951, 55.8474612 ], [ 49.1645028, 55.8476179 ], [ 49.1641178, 55.8476926 ], [ 49.1631062, 55.8479077 ], [ 49.1629507, 55.8479387 ], [ 49.1598427, 55.8485583 ], [ 49.1566205, 55.8492035 ], [ 49.1561166, 55.8493044 ], [ 49.154372, 55.8496781 ], [ 49.1526771, 55.8500101 ], [ 49.1517506, 55.8501851 ], [ 49.1510104, 55.850296 ], [ 49.1503006, 55.8503622 ], [ 49.1495535, 55.8504076 ], [ 49.1492151, 55.8504163 ], [ 49.1487783, 55.8504275 ], [ 49.1479619, 55.8504026 ], [ 49.1463884, 55.8502674 ], [ 49.1447175, 55.8501086 ], [ 49.1412091, 55.8497384 ], [ 49.1369347, 55.8492784 ], [ 49.1339568, 55.8489689 ], [ 49.1319434, 55.848766 ], [ 49.1297406, 55.8485344 ], [ 49.1250258, 55.8480372 ], [ 49.1213727, 55.8476724 ], [ 49.1177453, 55.8472709 ], [ 49.1109335, 55.8465725 ], [ 49.1041451, 55.8458601 ], [ 49.1003317, 55.8454509 ], [ 49.098583, 55.8452663 ], [ 49.0970451, 55.845104 ], [ 49.0946085, 55.8448442 ], [ 49.0914095, 55.8445047 ] ], [ [ 49.0921037, 55.795434 ], [ 49.0925159, 55.7953097 ], [ 49.092948, 55.7951495 ], [ 49.0933715, 55.7949706 ], [ 49.0937556, 55.7947674 ], [ 49.0938623, 55.7947053 ] ], [ [ 49.0946408, 55.7941074 ], [ 49.0943328, 55.794356 ], [ 49.0938623, 55.7947053 ] ], [ [ 49.0938623, 55.7947053 ], [ 49.0944051, 55.794383 ], [ 49.0946013, 55.7942392 ], [ 49.095064, 55.7938699 ] ], [ [ 49.0943711, 55.7945635 ], [ 49.0948272, 55.7942314 ], [ 49.0953446, 55.7938196 ], [ 49.0956232, 55.7936051 ], [ 49.0959826, 55.7932915 ], [ 49.0961865, 55.7930804 ], [ 49.0966263, 55.792616 ] ], [ [ 49.0957305, 55.7730429 ], [ 49.0944631, 55.7720577 ] ], [ [ 49.0946408, 55.7941074 ], [ 49.0950184, 55.7937228 ] ], [ [ 49.0950845, 55.79373 ], [ 49.0946408, 55.7941074 ] ], [ [ 49.095241, 55.7934438 ], [ 49.0950184, 55.7937228 ] ], [ [ 49.0950184, 55.7937228 ], [ 49.0953081, 55.7934242 ], [ 49.0955921, 55.7930995 ], [ 49.0964735, 55.7918393 ], [ 49.0984654, 55.7887907 ], [ 49.0986474, 55.7884193 ], [ 49.0988352, 55.7878356 ] ], [ [ 49.095064, 55.7938699 ], [ 49.0957764, 55.7932842 ], [ 49.0960915, 55.7930087 ], [ 49.0965038, 55.7925063 ] ], [ [ 49.0990068, 55.7871645 ], [ 49.0989827, 55.7874978 ], [ 49.0988908, 55.7880191 ], [ 49.0987859, 55.788369 ], [ 49.0987479, 55.7884536 ], [ 49.0986574, 55.7886552 ], [ 49.0985617, 55.7888416 ], [ 49.0965561, 55.7918585 ], [ 49.095907, 55.7927493 ], [ 49.0956648, 55.7931196 ], [ 49.0950845, 55.79373 ] ], [ [ 49.0954547, 55.7934152 ], [ 49.0950845, 55.79373 ] ], [ [ 49.0954752, 55.7930285 ], [ 49.095241, 55.7934438 ] ], [ [ 49.095241, 55.7934438 ], [ 49.0955454, 55.7930466 ], [ 49.0964008, 55.7918179 ], [ 49.0983827, 55.788776 ], [ 49.0986914, 55.7881638 ] ], [ [ 49.0954547, 55.7934152 ], [ 49.0957287, 55.7931294 ], [ 49.0959955, 55.7927659 ], [ 49.0965535, 55.7920793 ], [ 49.0969357, 55.7915545 ], [ 49.0981887, 55.7896649 ] ], [ [ 49.0975092, 55.7908519 ], [ 49.0972673, 55.7912499 ], [ 49.0971306, 55.7914459 ], [ 49.0966416, 55.7920965 ], [ 49.0960693, 55.7927666 ], [ 49.0957683, 55.7931358 ], [ 49.0954547, 55.7934152 ] ], [ [ 49.0954752, 55.7930285 ], [ 49.0956974, 55.7926016 ] ], [ [ 49.0986914, 55.7881638 ], [ 49.0983034, 55.7887679 ], [ 49.0963193, 55.7917987 ], [ 49.0958622, 55.7924713 ], [ 49.0954752, 55.7930285 ] ], [ [ 49.0956974, 55.7926016 ], [ 49.095848, 55.7922284 ], [ 49.0961643, 55.7917655 ], [ 49.0981613, 55.7887245 ], [ 49.0984557, 55.7883037 ], [ 49.0986278, 55.787993 ], [ 49.0988566, 55.7874797 ], [ 49.0990359, 55.786802 ] ], [ [ 49.0989264, 55.7875023 ], [ 49.0987064, 55.788003 ], [ 49.0985164, 55.788314 ], [ 49.0982332, 55.7887476 ], [ 49.0962388, 55.7917806 ], [ 49.0956974, 55.7926016 ] ], [ [ 49.0972222, 55.7741371 ], [ 49.0967189, 55.7737829 ], [ 49.0963241, 55.7734779 ], [ 49.0957779, 55.7730802 ], [ 49.0957305, 55.7730429 ] ], [ [ 49.0963049, 55.7928214 ], [ 49.0959233, 55.7932188 ], [ 49.0966263, 55.792616 ] ], [ [ 49.0971123, 55.7918557 ], [ 49.0966169, 55.7924562 ], [ 49.0963049, 55.7928214 ] ], [ [ 49.0963049, 55.7928214 ], [ 49.0970537, 55.7920819 ], [ 49.0976072, 55.7914604 ], [ 49.0979219, 55.7910545 ], [ 49.0982494, 55.7905775 ], [ 49.0995363, 55.7886126 ], [ 49.1001628, 55.7876469 ] ], [ [ 49.0965038, 55.7925063 ], [ 49.0969794, 55.7918825 ] ], [ [ 49.0971123, 55.7918557 ], [ 49.0965038, 55.7925063 ] ], [ [ 49.0966263, 55.792616 ], [ 49.0967682, 55.7925019 ] ], [ [ 49.0989117, 55.7899386 ], [ 49.0987727, 55.79015 ], [ 49.0983749, 55.7907553 ], [ 49.0980309, 55.791162 ], [ 49.0974347, 55.7918331 ], [ 49.0967682, 55.7925019 ] ], [ [ 49.0967682, 55.7925019 ], [ 49.0972646, 55.7920875 ], [ 49.0975096, 55.7918389 ], [ 49.0980998, 55.7911883 ], [ 49.0984525, 55.7907739 ], [ 49.0988439, 55.7901623 ], [ 49.0989778, 55.7899531 ] ], [ [ 49.0969794, 55.7918825 ], [ 49.0972057, 55.7915101 ] ], [ [ 49.0969794, 55.7918825 ], [ 49.0973948, 55.7913998 ], [ 49.0976883, 55.7910136 ], [ 49.0992842, 55.7885628 ], [ 49.100111, 55.7873062 ], [ 49.1006088, 55.7865651 ], [ 49.100942, 55.7860922 ], [ 49.1011646, 55.7856805 ], [ 49.1013004, 55.785352 ] ], [ [ 49.1006662, 55.7866014 ], [ 49.100188, 55.7873255 ], [ 49.0993614, 55.7885761 ], [ 49.0977464, 55.7910196 ], [ 49.097448, 55.7914272 ], [ 49.0971123, 55.7918557 ] ], [ [ 49.0975092, 55.7908519 ], [ 49.0972057, 55.7915101 ] ], [ [ 49.0972057, 55.7915101 ], [ 49.0974066, 55.7911885 ], [ 49.0976255, 55.7907776 ], [ 49.0991078, 55.7885324 ], [ 49.0995686, 55.7878279 ], [ 49.0999072, 55.7873393 ], [ 49.1003497, 55.7867698 ] ], [ [ 49.0985904, 55.7821907 ], [ 49.0985775, 55.7816648 ], [ 49.0985709, 55.7813966 ], [ 49.0985687, 55.7813076 ], [ 49.0987081, 55.7806313 ], [ 49.098807, 55.7791879 ], [ 49.0989695, 55.7773971 ], [ 49.0989911, 55.7767879 ], [ 49.0988612, 55.7760813 ], [ 49.0984821, 55.7753016 ], [ 49.0977456, 55.7745584 ], [ 49.0972222, 55.7741371 ] ], [ [ 49.0987214, 55.7890034 ], [ 49.0980976, 55.7899258 ], [ 49.0975092, 55.7908519 ] ], [ [ 49.0977904, 55.7886515 ], [ 49.0984395, 55.7876426 ], [ 49.0989812, 55.7867983 ] ], [ [ 49.0989812, 55.7867983 ], [ 49.0987909, 55.7872052 ], [ 49.0985441, 55.7876637 ], [ 49.0982705, 55.7881025 ], [ 49.0978253, 55.7887751 ] ], [ [ 49.0981887, 55.7896649 ], [ 49.0986405, 55.7889762 ], [ 49.0987641, 55.7887902 ], [ 49.0988714, 55.7885746 ], [ 49.0989076, 55.7884825 ], [ 49.0989418, 55.7883954 ], [ 49.0990274, 55.7880656 ], [ 49.0991249, 55.787788 ], [ 49.0992191, 55.7872459 ], [ 49.0992404, 55.7868461 ], [ 49.0991947, 55.7863132 ], [ 49.099157, 55.7858957 ] ], [ [ 49.0987214, 55.7890034 ], [ 49.0981887, 55.7896649 ] ], [ [ 49.0984824, 55.7816549 ], [ 49.0982008, 55.7808472 ] ], [ [ 49.0984824, 55.7816549 ], [ 49.0983108, 55.7808246 ] ], [ [ 49.0985904, 55.7821907 ], [ 49.0984824, 55.7816549 ] ], [ [ 49.0993273, 55.7848721 ], [ 49.0993367, 55.7846157 ], [ 49.0992979, 55.7843578 ], [ 49.0990561, 55.7834454 ], [ 49.0986511, 55.7824012 ], [ 49.0985904, 55.7821907 ] ], [ [ 49.0986914, 55.7881638 ], [ 49.0988352, 55.7878356 ] ], [ [ 49.0989632, 55.7886305 ], [ 49.0987214, 55.7890034 ] ], [ [ 49.0988352, 55.7878356 ], [ 49.0989264, 55.7875023 ] ], [ [ 49.0990989, 55.7859433 ], [ 49.0991615, 55.7865752 ], [ 49.0991543, 55.7868474 ], [ 49.0990578, 55.7877891 ], [ 49.0989857, 55.7880597 ], [ 49.0989085, 55.788326 ] ], [ [ 49.0989264, 55.7875023 ], [ 49.0990068, 55.7871645 ] ], [ [ 49.0991034, 55.7883574 ], [ 49.0989632, 55.7886305 ] ], [ [ 49.0989632, 55.7886305 ], [ 49.0991665, 55.7883164 ] ], [ [ 49.0990766, 55.7863154 ], [ 49.0989812, 55.7867983 ] ], [ [ 49.0990068, 55.7871645 ], [ 49.0990359, 55.786802 ] ], [ [ 49.0990359, 55.786802 ], [ 49.0990456, 55.7866863 ], [ 49.0990766, 55.7863154 ] ], [ [ 49.0990766, 55.7863154 ], [ 49.0990989, 55.7859433 ] ], [ [ 49.0990989, 55.7859433 ], [ 49.0991597, 55.7855629 ] ], [ [ 49.0991034, 55.7883574 ], [ 49.0992925, 55.787908 ], [ 49.0993434, 55.7876018 ], [ 49.0993568, 55.7872565 ], [ 49.0993568, 55.7868508 ], [ 49.0993327, 55.786516 ], [ 49.0992844, 55.7863124 ], [ 49.099157, 55.7858957 ] ], [ [ 49.0994145, 55.7876025 ], [ 49.0993289, 55.7878992 ], [ 49.0991034, 55.7883574 ] ], [ [ 49.099157, 55.7858957 ], [ 49.0991597, 55.7855629 ] ], [ [ 49.0991597, 55.7855629 ], [ 49.0992328, 55.7852007 ] ], [ [ 49.0991665, 55.7883164 ], [ 49.0994239, 55.787908 ], [ 49.0995017, 55.7876742 ] ], [ [ 49.0991665, 55.7883164 ], [ 49.0995025, 55.7878098 ], [ 49.0998265, 55.7873353 ] ], [ [ 49.1296239, 55.728741 ], [ 49.1295375, 55.728352 ], [ 49.1294845, 55.7281443 ], [ 49.129398, 55.727941 ], [ 49.1291844, 55.7276701 ], [ 49.1290619, 55.7275355 ], [ 49.1288312, 55.7273388 ], [ 49.1283653, 55.7269157 ], [ 49.1281077, 55.7266919 ], [ 49.1278041, 55.7264749 ], [ 49.1273339, 55.7261923 ], [ 49.1268703, 55.7260025 ], [ 49.1262118, 55.725806 ], [ 49.1259274, 55.7257409 ], [ 49.125617, 55.7256827 ], [ 49.1251719, 55.7256147 ], [ 49.1245025, 55.7255649 ], [ 49.123984, 55.7255648 ], [ 49.1180703, 55.7256564 ], [ 49.1152788, 55.7256996 ], [ 49.1149203, 55.7257052 ], [ 49.1138274, 55.7257269 ], [ 49.113319, 55.72573 ], [ 49.1131102, 55.7257349 ], [ 49.1123882, 55.725784 ], [ 49.1117413, 55.7258458 ], [ 49.1113523, 55.7258961 ], [ 49.1109681, 55.7259749 ], [ 49.110355, 55.7261432 ], [ 49.1032007, 55.7284033 ], [ 49.1023365, 55.7286784 ], [ 49.1022133, 55.7287177 ], [ 49.1018454, 55.7288336 ], [ 49.0986108, 55.7298536 ], [ 49.0979232, 55.7301105 ], [ 49.0976281, 55.7302766 ], [ 49.0973894, 55.7304578 ], [ 49.0971099, 55.7307525 ], [ 49.0970072, 55.7308588 ], [ 49.0968919, 55.7310861 ], [ 49.0968275, 55.7313134 ], [ 49.0968463, 55.7317318 ], [ 49.0970609, 55.7321471 ], [ 49.0973733, 55.7325556 ], [ 49.0978467, 55.732906 ], [ 49.0991771, 55.7338823 ] ], [ [ 49.0994145, 55.7876025 ], [ 49.0994453, 55.7868402 ], [ 49.0994024, 55.7865115 ], [ 49.0993568, 55.7863003 ], [ 49.0992576, 55.7858946 ], [ 49.0992328, 55.7852007 ] ], [ [ 49.0992328, 55.7852007 ], [ 49.0992388, 55.7851466 ] ], [ [ 49.0992388, 55.7851466 ], [ 49.0993273, 55.7848721 ] ], [ [ 49.0992388, 55.7851466 ], [ 49.0994151, 55.7846264 ] ], [ [ 49.0993273, 55.7848721 ], [ 49.099381, 55.7845629 ] ], [ [ 49.0994078, 55.7843072 ], [ 49.0993568, 55.783851 ], [ 49.0993628, 55.7836823 ] ], [ [ 49.099381, 55.7845629 ], [ 49.0994078, 55.7843072 ] ], [ [ 49.099381, 55.7845629 ], [ 49.0994883, 55.7841753 ], [ 49.0996197, 55.7838088 ], [ 49.0996814, 55.7835056 ], [ 49.0997028, 55.7832673 ] ], [ [ 49.0994078, 55.7843072 ], [ 49.0994373, 55.7838103 ], [ 49.0994486, 55.7836851 ] ], [ [ 49.0994151, 55.7846264 ], [ 49.0992992, 55.7852084 ], [ 49.0992831, 55.7855644 ], [ 49.0993136, 55.785878 ], [ 49.0993911, 55.7862519 ], [ 49.099497, 55.7866193 ], [ 49.0995111, 55.786884 ], [ 49.0994859, 55.7871498 ], [ 49.0994145, 55.7876025 ] ], [ [ 49.0994151, 55.7846264 ], [ 49.09943, 55.7845936 ] ], [ [ 49.0999074, 55.7839821 ], [ 49.0997082, 55.7842959 ], [ 49.0995419, 55.7846066 ], [ 49.099448, 55.7849475 ], [ 49.0994292, 55.7851662 ] ], [ [ 49.09943, 55.7845936 ], [ 49.0996174, 55.7842615 ] ], [ [ 49.09943, 55.7845936 ], [ 49.0996519, 55.7842929 ], [ 49.0999074, 55.7839821 ] ], [ [ 49.0995017, 55.7876742 ], [ 49.0996626, 55.7868433 ], [ 49.0999389, 55.7853125 ], [ 49.0999818, 55.7851119 ], [ 49.1000274, 55.7849264 ], [ 49.1002822, 55.7845101 ] ], [ [ 49.0995017, 55.7876742 ], [ 49.0997592, 55.7868553 ], [ 49.0998262, 55.7866035 ] ], [ [ 49.0996174, 55.7842615 ], [ 49.099793, 55.7836802 ], [ 49.0997698, 55.7833097 ], [ 49.0997882, 55.7830795 ], [ 49.1001716, 55.7818227 ], [ 49.1003474, 55.7810582 ], [ 49.1003479, 55.7808024 ], [ 49.1000114, 55.7800758 ], [ 49.0999374, 55.7798764 ], [ 49.0998928, 55.7792972 ], [ 49.0998928, 55.7791676 ] ], [ [ 49.0996174, 55.7842615 ], [ 49.0998752, 55.7837475 ], [ 49.1001009, 55.7832919 ], [ 49.1002126, 55.7830926 ] ], [ [ 49.0998265, 55.7873353 ], [ 49.1002625, 55.7867422 ], [ 49.1007052, 55.7861098 ], [ 49.1011042, 55.7854831 ], [ 49.1012148, 55.7852848 ], [ 49.1012998, 55.7850301 ], [ 49.1014999, 55.7842333 ] ], [ [ 49.0998265, 55.7873353 ], [ 49.1003497, 55.7867698 ] ], [ [ 49.0999074, 55.7839821 ], [ 49.100387, 55.7835034 ], [ 49.1005796, 55.7832578 ], [ 49.1009894, 55.782617 ], [ 49.1011795, 55.7821095 ], [ 49.1013239, 55.7814834 ] ], [ [ 49.1001628, 55.7876469 ], [ 49.1004014, 55.7872082 ] ], [ [ 49.1001628, 55.7876469 ], [ 49.1005653, 55.7870608 ], [ 49.1007272, 55.7868469 ], [ 49.1008765, 55.7867108 ], [ 49.1009784, 55.786589 ], [ 49.1015997, 55.7856131 ] ], [ [ 49.1003497, 55.7867698 ], [ 49.1005009, 55.7865934 ], [ 49.1007535, 55.7861879 ], [ 49.1009291, 55.7859274 ], [ 49.1013004, 55.785352 ] ], [ [ 49.1006662, 55.7866014 ], [ 49.1004014, 55.7872082 ] ], [ [ 49.1004014, 55.7872082 ], [ 49.1010829, 55.7861457 ], [ 49.1013725, 55.7856239 ], [ 49.1015066, 55.7852921 ], [ 49.1016193, 55.7849331 ], [ 49.1016703, 55.7845878 ], [ 49.1016421, 55.7842258 ], [ 49.101582, 55.7838631 ] ], [ [ 49.101582, 55.7838631 ], [ 49.1015885, 55.7842278 ], [ 49.1015844, 55.7845878 ], [ 49.101525, 55.7849245 ], [ 49.1014127, 55.785274 ], [ 49.1012787, 55.7856118 ], [ 49.1010716, 55.7859774 ], [ 49.1006662, 55.7866014 ] ], [ [ 49.1010162, 55.7789482 ], [ 49.100911, 55.7786961 ] ], [ [ 49.100911, 55.7786961 ], [ 49.1006654, 55.778059 ], [ 49.1006579, 55.7778345 ], [ 49.1007217, 55.7775173 ], [ 49.1009143, 55.7772847 ], [ 49.1016348, 55.776782 ], [ 49.1029651, 55.7759869 ], [ 49.1033976, 55.7757297 ] ], [ [ 49.100911, 55.7786961 ], [ 49.1008401, 55.7784534 ], [ 49.100832, 55.7782475 ], [ 49.1008991, 55.7779458 ], [ 49.1010654, 55.7776486 ], [ 49.1012773, 55.7773997 ], [ 49.1015509, 55.7771719 ], [ 49.1017181, 55.7770584 ], [ 49.1024563, 55.7765577 ], [ 49.1025916, 55.7764659 ], [ 49.1029376, 55.7761748 ], [ 49.1037195, 55.775513 ] ], [ [ 49.1013334, 55.7796947 ], [ 49.1010162, 55.7789482 ] ], [ [ 49.1010162, 55.7789482 ], [ 49.1009286, 55.7786065 ], [ 49.1008991, 55.7784315 ], [ 49.1009232, 55.7782505 ], [ 49.1010118, 55.7779639 ], [ 49.1011673, 55.7776757 ] ], [ [ 49.1013334, 55.7796947 ], [ 49.1012413, 55.7793419 ] ], [ [ 49.1012413, 55.7793419 ], [ 49.1011673, 55.7790273 ], [ 49.1011539, 55.7787679 ], [ 49.1011834, 55.7785054 ], [ 49.1012558, 55.778255 ], [ 49.1014087, 55.7778643 ], [ 49.1016448, 55.7774796 ], [ 49.1018566, 55.7771749 ] ], [ [ 49.1012413, 55.7793419 ], [ 49.1012129, 55.7790281 ], [ 49.1012263, 55.7787679 ], [ 49.1012853, 55.7785175 ], [ 49.1013578, 55.7782625 ], [ 49.1014999, 55.7778809 ], [ 49.1017091, 55.7774962 ], [ 49.1019452, 55.7771478 ] ], [ [ 49.101283, 55.7819546 ], [ 49.1013683, 55.7823285 ], [ 49.1014652, 55.7827034 ], [ 49.1015578, 55.7830949 ] ], [ [ 49.1015044, 55.7840513 ], [ 49.1014711, 55.7835039 ], [ 49.101341, 55.7826977 ], [ 49.1012961, 55.7823254 ], [ 49.101283, 55.7819546 ] ], [ [ 49.101283, 55.7819546 ], [ 49.1013239, 55.7814834 ] ], [ [ 49.1013004, 55.785352 ], [ 49.1014563, 55.7849275 ], [ 49.1015147, 55.784587 ], [ 49.1014999, 55.7842333 ] ], [ [ 49.1013239, 55.7814834 ], [ 49.1013765, 55.7812703 ] ], [ [ 49.1014028, 55.7799881 ], [ 49.1013334, 55.7796947 ] ], [ [ 49.1013625, 55.7796929 ], [ 49.1013591, 55.7794157 ] ], [ [ 49.1013591, 55.7794157 ], [ 49.1013229, 55.7790153 ], [ 49.1013524, 55.7786261 ], [ 49.1014409, 55.7782731 ], [ 49.101567, 55.777893 ], [ 49.1017923, 55.7775038 ], [ 49.1021517, 55.7770045 ] ], [ [ 49.1013591, 55.7794157 ], [ 49.1013846, 55.7790168 ], [ 49.1014731, 55.7786306 ], [ 49.1015643, 55.7782806 ], [ 49.101685, 55.7779126 ], [ 49.1019183, 55.7775219 ], [ 49.1022643, 55.7769984 ] ], [ [ 49.1014028, 55.7799881 ], [ 49.1013625, 55.7796929 ] ], [ [ 49.1013625, 55.7796929 ], [ 49.101394, 55.779418 ], [ 49.1014838, 55.7790258 ], [ 49.1015884, 55.7786336 ], [ 49.1016796, 55.7782927 ], [ 49.1018084, 55.7779299 ], [ 49.1020243, 55.7775468 ], [ 49.1027552, 55.7764674 ], [ 49.1030315, 55.7761582 ], [ 49.1034888, 55.7757675 ] ], [ [ 49.1013765, 55.7812703 ], [ 49.1014584, 55.780911 ] ], [ [ 49.1041164, 55.775253 ], [ 49.1027123, 55.7773167 ], [ 49.1024843, 55.7776712 ], [ 49.1023046, 55.7780016 ], [ 49.1021866, 55.7783455 ], [ 49.1021115, 55.7786804 ], [ 49.101744, 55.7801858 ], [ 49.1016045, 55.7806549 ], [ 49.1013765, 55.7812703 ] ], [ [ 49.1014543, 55.7802522 ], [ 49.1014028, 55.7799881 ] ], [ [ 49.101487, 55.7805796 ], [ 49.1014543, 55.7802522 ] ], [ [ 49.1014543, 55.7802522 ], [ 49.1014355, 55.7798313 ], [ 49.1014624, 55.7794844 ], [ 49.1016877, 55.7786427 ], [ 49.1017762, 55.7782987 ], [ 49.1019076, 55.7779488 ], [ 49.1021007, 55.7775717 ], [ 49.1029617, 55.7763377 ], [ 49.1031897, 55.7760548 ], [ 49.1034888, 55.7757675 ] ], [ [ 49.101487, 55.7805796 ], [ 49.1014584, 55.780911 ] ], [ [ 49.1014584, 55.780911 ], [ 49.1019586, 55.7786728 ], [ 49.1020498, 55.7783319 ], [ 49.1021758, 55.777988 ], [ 49.1023636, 55.7776426 ], [ 49.1026077, 55.7772971 ], [ 49.1035384, 55.7759711 ], [ 49.1038321, 55.7755902 ], [ 49.1041164, 55.775253 ] ], [ [ 49.101487, 55.7805796 ], [ 49.1015026, 55.7803117 ] ], [ [ 49.1014999, 55.7842333 ], [ 49.1015044, 55.7840513 ] ], [ [ 49.1015026, 55.7803117 ], [ 49.1015214, 55.7798298 ], [ 49.1015589, 55.7794919 ], [ 49.1017467, 55.7786502 ], [ 49.1018432, 55.7783063 ], [ 49.1019639, 55.7779624 ], [ 49.1021624, 55.7775958 ], [ 49.1030395, 55.7763618 ], [ 49.1032742, 55.7760692 ], [ 49.1035384, 55.7757848 ] ], [ [ 49.1015026, 55.7803117 ], [ 49.1016018, 55.7798404 ], [ 49.1016769, 55.77951 ], [ 49.1018701, 55.7786593 ], [ 49.1019639, 55.7783138 ], [ 49.1020739, 55.7779774 ], [ 49.1022778, 55.7776154 ], [ 49.1033345, 55.7760692 ], [ 49.1035384, 55.7757848 ] ], [ [ 49.1015044, 55.7840513 ], [ 49.1015507, 55.7833243 ] ], [ [ 49.1015507, 55.7833243 ], [ 49.101582, 55.7838631 ] ], [ [ 49.1015507, 55.7833243 ], [ 49.1015578, 55.7830949 ] ], [ [ 49.1066962, 55.7704936 ], [ 49.1064459, 55.7714352 ], [ 49.1062787, 55.7719314 ], [ 49.1057581, 55.7729253 ], [ 49.1048366, 55.7742523 ], [ 49.104543, 55.7747066 ], [ 49.1028203, 55.7773396 ], [ 49.1026004, 55.7776936 ], [ 49.1024548, 55.7780378 ], [ 49.1023421, 55.7783651 ], [ 49.1022286, 55.7786919 ], [ 49.1015563, 55.7814803 ], [ 49.1014976, 55.7822457 ], [ 49.1015578, 55.7830949 ] ], [ [ 49.1033976, 55.7757297 ], [ 49.1027069, 55.7760692 ], [ 49.1017628, 55.7766349 ] ], [ [ 49.1033976, 55.7757297 ], [ 49.1037195, 55.775513 ] ], [ [ 49.1034888, 55.7757675 ], [ 49.1037758, 55.7755216 ] ], [ [ 49.1035384, 55.7757848 ], [ 49.1037758, 55.7755216 ] ], [ [ 49.1037195, 55.775513 ], [ 49.1040453, 55.7752411 ] ], [ [ 49.1037758, 55.7755216 ], [ 49.1040453, 55.7752411 ] ], [ [ 49.1040453, 55.7752411 ], [ 49.1043892, 55.7748438 ] ], [ [ 49.1043892, 55.7748438 ], [ 49.1041164, 55.775253 ] ], [ [ 49.1043892, 55.7748438 ], [ 49.104495, 55.7746688 ], [ 49.1047883, 55.774202 ], [ 49.1055955, 55.7728911 ], [ 49.1061276, 55.7719212 ], [ 49.106352, 55.7714316 ], [ 49.1064988, 55.7709522 ] ], [ [ 49.1068755, 55.7692267 ], [ 49.1065317, 55.7708477 ] ], [ [ 49.1068755, 55.7692267 ], [ 49.1066962, 55.7704936 ] ], [ [ 49.1068314, 55.7698781 ], [ 49.1066962, 55.7704936 ] ], [ [ 49.1069117, 55.7698934 ], [ 49.1067949, 55.7703669 ] ], [ [ 49.1077916, 55.766328 ], [ 49.1076203, 55.7667635 ], [ 49.1074944, 55.7670834 ], [ 49.1073058, 55.7677505 ], [ 49.1070435, 55.768861 ], [ 49.1068314, 55.7698781 ] ], [ [ 49.1068314, 55.7698781 ], [ 49.1070883, 55.7691564 ] ], [ [ 49.1130924, 55.7623397 ], [ 49.1119833, 55.762686 ], [ 49.1114442, 55.7628686 ], [ 49.1109386, 55.763061 ], [ 49.1104464, 55.7632866 ], [ 49.1099878, 55.7635251 ], [ 49.1095774, 55.7637869 ], [ 49.1092032, 55.7640615 ], [ 49.1088505, 55.7643641 ], [ 49.1085461, 55.7646764 ], [ 49.1082939, 55.7650069 ], [ 49.1080794, 55.7653374 ], [ 49.1078997, 55.7656799 ], [ 49.1077682, 55.7660345 ], [ 49.1075148, 55.7667254 ], [ 49.1075058, 55.7667538 ], [ 49.1072958, 55.7674176 ], [ 49.1069614, 55.768857 ], [ 49.1068755, 55.7692267 ] ], [ [ 49.1069117, 55.7698934 ], [ 49.1069783, 55.7695509 ], [ 49.1070883, 55.7691564 ] ], [ [ 49.1069838, 55.7696676 ], [ 49.1069117, 55.7698934 ] ], [ [ 49.106998, 55.7695968 ], [ 49.1069838, 55.7696676 ] ], [ [ 49.1069838, 55.7696676 ], [ 49.1071756, 55.7691969 ], [ 49.107274, 55.7689444 ], [ 49.1072881, 55.7688848 ], [ 49.1075078, 55.7679527 ] ], [ [ 49.1070883, 55.7691564 ], [ 49.1071844, 55.768873 ], [ 49.1072264, 55.768749 ], [ 49.1074728, 55.7677574 ], [ 49.1076368, 55.7670975 ], [ 49.1077581, 55.7667751 ], [ 49.1080633, 55.7659636 ], [ 49.1081821, 55.7657119 ], [ 49.1083533, 55.7653869 ], [ 49.108571, 55.7650582 ], [ 49.1088283, 55.7647446 ], [ 49.1091257, 55.7644477 ], [ 49.1094548, 55.764148 ], [ 49.1098147, 55.7638979 ], [ 49.1102151, 55.7636356 ], [ 49.1106517, 55.7634024 ], [ 49.1111432, 55.7631879 ], [ 49.1116199, 55.7630078 ], [ 49.1127153, 55.762662 ], [ 49.1134554, 55.7624991 ], [ 49.1139665, 55.7623955 ], [ 49.1143157, 55.7623419 ], [ 49.1147217, 55.7622877 ] ], [ [ 49.1075078, 55.7679527 ], [ 49.1076067, 55.7676356 ], [ 49.1076808, 55.767454 ], [ 49.1078353, 55.7672559 ], [ 49.1080912, 55.767037 ], [ 49.1084038, 55.7668845 ], [ 49.1086492, 55.766803 ], [ 49.1087758, 55.7667609 ], [ 49.1093111, 55.7666578 ], [ 49.1096554, 55.7666258 ], [ 49.1100654, 55.7666303 ], [ 49.1104332, 55.7666351 ], [ 49.1119298, 55.7666983 ] ], [ [ 49.1075078, 55.7679527 ], [ 49.1076502, 55.76764 ], [ 49.1077763, 55.767477 ], [ 49.107956, 55.7673186 ], [ 49.108243, 55.7671134 ], [ 49.1085568, 55.7669368 ] ], [ [ 49.1077916, 55.766328 ], [ 49.1080083, 55.765695 ], [ 49.1081782, 55.7653545 ], [ 49.1083986, 55.765022 ], [ 49.1086442, 55.7647048 ], [ 49.1089457, 55.7643942 ], [ 49.1092866, 55.7641001 ], [ 49.1096738, 55.7638206 ], [ 49.110083, 55.763565 ], [ 49.1105126, 55.7633286 ], [ 49.1110083, 55.763101 ], [ 49.1114977, 55.7629076 ], [ 49.1118987, 55.7627702 ] ], [ [ 49.1160631, 55.7621274 ], [ 49.1154098, 55.7621578 ], [ 49.1147393, 55.7622167 ], [ 49.114294, 55.762274 ], [ 49.1138944, 55.7623404 ], [ 49.113417, 55.762428 ], [ 49.1126364, 55.762603 ], [ 49.1119753, 55.7627991 ], [ 49.1115323, 55.7629535 ], [ 49.1110754, 55.7631418 ], [ 49.1105825, 55.7633637 ], [ 49.1101527, 55.7636058 ], [ 49.1097517, 55.7638533 ], [ 49.1093607, 55.7641213 ], [ 49.1090342, 55.7644148 ], [ 49.1087429, 55.7647225 ], [ 49.1084924, 55.7650408 ], [ 49.1082792, 55.7653727 ], [ 49.1080968, 55.7657071 ], [ 49.1077916, 55.766328 ] ], [ [ 49.1118987, 55.7627702 ], [ 49.1130924, 55.7623397 ] ], [ [ 49.1124677, 55.7625927 ], [ 49.1118987, 55.7627702 ] ], [ [ 49.1119298, 55.7666983 ], [ 49.1125924, 55.7667323 ], [ 49.1129483, 55.7667152 ], [ 49.1131606, 55.76668 ], [ 49.1133673, 55.7665975 ], [ 49.1135434, 55.7664809 ], [ 49.1136946, 55.7663594 ], [ 49.1143139, 55.7655195 ] ], [ [ 49.1119298, 55.7666983 ], [ 49.1149964, 55.7669119 ] ], [ [ 49.1146618, 55.7621293 ], [ 49.1142645, 55.7621751 ], [ 49.1138917, 55.7622242 ], [ 49.1133553, 55.7623314 ], [ 49.1124677, 55.7625927 ] ], [ [ 49.1161075, 55.7621004 ], [ 49.1151488, 55.762128 ], [ 49.114716, 55.7621629 ], [ 49.1142654, 55.7622049 ], [ 49.1139122, 55.7622594 ], [ 49.1124677, 55.7625927 ] ], [ [ 49.1130924, 55.7623397 ], [ 49.1143036, 55.7619562 ], [ 49.1148132, 55.7617677 ], [ 49.1152767, 55.7615779 ], [ 49.1157866, 55.7613301 ], [ 49.1162816, 55.7610532 ], [ 49.118626, 55.759585 ], [ 49.1200247, 55.7586937 ], [ 49.120474, 55.7584224 ], [ 49.1209474, 55.7581628 ], [ 49.1214062, 55.757913 ], [ 49.1220136, 55.7576357 ], [ 49.1228838, 55.7572147 ], [ 49.1233922, 55.7569504 ], [ 49.1239421, 55.7565883 ], [ 49.1242143, 55.7563883 ], [ 49.1244478, 55.7561976 ], [ 49.1247972, 55.7558506 ], [ 49.1250708, 55.7555269 ], [ 49.1253152, 55.7552335 ], [ 49.1254683, 55.7549464 ], [ 49.1255804, 55.7546267 ], [ 49.1256563, 55.7543966 ], [ 49.1256941, 55.7541914 ], [ 49.1257387, 55.7539295 ], [ 49.1257691, 55.75339 ], [ 49.1258669, 55.7517625 ], [ 49.1259404, 55.7504006 ], [ 49.1260418, 55.7490691 ], [ 49.1261408, 55.7476437 ], [ 49.1261408, 55.7475712 ], [ 49.126574, 55.745271 ], [ 49.1266031, 55.7451179 ], [ 49.1267266, 55.7444085 ], [ 49.1269869, 55.7430456 ], [ 49.1274418, 55.7406778 ], [ 49.127906, 55.7382552 ], [ 49.1280249, 55.7376227 ], [ 49.1285941, 55.7345938 ], [ 49.1288676, 55.7335769 ], [ 49.1292011, 55.7319647 ], [ 49.1294681, 55.730454 ], [ 49.1296819, 55.7291594 ], [ 49.1297005, 55.7287434 ], [ 49.1297079, 55.7272762 ], [ 49.1297496, 55.7269059 ], [ 49.1297986, 55.7266592 ], [ 49.1298789, 55.7264015 ], [ 49.1300123, 55.7260883 ], [ 49.1302131, 55.7257416 ], [ 49.1303654, 55.7255191 ], [ 49.1306256, 55.7252219 ], [ 49.1309183, 55.7249132 ], [ 49.1312515, 55.7246207 ], [ 49.1315179, 55.7244282 ], [ 49.131943, 55.7241593 ], [ 49.1324928, 55.7238663 ], [ 49.1332163, 55.7235539 ], [ 49.1334905, 55.7234439 ], [ 49.1352957, 55.7226782 ], [ 49.1354406, 55.7226147 ], [ 49.138906, 55.7211962 ], [ 49.1393056, 55.7210391 ], [ 49.1421159, 55.7199077 ], [ 49.1451746, 55.7186634 ], [ 49.1460083, 55.7182757 ], [ 49.1465939, 55.7179201 ], [ 49.1470692, 55.7175822 ], [ 49.1474361, 55.7172342 ], [ 49.1478496, 55.7167616 ], [ 49.1493126, 55.7150508 ], [ 49.1495776, 55.7147541 ], [ 49.149913, 55.7144326 ], [ 49.1504238, 55.7140892 ], [ 49.150873, 55.7137747 ], [ 49.1526514, 55.7126871 ], [ 49.1530745, 55.7124255 ], [ 49.155502, 55.7109685 ], [ 49.1571138, 55.7099478 ], [ 49.1585418, 55.7087907 ], [ 49.1604097, 55.7073149 ], [ 49.1652901, 55.7034145 ], [ 49.1662028, 55.7027648 ], [ 49.1667897, 55.7024082 ], [ 49.1674595, 55.7020415 ], [ 49.1681681, 55.7016736 ], [ 49.1687555, 55.7013622 ], [ 49.1691627, 55.7011543 ], [ 49.1695382, 55.7009646 ], [ 49.1719858, 55.699649 ], [ 49.175386, 55.697908 ], [ 49.1755204, 55.6978392 ], [ 49.175878, 55.6976577 ], [ 49.1765711, 55.6973042 ], [ 49.1779492, 55.696589 ], [ 49.1786675, 55.696226 ], [ 49.1791418, 55.6959931 ], [ 49.1795951, 55.695792 ], [ 49.1800759, 55.6955991 ], [ 49.1804241, 55.6954643 ], [ 49.1811857, 55.6952078 ], [ 49.1817623, 55.6950377 ], [ 49.1823383, 55.6948769 ], [ 49.1842441, 55.6944378 ], [ 49.1851524, 55.6942491 ], [ 49.1858055, 55.6941058 ], [ 49.1887541, 55.6934589 ], [ 49.1906867, 55.6930393 ], [ 49.1913555, 55.6928617 ], [ 49.191956, 55.6926888 ], [ 49.1925853, 55.6924767 ], [ 49.193048, 55.6922855 ], [ 49.1935693, 55.6920522 ], [ 49.1940091, 55.6918055 ], [ 49.1945276, 55.6914968 ], [ 49.1951809, 55.6909985 ], [ 49.1955926, 55.6906521 ], [ 49.1964399, 55.6898448 ], [ 49.1980788, 55.6880431 ], [ 49.1994657, 55.6865624 ], [ 49.2018742, 55.6839453 ], [ 49.2035372, 55.682159 ], [ 49.205949, 55.6795443 ], [ 49.2065239, 55.6789159 ], [ 49.2072389, 55.6781464 ], [ 49.2076661, 55.6776806 ], [ 49.2081035, 55.6771993 ], [ 49.2084123, 55.6768717 ], [ 49.2090594, 55.6761583 ], [ 49.2097776, 55.6753835 ], [ 49.2102627, 55.6748578 ], [ 49.2107581, 55.6743355 ], [ 49.2110887, 55.6739657 ], [ 49.211436, 55.6735877 ], [ 49.2117728, 55.673237 ], [ 49.2119137, 55.6730772 ], [ 49.2121396, 55.672833 ], [ 49.2124934, 55.6724499 ], [ 49.215071, 55.6696404 ], [ 49.2157831, 55.668883 ], [ 49.2162652, 55.6683706 ], [ 49.2164422, 55.668182 ], [ 49.2168463, 55.6677446 ], [ 49.2180182, 55.666458 ], [ 49.2197561, 55.6645463 ], [ 49.2307815, 55.652482 ], [ 49.231343, 55.6518646 ], [ 49.231548, 55.6516287 ], [ 49.236851, 55.6459279 ], [ 49.2413519, 55.6409452 ], [ 49.2415378, 55.6407563 ], [ 49.2446293, 55.6374441 ], [ 49.2460442, 55.6358603 ], [ 49.2475649, 55.6342357 ], [ 49.2483836, 55.6334901 ], [ 49.2502404, 55.6317972 ], [ 49.254278, 55.6282371 ], [ 49.2582394, 55.6247091 ], [ 49.2585862, 55.6244115 ], [ 49.2589642, 55.6240956 ], [ 49.2592567, 55.6238769 ], [ 49.2595577, 55.6236686 ], [ 49.2602007, 55.6232839 ], [ 49.2606593, 55.6230264 ], [ 49.261234, 55.6227416 ], [ 49.2618769, 55.6224582 ], [ 49.2632118, 55.6219425 ], [ 49.2653526, 55.6211005 ], [ 49.2661076, 55.6208122 ], [ 49.2667339, 55.6205729 ], [ 49.2673186, 55.6203594 ], [ 49.268079, 55.6200978 ], [ 49.2735468, 55.6184824 ], [ 49.2761362, 55.6177247 ], [ 49.2786087, 55.616999 ], [ 49.2806987, 55.6163812 ], [ 49.2825593, 55.6157859 ], [ 49.2838918, 55.615289 ], [ 49.2852447, 55.614764 ], [ 49.2947091, 55.6111183 ] ], [ [ 49.1146618, 55.7621293 ], [ 49.1154258, 55.7620473 ], [ 49.1159133, 55.7620113 ], [ 49.1164699, 55.7619643 ], [ 49.1174355, 55.7618867 ], [ 49.1178687, 55.761857 ], [ 49.1185804, 55.761806 ], [ 49.119095, 55.761798 ] ], [ [ 49.1161075, 55.7621004 ], [ 49.1154888, 55.7620936 ], [ 49.1151056, 55.7620972 ], [ 49.1146618, 55.7621293 ] ], [ [ 49.1147217, 55.7622877 ], [ 49.1155064, 55.7621805 ], [ 49.1160631, 55.7621274 ] ], [ [ 49.1147217, 55.7622877 ], [ 49.1155285, 55.7622178 ], [ 49.1162456, 55.7621832 ] ], [ [ 49.1168786, 55.7621116 ], [ 49.1160631, 55.7621274 ] ], [ [ 49.1168786, 55.7621116 ], [ 49.1161075, 55.7621004 ] ], [ [ 49.1162456, 55.7621832 ], [ 49.1166571, 55.762185 ], [ 49.1170755, 55.7622122 ], [ 49.1174725, 55.7622876 ], [ 49.1178545, 55.7623812 ] ], [ [ 49.1162456, 55.7621832 ], [ 49.1166571, 55.7622046 ], [ 49.11706, 55.7622492 ], [ 49.1174112, 55.7623375 ], [ 49.1188119, 55.7627558 ] ], [ [ 49.1253189, 55.763451 ], [ 49.1243651, 55.7633013 ], [ 49.1232309, 55.7631372 ], [ 49.1225989, 55.7630298 ], [ 49.1219617, 55.7628952 ], [ 49.121354, 55.7627447 ], [ 49.1202801, 55.762464 ], [ 49.1197409, 55.7623351 ], [ 49.1193327, 55.7622649 ], [ 49.1188576, 55.7621962 ], [ 49.1183925, 55.7621533 ], [ 49.1180044, 55.7621246 ], [ 49.1176077, 55.7621063 ], [ 49.1168786, 55.7621116 ] ], [ [ 49.1199125, 55.7639731 ], [ 49.1199222, 55.7638182 ], [ 49.119905, 55.7635883 ], [ 49.119806, 55.7633618 ], [ 49.1196135, 55.7631324 ], [ 49.119255, 55.7628442 ], [ 49.1186984, 55.7625979 ], [ 49.1178545, 55.7623812 ] ], [ [ 49.1178545, 55.7623812 ], [ 49.1187039, 55.7626521 ], [ 49.1191881, 55.7628905 ], [ 49.1195392, 55.7631558 ], [ 49.1197253, 55.7633643 ], [ 49.1198352, 55.7635955 ], [ 49.1198396, 55.7638145 ], [ 49.1197773, 55.7643279 ], [ 49.1198661, 55.7647883 ] ], [ [ 49.1186881, 55.7676726 ], [ 49.1194182, 55.7669475 ], [ 49.1197203, 55.7666706 ] ], [ [ 49.1187706, 55.7676906 ], [ 49.1195304, 55.7668789 ], [ 49.1197203, 55.7666706 ] ], [ [ 49.1191291, 55.7676026 ], [ 49.1192802, 55.7673209 ], [ 49.1196111, 55.7668616 ], [ 49.119875, 55.7665132 ] ], [ [ 49.1204484, 55.7667034 ], [ 49.1203265, 55.7668794 ], [ 49.1193234, 55.7679729 ], [ 49.1192189, 55.7680745 ] ], [ [ 49.1201002, 55.7655069 ], [ 49.1201359, 55.7657855 ], [ 49.1201038, 55.7660121 ], [ 49.1200489, 55.7661267 ], [ 49.1199793, 55.7662144 ], [ 49.1198777, 55.7662967 ], [ 49.1193793, 55.7668311 ] ], [ [ 49.1194322, 55.7704077 ], [ 49.1196109, 55.7700036 ] ], [ [ 49.1196109, 55.7700036 ], [ 49.1196839, 55.7697757 ], [ 49.1196701, 55.7695458 ] ], [ [ 49.1196109, 55.7700036 ], [ 49.119701, 55.769859 ], [ 49.1197868, 55.7697487 ], [ 49.1198811, 55.7696483 ], [ 49.1200437, 55.7695368 ], [ 49.1202544, 55.7694259 ], [ 49.1205448, 55.7692909 ], [ 49.1209337, 55.7690411 ], [ 49.1212461, 55.7688494 ], [ 49.1218685, 55.7682592 ], [ 49.1222043, 55.7679662 ] ], [ [ 49.1196701, 55.7695458 ], [ 49.1193883, 55.7689278 ], [ 49.1193198, 55.7687133 ], [ 49.1192933, 55.768551 ], [ 49.119291, 55.7683758 ], [ 49.1193438, 55.7681948 ], [ 49.1194134, 55.767995 ], [ 49.1195838, 55.7677533 ], [ 49.1200505, 55.7672711 ] ], [ [ 49.1196701, 55.7695458 ], [ 49.1196182, 55.7693178 ], [ 49.1196276, 55.7691888 ], [ 49.119692, 55.7690787 ], [ 49.1200219, 55.7687098 ] ], [ [ 49.1197203, 55.7666706 ], [ 49.119875, 55.7665132 ] ], [ [ 49.1198661, 55.7647883 ], [ 49.1199328, 55.7649993 ], [ 49.1201002, 55.7655069 ] ], [ [ 49.1199125, 55.7639731 ], [ 49.1198328, 55.7643354 ], [ 49.1198661, 55.7647883 ] ], [ [ 49.119875, 55.7665132 ], [ 49.1200228, 55.7663384 ], [ 49.1201038, 55.76622 ] ], [ [ 49.1200577, 55.7650596 ], [ 49.1199523, 55.7647862 ], [ 49.119916, 55.7645134 ], [ 49.1198895, 55.7643402 ], [ 49.1199125, 55.7639731 ] ], [ [ 49.1200505, 55.7672711 ], [ 49.1198811, 55.7675102 ], [ 49.1198274, 55.7675932 ], [ 49.1198033, 55.7676717 ], [ 49.1198087, 55.7677516 ], [ 49.1198462, 55.7678301 ], [ 49.1199857, 55.7679599 ], [ 49.1201679, 55.7680704 ] ], [ [ 49.1200505, 55.7672711 ], [ 49.120212, 55.7671042 ] ], [ [ 49.1204484, 55.7667034 ], [ 49.1205497, 55.7664957 ], [ 49.1206065, 55.7662449 ], [ 49.1205888, 55.7660465 ], [ 49.1205205, 55.7658511 ], [ 49.1203364, 55.7654952 ], [ 49.1200577, 55.7650596 ] ], [ [ 49.1201038, 55.76622 ], [ 49.1201976, 55.7660254 ], [ 49.1202561, 55.7658289 ], [ 49.1202193, 55.7654997 ], [ 49.1200577, 55.7650596 ] ], [ [ 49.1201002, 55.7655069 ], [ 49.1201761, 55.7658353 ], [ 49.1201667, 55.7660217 ], [ 49.1201038, 55.76622 ] ], [ [ 49.120212, 55.7671042 ], [ 49.1204484, 55.7667034 ] ], [ [ 49.120212, 55.7671042 ], [ 49.1205731, 55.7667135 ] ], [ [ 49.1256738, 55.7634955 ], [ 49.1263035, 55.7635718 ], [ 49.1268541, 55.7636108 ], [ 49.1275537, 55.7636299 ], [ 49.1281083, 55.7636295 ], [ 49.130745, 55.7635602 ], [ 49.1312161, 55.7635518 ], [ 49.1350292, 55.7634822 ], [ 49.136015, 55.7635114 ], [ 49.1369388, 55.7635577 ], [ 49.1374259, 55.7636195 ], [ 49.1400663, 55.7641701 ], [ 49.1411965, 55.7642794 ], [ 49.1423993, 55.7643697 ], [ 49.1438636, 55.7643672 ], [ 49.1493912, 55.7640594 ], [ 49.1506616, 55.7639908 ], [ 49.1531517, 55.7638168 ], [ 49.1559112, 55.7636714 ], [ 49.1567768, 55.7636345 ], [ 49.1575538, 55.7636116 ], [ 49.1583567, 55.7636431 ], [ 49.1591691, 55.7637125 ], [ 49.1598304, 55.7637899 ], [ 49.1602509, 55.7638539 ], [ 49.1611022, 55.7640148 ], [ 49.1614705, 55.7641152 ], [ 49.1619527, 55.7642329 ], [ 49.162702, 55.7644672 ], [ 49.163519, 55.7647727 ], [ 49.16421, 55.7650975 ], [ 49.1649601, 55.765459 ], [ 49.1662795, 55.7661362 ], [ 49.1668038, 55.7664116 ], [ 49.1673008, 55.76671 ], [ 49.167758, 55.7670181 ], [ 49.1681446, 55.7673293 ], [ 49.1684851, 55.7676511 ], [ 49.1687972, 55.768001 ], [ 49.169069, 55.7683594 ], [ 49.1693109, 55.7687425 ], [ 49.1694911, 55.7690982 ], [ 49.1696445, 55.7694996 ], [ 49.1698188, 55.7700596 ], [ 49.1699582, 55.7705185 ], [ 49.1700845, 55.7710093 ], [ 49.1701547, 55.771475 ], [ 49.1701928, 55.7719251 ], [ 49.1702136, 55.772427 ], [ 49.1701608, 55.7730064 ], [ 49.1700899, 55.7734735 ], [ 49.1699709, 55.7740465 ], [ 49.1697932, 55.7746242 ], [ 49.1696125, 55.7750314 ], [ 49.1694112, 55.7754769 ], [ 49.1691524, 55.7759431 ], [ 49.1688999, 55.7763437 ], [ 49.168849599083941, 55.776417100353505 ] ], [ [ 49.1614515, 55.7572615 ], [ 49.1615058, 55.7569079 ], [ 49.1616229, 55.7557811 ] ], [ [ 49.1636998, 55.7819457 ], [ 49.163348, 55.7823278 ], [ 49.1628958, 55.7827944 ], [ 49.1625733, 55.7831821 ], [ 49.1623345, 55.7835395 ], [ 49.1621022, 55.7839823 ], [ 49.1619462, 55.7844115 ], [ 49.1618416, 55.7848699 ], [ 49.1617875, 55.7853217 ], [ 49.1617155, 55.7863532 ], [ 49.1617032, 55.7867408 ], [ 49.1617478, 55.7872761 ], [ 49.1618556, 55.7877309 ], [ 49.1620645, 55.7881937 ], [ 49.162308, 55.7886235 ], [ 49.1626072, 55.7890499 ], [ 49.1630175, 55.7894738 ], [ 49.1648982, 55.7911142 ], [ 49.1656131, 55.7917654 ], [ 49.1658964, 55.7920745 ], [ 49.1661322, 55.7923962 ], [ 49.1663373, 55.7926938 ], [ 49.1665126, 55.7929627 ], [ 49.1666633, 55.7932779 ], [ 49.1667686, 55.7935696 ], [ 49.1668512, 55.7938369 ], [ 49.1669237, 55.7941909 ], [ 49.1669492, 55.7945521 ], [ 49.1669213, 55.7950139 ], [ 49.1667894, 55.7959911 ], [ 49.1667638, 55.7961807 ], [ 49.1666778, 55.7968136 ], [ 49.1665671, 55.7974448 ], [ 49.1662549, 55.7995889 ], [ 49.1662555, 55.8000501 ], [ 49.1663107, 55.8005022 ], [ 49.1664302, 55.8009457 ], [ 49.1666447, 55.8013892 ], [ 49.1669295, 55.8018463 ], [ 49.1671019, 55.8020731 ], [ 49.1672342, 55.8022471 ], [ 49.1675716, 55.8026 ], [ 49.1680016, 55.8029979 ], [ 49.1684366, 55.8033422 ], [ 49.1685718, 55.8034289 ], [ 49.1689449, 55.803678 ], [ 49.169502, 55.8039894 ], [ 49.1701781, 55.8043126 ], [ 49.1708155, 55.8045821 ], [ 49.1710432, 55.8046757 ], [ 49.1721813, 55.8051388 ], [ 49.1725396, 55.8052857 ], [ 49.1730625, 55.8055 ], [ 49.1735486, 55.805737 ], [ 49.1738549, 55.8059052 ], [ 49.1741649, 55.8060825 ], [ 49.1744319, 55.80625 ], [ 49.1745481, 55.80633 ], [ 49.1749473, 55.8066131 ], [ 49.1752325, 55.8068483 ], [ 49.1754648, 55.8070598 ], [ 49.1758063, 55.8074196 ], [ 49.1760283, 55.8077036 ], [ 49.1761193, 55.8078199 ], [ 49.1763092, 55.8080831 ], [ 49.1765306, 55.8084928 ], [ 49.176696, 55.8089203 ], [ 49.1768057, 55.8093516 ], [ 49.1768659, 55.809774 ], [ 49.1768614, 55.8102252 ], [ 49.17682, 55.8107616 ], [ 49.176752, 55.8112596 ], [ 49.1767519, 55.8115672 ], [ 49.1768396, 55.8122243 ], [ 49.1770035, 55.8127243 ], [ 49.1772568, 55.8132177 ], [ 49.179433, 55.816589 ], [ 49.179848, 55.8172242 ], [ 49.1818319, 55.8202355 ] ], [ [ 49.1636998, 55.7819457 ], [ 49.1675299, 55.7778834 ] ], [ [ 49.167282874066821, 55.778283617765162 ], [ 49.1672014, 55.7783679 ], [ 49.1668328, 55.7787386 ], [ 49.1667139, 55.7788581 ], [ 49.1646819, 55.7809317 ], [ 49.1645579, 55.7810583 ], [ 49.1640783, 55.7815622 ], [ 49.1636998, 55.7819457 ] ], [ [ 49.167282874066821, 55.778283617765162 ], [ 49.1667827, 55.7788795 ] ], [ [ 49.168849599083941, 55.776417100353505 ], [ 49.167282874066821, 55.778283617765162 ] ], [ [ 49.168849599083941, 55.776417100353505 ], [ 49.1685541, 55.7768483 ], [ 49.1681593, 55.7773483 ], [ 49.1676395, 55.7779147 ], [ 49.167282874066821, 55.778283617765162 ] ], [ [ 49.1692358, 55.775957 ], [ 49.168849599083941, 55.776417100353505 ] ], [ [ 49.1818319, 55.8202355 ], [ 49.1823235, 55.8209777 ], [ 49.1830004, 55.822012 ], [ 49.1839408, 55.8234489 ], [ 49.1843376, 55.8239479 ], [ 49.1848341, 55.8246161 ], [ 49.1855124, 55.8253975 ], [ 49.1868686, 55.8267394 ], [ 49.1899543, 55.8297917 ], [ 49.1908442, 55.8307283 ], [ 49.1912045, 55.8311527 ], [ 49.191447, 55.8315668 ], [ 49.1917477, 55.8324749 ], [ 49.1918105, 55.8327656 ], [ 49.1918315, 55.832909 ], [ 49.1918483, 55.833213 ], [ 49.1918321, 55.8335289 ], [ 49.191719, 55.8343007 ], [ 49.1916439, 55.8345146 ], [ 49.1913274, 55.8351382 ], [ 49.1906813, 55.8360862 ], [ 49.1894802, 55.8378256 ], [ 49.1891677, 55.8382714 ], [ 49.1888751, 55.8387764 ], [ 49.1886989, 55.8391812 ], [ 49.188522, 55.8399173 ], [ 49.1877418, 55.8452653 ], [ 49.1877871, 55.8457312 ], [ 49.1878983, 55.8461165 ], [ 49.1881223, 55.8466915 ], [ 49.1884135, 55.8474293 ], [ 49.1885537, 55.8477077 ], [ 49.1886857, 55.84789 ], [ 49.1888566, 55.8481074 ], [ 49.1890893, 55.8483576 ], [ 49.189245, 55.8484903 ], [ 49.189548, 55.8487319 ], [ 49.190932, 55.8497274 ], [ 49.1910889, 55.8498397 ], [ 49.1965914, 55.8537461 ], [ 49.2023773, 55.8578936 ], [ 49.2028418, 55.8582429 ], [ 49.2033237, 55.8586289 ], [ 49.2035003, 55.8587728 ] ], [ [ 49.1818319, 55.8202355 ], [ 49.1821357, 55.8208374 ], [ 49.1822118, 55.8210045 ], [ 49.1828852, 55.8220345 ], [ 49.1838287, 55.8234639 ], [ 49.1842115, 55.8239703 ], [ 49.1852825, 55.8253012 ], [ 49.1867911, 55.8267563 ], [ 49.1898646, 55.8298115 ], [ 49.1907502, 55.8307401 ], [ 49.191111, 55.8311644 ], [ 49.1913743, 55.8315856 ], [ 49.1916948, 55.8324896 ], [ 49.1917447, 55.8327658 ], [ 49.1917757, 55.8329087 ], [ 49.1917728, 55.8332289 ], [ 49.1917709, 55.8335305 ], [ 49.1916409, 55.8342852 ], [ 49.191501, 55.8346294 ], [ 49.1912778, 55.8350562 ], [ 49.1908371, 55.8357217 ], [ 49.1897095, 55.8373559 ], [ 49.189161, 55.8380735 ], [ 49.1886841, 55.8388392 ], [ 49.1883209, 55.8399066 ], [ 49.1875807, 55.8452673 ], [ 49.1876483, 55.8457402 ], [ 49.1878298, 55.846225 ], [ 49.1882687, 55.8472841 ], [ 49.1883319, 55.8474374 ], [ 49.1884572, 55.8477279 ], [ 49.1885792, 55.8479132 ], [ 49.1887614, 55.8481528 ], [ 49.189015, 55.8483943 ], [ 49.189493, 55.8487581 ] ], [ [ 49.189493, 55.8487581 ], [ 49.1896258, 55.8488431 ], [ 49.1901346, 55.8492083 ], [ 49.1964989, 55.8537831 ], [ 49.1973849, 55.8544244 ], [ 49.2034654, 55.8587863 ], [ 49.2037085, 55.8589576 ] ], [ [ 49.2038397, 55.8590501 ], [ 49.2044698, 55.8594982 ], [ 49.2049085, 55.8598242 ], [ 49.2068999, 55.8612456 ], [ 49.2165426, 55.8681716 ], [ 49.2201764, 55.8707217 ], [ 49.2202594, 55.8707782 ], [ 49.2226923, 55.8725217 ], [ 49.2335574, 55.880354 ], [ 49.2384789, 55.883868 ] ], [ [ 49.8803022, 56.0744054 ], [ 49.8779202, 56.0736733 ], [ 49.8725447, 56.0720287 ], [ 49.8722215, 56.07193 ], [ 49.870977, 56.0715514 ], [ 49.8638923, 56.0693953 ], [ 49.8568602, 56.0672102 ], [ 49.8551619, 56.0666956 ], [ 49.8465002, 56.0640645 ], [ 49.8455328, 56.0637676 ], [ 49.8441602, 56.0633421 ], [ 49.8423402, 56.0627887 ], [ 49.8381663, 56.0614978 ], [ 49.8377832, 56.0613795 ], [ 49.8355205, 56.0606922 ], [ 49.8328709, 56.059877 ], [ 49.8312214, 56.0593753 ], [ 49.8287118, 56.0586345 ], [ 49.8223817, 56.0566318 ], [ 49.820884, 56.0561812 ], [ 49.820615, 56.0560988 ], [ 49.817881, 56.055303 ], [ 49.8141034, 56.054138 ], [ 49.8098805, 56.0528021 ], [ 49.8064293, 56.0517767 ], [ 49.8061645, 56.0516661 ], [ 49.8020124, 56.050403 ], [ 49.7979519, 56.0490882 ], [ 49.7976676, 56.0490017 ], [ 49.7931942, 56.0476177 ], [ 49.7917157, 56.0471551 ], [ 49.7896563, 56.0465092 ], [ 49.7840903, 56.04484 ], [ 49.7818365, 56.0443402 ], [ 49.7795893, 56.0439712 ], [ 49.7782266, 56.0438275 ], [ 49.7767733, 56.0437663 ], [ 49.7748484, 56.043782 ], [ 49.7730969, 56.0438987 ], [ 49.7717849, 56.0440536 ], [ 49.7705336, 56.0442232 ], [ 49.7680014, 56.0446088 ], [ 49.7595875, 56.0458559 ], [ 49.7586193, 56.0459629 ], [ 49.7572988, 56.0460437 ], [ 49.7562828, 56.0460971 ], [ 49.7543809, 56.0460985 ], [ 49.752716, 56.0459761 ], [ 49.7507937, 56.0457383 ], [ 49.7484466, 56.0452732 ], [ 49.7458792, 56.0447691 ], [ 49.7408502, 56.0437621 ], [ 49.736189, 56.0428559 ], [ 49.7304665, 56.0417031 ], [ 49.7287912, 56.0413654 ], [ 49.7238576, 56.0403797 ], [ 49.7145855, 56.0385245 ], [ 49.7097544, 56.0375682 ], [ 49.7053031, 56.0366917 ], [ 49.7012379, 56.0358799 ], [ 49.7010824, 56.035848 ], [ 49.7004957, 56.0357374 ], [ 49.694676, 56.0345713 ], [ 49.6913435, 56.0339105 ], [ 49.6810348, 56.0318352 ], [ 49.6783094, 56.031301 ], [ 49.6759663, 56.0308152 ], [ 49.6733633, 56.0303009 ], [ 49.6670582, 56.0290459 ], [ 49.6642165, 56.0284488 ], [ 49.6621565, 56.0279246 ], [ 49.6602418, 56.0274074 ], [ 49.6586917, 56.0268902 ], [ 49.6572385, 56.0262605 ], [ 49.6565705, 56.0259556 ], [ 49.6547323, 56.0248999 ], [ 49.6534606, 56.0243134 ], [ 49.6522137, 56.023816 ], [ 49.6512817, 56.0234975 ], [ 49.6502933, 56.0232089 ], [ 49.6490634, 56.0229183 ], [ 49.6476488, 56.0225868 ], [ 49.6422833, 56.0213011 ], [ 49.6260434, 56.0175201 ], [ 49.6245733, 56.0171778 ], [ 49.6237662, 56.0169832 ], [ 49.6231461, 56.0168161 ], [ 49.6224801, 56.0166166 ], [ 49.6217045, 56.0163574 ], [ 49.6211994, 56.0161736 ], [ 49.6206737, 56.0159607 ], [ 49.6200731, 56.0156991 ], [ 49.6197335, 56.0155454 ], [ 49.6191524, 56.0152516 ], [ 49.6186037, 56.0149458 ], [ 49.6180628, 56.0146116 ], [ 49.6176535, 56.0143565 ], [ 49.6171747, 56.0140191 ], [ 49.6168306, 56.0137534 ], [ 49.6164908, 56.0134779 ], [ 49.6161054, 56.0131174 ], [ 49.6158537, 56.0128691 ], [ 49.615637, 56.0126401 ], [ 49.615383, 56.0123511 ], [ 49.6151184, 56.0119971 ], [ 49.6144809, 56.0110864 ], [ 49.6137573, 56.0100497 ], [ 49.6132593, 56.0093376 ], [ 49.6128805, 56.0088071 ], [ 49.6119011, 56.0075211 ], [ 49.6117217, 56.0072867 ], [ 49.6114308, 56.0069851 ], [ 49.6111316, 56.0066903 ], [ 49.610812, 56.0064355 ], [ 49.6104213, 56.0061467 ], [ 49.6100454, 56.0059121 ], [ 49.609672, 56.0056969 ], [ 49.6092501, 56.0054727 ], [ 49.6087846, 56.0052603 ], [ 49.6084182, 56.0051077 ], [ 49.6080297, 56.0049659 ], [ 49.6076245, 56.0048336 ], [ 49.6072564, 56.0047184 ], [ 49.6068576, 56.0046097 ], [ 49.6064212, 56.004504 ], [ 49.6059497, 56.004405 ], [ 49.6054704, 56.0043164 ], [ 49.604925, 56.0042342 ], [ 49.6045012, 56.0041889 ], [ 49.6041083, 56.0041455 ], [ 49.6037388, 56.0041155 ], [ 49.6031566, 56.0040877 ], [ 49.6026331, 56.0040818 ], [ 49.6021239, 56.0040885 ], [ 49.6015967, 56.0041092 ], [ 49.6009163, 56.0041565 ], [ 49.6002263, 56.004227 ], [ 49.5995169, 56.0043375 ], [ 49.5988907, 56.0044631 ], [ 49.5984516, 56.0045662 ], [ 49.5979917, 56.0046876 ], [ 49.5974891, 56.004838 ], [ 49.5969604, 56.0050225 ], [ 49.5956481, 56.0055534 ], [ 49.5950101, 56.0058172 ], [ 49.5944674, 56.0060155 ], [ 49.5939053, 56.0061985 ], [ 49.5933955, 56.0063414 ], [ 49.5927703, 56.0064887 ], [ 49.5921366, 56.0066134 ], [ 49.5915806, 56.0067005 ], [ 49.5909962, 56.0067739 ], [ 49.5901461, 56.0068512 ], [ 49.5885032, 56.0069759 ], [ 49.5870908, 56.0070788 ], [ 49.5866924, 56.0071024 ], [ 49.5862247, 56.0071207 ], [ 49.5857754, 56.0071298 ], [ 49.5853764, 56.0071265 ], [ 49.5849453, 56.0071186 ], [ 49.584525, 56.0070988 ], [ 49.5829074, 56.0069744 ], [ 49.5822187, 56.0069462 ], [ 49.5817347, 56.0069434 ], [ 49.580346, 56.0069387 ], [ 49.5792857, 56.006933 ], [ 49.5788545, 56.0069408 ], [ 49.578518, 56.006949 ], [ 49.5781324, 56.0069771 ], [ 49.5775743, 56.0070331 ], [ 49.5767944, 56.0071274 ], [ 49.573024, 56.0075699 ], [ 49.5704658, 56.0078553 ], [ 49.5696171, 56.0079319 ], [ 49.568958, 56.0079807 ], [ 49.5679878, 56.0080227 ], [ 49.5670452, 56.0080389 ], [ 49.5661523, 56.0080324 ], [ 49.5651679, 56.0080012 ], [ 49.5643189, 56.0079558 ], [ 49.5634849, 56.0078887 ], [ 49.5629922, 56.0078462 ], [ 49.5626048, 56.0078061 ], [ 49.5609826, 56.0075961 ], [ 49.5599204, 56.0074579 ], [ 49.5593495, 56.0073846 ], [ 49.5589251, 56.0073225 ], [ 49.5583989, 56.0072412 ], [ 49.5579609, 56.0071621 ], [ 49.5574342, 56.0070518 ], [ 49.5569081, 56.0069154 ], [ 49.5563272, 56.0067306 ], [ 49.5558571, 56.0065671 ], [ 49.5553328, 56.00636 ], [ 49.5549629, 56.0062059 ], [ 49.5543947, 56.0059597 ], [ 49.5538173, 56.0057089 ], [ 49.5532055, 56.0054646 ], [ 49.55273, 56.0052967 ], [ 49.552185, 56.0051368 ], [ 49.5514577, 56.0049348 ], [ 49.5505651, 56.0047575 ], [ 49.5496293, 56.004618 ], [ 49.5487635, 56.004519 ], [ 49.5478994, 56.0044429 ], [ 49.5465452, 56.0043687 ], [ 49.5422616, 56.0041229 ], [ 49.5356308, 56.0037635 ], [ 49.5345208, 56.0037056 ], [ 49.5335472, 56.003646 ], [ 49.5325687, 56.0035554 ], [ 49.5317483, 56.0034528 ], [ 49.5309108, 56.0033239 ], [ 49.5301688, 56.0031794 ], [ 49.5294702, 56.0030265 ], [ 49.5287871, 56.0028539 ], [ 49.5281808, 56.0026735 ], [ 49.5273502, 56.0024051 ], [ 49.5262417, 56.0019909 ], [ 49.5245439, 56.0012716 ], [ 49.5184781, 55.998679 ], [ 49.5134599, 55.9965158 ], [ 49.5130745, 55.9963459 ], [ 49.5094577, 55.9948081 ], [ 49.5089343, 55.9945845 ], [ 49.5080265, 55.9942188 ], [ 49.507776, 55.9941179 ], [ 49.5067394, 55.993768 ], [ 49.5065304, 55.9936949 ], [ 49.505078, 55.9931626 ], [ 49.5016109, 55.9920237 ], [ 49.4994103, 55.9912658 ], [ 49.4990715, 55.9911491 ], [ 49.4951709, 55.9898057 ], [ 49.4912448, 55.988456 ], [ 49.4886385, 55.9875549 ], [ 49.4865691, 55.9868517 ], [ 49.4835188, 55.9857967 ], [ 49.479862, 55.9845324 ], [ 49.4780308, 55.9839117 ], [ 49.4772524, 55.9836598 ], [ 49.4764735, 55.9834365 ], [ 49.4757975, 55.9832826 ], [ 49.4749765, 55.9831299 ], [ 49.4741286, 55.982996 ], [ 49.472806, 55.9828192 ], [ 49.4718147, 55.9826586 ], [ 49.4708482, 55.982429 ], [ 49.4699358, 55.9821508 ], [ 49.4691824, 55.9818649 ], [ 49.4684901, 55.9815597 ], [ 49.4678619, 55.9812241 ], [ 49.4673462, 55.9809143 ], [ 49.466375, 55.9802143 ], [ 49.4658706, 55.9798593 ], [ 49.4654297, 55.9794856 ], [ 49.4650539, 55.9791249 ], [ 49.4646747, 55.9786932 ], [ 49.4643936, 55.9782793 ], [ 49.4641469, 55.9778699 ], [ 49.4635239, 55.9767793 ], [ 49.4632617, 55.9764001 ], [ 49.4629989, 55.9760494 ], [ 49.4626966, 55.9757244 ], [ 49.4623864, 55.9754074 ], [ 49.4620375, 55.9751173 ], [ 49.4616497, 55.9748294 ], [ 49.4612005, 55.9745388 ], [ 49.4607319, 55.9742652 ], [ 49.4602047, 55.9740024 ], [ 49.4596659, 55.9737699 ], [ 49.4590797, 55.9735501 ], [ 49.4584456, 55.9733533 ], [ 49.4577941, 55.973184 ], [ 49.4571169, 55.9730257 ], [ 49.456421, 55.9729095 ], [ 49.4557077, 55.9728223 ], [ 49.4550051, 55.9727544 ], [ 49.4542887, 55.9727128 ], [ 49.4517684, 55.9726191 ], [ 49.4515709, 55.9726118 ], [ 49.4501694, 55.9725615 ], [ 49.4491277, 55.9725158 ], [ 49.4485578, 55.9724927 ], [ 49.4482354, 55.9724734 ], [ 49.4473737, 55.9723925 ], [ 49.4465317, 55.9722775 ], [ 49.445751, 55.972141 ], [ 49.4442854, 55.9718742 ], [ 49.4435751, 55.9717842 ], [ 49.4428495, 55.9717235 ], [ 49.4421388, 55.9716919 ], [ 49.4356811, 55.9716249 ], [ 49.4350231, 55.9716015 ], [ 49.4343432, 55.9715589 ], [ 49.4337045, 55.9714953 ], [ 49.4333367, 55.9714581 ], [ 49.4323894, 55.9713376 ], [ 49.430473, 55.9711005 ], [ 49.4295406, 55.9709688 ], [ 49.4287465, 55.9708308 ], [ 49.4276587, 55.9706064 ], [ 49.4267182, 55.9703817 ], [ 49.4257832, 55.9701307 ], [ 49.424905, 55.9698674 ], [ 49.424035, 55.9695637 ], [ 49.4231848, 55.9692468 ], [ 49.4223785, 55.9689062 ], [ 49.4216049, 55.9685361 ], [ 49.4208511, 55.9681511 ], [ 49.4193228, 55.9673106 ], [ 49.4179932, 55.9665841 ], [ 49.4178017, 55.9664718 ], [ 49.4167583, 55.9658601 ], [ 49.4159567, 55.9654306 ], [ 49.41471, 55.964742 ], [ 49.4100815, 55.9621725 ], [ 49.4081853, 55.9611694 ], [ 49.4068976, 55.9604629 ], [ 49.4058788, 55.959898 ], [ 49.4049712, 55.9594136 ], [ 49.4040397, 55.9589064 ], [ 49.4033032, 55.9586069 ], [ 49.4012975, 55.9579515 ], [ 49.3993543, 55.9573807 ], [ 49.3978971, 55.9569648 ], [ 49.3965994, 55.9565811 ], [ 49.3952677, 55.9562003 ], [ 49.3939021, 55.9558033 ], [ 49.3908079, 55.9549154 ], [ 49.3875711, 55.953977 ], [ 49.3849429, 55.9531991 ], [ 49.3834371, 55.952754 ], [ 49.3825576, 55.9524934 ], [ 49.3822629, 55.9524061 ], [ 49.3817145, 55.9522436 ], [ 49.3808645, 55.9520173 ], [ 49.3800321, 55.9518142 ], [ 49.3792355, 55.9516479 ], [ 49.3785063, 55.95152 ], [ 49.3776977, 55.9514021 ], [ 49.3768967, 55.9513054 ], [ 49.3762367, 55.9512409 ], [ 49.3755676, 55.9511926 ], [ 49.3719283, 55.9511191 ], [ 49.3678198, 55.9510246 ], [ 49.3675851, 55.9510204 ], [ 49.3668145, 55.95101 ], [ 49.3642182, 55.9509341 ], [ 49.3636376, 55.9509224 ], [ 49.363321, 55.9509159 ], [ 49.3622538, 55.9508777 ], [ 49.3612604, 55.9508307 ], [ 49.3603418, 55.950768 ], [ 49.3593778, 55.9506786 ], [ 49.3584502, 55.9505628 ], [ 49.3574837, 55.9504151 ], [ 49.3564944, 55.9502406 ], [ 49.3554953, 55.950018 ], [ 49.3545398, 55.9497961 ], [ 49.3535781, 55.9495349 ], [ 49.3526547, 55.9492388 ], [ 49.3517548, 55.9489183 ], [ 49.3486362, 55.9476646 ], [ 49.3464934, 55.9468191 ], [ 49.343719, 55.9457147 ], [ 49.3428987, 55.9454175 ], [ 49.3421079, 55.9451544 ], [ 49.3414577, 55.9449679 ], [ 49.3407999, 55.9448033 ], [ 49.3397808, 55.9445841 ], [ 49.3389711, 55.9444316 ], [ 49.3379026, 55.9442599 ], [ 49.3366574, 55.9440703 ], [ 49.3359124, 55.9439542 ], [ 49.3351255, 55.9438097 ], [ 49.3343108, 55.9436345 ], [ 49.3333801, 55.9434178 ], [ 49.3324773, 55.9431656 ], [ 49.3316684, 55.9428899 ], [ 49.3314945, 55.9428387 ], [ 49.3300809, 55.9423082 ], [ 49.3294515, 55.9420585 ], [ 49.3288234, 55.9417989 ], [ 49.3253358, 55.9403976 ], [ 49.3245593, 55.9401057 ], [ 49.3238218, 55.9397966 ], [ 49.3228938, 55.9393515 ], [ 49.3220747, 55.9388854 ], [ 49.3215508, 55.9385568 ], [ 49.3210059, 55.9381841 ], [ 49.3205767, 55.9378534 ], [ 49.3188711, 55.9364878 ], [ 49.318525, 55.9362155 ], [ 49.3177932, 55.9357122 ], [ 49.3174228, 55.9355034 ], [ 49.3168346, 55.9351914 ], [ 49.3162791, 55.9349051 ], [ 49.3152782, 55.9344081 ], [ 49.3148884, 55.9342401 ], [ 49.3144537, 55.9340637 ], [ 49.3102311, 55.9323945 ], [ 49.30654, 55.9309278 ], [ 49.3008982, 55.9286767 ], [ 49.2999864, 55.9283103 ], [ 49.2991913, 55.9279938 ], [ 49.2979726, 55.9275115 ], [ 49.2944531, 55.9261093 ], [ 49.2894271, 55.9240721 ], [ 49.2878593, 55.9234136 ], [ 49.2864854, 55.9227003 ], [ 49.2854029, 55.9220274 ], [ 49.2844489, 55.9212827 ], [ 49.2838112, 55.9206653 ], [ 49.2834904, 55.9203593 ], [ 49.2832005, 55.9200487 ], [ 49.282613, 55.9192516 ], [ 49.2821647, 55.9184003 ], [ 49.2816197, 55.9174155 ], [ 49.2810485, 55.9163676 ], [ 49.2809108, 55.9161141 ], [ 49.2801472, 55.9146497 ], [ 49.2792539, 55.9129275 ], [ 49.2783413, 55.9112121 ], [ 49.277304, 55.9095178 ], [ 49.2769067, 55.9088639 ], [ 49.2766499, 55.9085068 ], [ 49.2762358, 55.907931 ], [ 49.2758341, 55.9074907 ], [ 49.2754803, 55.907155 ], [ 49.2750883, 55.9068341 ], [ 49.2744508, 55.9063988 ], [ 49.2709994, 55.9041746 ], [ 49.2675413, 55.9019741 ], [ 49.2657543, 55.9008448 ], [ 49.2641397, 55.8998013 ], [ 49.2626961, 55.8988958 ], [ 49.2623714, 55.8986921 ], [ 49.2613941, 55.8981194 ], [ 49.2606778, 55.8977663 ], [ 49.2601322, 55.8975372 ], [ 49.2593171, 55.8972185 ], [ 49.2582002, 55.8968103 ], [ 49.2565095, 55.8961717 ], [ 49.2557117, 55.8958251 ], [ 49.2549893, 55.895474 ], [ 49.254256, 55.8950843 ], [ 49.2537564, 55.8947851 ], [ 49.2532177, 55.894443 ], [ 49.2528623, 55.8941948 ], [ 49.2520675, 55.8936239 ], [ 49.2492849, 55.8916303 ], [ 49.2490848, 55.8914859 ], [ 49.2472311, 55.8901597 ], [ 49.2469887, 55.8899862 ], [ 49.2420457, 55.8864549 ], [ 49.2387687, 55.8841465 ] ], [ [ 49.2388292, 55.8841178 ], [ 49.2420995, 55.8864302 ], [ 49.247039, 55.8899653 ], [ 49.2481797, 55.8907784 ], [ 49.2491371, 55.8914648 ], [ 49.2493366, 55.8916034 ], [ 49.2521223, 55.8936003 ], [ 49.2529232, 55.8941697 ], [ 49.2532857, 55.8944134 ], [ 49.2538172, 55.8947555 ], [ 49.254312, 55.89505 ], [ 49.2550602, 55.8954403 ], [ 49.2557608, 55.8957917 ], [ 49.2565552, 55.8961367 ], [ 49.258245, 55.8967711 ], [ 49.2593683, 55.8971788 ], [ 49.2601816, 55.8975029 ], [ 49.2607353, 55.8977348 ], [ 49.2614564, 55.8980887 ], [ 49.2624581, 55.8986634 ], [ 49.2630779, 55.8990469 ] ], [ [ 49.2630779, 55.8990469 ], [ 49.2623039, 55.8984878 ], [ 49.2615634, 55.8980358 ], [ 49.2608329, 55.8976814 ], [ 49.2602652, 55.8974448 ], [ 49.2594312, 55.8971301 ], [ 49.2583019, 55.8967214 ], [ 49.2566238, 55.8960841 ], [ 49.2558289, 55.8957454 ], [ 49.2551403, 55.8954023 ], [ 49.2543843, 55.8950057 ], [ 49.2538923, 55.894719 ], [ 49.2533583, 55.8943818 ], [ 49.2532275, 55.8942888 ], [ 49.2530099, 55.8941339 ], [ 49.2521851, 55.8935733 ], [ 49.2494331, 55.8915538 ], [ 49.2492517, 55.8914185 ], [ 49.2471507, 55.8899189 ], [ 49.2421766, 55.8863947 ], [ 49.2396433, 55.8845709 ], [ 49.2393655, 55.8843471 ], [ 49.2390034, 55.8839951 ] ], [ [ 49.2630779, 55.8990469 ], [ 49.2642448, 55.8997688 ], [ 49.2672637, 55.9016626 ], [ 49.269415, 55.9030618 ], [ 49.2725108, 55.9050008 ], [ 49.2746438, 55.9063975 ], [ 49.2751012, 55.9067147 ], [ 49.2755477, 55.9070437 ], [ 49.2759178, 55.907406 ], [ 49.2762092, 55.9077661 ], [ 49.2766299, 55.9083147 ], [ 49.2767155, 55.908456 ], [ 49.27791, 55.9102949 ], [ 49.2783985, 55.911124 ], [ 49.2788124, 55.9119528 ], [ 49.2793314, 55.9129332 ], [ 49.2797388, 55.9137213 ], [ 49.2801917, 55.9145754 ], [ 49.2807355, 55.915594 ], [ 49.2817001, 55.917405 ], [ 49.2819413, 55.9178487 ], [ 49.2828098, 55.9193991 ], [ 49.2837197, 55.9205068 ], [ 49.2846957, 55.9214175 ], [ 49.2854939, 55.9220223 ], [ 49.2865939, 55.9227106 ], [ 49.2879244, 55.9233907 ], [ 49.2894772, 55.9240494 ], [ 49.2944992, 55.9260785 ], [ 49.2982931, 55.9275659 ], [ 49.2991323, 55.9279071 ], [ 49.299239, 55.9279526 ], [ 49.2993076, 55.9279797 ], [ 49.3009454, 55.9286347 ], [ 49.3066058, 55.9308798 ], [ 49.3115989, 55.9328574 ], [ 49.3145048, 55.9340051 ], [ 49.3155029, 55.9344557 ], [ 49.3156359, 55.9345163 ], [ 49.3166919, 55.9350171 ], [ 49.3171348, 55.9352534 ], [ 49.317491, 55.9354625 ], [ 49.317865, 55.9356747 ], [ 49.3181705, 55.9358852 ], [ 49.3185897, 55.9361952 ], [ 49.318936, 55.9364629 ], [ 49.3206541, 55.9378252 ], [ 49.321055, 55.9381389 ], [ 49.3216186, 55.9385327 ], [ 49.3221443, 55.9388496 ], [ 49.3229499, 55.9393087 ], [ 49.3238752, 55.9397553 ], [ 49.3246005, 55.9400615 ], [ 49.325381, 55.9403625 ], [ 49.3288574, 55.9417718 ], [ 49.3294848, 55.9420313 ], [ 49.3301211, 55.9422895 ], [ 49.3306486, 55.9424849 ], [ 49.33153, 55.9428113 ], [ 49.3317042, 55.9428621 ], [ 49.3324975, 55.9431212 ], [ 49.3334099, 55.9433826 ], [ 49.3343332, 55.9436035 ], [ 49.3351445, 55.9437798 ], [ 49.3359315, 55.9439199 ], [ 49.3367034, 55.9440354 ], [ 49.3379321, 55.9442331 ], [ 49.3389842, 55.9443973 ], [ 49.3398229, 55.944547 ], [ 49.3408193, 55.9447583 ], [ 49.3415019, 55.9449279 ], [ 49.3421433, 55.9451182 ], [ 49.3429377, 55.9453876 ], [ 49.3437652, 55.9456837 ], [ 49.3465303, 55.9467718 ], [ 49.3486838, 55.9476304 ], [ 49.3518233, 55.948874 ], [ 49.3527121, 55.9491874 ], [ 49.3536206, 55.9494743 ], [ 49.3546036, 55.9497493 ], [ 49.3555396, 55.9499622 ], [ 49.3565195, 55.9501811 ], [ 49.3575067, 55.9503701 ], [ 49.358497, 55.9505167 ], [ 49.3594122, 55.9506293 ], [ 49.3603397, 55.95071 ], [ 49.3612827, 55.9507803 ], [ 49.3622577, 55.9508225 ], [ 49.3633211, 55.9508677 ], [ 49.3636468, 55.950876 ], [ 49.3642373, 55.9508922 ], [ 49.366827, 55.9509648 ], [ 49.367587, 55.9509758 ], [ 49.3714345, 55.951066 ], [ 49.3755824, 55.9511535 ], [ 49.3762553, 55.9511939 ], [ 49.3777217, 55.9513605 ], [ 49.3791177, 55.9515789 ], [ 49.3800752, 55.9517836 ], [ 49.3809557, 55.9519945 ], [ 49.3822823, 55.9523677 ], [ 49.3825786, 55.9524532 ], [ 49.3850011, 55.9531672 ], [ 49.3857273, 55.9533732 ], [ 49.3979218, 55.9569184 ], [ 49.4013405, 55.9579175 ], [ 49.4033791, 55.9585665 ], [ 49.4040729, 55.9588742 ], [ 49.4050404, 55.959378 ], [ 49.4059541, 55.9598664 ], [ 49.4072118, 55.9605777 ], [ 49.4101263, 55.9621534 ], [ 49.4157431, 55.9652447 ] ], [ [ 49.2947091, 55.6111183 ], [ 49.2969026, 55.6102544 ], [ 49.2982349, 55.6097426 ], [ 49.2993698, 55.6093066 ], [ 49.300323, 55.6089404 ] ], [ [ 49.2947091, 55.6111183 ], [ 49.2953623, 55.6109088 ], [ 49.295941, 55.6107376 ], [ 49.2964989, 55.6105574 ], [ 49.2970298, 55.6103727 ], [ 49.2983726, 55.6098551 ], [ 49.2995053, 55.6094184 ], [ 49.3004487, 55.6090548 ] ], [ [ 49.4158936, 55.9653276 ], [ 49.4180793, 55.9665348 ], [ 49.4194137, 55.967262 ], [ 49.4205486, 55.967891 ], [ 49.4209338, 55.9681069 ], [ 49.4216628, 55.9685004 ], [ 49.4224424, 55.9688619 ], [ 49.4232365, 55.9692072 ], [ 49.4240757, 55.9695268 ], [ 49.424955, 55.9698222 ], [ 49.425818, 55.9700873 ], [ 49.4267487, 55.9703328 ], [ 49.4276887, 55.9705604 ], [ 49.4287773, 55.9707835 ], [ 49.42956, 55.9709238 ], [ 49.4304918, 55.9710536 ], [ 49.4318816, 55.9712291 ], [ 49.4321054, 55.9712552 ], [ 49.4337231, 55.9714538 ], [ 49.4343541, 55.9715162 ], [ 49.4350285, 55.9715589 ], [ 49.4356791, 55.9715847 ], [ 49.4421401, 55.9716482 ], [ 49.4428604, 55.9716809 ], [ 49.4435865, 55.9717388 ], [ 49.4442869, 55.9718319 ], [ 49.4457887, 55.9721008 ], [ 49.4465616, 55.972241 ], [ 49.4474017, 55.9723602 ], [ 49.4482408, 55.9724419 ], [ 49.4491366, 55.9724877 ], [ 49.450179, 55.9725269 ], [ 49.4515772, 55.9725789 ], [ 49.4517724, 55.9725857 ], [ 49.4542975, 55.972673 ], [ 49.455017, 55.9727129 ], [ 49.4557258, 55.972776 ], [ 49.4564483, 55.9728684 ], [ 49.4571471, 55.9729879 ], [ 49.4578199, 55.9731435 ], [ 49.4584844, 55.9733142 ], [ 49.4591146, 55.9735088 ], [ 49.459715, 55.9737352 ], [ 49.4602446, 55.9739634 ], [ 49.4607939, 55.9742378 ], [ 49.4612727, 55.9745103 ], [ 49.4617151, 55.9748037 ], [ 49.4620944, 55.9750927 ], [ 49.4624471, 55.9753855 ], [ 49.4627629, 55.9756977 ], [ 49.4630625, 55.9760256 ], [ 49.4633395, 55.9763742 ], [ 49.4636008, 55.9767719 ], [ 49.4642182, 55.9778491 ], [ 49.4644626, 55.978257 ], [ 49.4647654, 55.9786776 ], [ 49.4651308, 55.9791041 ], [ 49.4655082, 55.9794636 ], [ 49.4659448, 55.9798251 ], [ 49.46644, 55.9801753 ], [ 49.4674176, 55.9808837 ], [ 49.4679309, 55.9811944 ], [ 49.4685731, 55.9815164 ], [ 49.4692567, 55.9818249 ], [ 49.4699812, 55.9820935 ], [ 49.4708964, 55.9823704 ], [ 49.4718438, 55.9826072 ], [ 49.4728498, 55.9827751 ], [ 49.4741536, 55.9829456 ], [ 49.4750158, 55.983075 ], [ 49.4758166, 55.9832288 ], [ 49.4765207, 55.9833968 ], [ 49.4772813, 55.9836136 ], [ 49.4780752, 55.9838714 ], [ 49.4799072, 55.9845013 ], [ 49.483563, 55.9857606 ], [ 49.4866257, 55.9868198 ], [ 49.4886813, 55.9875286 ], [ 49.4913244, 55.9884099 ], [ 49.4952155, 55.9897566 ], [ 49.499122, 55.9911038 ], [ 49.4994564, 55.9912192 ], [ 49.5016579, 55.9919784 ], [ 49.505129, 55.9931299 ], [ 49.5065689, 55.9936626 ], [ 49.5078349, 55.9940847 ], [ 49.5080712, 55.9941768 ], [ 49.5091088, 55.9945814 ], [ 49.5095169, 55.9947631 ], [ 49.5131142, 55.9963042 ], [ 49.5135223, 55.9964799 ], [ 49.5185312, 55.9986085 ], [ 49.5246069, 56.0012337 ], [ 49.5263057, 56.0019536 ], [ 49.5274017, 56.0023724 ], [ 49.528211, 56.00264 ], [ 49.5288061, 56.0028159 ], [ 49.5295076, 56.0029966 ], [ 49.5301797, 56.0031337 ], [ 49.5309393, 56.003278 ], [ 49.5317772, 56.0034116 ], [ 49.5325737, 56.0035096 ], [ 49.5335479, 56.0036027 ], [ 49.5345263, 56.0036615 ], [ 49.5356477, 56.0037175 ], [ 49.5422644, 56.0040824 ], [ 49.546533, 56.0043244 ], [ 49.5479173, 56.0043995 ], [ 49.5487742, 56.0044748 ], [ 49.5496681, 56.0045763 ], [ 49.5505593, 56.0047023 ], [ 49.5514905, 56.0048915 ], [ 49.5522312, 56.0051026 ], [ 49.5527631, 56.0052673 ], [ 49.5532479, 56.0054353 ], [ 49.5538843, 56.0056902 ], [ 49.5544379, 56.0059281 ], [ 49.5550099, 56.0061688 ], [ 49.5553946, 56.0063293 ], [ 49.5559011, 56.0065254 ], [ 49.5563691, 56.0066945 ], [ 49.5569506, 56.0068748 ], [ 49.5574726, 56.0070098 ], [ 49.557985, 56.0071216 ], [ 49.558426, 56.0072 ], [ 49.5589378, 56.0072783 ], [ 49.5593879, 56.0073415 ], [ 49.5612072, 56.0075771 ], [ 49.561427, 56.0076023 ], [ 49.5626298, 56.007756 ], [ 49.5630265, 56.0077975 ], [ 49.5634978, 56.0078412 ], [ 49.5643169, 56.0079 ], [ 49.5651794, 56.0079427 ], [ 49.5661573, 56.0079763 ], [ 49.5670438, 56.00798 ], [ 49.5679836, 56.0079594 ], [ 49.5689481, 56.0079243 ], [ 49.5696065, 56.0078789 ], [ 49.5704531, 56.0077956 ], [ 49.5730022, 56.0074989 ], [ 49.5767715, 56.0070722 ], [ 49.5775566, 56.0069867 ], [ 49.578122, 56.0069316 ], [ 49.5785119, 56.0069033 ], [ 49.5788561, 56.0068908 ], [ 49.5792885, 56.0068902 ], [ 49.5802917, 56.0068864 ], [ 49.5803623, 56.0068878 ], [ 49.5817443, 56.006895 ], [ 49.5822285, 56.0069005 ], [ 49.5829067, 56.0069309 ], [ 49.5845387, 56.0070529 ], [ 49.5849547, 56.0070736 ], [ 49.5853813, 56.0070843 ], [ 49.5857795, 56.0070878 ], [ 49.5862193, 56.0070817 ], [ 49.586688, 56.0070623 ], [ 49.5870902, 56.0070388 ], [ 49.5885029, 56.0069354 ], [ 49.5901498, 56.0068072 ], [ 49.5909838, 56.0067322 ], [ 49.5915629, 56.0066617 ], [ 49.5921213, 56.0065728 ], [ 49.5927521, 56.0064502 ], [ 49.5933594, 56.0063067 ], [ 49.5938697, 56.0061661 ], [ 49.59443, 56.0059839 ], [ 49.5949534, 56.0057805 ], [ 49.5955806, 56.0055187 ], [ 49.5969107, 56.0049852 ], [ 49.597451, 56.0048043 ], [ 49.5979573, 56.0046549 ], [ 49.5984167, 56.004531 ], [ 49.5988586, 56.0044251 ], [ 49.5994993, 56.0043009 ], [ 49.6002213, 56.0041857 ], [ 49.6009085, 56.0041113 ], [ 49.6016184, 56.0040666 ], [ 49.6021291, 56.0040476 ], [ 49.6026385, 56.0040383 ], [ 49.6031753, 56.0040444 ], [ 49.6037467, 56.004079 ], [ 49.6041204, 56.004108 ], [ 49.6045201, 56.0041468 ], [ 49.6049447, 56.0041959 ], [ 49.6054972, 56.0042779 ], [ 49.6059872, 56.0043667 ], [ 49.6064402, 56.0044648 ], [ 49.6069032, 56.0045714 ], [ 49.6073084, 56.0046841 ], [ 49.6076681, 56.0047957 ], [ 49.6080619, 56.0049299 ], [ 49.6084643, 56.0050823 ], [ 49.6088229, 56.0052321 ], [ 49.6093038, 56.005445 ], [ 49.6097186, 56.0056625 ], [ 49.610099, 56.0058807 ], [ 49.6104841, 56.0061193 ], [ 49.6108742, 56.0064066 ], [ 49.6112036, 56.0066729 ], [ 49.6115018, 56.0069619 ], [ 49.6117856, 56.0072705 ], [ 49.6119605, 56.0074951 ], [ 49.6129489, 56.0087974 ], [ 49.6133256, 56.0093208 ], [ 49.6138318, 56.0100363 ], [ 49.6145465, 56.0110729 ], [ 49.6151765, 56.011983 ], [ 49.6154447, 56.0123368 ], [ 49.6156953, 56.0126252 ], [ 49.6159127, 56.0128541 ], [ 49.6161568, 56.0130985 ], [ 49.6165554, 56.013459 ], [ 49.6168931, 56.0137312 ], [ 49.6172302, 56.0139944 ], [ 49.6177071, 56.0143302 ], [ 49.6181017, 56.0145883 ], [ 49.6186607, 56.0149224 ], [ 49.6192109, 56.0152286 ], [ 49.6197845, 56.0155147 ], [ 49.6201238, 56.0156701 ], [ 49.6207152, 56.0159285 ], [ 49.621245, 56.0161406 ], [ 49.6217513, 56.0163286 ], [ 49.6225217, 56.0165874 ], [ 49.6231795, 56.0167822 ], [ 49.6237984, 56.0169479 ], [ 49.6246104, 56.0171449 ], [ 49.6260756, 56.0174866 ], [ 49.6476886, 56.0225409 ], [ 49.6486952, 56.0227736 ], [ 49.6490958, 56.0228713 ], [ 49.6503228, 56.0231707 ], [ 49.6513198, 56.0234696 ], [ 49.6522567, 56.0237785 ], [ 49.6535178, 56.0242875 ], [ 49.6547904, 56.024852 ], [ 49.6566647, 56.0259197 ], [ 49.6573071, 56.0262161 ], [ 49.6587887, 56.0268407 ], [ 49.6603004, 56.0273551 ], [ 49.6622179, 56.0278698 ], [ 49.6642654, 56.028391 ], [ 49.6734345, 56.0302264 ], [ 49.6810697, 56.0317812 ], [ 49.691413, 56.0338565 ], [ 49.7005394, 56.0356844 ], [ 49.7011185, 56.035795 ], [ 49.7075883, 56.0370844 ], [ 49.7145975, 56.0384702 ], [ 49.7238894, 56.0403306 ], [ 49.7288194, 56.0413186 ], [ 49.7304914, 56.0416553 ], [ 49.7408918, 56.0437184 ], [ 49.7459007, 56.0447284 ], [ 49.7484954, 56.0452366 ], [ 49.7508096, 56.045698 ], [ 49.7527103, 56.0459435 ], [ 49.7543928, 56.0460574 ], [ 49.7562546, 56.0460583 ], [ 49.7571749, 56.0460151 ], [ 49.7586057, 56.0459253 ], [ 49.7595725, 56.0458193 ], [ 49.7608612, 56.0456445 ], [ 49.7644325, 56.0450957 ], [ 49.7679808, 56.0445872 ], [ 49.7705234, 56.0441972 ], [ 49.7730728, 56.0438619 ], [ 49.7748236, 56.0437278 ], [ 49.7767737, 56.0437276 ], [ 49.7782353, 56.0437741 ], [ 49.7796086, 56.0439217 ], [ 49.7818648, 56.0442858 ], [ 49.7841634, 56.0448014 ], [ 49.7896895, 56.0464746 ], [ 49.7976964, 56.0489681 ], [ 49.7979719, 56.0490526 ], [ 49.8020685, 56.0503575 ], [ 49.8062028, 56.0516301 ], [ 49.8064663, 56.0517368 ], [ 49.8099844, 56.0527704 ], [ 49.8134116, 56.0538609 ], [ 49.8170628, 56.0549808 ], [ 49.8206502, 56.0560623 ], [ 49.8209194, 56.056145 ], [ 49.8224299, 56.0566012 ], [ 49.8378319, 56.0613404 ], [ 49.8382047, 56.0614546 ], [ 49.855206, 56.0666591 ], [ 49.856856, 56.0671654 ], [ 49.8639286, 56.0693638 ], [ 49.8710081, 56.071518 ], [ 49.8722545, 56.0718958 ], [ 49.8725769, 56.0719939 ], [ 49.879107, 56.073981 ], [ 49.8791888, 56.0740056 ], [ 49.8806152, 56.0744374 ], [ 49.8817229, 56.0747443 ], [ 49.8826568, 56.0750036 ], [ 49.8832391, 56.0751658 ], [ 49.8846065, 56.0755778 ], [ 49.8879504, 56.0766024 ], [ 49.8894221, 56.0770505 ], [ 49.891352, 56.077637 ], [ 49.8946157, 56.0786399 ], [ 49.895711, 56.0789866 ], [ 49.8974446, 56.0795459 ], [ 49.8987375, 56.0799946 ], [ 49.8990312, 56.0800925 ], [ 49.8993446, 56.0801869 ], [ 49.9003446, 56.0804934 ], [ 49.9004525, 56.0805265 ], [ 49.9020281, 56.0810099 ], [ 49.902669, 56.0811965 ], [ 49.9034228, 56.0813993 ], [ 49.9039134, 56.0815354 ], [ 49.9051742, 56.0818416 ], [ 49.9064724, 56.0821367 ], [ 49.9073173, 56.082322 ], [ 49.9078633, 56.0824295 ], [ 49.9088864, 56.0825959 ], [ 49.9117944, 56.0830617 ], [ 49.9165476, 56.0838335 ], [ 49.9208509, 56.0845403 ], [ 49.9214203, 56.0846418 ], [ 49.9220113, 56.0847614 ], [ 49.9230573, 56.0850054 ], [ 49.9240447, 56.0852842 ], [ 49.9247719, 56.0855243 ], [ 49.9253927, 56.0857478 ], [ 49.9259893, 56.0859802 ], [ 49.9269143, 56.086394 ], [ 49.9277143, 56.0868021 ], [ 49.9292072, 56.0875738 ], [ 49.9298933, 56.0878709 ], [ 49.9305887, 56.0881094 ], [ 49.9312898, 56.0883176 ], [ 49.9320165, 56.0885005 ], [ 49.9327308, 56.0886448 ], [ 49.9335404, 56.0887608 ], [ 49.9342564, 56.0888372 ], [ 49.9346838, 56.0888635 ], [ 49.9351514, 56.0888799 ], [ 49.9358477, 56.0888847 ], [ 49.9374397, 56.088828 ], [ 49.9382431, 56.0888006 ], [ 49.9390705, 56.0887541 ], [ 49.9397774, 56.0886914 ], [ 49.9403892, 56.0886196 ], [ 49.9411165, 56.0885133 ], [ 49.9437433, 56.0880625 ], [ 49.9442674, 56.087991 ], [ 49.9448604, 56.087925 ], [ 49.9491839, 56.0875541 ], [ 49.9521164, 56.0872997 ], [ 49.9528072, 56.0872348 ], [ 49.9535693, 56.0871575 ], [ 49.9543394, 56.087056 ], [ 49.9550365, 56.086939 ], [ 49.9558333, 56.086793 ], [ 49.959294, 56.0860674 ], [ 49.9630941, 56.0852981 ], [ 49.963708, 56.0851596 ], [ 49.9643118, 56.0849991 ], [ 49.964881, 56.0848333 ], [ 49.9653682, 56.0846665 ], [ 49.9659547, 56.0844453 ], [ 49.9664835, 56.0842147 ], [ 49.9670152, 56.0839594 ], [ 49.9674265, 56.0837395 ], [ 49.9680854, 56.0833323 ], [ 49.9684556, 56.0830794 ], [ 49.9689464, 56.0826887 ], [ 49.9692865, 56.082395 ], [ 49.9715631, 56.0801101 ], [ 49.9721898, 56.0794591 ], [ 49.9725781, 56.0790846 ], [ 49.972958, 56.0787712 ], [ 49.9734042, 56.078435 ], [ 49.9747226, 56.0775107 ], [ 49.9785457, 56.074733 ], [ 49.9791409, 56.0743451 ], [ 49.9798156, 56.0739624 ], [ 49.9805491, 56.0736171 ], [ 49.9813882, 56.0732786 ], [ 49.9824096, 56.0729539 ], [ 49.9830459, 56.0727778 ], [ 49.983867, 56.072588 ], [ 49.9846247, 56.0724485 ], [ 49.985463, 56.0723259 ], [ 49.9863295, 56.0722506 ], [ 49.987196, 56.0721977 ], [ 49.9934406, 56.0720076 ], [ 49.9960547, 56.0719318 ], [ 50.0002558, 56.0718035 ], [ 50.0035838, 56.0717175 ], [ 50.0045715, 56.0717106 ], [ 50.0055424, 56.0717211 ], [ 50.0065027, 56.0717511 ], [ 50.0074233, 56.071791 ], [ 50.0166108, 56.0724248 ], [ 50.0264756, 56.0731048 ], [ 50.0324032, 56.0735297 ], [ 50.0328783, 56.0735637 ], [ 50.0388197, 56.0739513 ], [ 50.0391569, 56.0739529 ], [ 50.0466949, 56.0744518 ], [ 50.0559828, 56.0750986 ], [ 50.0631638, 56.0755605 ], [ 50.0668723, 56.075824 ], [ 50.0708258, 56.0760814 ], [ 50.0716791, 56.0761612 ], [ 50.0724957, 56.0762765 ], [ 50.0732428, 56.0764172 ], [ 50.073975, 56.0765893 ], [ 50.0747137, 56.076805 ], [ 50.075359, 56.077033 ], [ 50.0760215, 56.0773093 ], [ 50.076617, 56.0775937 ], [ 50.0772151, 56.077923 ], [ 50.0785501, 56.0787257 ], [ 50.0819577, 56.0807537 ], [ 50.0829551, 56.0813177 ], [ 50.0835156, 56.0816021 ], [ 50.0841762, 56.0819154 ], [ 50.0847334, 56.0821574 ], [ 50.0853664, 56.0824198 ], [ 50.0859296, 56.0826288 ], [ 50.0865133, 56.0828345 ], [ 50.0872117, 56.0830643 ], [ 50.0879578, 56.0832838 ], [ 50.0888056, 56.0835002 ], [ 50.089615, 56.0836914 ], [ 50.0909481, 56.0839793 ], [ 50.0930991, 56.0844242 ], [ 50.0965196, 56.0851143 ], [ 50.0979112, 56.0854199 ], [ 50.0995284, 56.0857627 ], [ 50.1008051, 56.0860501 ], [ 50.1040579, 56.0868428 ], [ 50.1049009, 56.0870437 ], [ 50.105778, 56.0872443 ], [ 50.1065874, 56.0874183 ], [ 50.1088391, 56.0878602 ], [ 50.1127866, 56.0885821 ], [ 50.1144808, 56.0888861 ], [ 50.1153585, 56.0890378 ], [ 50.1162875, 56.0891818 ], [ 50.1171959, 56.0893039 ], [ 50.1305865, 56.0909822 ], [ 50.1320196, 56.0911643 ], [ 50.1321535, 56.0911813 ], [ 50.1330876, 56.0913167 ], [ 50.1339457, 56.0914741 ], [ 50.1348062, 56.0916557 ], [ 50.1355846, 56.0918447 ], [ 50.1363243, 56.0920492 ], [ 50.1370787, 56.0922871 ], [ 50.1376949, 56.0924981 ], [ 50.1384084, 56.0927689 ], [ 50.139376, 56.0931772 ], [ 50.1701037, 56.106151 ] ], [ [ 50.1710988, 56.1066156 ], [ 50.1393389, 56.0932038 ], [ 50.1383655, 56.0928003 ], [ 50.137652, 56.0925265 ], [ 50.1370452, 56.0923171 ], [ 50.1362868, 56.0920791 ], [ 50.1355457, 56.0918712 ], [ 50.1347713, 56.0916886 ], [ 50.1339184, 56.091503 ], [ 50.1330713, 56.0913516 ], [ 50.1321293, 56.0912172 ], [ 50.1307453, 56.0910392 ], [ 50.117171, 56.0893479 ], [ 50.1162555, 56.0892213 ], [ 50.1153272, 56.089077 ], [ 50.1144522, 56.0889263 ], [ 50.112754, 56.0886282 ], [ 50.1088099, 56.0879005 ], [ 50.1065644, 56.0874566 ], [ 50.1057538, 56.0872847 ], [ 50.104866, 56.0870811 ], [ 50.104023, 56.086879 ], [ 50.100781, 56.0860875 ], [ 50.0994971, 56.0858034 ], [ 50.0978866, 56.0854561 ], [ 50.0964984, 56.0851522 ], [ 50.0930643, 56.0844556 ], [ 50.0909112, 56.0840113 ], [ 50.0895989, 56.0837229 ], [ 50.0887784, 56.0835332 ], [ 50.0879212, 56.0833098 ], [ 50.0871795, 56.0830913 ], [ 50.0864795, 56.0828546 ], [ 50.0858948, 56.0826528 ], [ 50.0853333, 56.0824432 ], [ 50.0846958, 56.0821828 ], [ 50.0841321, 56.0819358 ], [ 50.0834647, 56.0816305 ], [ 50.0829068, 56.0813417 ], [ 50.0819018, 56.0807675 ], [ 50.0785021, 56.0787458 ], [ 50.0771534, 56.077956 ], [ 50.0765622, 56.0776249 ], [ 50.0759706, 56.0773377 ], [ 50.0753095, 56.0770649 ], [ 50.0746745, 56.0768445 ], [ 50.0739428, 56.0766312 ], [ 50.0732133, 56.0764591 ], [ 50.0724683, 56.0763128 ], [ 50.0716495, 56.0761926 ], [ 50.0708042, 56.0761126 ], [ 50.0668686, 56.0758594 ], [ 50.0631433, 56.0756003 ], [ 50.0559432, 56.0751304 ], [ 50.0466789, 56.0744868 ], [ 50.0391489, 56.0739925 ], [ 50.0388116, 56.073991 ], [ 50.0323794, 56.0735697 ], [ 50.0264489, 56.0731416 ], [ 50.0166066, 56.0724532 ], [ 50.0074046, 56.071828 ], [ 50.0064759, 56.071787 ], [ 50.0055339, 56.07176 ], [ 50.0045742, 56.0717526 ], [ 50.003571, 56.0717556 ], [ 50.0002511, 56.0718394 ], [ 49.9960555, 56.0719622 ], [ 49.9934437, 56.0720436 ], [ 49.9871964, 56.0722389 ], [ 49.9863239, 56.0722905 ], [ 49.9854718, 56.0723716 ], [ 49.984634, 56.0724861 ], [ 49.983883, 56.0726316 ], [ 49.9830723, 56.072817 ], [ 49.9824453, 56.0729856 ], [ 49.9814167, 56.0733152 ], [ 49.9805815, 56.0736472 ], [ 49.9798591, 56.0739895 ], [ 49.9791843, 56.0743654 ], [ 49.9785921, 56.0747575 ], [ 49.9747494, 56.0775272 ], [ 49.9734498, 56.0784499 ], [ 49.9729973, 56.0787852 ], [ 49.9726344, 56.0791056 ], [ 49.972237, 56.0794761 ], [ 49.9716326, 56.0801234 ], [ 49.9693428, 56.0824012 ], [ 49.9689839, 56.0827142 ], [ 49.968509, 56.0831008 ], [ 49.9681551, 56.0833443 ], [ 49.9674611, 56.083767 ], [ 49.9670581, 56.0839863 ], [ 49.9665324, 56.0842392 ], [ 49.9659951, 56.0844766 ], [ 49.9653997, 56.0847008 ], [ 49.964915, 56.0848603 ], [ 49.9643436, 56.0850303 ], [ 49.9637295, 56.0851896 ], [ 49.9631158, 56.0853286 ], [ 49.9593287, 56.0861135 ], [ 49.95585, 56.086823 ], [ 49.9550552, 56.0869719 ], [ 49.9543601, 56.0870906 ], [ 49.95358, 56.0871919 ], [ 49.9528129, 56.0872732 ], [ 49.952108, 56.0873414 ], [ 49.94919, 56.087593 ], [ 49.9448734, 56.0879596 ], [ 49.9442915, 56.088024 ], [ 49.9437678, 56.0880974 ], [ 49.9411322, 56.0885455 ], [ 49.940386, 56.0886551 ], [ 49.9397666, 56.0887258 ], [ 49.9390674, 56.0887847 ], [ 49.938242, 56.0888283 ], [ 49.9374269, 56.0888648 ], [ 49.9358501, 56.0889149 ], [ 49.93514, 56.0889143 ], [ 49.9346597, 56.0888964 ], [ 49.9342334, 56.0888694 ], [ 49.9335168, 56.0887968 ], [ 49.9327193, 56.088685 ], [ 49.9319826, 56.088539 ], [ 49.9312217, 56.0883562 ], [ 49.9305587, 56.0881566 ], [ 49.9298424, 56.0879078 ], [ 49.9291755, 56.0876105 ], [ 49.9281018, 56.0870631 ], [ 49.9268671, 56.0864275 ], [ 49.9259381, 56.0860157 ], [ 49.9253524, 56.0857747 ], [ 49.9247363, 56.0855524 ], [ 49.924003, 56.085315 ], [ 49.923008, 56.0850355 ], [ 49.921983, 56.0847921 ], [ 49.9213962, 56.0846703 ], [ 49.9208277, 56.0845711 ], [ 49.9165223, 56.0838742 ], [ 49.9117735, 56.0831045 ], [ 49.9088595, 56.0826289 ], [ 49.9078354, 56.0824652 ], [ 49.907277, 56.0823565 ], [ 49.9064488, 56.0821784 ], [ 49.9051447, 56.0818895 ], [ 49.9038711, 56.0815752 ], [ 49.9032242, 56.0814061 ], [ 49.902618, 56.0812414 ], [ 49.901977, 56.0810503 ], [ 49.9016495, 56.0809495 ], [ 49.8991592, 56.0801878 ], [ 49.8990111, 56.080142 ], [ 49.8985069, 56.0799856 ], [ 49.8971987, 56.0795832 ], [ 49.8964531, 56.0793624 ], [ 49.8892976, 56.0771639 ], [ 49.8863981, 56.076281 ], [ 49.8844786, 56.0756925 ], [ 49.8825414, 56.0750968 ], [ 49.8814232, 56.0747526 ] ], [ [ 50.1701037, 56.106151 ], [ 50.1724361, 56.1071279 ], [ 50.1807602, 56.110651 ], [ 50.1814771, 56.1109545 ], [ 50.1878991, 56.1136392 ] ], [ [ 50.1701037, 56.106151 ], [ 50.1710988, 56.1066156 ] ], [ [ 50.1713186, 56.1067065 ], [ 50.1710988, 56.1066156 ] ], [ [ 50.1865487, 56.1131318 ], [ 50.1814397, 56.1109966 ], [ 50.1807107, 56.1106877 ], [ 50.1713186, 56.1067065 ] ], [ [ 50.1865487, 56.1131318 ], [ 50.1857239, 56.1128331 ], [ 50.185461, 56.1127344 ], [ 50.180671, 56.1107171 ], [ 50.1723799, 56.1072268 ], [ 50.1720782, 56.1070915 ], [ 50.1713186, 56.1067065 ] ], [ [ 50.1866721, 56.1131806 ], [ 50.1865487, 56.1131318 ] ], [ [ 50.1866721, 56.1131806 ], [ 50.1878991, 56.1136392 ] ], [ [ 50.3884021, 56.191517 ], [ 50.3683082, 56.194947 ], [ 50.365401, 56.195446 ], [ 50.3635812, 56.1957538 ], [ 50.3628865, 56.1958642 ], [ 50.3621689, 56.1959699 ], [ 50.3612959, 56.1960806 ], [ 50.3606409, 56.1961606 ], [ 50.3598905, 56.1962373 ], [ 50.3588127, 56.1963343 ], [ 50.3540588, 56.1967694 ], [ 50.3532439, 56.1968327 ], [ 50.352627, 56.1968551 ], [ 50.3520862, 56.1968531 ], [ 50.3514951, 56.1968446 ], [ 50.3509354, 56.1968165 ], [ 50.3503391, 56.1967641 ], [ 50.3496848, 56.196689 ], [ 50.3491965, 56.1966133 ], [ 50.3487387, 56.196527 ], [ 50.3483221, 56.1964402 ], [ 50.3479466, 56.1963552 ], [ 50.3475443, 56.1962477 ], [ 50.347217, 56.1961493 ], [ 50.3465851, 56.1959293 ], [ 50.3459001, 56.1956658 ], [ 50.3452205, 56.195377 ], [ 50.3333111, 56.1901378 ], [ 50.3326097, 56.1898096 ], [ 50.3319132, 56.1894621 ], [ 50.3312632, 56.1890828 ], [ 50.3306672, 56.188707 ], [ 50.3300643, 56.1883007 ], [ 50.3294463, 56.1878631 ], [ 50.3266399, 56.185862 ], [ 50.3238506, 56.1838996 ], [ 50.3211386, 56.1819733 ], [ 50.320293, 56.1813761 ], [ 50.3194079, 56.1808029 ], [ 50.318596, 56.1803108 ], [ 50.3180641, 56.1800191 ], [ 50.3175008, 56.179722 ], [ 50.3152106, 56.1785698 ], [ 50.3130537, 56.1774826 ], [ 50.3117972, 56.1768569 ], [ 50.3072089, 56.1745853 ], [ 50.2975221, 56.1697224 ], [ 50.2942434, 56.1680996 ], [ 50.2898631, 56.1659002 ], [ 50.2877419, 56.1648416 ], [ 50.2875981, 56.1647698 ], [ 50.2654543, 56.1538023 ], [ 50.2648021, 56.1534412 ], [ 50.2641948, 56.1530864 ], [ 50.2637158, 56.1527554 ], [ 50.2632636, 56.1523939 ], [ 50.2562286, 56.1466839 ], [ 50.2557187, 56.1463006 ], [ 50.2552279, 56.1459845 ], [ 50.2546831, 56.145672 ], [ 50.2541209, 56.1453995 ], [ 50.2535298, 56.1451521 ], [ 50.2527804, 56.144889 ], [ 50.2520517, 56.1446846 ], [ 50.2513172, 56.1445092 ], [ 50.2504013, 56.1443332 ], [ 50.2495591, 56.1442002 ], [ 50.2486612, 56.1440443 ], [ 50.2478611, 56.1438875 ], [ 50.2471678, 56.1437155 ], [ 50.246399, 56.143485 ], [ 50.2457048, 56.1432229 ], [ 50.2450741, 56.1429419 ], [ 50.2444535, 56.1426237 ], [ 50.2440606, 56.1423995 ], [ 50.2435982, 56.1421211 ], [ 50.2429372, 56.1417137 ], [ 50.2427981, 56.1416287 ], [ 50.2235201, 56.129839 ], [ 50.2206421, 56.1280832 ], [ 50.2189595, 56.1270643 ], [ 50.2178929, 56.1264741 ], [ 50.2173847, 56.1262019 ], [ 50.2168482, 56.1259284 ], [ 50.2158531, 56.1254589 ], [ 50.2139499, 56.1246397 ], [ 50.1912561, 56.1150951 ], [ 50.1866721, 56.1131806 ] ], [ [ 50.1878991, 56.1136392 ], [ 50.1912971, 56.1150642 ], [ 50.2140067, 56.1246048 ], [ 50.215909, 56.1254306 ], [ 50.2169098, 56.1258982 ], [ 50.2174329, 56.1261676 ], [ 50.2179587, 56.1264411 ], [ 50.2190369, 56.1270406 ], [ 50.2206931, 56.1280576 ], [ 50.2235646, 56.1298173 ], [ 50.242852, 56.1416073 ], [ 50.2432517, 56.141848 ], [ 50.2435389, 56.1420282 ], [ 50.2436495, 56.1420956 ], [ 50.2441088, 56.1423756 ], [ 50.2445058, 56.1426058 ], [ 50.2451287, 56.1429194 ], [ 50.2457447, 56.1431886 ], [ 50.2464461, 56.1434484 ], [ 50.2472121, 56.1436753 ], [ 50.2479031, 56.1438446 ], [ 50.2486878, 56.1440003 ], [ 50.2495913, 56.1441554 ], [ 50.2504228, 56.1442928 ], [ 50.2513427, 56.1444623 ], [ 50.2520867, 56.1446434 ], [ 50.2528207, 56.1448457 ], [ 50.2535952, 56.145119 ], [ 50.254178, 56.1453685 ], [ 50.2547541, 56.1456496 ], [ 50.255311, 56.1459628 ], [ 50.2558053, 56.1462782 ], [ 50.2563081, 56.146664 ], [ 50.2633244, 56.1523794 ], [ 50.2637855, 56.152733 ], [ 50.2642609, 56.1530585 ], [ 50.2648771, 56.1534233 ], [ 50.2655049, 56.1537698 ], [ 50.2876467, 56.1647438 ], [ 50.289915, 56.1658695 ], [ 50.2943041, 56.1680667 ], [ 50.2975772, 56.1696961 ], [ 50.3072521, 56.1745582 ], [ 50.3118457, 56.1768354 ], [ 50.3130913, 56.1774572 ], [ 50.3152827, 56.1785459 ], [ 50.3175545, 56.1796981 ], [ 50.3181177, 56.1799982 ], [ 50.3186517, 56.1802904 ], [ 50.3194776, 56.1807849 ], [ 50.3203574, 56.1813582 ], [ 50.3211984, 56.1819566 ], [ 50.3239022, 56.1838744 ], [ 50.3266954, 56.1858484 ], [ 50.3294973, 56.1878498 ], [ 50.3301313, 56.1882723 ], [ 50.3307171, 56.1886849 ], [ 50.3313035, 56.1890589 ], [ 50.3319675, 56.1894367 ], [ 50.3326526, 56.1897843 ], [ 50.3333522, 56.1901118 ], [ 50.3452715, 56.1953554 ], [ 50.3459403, 56.1956464 ], [ 50.3466182, 56.1959052 ], [ 50.3472519, 56.1961179 ], [ 50.3475738, 56.1962134 ], [ 50.3479922, 56.1963253 ], [ 50.3483489, 56.1964044 ], [ 50.3487555, 56.1964863 ], [ 50.3492233, 56.1965716 ], [ 50.3497132, 56.1966504 ], [ 50.3503525, 56.1967282 ], [ 50.3509606, 56.1967761 ], [ 50.3515032, 56.1968088 ], [ 50.3520912, 56.1968202 ], [ 50.3526351, 56.1968148 ], [ 50.3532466, 56.1967939 ], [ 50.3540531, 56.1967291 ], [ 50.3588153, 56.1962902 ], [ 50.3598717, 56.196194 ], [ 50.3606243, 56.1961147 ], [ 50.3612852, 56.1960418 ], [ 50.3621401, 56.1959313 ], [ 50.362865, 56.1958239 ], [ 50.3635651, 56.1957165 ], [ 50.3653833, 56.1954076 ], [ 50.3682947, 56.1949033 ], [ 50.3894766, 56.1912931 ], [ 50.3884021, 56.191517 ] ], [ [ 50.6389869, 56.1766753 ], [ 50.6381554, 56.1760777 ], [ 50.6379547, 56.1759461 ], [ 50.6374205, 56.1756112 ], [ 50.6370847, 56.1754252 ], [ 50.6365968, 56.1751649 ], [ 50.6360319, 56.1748818 ], [ 50.6353345, 56.1745533 ], [ 50.6348973, 56.1743637 ], [ 50.6342246, 56.1740856 ], [ 50.6087225, 56.163742 ], [ 50.6048011, 56.1621463 ], [ 50.6022227, 56.1610937 ], [ 50.6009279, 56.1605768 ], [ 50.6001744, 56.1602952 ], [ 50.5995768, 56.1601062 ], [ 50.5988699, 56.1599152 ], [ 50.5980969, 56.1597465 ], [ 50.5973464, 56.1596299 ], [ 50.5965418, 56.1595239 ], [ 50.594978, 56.1593133 ], [ 50.5918514, 56.1589181 ], [ 50.5887108, 56.1585121 ], [ 50.585561, 56.1581023 ], [ 50.5824595, 56.1577039 ], [ 50.5816123, 56.1576311 ], [ 50.5808517, 56.1575988 ], [ 50.5800596, 56.1576015 ], [ 50.5792872, 56.1576341 ], [ 50.5776533, 56.1577252 ], [ 50.5760498, 56.15782 ], [ 50.5728579, 56.1580018 ], [ 50.5712271, 56.1580869 ], [ 50.569642, 56.1581759 ], [ 50.5664553, 56.1583673 ], [ 50.5616599, 56.1586469 ], [ 50.5584473, 56.158822 ], [ 50.5576766, 56.1588756 ], [ 50.5568648, 56.1589555 ], [ 50.5560261, 56.1590524 ], [ 50.5552772, 56.1591638 ], [ 50.5546108, 56.1592804 ], [ 50.553799, 56.1594547 ], [ 50.552321, 56.1597982 ], [ 50.5493376, 56.1604798 ], [ 50.5463576, 56.1611579 ], [ 50.543367, 56.161845 ], [ 50.5418622, 56.1621885 ], [ 50.5398063, 56.1626596 ], [ 50.5374017, 56.1632056 ], [ 50.534454, 56.1639016 ], [ 50.533298, 56.1641704 ], [ 50.5324879, 56.1643616 ], [ 50.5320611, 56.1644651 ], [ 50.5308293, 56.1647498 ], [ 50.528329, 56.1653409 ], [ 50.5270387, 56.1656418 ], [ 50.5249684, 56.1661162 ], [ 50.5246728, 56.1661839 ], [ 50.5236522, 56.1664259 ], [ 50.5210691, 56.1670115 ], [ 50.5190259, 56.1674828 ], [ 50.5160388, 56.1681658 ], [ 50.5147034, 56.168462 ], [ 50.5139695, 56.1686171 ], [ 50.5121149, 56.1690346 ], [ 50.5046738, 56.1707507 ], [ 50.4986944, 56.1721148 ], [ 50.4957427, 56.1727963 ], [ 50.4942664, 56.1731408 ], [ 50.4927255, 56.1734768 ], [ 50.4912123, 56.1737723 ], [ 50.4114888, 56.1875647 ], [ 50.4113761, 56.1875836 ], [ 50.4106473, 56.1877068 ], [ 50.4097998, 56.1878537 ], [ 50.397458, 56.1900099 ], [ 50.3908788, 56.1911019 ], [ 50.3905717, 56.1911525 ], [ 50.3884021, 56.191517 ] ], [ [ 50.3903234, 56.1911472 ], [ 50.3974172, 56.1899376 ], [ 50.4095505, 56.1878489 ], [ 50.4101128, 56.1877516 ], [ 50.4126649, 56.1873109 ], [ 50.4911853, 56.173722 ], [ 50.4926906, 56.173435 ], [ 50.4942315, 56.1731065 ], [ 50.4956877, 56.1727629 ], [ 50.4986691, 56.17208 ], [ 50.5046415, 56.1707096 ], [ 50.5120877, 56.168995 ], [ 50.5133155, 56.1687153 ], [ 50.5145756, 56.1684335 ], [ 50.5159902, 56.1681049 ], [ 50.5189773, 56.1674193 ], [ 50.5210193, 56.1669475 ], [ 50.5236035, 56.166361 ], [ 50.5246172, 56.1661154 ], [ 50.5249194, 56.1660463 ], [ 50.5254347, 56.1659285 ], [ 50.5269781, 56.1655782 ], [ 50.5282795, 56.1652842 ], [ 50.5307918, 56.1647058 ], [ 50.5325629, 56.1642853 ], [ 50.5332801, 56.1641277 ], [ 50.5344254, 56.1638668 ], [ 50.5373728, 56.1631714 ], [ 50.5397779, 56.162619 ], [ 50.541836, 56.162151 ], [ 50.543346, 56.1617959 ], [ 50.5463409, 56.1611119 ], [ 50.5493075, 56.1604324 ], [ 50.5523011, 56.1597538 ], [ 50.5537749, 56.1594117 ], [ 50.5545841, 56.1592348 ], [ 50.555256, 56.1591213 ], [ 50.5560055, 56.1590071 ], [ 50.5568472, 56.1589033 ], [ 50.5576739, 56.1588263 ], [ 50.5584464, 56.1587788 ], [ 50.5616504, 56.1586042 ], [ 50.5664566, 56.158327 ], [ 50.5696338, 56.1581332 ], [ 50.5712244, 56.1580511 ], [ 50.572858, 56.1579606 ], [ 50.5760542, 56.1577775 ], [ 50.5776536, 56.1576866 ], [ 50.5792868, 56.1575928 ], [ 50.5800649, 56.1575611 ], [ 50.5808558, 56.1575585 ], [ 50.5816287, 56.157588 ], [ 50.5824826, 56.1576643 ], [ 50.5855823, 56.1580645 ], [ 50.5887348, 56.1584762 ], [ 50.5918698, 56.1588789 ], [ 50.595002, 56.1592803 ], [ 50.5965699, 56.1594869 ], [ 50.5973625, 56.1595896 ], [ 50.5981225, 56.159715 ], [ 50.5989021, 56.1598794 ], [ 50.5996161, 56.1600693 ], [ 50.6002086, 56.1602566 ], [ 50.6009674, 56.1605381 ], [ 50.6022615, 56.161063 ], [ 50.6048508, 56.1621129 ], [ 50.6087639, 56.1637147 ], [ 50.6201457, 56.1682451 ], [ 50.625525, 56.1704472 ], [ 50.6342668, 56.174053 ], [ 50.6349419, 56.1743322 ], [ 50.6353855, 56.1745249 ], [ 50.6360869, 56.1748571 ], [ 50.6366506, 56.1751439 ], [ 50.6371303, 56.1754006 ], [ 50.6374647, 56.1755822 ], [ 50.6380052, 56.1759161 ], [ 50.6381904, 56.1760394 ], [ 50.6382249, 56.1760625 ] ], [ [ 50.6382249, 56.1760625 ], [ 50.6387772, 56.1764334 ] ], [ [ 50.6389869, 56.1766753 ], [ 50.6382249, 56.1760625 ] ], [ [ 50.6387772, 56.1764334 ], [ 50.6396811, 56.1770325 ], [ 50.6398755, 56.1771639 ], [ 50.6424698, 56.1791022 ], [ 50.6425327, 56.1791501 ], [ 50.6497836, 56.1845183 ], [ 50.6499191, 56.1846281 ], [ 50.6505455, 56.1851507 ] ], [ [ 50.6387772, 56.1764334 ], [ 50.6423897, 56.1791316 ], [ 50.6424564, 56.1791817 ], [ 50.6505455, 56.1851507 ] ], [ [ 50.6391207, 56.1767714 ], [ 50.6389869, 56.1766753 ] ], [ [ 50.6506346, 56.1853017 ], [ 50.6424018, 56.1792042 ], [ 50.6423361, 56.1791542 ], [ 50.6391207, 56.1767714 ] ], [ [ 50.6506346, 56.1853017 ], [ 50.6497407, 56.1847169 ], [ 50.6495556, 56.184587 ], [ 50.6423394, 56.17923 ], [ 50.6400499, 56.1775476 ], [ 50.6397843, 56.1773512 ], [ 50.6391207, 56.1767714 ] ], [ [ 50.6505455, 56.1851507 ], [ 50.6515359, 56.185879 ] ], [ [ 50.6507843, 56.1854113 ], [ 50.6506346, 56.1853017 ] ], [ [ 50.6515359, 56.185879 ], [ 50.6507843, 56.1854113 ] ], [ [ 50.9014887, 56.1814861 ], [ 50.9024611, 56.1813134 ], [ 50.9015316, 56.1815358 ], [ 50.9005111, 56.1817792 ], [ 50.8998674, 56.1819523 ], [ 50.8993027, 56.1821244 ], [ 50.8987784, 56.1823151 ], [ 50.8983144, 56.1825077 ], [ 50.897897, 56.1827053 ], [ 50.897499, 56.1829107 ], [ 50.8964141, 56.1834832 ], [ 50.8957878, 56.1837914 ], [ 50.8952765, 56.1840264 ], [ 50.8946505, 56.1842855 ], [ 50.8941033, 56.1844915 ], [ 50.8935656, 56.184678 ], [ 50.893018, 56.1848381 ], [ 50.8925638, 56.1849542 ], [ 50.8921453, 56.1850453 ], [ 50.8916708, 56.185138 ], [ 50.8910617, 56.1852513 ], [ 50.8881086, 56.1857707 ], [ 50.8874376, 56.1858957 ], [ 50.8870967, 56.18596 ], [ 50.8864524, 56.1860821 ], [ 50.8855082, 56.1862526 ], [ 50.884562, 56.1864122 ], [ 50.8841938, 56.1864775 ], [ 50.8823767, 56.1867992 ], [ 50.8819234, 56.1868813 ], [ 50.8815818, 56.1869532 ], [ 50.8814925, 56.186972 ], [ 50.8810651, 56.1870619 ], [ 50.8806603, 56.1871647 ], [ 50.8798555, 56.1873841 ], [ 50.8794391, 56.1875003 ], [ 50.8789739, 56.1876278 ], [ 50.8777418, 56.1879657 ], [ 50.8763316, 56.1883681 ], [ 50.8750029, 56.1887349 ], [ 50.8741826, 56.1889485 ], [ 50.8734902, 56.1891197 ], [ 50.8727208, 56.1892858 ], [ 50.8721479, 56.1894034 ], [ 50.8715379, 56.1895082 ], [ 50.8708003, 56.1896291 ], [ 50.8699803, 56.1897438 ], [ 50.8681495, 56.1899652 ], [ 50.8639304, 56.1904695 ], [ 50.8633672, 56.19055 ], [ 50.8628556, 56.1906395 ], [ 50.8623288, 56.1907436 ], [ 50.861823, 56.1908633 ], [ 50.8613094, 56.1910076 ], [ 50.8605197, 56.1912507 ], [ 50.8575928, 56.1921904 ], [ 50.8568025, 56.1924354 ], [ 50.8562627, 56.1925975 ], [ 50.8556776, 56.1927526 ], [ 50.8552086, 56.1928587 ], [ 50.8547575, 56.1929494 ], [ 50.8542725, 56.1930318 ], [ 50.8537503, 56.193104 ], [ 50.8529936, 56.1931755 ], [ 50.8524728, 56.1932094 ], [ 50.8520201, 56.1932268 ], [ 50.8513999, 56.1932325 ], [ 50.8508957, 56.1932254 ], [ 50.850445, 56.1932034 ], [ 50.8499113, 56.1931587 ], [ 50.8490847, 56.1930751 ], [ 50.8438647, 56.1924318 ], [ 50.8433571, 56.1923693 ], [ 50.8412267, 56.1921817 ], [ 50.8404128, 56.1921747 ], [ 50.8391874, 56.1922187 ], [ 50.8378313, 56.192368 ], [ 50.8365169, 56.1926453 ], [ 50.835529, 56.1929255 ], [ 50.8345753, 56.1932541 ], [ 50.8328209, 56.1939124 ], [ 50.8293227, 56.1951133 ], [ 50.8273811, 56.1957789 ], [ 50.825405, 56.1964634 ], [ 50.8245406, 56.1967258 ], [ 50.8236506, 56.1969582 ], [ 50.8218495, 56.1973544 ], [ 50.8205459, 56.1975806 ], [ 50.8194002, 56.1977277 ], [ 50.8182021, 56.197869 ], [ 50.8055797, 56.1989805 ], [ 50.8045812, 56.199101 ], [ 50.8035377, 56.1993009 ], [ 50.8023398, 56.1996115 ], [ 50.8010017, 56.2000997 ], [ 50.7996901, 56.2008051 ], [ 50.7977127, 56.2022107 ], [ 50.7968725, 56.2027434 ], [ 50.7953987, 56.2033667 ], [ 50.794912, 56.203535 ], [ 50.7943853, 56.2036989 ], [ 50.7932737, 56.2039758 ], [ 50.7920637, 56.2041778 ], [ 50.7908165, 56.2042865 ], [ 50.7898413, 56.2043419 ], [ 50.788937, 56.2043248 ], [ 50.7876668, 56.204241 ], [ 50.7865153, 56.204084 ], [ 50.7852161, 56.2037729 ], [ 50.7836382, 56.2033402 ], [ 50.7826372, 56.2030779 ], [ 50.7822319, 56.2029907 ], [ 50.7817204, 56.2028926 ], [ 50.7811643, 56.2028229 ], [ 50.7800509, 56.2027089 ], [ 50.7789472, 56.2026513 ], [ 50.7778505, 56.2026782 ], [ 50.7768667, 56.2027683 ], [ 50.7763356, 56.2028444 ], [ 50.7753137, 56.2030152 ], [ 50.7732852, 56.2034927 ], [ 50.7722264, 56.2036957 ], [ 50.7711355, 56.2038469 ], [ 50.7702729, 56.2039113 ], [ 50.7694635, 56.2039309 ], [ 50.7684386, 56.2039173 ], [ 50.7674198, 56.203837 ], [ 50.7663523, 56.2037033 ], [ 50.7657145, 56.2036015 ], [ 50.7652428, 56.2034973 ], [ 50.7646237, 56.203337 ], [ 50.7639328, 56.203117 ], [ 50.7627479, 56.2026629 ], [ 50.7614428, 56.202056 ], [ 50.7601297, 56.2013663 ], [ 50.7589623, 56.200595 ], [ 50.7588351, 56.2005045 ], [ 50.7575522, 56.1995876 ], [ 50.7541398, 56.1970347 ], [ 50.7530737, 56.1962546 ], [ 50.7519044, 56.1955983 ], [ 50.7513191, 56.1953381 ], [ 50.750684, 56.1950936 ], [ 50.7500212, 56.1948814 ], [ 50.7493441, 56.1947132 ], [ 50.7481848, 56.1944744 ], [ 50.7465269, 56.1942069 ], [ 50.7445482, 56.1939341 ], [ 50.742757, 56.1937936 ], [ 50.7414935, 56.1937742 ], [ 50.7398118, 56.1938909 ], [ 50.7382573, 56.194184 ], [ 50.7370675, 56.1945082 ], [ 50.736305, 56.1947778 ], [ 50.735596, 56.1950639 ], [ 50.733333, 56.1961785 ], [ 50.7322235, 56.1965812 ], [ 50.7310357, 56.1969278 ], [ 50.7299254, 56.1971286 ], [ 50.7288319, 56.197269 ], [ 50.7276246, 56.1973427 ], [ 50.7262873, 56.1973406 ], [ 50.7251504, 56.1972489 ], [ 50.7240675, 56.1971012 ], [ 50.7224695, 56.1967568 ], [ 50.7210635, 56.196347 ], [ 50.7199008, 56.1959968 ], [ 50.7187385, 56.1957683 ], [ 50.7178057, 56.1956635 ], [ 50.7166218, 56.1955822 ], [ 50.7157565, 56.1955665 ], [ 50.7145495, 56.1956262 ], [ 50.7129348, 56.1957874 ], [ 50.7120604, 56.195902 ], [ 50.7112788, 56.1960389 ], [ 50.7109263, 56.1961094 ], [ 50.7106396, 56.196171 ], [ 50.7099729, 56.1963473 ], [ 50.7087265, 56.1967934 ], [ 50.7062199, 56.1977973 ], [ 50.704058, 56.1983703 ], [ 50.7029401, 56.1986199 ], [ 50.7018364, 56.1989299 ], [ 50.7006713, 56.1993885 ], [ 50.6996593, 56.1999079 ], [ 50.6988756, 56.2003182 ], [ 50.6977181, 56.2009403 ], [ 50.6966314, 56.2014137 ], [ 50.6948447, 56.2019375 ], [ 50.6932023, 56.2024761 ], [ 50.6918394, 56.2031111 ], [ 50.689366, 56.204608 ], [ 50.6882333, 56.2051471 ], [ 50.6869709, 56.2055697 ], [ 50.6857556, 56.2058666 ], [ 50.6842939, 56.2060858 ], [ 50.6829012, 56.2061817 ], [ 50.681291, 56.206229 ], [ 50.6783083, 56.2061008 ], [ 50.6767278, 56.2058387 ], [ 50.6751379, 56.2054206 ], [ 50.6721881, 56.2044058 ], [ 50.6711053, 56.2039076 ], [ 50.6701063, 56.2033198 ], [ 50.669233, 56.2026488 ], [ 50.6685344, 56.2019084 ], [ 50.6681256, 56.2012264 ], [ 50.6678538, 56.2005059 ], [ 50.6677493, 56.1998052 ], [ 50.6677862, 56.199193 ], [ 50.6682486, 56.1975943 ], [ 50.6683474, 56.1967629 ], [ 50.6681817, 56.1959319 ], [ 50.6678333, 56.1951385 ], [ 50.6674731, 56.194584 ], [ 50.6669992, 56.1940548 ], [ 50.6664245, 56.1935601 ], [ 50.6657934, 56.1930784 ], [ 50.6650637, 56.1926392 ], [ 50.6642246, 56.1922121 ], [ 50.6564934, 56.1889872 ], [ 50.6559125, 56.1887328 ], [ 50.6552987, 56.1884481 ], [ 50.6548731, 56.1882149 ], [ 50.6543883, 56.1879353 ], [ 50.6537466, 56.1875499 ], [ 50.653085, 56.1871018 ], [ 50.6507843, 56.1854113 ] ], [ [ 50.6515359, 56.185879 ], [ 50.6531384, 56.1870791 ], [ 50.6537895, 56.1875216 ], [ 50.6544267, 56.1879064 ], [ 50.6549107, 56.1881843 ], [ 50.6553591, 56.1884238 ], [ 50.6559567, 56.1887082 ], [ 50.6565343, 56.1889633 ], [ 50.6642433, 56.1921763 ], [ 50.6648524, 56.1924688 ], [ 50.665851, 56.1930392 ], [ 50.6665054, 56.1935233 ], [ 50.6672885, 56.1942368 ], [ 50.6678294, 56.1949334 ], [ 50.6681955, 56.1957006 ], [ 50.6683561, 56.1963 ], [ 50.6684149, 56.1967479 ], [ 50.6682808, 56.1976124 ], [ 50.6678525, 56.1992048 ], [ 50.6678347, 56.1999571 ], [ 50.6679823, 56.2007094 ], [ 50.6682111, 56.2011902 ], [ 50.6685686, 56.2018015 ], [ 50.6691511, 56.2024791 ], [ 50.6694594, 56.2027368 ], [ 50.6702822, 56.2033702 ], [ 50.6707437, 56.2036511 ], [ 50.6714983, 56.2040414 ], [ 50.6722042, 56.2043498 ], [ 50.6729869, 56.2046405 ], [ 50.6734556, 56.2048033 ], [ 50.6735784, 56.204846 ], [ 50.6751068, 56.2053777 ], [ 50.6766917, 56.2058016 ], [ 50.6770147, 56.2058615 ], [ 50.6782293, 56.206048 ], [ 50.6795884, 56.2061401 ], [ 50.6812361, 56.2061668 ], [ 50.6827607, 56.2061282 ], [ 50.6841998, 56.206027 ], [ 50.6856388, 56.2058157 ], [ 50.6868104, 56.205542 ], [ 50.6880355, 56.2051433 ], [ 50.689298, 56.2045682 ], [ 50.6917525, 56.2030841 ], [ 50.6922783, 56.2028021 ], [ 50.6930878, 56.2024549 ], [ 50.694722, 56.2019079 ], [ 50.6965035, 56.2013828 ], [ 50.6976162, 56.2009186 ], [ 50.6987798, 56.2002941 ], [ 50.7001037, 56.1995649 ], [ 50.7017151, 56.198881 ], [ 50.7039281, 56.1983317 ], [ 50.7060804, 56.197774 ], [ 50.70863, 56.1967576 ], [ 50.7098642, 56.1963232 ], [ 50.7106188, 56.1961358 ], [ 50.7109038, 56.1960757 ], [ 50.7112592, 56.1960082 ], [ 50.7120448, 56.1958654 ], [ 50.7128708, 56.1957465 ], [ 50.7145189, 56.1955853 ], [ 50.7157219, 56.1955345 ], [ 50.7165974, 56.1955538 ], [ 50.7177815, 56.1956315 ], [ 50.7187083, 56.195734 ], [ 50.7198771, 56.1959613 ], [ 50.721046, 56.1963043 ], [ 50.7224721, 56.1967147 ], [ 50.7240419, 56.1970556 ], [ 50.7251314, 56.1972113 ], [ 50.7262246, 56.1972997 ], [ 50.7275826, 56.1972976 ], [ 50.7287666, 56.1972429 ], [ 50.7298371, 56.1971019 ], [ 50.7309417, 56.1968957 ], [ 50.7321219, 56.1965611 ], [ 50.7331515, 56.1961694 ], [ 50.7355208, 56.1950273 ], [ 50.7361996, 56.1947421 ], [ 50.7369487, 56.1944891 ], [ 50.7381986, 56.1941388 ], [ 50.7398874, 56.1938315 ], [ 50.7414504, 56.1937267 ], [ 50.7427613, 56.1937285 ], [ 50.7445426, 56.1938822 ], [ 50.7465556, 56.194156 ], [ 50.7481747, 56.1944219 ], [ 50.7493786, 56.1946655 ], [ 50.7507032, 56.1950457 ], [ 50.7519479, 56.1955648 ], [ 50.7525686, 56.1958781 ], [ 50.753462, 56.1964629 ], [ 50.7549393, 56.1975875 ], [ 50.7585894, 56.2002759 ], [ 50.7588988, 56.2004834 ], [ 50.7590201, 56.2005694 ], [ 50.7594808, 56.2008833 ], [ 50.7602617, 56.2013727 ], [ 50.7618386, 56.2022228 ], [ 50.7633128, 56.2028586 ], [ 50.76415, 56.2031525 ], [ 50.7648057, 56.2033544 ], [ 50.7652574, 56.2034707 ], [ 50.765633, 56.2035585 ], [ 50.7657314, 56.2035786 ], [ 50.7664991, 56.2037056 ], [ 50.7673135, 56.2038132 ], [ 50.7682049, 56.2038795 ], [ 50.7693754, 56.2039096 ], [ 50.7710888, 56.2038158 ], [ 50.7732098, 56.2034689 ], [ 50.7741879, 56.2032368 ], [ 50.7752895, 56.2029817 ], [ 50.7763275, 56.2028056 ], [ 50.7768586, 56.202734 ], [ 50.7778537, 56.2026445 ], [ 50.7789175, 56.2026043 ], [ 50.7800388, 56.2026545 ], [ 50.7811347, 56.2027568 ], [ 50.781735, 56.2028391 ], [ 50.7822364, 56.2029521 ], [ 50.7826543, 56.2030457 ], [ 50.7836694, 56.2033102 ], [ 50.7852251, 56.2037343 ], [ 50.7864819, 56.2040156 ], [ 50.7876238, 56.2041883 ], [ 50.7889036, 56.2042671 ], [ 50.7897979, 56.2042939 ], [ 50.7907706, 56.2042562 ], [ 50.7919942, 56.2041511 ], [ 50.793181, 56.2039476 ], [ 50.7942987, 56.2036837 ], [ 50.7953218, 56.20335 ], [ 50.7967607, 56.2027197 ], [ 50.7976296, 56.2022058 ], [ 50.7995528, 56.2008026 ], [ 50.8009021, 56.2000731 ], [ 50.8022405, 56.1995788 ], [ 50.8034598, 56.1992637 ], [ 50.8045082, 56.1990675 ], [ 50.805555, 56.1989335 ], [ 50.8193479, 56.1977102 ], [ 50.8204875, 56.1975606 ], [ 50.8217692, 56.1973435 ], [ 50.8235922, 56.19694 ], [ 50.8253314, 56.1964518 ], [ 50.8327485, 56.1938933 ], [ 50.8354212, 56.1929224 ], [ 50.8364201, 56.1926202 ], [ 50.8377774, 56.192346 ], [ 50.839132, 56.1921978 ], [ 50.8403771, 56.1921462 ], [ 50.8411908, 56.1921478 ], [ 50.8433294, 56.1923369 ], [ 50.8438592, 56.1924022 ], [ 50.8490855, 56.1930465 ], [ 50.8499247, 56.1931325 ], [ 50.8504531, 56.1931721 ], [ 50.850903, 56.1931909 ], [ 50.8514012, 56.1931982 ], [ 50.852019, 56.193192 ], [ 50.8524688, 56.1931736 ], [ 50.852986, 56.1931388 ], [ 50.8537363, 56.1930673 ], [ 50.8542457, 56.192996 ], [ 50.854739, 56.1929082 ], [ 50.8551872, 56.1928199 ], [ 50.8556429, 56.1927151 ], [ 50.8562252, 56.1925557 ], [ 50.8567663, 56.1923951 ], [ 50.8575556, 56.1921409 ], [ 50.8604563, 56.1912073 ], [ 50.8612564, 56.190958 ], [ 50.8617854, 56.190823 ], [ 50.8623017, 56.1907036 ], [ 50.8628435, 56.1905939 ], [ 50.8633411, 56.1905096 ], [ 50.8639187, 56.1904304 ], [ 50.8681335, 56.1899244 ], [ 50.8699636, 56.1897056 ], [ 50.8707842, 56.1895947 ], [ 50.8715191, 56.1894753 ], [ 50.8721208, 56.1893694 ], [ 50.8726913, 56.189247 ], [ 50.8734762, 56.1890736 ], [ 50.8741584, 56.1889126 ], [ 50.874966, 56.1886969 ], [ 50.8763088, 56.1883323 ], [ 50.8777051, 56.1879279 ], [ 50.879405, 56.1874616 ], [ 50.8804053, 56.187185 ], [ 50.8806239, 56.187126 ], [ 50.8814326, 56.1869029 ], [ 50.8815201, 56.1868785 ], [ 50.8818423, 56.1867889 ], [ 50.8823606, 56.1866559 ], [ 50.8829074, 56.1865283 ], [ 50.8835508, 56.1864085 ], [ 50.8841134, 56.1863054 ], [ 50.8844977, 56.1862394 ], [ 50.8854277, 56.1860797 ], [ 50.8863619, 56.1859036 ], [ 50.886991, 56.1857898 ], [ 50.8873523, 56.1857273 ], [ 50.8880228, 56.1856125 ], [ 50.8887792, 56.1855035 ], [ 50.8897578, 56.1853782 ], [ 50.8910394, 56.1852033 ], [ 50.8916437, 56.1851024 ], [ 50.8921131, 56.185011 ], [ 50.8925413, 56.1849165 ], [ 50.8929854, 56.1847987 ], [ 50.8935138, 56.1846439 ], [ 50.8940658, 56.1844602 ], [ 50.8946085, 56.1842576 ], [ 50.8952245, 56.1839989 ], [ 50.8957434, 56.1837649 ], [ 50.8963644, 56.1834541 ], [ 50.897451, 56.1828817 ], [ 50.8978435, 56.1826814 ], [ 50.8982765, 56.1824807 ], [ 50.8987302, 56.1822807 ], [ 50.8992571, 56.1820875 ], [ 50.8998004, 56.181918 ], [ 50.9004818, 56.1817326 ], [ 50.9014887, 56.1814861 ] ], [ [ 50.73689922623285, 54.403854980507873 ], [ 50.765158, 54.4136263 ], [ 50.765228050626412, 54.413650227542178 ] ], [ [ 50.765228050626412, 54.413650227542178 ], [ 50.7420197, 54.4050492 ] ], [ [ 50.762684332413748, 54.439014216955044 ], [ 50.7614547, 54.4447132 ] ], [ [ 50.762684332413748, 54.439014216955044 ], [ 50.7624954, 54.4392603 ] ], [ [ 50.762726, 54.4388211 ], [ 50.762684332413748, 54.439014216955044 ] ], [ [ 50.783782221709281, 54.423882633355284 ], [ 50.7807317, 54.4266077 ], [ 50.7763445, 54.4285304 ], [ 50.7672056, 54.4331253 ], [ 50.762684332413748, 54.439014216955044 ] ], [ [ 50.765228050626412, 54.413650227542178 ], [ 50.784714775565369, 54.420306405464473 ] ], [ [ 50.784714775565369, 54.420306405464473 ], [ 50.7811837, 54.4195634 ], [ 50.765228050626412, 54.413650227542178 ] ], [ [ 50.7770209, 54.4262098 ], [ 50.784548100909191, 54.423198464527637 ] ], [ [ 50.783782221709281, 54.423882633355284 ], [ 50.7832919, 54.4243113 ] ], [ [ 50.784548100909191, 54.423198464527637 ], [ 50.783782221709281, 54.423882633355284 ] ], [ [ 50.784578878140181, 54.423186151774395 ], [ 50.783782221709281, 54.423882633355284 ] ], [ [ 50.7851633, 54.4226489 ], [ 50.784548100909191, 54.423198464527637 ] ], [ [ 50.784548100909191, 54.423198464527637 ], [ 50.784578878140181, 54.423186151774395 ] ], [ [ 50.788646522851927, 54.421813966750953 ], [ 50.7858789, 54.4220496 ], [ 50.784578878140181, 54.423186151774395 ] ], [ [ 50.784578878140181, 54.423186151774395 ], [ 50.784629, 54.4231661 ] ], [ [ 50.789176994296596, 54.421245341162553 ], [ 50.784714775565369, 54.420306405464473 ] ], [ [ 50.784714775565369, 54.420306405464473 ], [ 50.7854654, 54.4205628 ], [ 50.789176994296596, 54.421245341162553 ] ], [ [ 50.788646522851927, 54.421813966750953 ], [ 50.7876479, 54.4216896 ] ], [ [ 50.7933329, 54.4223976 ], [ 50.788646522851927, 54.421813966750953 ] ], [ [ 50.7905442, 54.4216524 ], [ 50.788646522851927, 54.421813966750953 ] ], [ [ 50.789176994296596, 54.421245341162553 ], [ 50.8075123, 54.4246171 ], [ 50.8259059, 54.4280196 ], [ 50.826496069935629, 54.428268871755655 ] ], [ [ 50.826496069935629, 54.428268871755655 ], [ 50.811486, 54.4254092 ], [ 50.790651, 54.4215555 ], [ 50.789176994296596, 54.421245341162553 ] ], [ [ 50.7894668, 54.4213916 ], [ 50.8071435, 54.4246954 ] ], [ [ 50.83046352073135, 54.430435459727477 ], [ 50.8272117, 54.4285784 ], [ 50.8075437, 54.4247231 ], [ 50.790498, 54.4215778 ] ], [ [ 50.7907812, 54.421633 ], [ 50.8073504, 54.4246875 ] ], [ [ 50.7908373, 54.4217301 ], [ 50.798158, 54.4233757 ] ], [ [ 50.8083235, 54.4247664 ], [ 50.7927498, 54.4218843 ] ], [ [ 50.7935178, 54.4235383 ], [ 50.7975906, 54.4251155 ] ], [ [ 50.7994575, 54.4256929 ], [ 50.7948053, 54.4238473 ] ], [ [ 50.7950765, 54.4238687 ], [ 50.7975994, 54.4239963 ] ], [ [ 50.7975994, 54.4239963 ], [ 50.8014392, 54.4248284 ] ], [ [ 50.8004272, 54.426008 ], [ 50.7975994, 54.4239963 ] ], [ [ 50.8070433, 54.4247947 ], [ 50.8015966, 54.4255685 ] ], [ [ 50.8083402, 54.4249211 ], [ 50.8139214, 54.4261427 ] ], [ [ 50.8206662, 54.4249662 ], [ 50.8141972, 54.4253539 ] ], [ [ 50.8218594, 54.4252574 ], [ 50.8323804, 54.4245479 ] ], [ [ 50.8249284, 54.4241669 ], [ 50.8192884, 54.4254817 ], [ 50.8235881, 54.4253625 ], [ 50.8307978, 54.4249708 ] ], [ [ 50.82777552532491, 54.428809278970448 ], [ 50.8269324, 54.428352 ], [ 50.826496069935629, 54.428268871755655 ] ], [ [ 50.826496069935629, 54.428268871755655 ], [ 50.82777552532491, 54.428809278970448 ] ], [ [ 50.82777552532491, 54.428809278970448 ], [ 50.8298008, 54.4296647 ], [ 50.830192334755587, 54.430120064088129 ] ], [ [ 50.830192334755587, 54.430120064088129 ], [ 50.82777552532491, 54.428809278970448 ] ], [ [ 50.8284992, 54.4343253 ], [ 50.8279822, 54.4359341 ] ], [ [ 50.8286547, 54.4342459 ], [ 50.8287084, 54.4382214 ] ], [ [ 50.830326194251874, 54.432279451656306 ], [ 50.8289726, 54.4339251 ] ], [ [ 50.829919, 54.4348841 ], [ 50.830326194251874, 54.432279451656306 ] ], [ [ 50.830813228295511, 54.430842177812643 ], [ 50.8304509, 54.4302603 ], [ 50.830192334755587, 54.430120064088129 ] ], [ [ 50.830192334755587, 54.430120064088129 ], [ 50.83046352073135, 54.430435459727477 ] ], [ [ 50.830326194251874, 54.432279451656306 ], [ 50.830591248806165, 54.430584010469119 ] ], [ [ 50.8307871, 54.4317191 ], [ 50.830326194251874, 54.432279451656306 ] ], [ [ 50.830591248806165, 54.430584010469119 ], [ 50.8306021, 54.4305146 ], [ 50.83046352073135, 54.430435459727477 ] ], [ [ 50.83046352073135, 54.430435459727477 ], [ 50.830591248806165, 54.430584010469119 ] ], [ [ 50.830591248806165, 54.430584010469119 ], [ 50.830813228295511, 54.430842177812643 ] ], [ [ 50.830813228295511, 54.430842177812643 ], [ 50.8318594, 54.4320589 ], [ 50.832360370397588, 54.434134301739654 ] ], [ [ 50.832360370397588, 54.434134301739654 ], [ 50.8319692, 54.4326986 ], [ 50.830813228295511, 54.430842177812643 ] ], [ [ 50.834096708994707, 54.440507136596068 ], [ 50.832360370397588, 54.434134301739654 ] ], [ [ 50.832360370397588, 54.434134301739654 ], [ 50.8338368, 54.4402508 ], [ 50.834096708994707, 54.440507136596068 ] ], [ [ 50.834096708994707, 54.440507136596068 ], [ 50.836272708335379, 54.442653227248506 ] ], [ [ 50.836272708335379, 54.442653227248506 ], [ 50.8342159, 54.4409446 ], [ 50.834096708994707, 54.440507136596068 ] ], [ [ 50.837631373596373, 54.443781894634085 ], [ 50.836272708335379, 54.442653227248506 ] ], [ [ 50.836272708335379, 54.442653227248506 ], [ 50.8372781, 54.4436448 ], [ 50.837631373596373, 54.443781894634085 ] ], [ [ 50.837631373596373, 54.443781894634085 ], [ 50.840136367069796, 54.444754005675343 ] ], [ [ 50.840136367069796, 54.444754005675343 ], [ 50.8381029, 54.4441736 ], [ 50.837631373596373, 54.443781894634085 ] ], [ [ 50.841822669702054, 54.445235321371399 ], [ 50.840136367069796, 54.444754005675343 ] ], [ [ 50.840136367069796, 54.444754005675343 ], [ 50.8413248, 54.4452152 ], [ 50.841822669702054, 54.445235321371399 ] ], [ [ 50.841822669702054, 54.445235321371399 ], [ 50.844908457568557, 54.445360033285922 ] ], [ [ 50.844908457568557, 54.445360033285922 ], [ 50.8425727, 54.4454494 ], [ 50.841822669702054, 54.445235321371399 ] ], [ [ 50.844908457568557, 54.445360033285922 ], [ 50.8464244, 54.4454213 ], [ 50.846901238790615, 54.445283788939292 ] ], [ [ 50.846901238790615, 54.445283788939292 ], [ 50.844908457568557, 54.445360033285922 ] ], [ [ 50.846901238790615, 54.445283788939292 ], [ 50.867908010238352, 54.439225843401566 ] ], [ [ 50.867908010238352, 54.439225843401566 ], [ 50.8477896, 54.4452498 ], [ 50.846901238790615, 54.445283788939292 ] ], [ [ 50.872831362808007, 54.437751668163706 ], [ 50.867908010238352, 54.439225843401566 ] ], [ [ 50.867908010238352, 54.439225843401566 ], [ 50.8725867, 54.4378766 ], [ 50.872831362808007, 54.437751668163706 ] ], [ [ 50.872831362808007, 54.437751668163706 ], [ 50.8822775, 54.4329282 ], [ 50.882815784143851, 54.432778113844257 ] ], [ [ 50.882815784143851, 54.432778113844257 ], [ 50.8741411, 54.4373595 ], [ 50.872831362808007, 54.437751668163706 ] ], [ [ 50.884214711335183, 54.432388060362825 ], [ 50.8831519, 54.4326006 ], [ 50.882815784143851, 54.432778113844257 ] ], [ [ 50.882815784143851, 54.432778113844257 ], [ 50.884214711335183, 54.432388060362825 ] ], [ [ 50.884214711335183, 54.432388060362825 ], [ 50.8866932, 54.431697 ], [ 50.887451265243918, 54.43174081849525 ] ], [ [ 50.887451265243918, 54.43174081849525 ], [ 50.884214711335183, 54.432388060362825 ] ], [ [ 50.887451265243918, 54.43174081849525 ], [ 50.888566460467572, 54.431805280198247 ] ], [ [ 50.888566460467572, 54.431805280198247 ], [ 50.8878484, 54.4316614 ], [ 50.887451265243918, 54.43174081849525 ] ], [ [ 50.888566460467572, 54.431805280198247 ], [ 50.8924403, 54.4320292 ], [ 50.94422450740511, 54.442856860837068 ] ], [ [ 50.94422450740511, 54.442856860837068 ], [ 50.9326293, 54.4406343 ], [ 50.888566460467572, 54.431805280198247 ] ], [ [ 50.9014887, 56.1814861 ], [ 50.9030512, 56.1811253 ], [ 50.9039479, 56.1809214 ], [ 50.9046928, 56.1807895 ], [ 50.9053974, 56.1806873 ], [ 50.9060209, 56.180631 ], [ 50.9067104, 56.180599 ], [ 50.9074424, 56.1805925 ], [ 50.9081231, 56.1806 ], [ 50.9089856, 56.1806218 ], [ 50.9124352, 56.1807105 ], [ 50.9159009, 56.1807897 ], [ 50.9170797, 56.1808118 ], [ 50.9191199, 56.1808652 ], [ 50.920178, 56.180888 ], [ 50.9215367, 56.1809336 ], [ 50.9225549, 56.1809726 ], [ 50.9238023, 56.1810253 ], [ 50.9246625, 56.1810647 ], [ 50.9253079, 56.1811075 ], [ 50.9257757, 56.1811474 ], [ 50.9261998, 56.1811939 ], [ 50.9269658, 56.1813194 ], [ 50.9276389, 56.1814545 ], [ 50.928336, 56.1816327 ], [ 50.9289765, 56.1818204 ], [ 50.9295997, 56.1820359 ], [ 50.9302555, 56.1822962 ], [ 50.9308657, 56.1825808 ], [ 50.9313935, 56.1828707 ], [ 50.9319754, 56.1832595 ], [ 50.9323275, 56.1835347 ], [ 50.9327414, 56.1838841 ], [ 50.9337587, 56.1848834 ], [ 50.9343204, 56.1853812 ], [ 50.9344569, 56.1854907 ], [ 50.9345063, 56.1855304 ], [ 50.9348501, 56.1857595 ], [ 50.9353034, 56.1860351 ], [ 50.93589, 56.1863567 ], [ 50.9498298, 56.1931313 ], [ 50.9516717, 56.1940296 ], [ 50.9525084, 56.1944719 ], [ 50.9531441, 56.1948331 ], [ 50.9537634, 56.1952328 ], [ 50.9554107, 56.1963331 ], [ 50.9569278, 56.1973378 ], [ 50.9579359, 56.1979347 ], [ 50.959162, 56.1984539 ], [ 50.9606436, 56.1988574 ], [ 50.9619923, 56.1991322 ], [ 50.962762, 56.1992269 ], [ 50.9636714, 56.19928 ], [ 50.9654492, 56.1992686 ], [ 50.9672122, 56.1992117 ] ], [ [ 50.9672118, 56.1992781 ], [ 50.9654355, 56.1993395 ], [ 50.9636331, 56.199346 ], [ 50.9627349, 56.1992725 ], [ 50.961963, 56.1991726 ], [ 50.9605694, 56.1988989 ], [ 50.9591092, 56.1985087 ], [ 50.9578607, 56.1979655 ], [ 50.9568478, 56.1973622 ], [ 50.9553624, 56.1963557 ], [ 50.9536975, 56.1952482 ], [ 50.9530878, 56.1948554 ], [ 50.9524548, 56.1944943 ], [ 50.9516369, 56.1940599 ], [ 50.9497762, 56.1931548 ], [ 50.9358249, 56.1863876 ], [ 50.9352467, 56.1860673 ], [ 50.9347978, 56.1857901 ], [ 50.934449, 56.1855526 ], [ 50.9343942, 56.1855103 ], [ 50.9342591, 56.1854062 ], [ 50.9336858, 56.184905 ], [ 50.9326575, 56.1839013 ], [ 50.9322631, 56.1835556 ], [ 50.9319137, 56.1832854 ], [ 50.9313195, 56.1828942 ], [ 50.9308147, 56.1826136 ], [ 50.9302138, 56.1823276 ], [ 50.9295621, 56.1820762 ], [ 50.9289409, 56.1818514 ], [ 50.9282774, 56.1816612 ], [ 50.9275961, 56.181494 ], [ 50.9269255, 56.1813537 ], [ 50.9261969, 56.1812423 ], [ 50.9257641, 56.1811955 ], [ 50.9252889, 56.1811535 ], [ 50.9246524, 56.1811116 ], [ 50.9237938, 56.1810649 ], [ 50.9229744, 56.1810314 ], [ 50.9225536, 56.1810201 ], [ 50.9215338, 56.1809821 ], [ 50.9201731, 56.1809462 ], [ 50.9191146, 56.1809229 ], [ 50.9170764, 56.1808703 ], [ 50.9158965, 56.1808445 ], [ 50.9124281, 56.180761 ], [ 50.9089772, 56.180671 ], [ 50.9081177, 56.1806415 ], [ 50.9074397, 56.180638 ], [ 50.9067137, 56.1806431 ], [ 50.9060342, 56.1806749 ], [ 50.9054183, 56.1807348 ], [ 50.9047166, 56.1808381 ], [ 50.9039832, 56.1809651 ], [ 50.9030968, 56.1811671 ] ], [ [ 50.9253511, 56.1810029 ], [ 50.9261784, 56.1810743 ], [ 50.9270489, 56.1811746 ], [ 50.929779, 56.18153 ], [ 50.9323946, 56.1818225 ], [ 50.933751, 56.1820103 ], [ 50.9342308, 56.1820858 ], [ 50.9348112, 56.1822121 ], [ 50.9351394, 56.1823036 ], [ 50.9359389, 56.1825819 ] ], [ [ 50.9297646, 56.1787307 ], [ 50.9316091, 56.1801957 ], [ 50.9326365, 56.1810086 ], [ 50.9329015, 56.1811955 ], [ 50.9331418, 56.1813242 ], [ 50.9333311, 56.1814224 ], [ 50.9337339, 56.1815935 ] ], [ [ 50.9337339, 56.1815935 ], [ 50.9333822, 56.181398 ], [ 50.9331965, 56.1812985 ], [ 50.9329659, 56.1811596 ], [ 50.9327365, 56.1809792 ], [ 50.932437, 56.1807389 ], [ 50.93229, 56.1805685 ], [ 50.9321558, 56.1803669 ], [ 50.9320544, 56.1800672 ], [ 50.9320325, 56.1797758 ], [ 50.9321477, 56.1785063 ] ], [ [ 50.9359389, 56.1825819 ], [ 50.9341017, 56.1817694 ], [ 50.9337339, 56.1815935 ] ], [ [ 50.9359389, 56.1825819 ], [ 50.9370311, 56.1829767 ] ], [ [ 50.9370311, 56.1829767 ], [ 50.937946, 56.1832407 ], [ 50.9384108, 56.1833406 ], [ 50.938956, 56.1834279 ], [ 50.9396521, 56.1835143 ], [ 50.9408134, 56.1835985 ], [ 50.9414355, 56.1836551 ], [ 50.9425401, 56.1838658 ], [ 50.9431529, 56.1840213 ], [ 50.9437463, 56.1842276 ], [ 50.9444713, 56.1845449 ], [ 50.9455304, 56.1850174 ], [ 50.9462106, 56.1852991 ], [ 50.9464987, 56.185385 ], [ 50.946849, 56.1854662 ], [ 50.9472476, 56.1855209 ], [ 50.9478182, 56.1855772 ] ], [ [ 50.9370311, 56.1829767 ], [ 50.9378791, 56.1832841 ], [ 50.9384049, 56.1834905 ], [ 50.9391844, 56.1837497 ] ], [ [ 50.958722376796132, 54.44563580179117 ], [ 50.94422450740511, 54.442856860837068 ] ], [ [ 50.94422450740511, 54.442856860837068 ], [ 50.9580258, 54.4457426 ], [ 50.958722376796132, 54.44563580179117 ] ], [ [ 50.9478182, 56.1855772 ], [ 50.950327, 56.1856784 ], [ 50.9512588, 56.1857136 ], [ 50.9517038, 56.1857588 ], [ 50.952037, 56.1858308 ], [ 50.953243, 56.1862289 ] ], [ [ 50.9478182, 56.1855772 ], [ 50.9490162, 56.1857886 ], [ 50.9494481, 56.1858454 ], [ 50.9502876, 56.1859096 ], [ 50.9510601, 56.1860186 ], [ 50.9515589, 56.1861111 ], [ 50.953458, 56.1865768 ] ], [ [ 50.961075945941097, 54.44527495576466 ], [ 50.9594178, 54.4457691 ], [ 50.958722376796132, 54.44563580179117 ] ], [ [ 50.958722376796132, 54.44563580179117 ], [ 50.961075945941097, 54.44527495576466 ] ], [ [ 50.968888009222681, 54.44294688201613 ], [ 50.961075945941097, 54.44527495576466 ] ], [ [ 50.961075945941097, 54.44527495576466 ], [ 50.9636983, 54.4448729 ], [ 50.968888009222681, 54.44294688201613 ] ], [ [ 50.968888009222681, 54.44294688201613 ], [ 50.971441028211409, 54.441999399166036 ] ], [ [ 50.971441028211409, 54.441999399166036 ], [ 50.970152, 54.4425702 ], [ 50.968888009222681, 54.44294688201613 ] ], [ [ 50.988070946893203, 54.434635424221028 ], [ 50.971441028211409, 54.441999399166036 ] ], [ [ 50.971441028211409, 54.441999399166036 ], [ 50.9811839, 54.4383836 ] ], [ [ 51.6918071, 55.5827838 ], [ 51.6902183, 55.5834163 ], [ 51.6897104, 55.5836002 ], [ 51.6889507, 55.5838229 ], [ 51.6881482, 55.5839769 ], [ 51.684658, 55.5846815 ] ], [ [ 51.6918071, 55.5827838 ], [ 51.6904592, 55.5834933 ], [ 51.6903021, 55.5835745 ], [ 51.6897753, 55.5838466 ], [ 51.6890565, 55.5840861 ], [ 51.6886771, 55.5841784 ], [ 51.6882229, 55.5842627 ], [ 51.6848489, 55.5849712 ] ], [ [ 51.6911566, 55.5834888 ], [ 51.6919318, 55.5831917 ], [ 51.6922763, 55.5830162 ], [ 51.6926692, 55.5827726 ], [ 51.6932448, 55.5824484 ], [ 51.6937691, 55.5822636 ], [ 51.6941072, 55.5822179 ], [ 51.6945178, 55.5821697 ], [ 51.694939, 55.5821516 ], [ 51.6953602, 55.5821577 ] ], [ [ 51.6953602, 55.5821577 ], [ 51.6947093, 55.5820904 ], [ 51.6942081, 55.5821054 ], [ 51.6937945, 55.5821382 ], [ 51.6933451, 55.5822351 ], [ 51.6928789, 55.582369 ], [ 51.6918071, 55.5827838 ] ], [ [ 51.6953602, 55.5821577 ], [ 51.6977415, 55.5824199 ], [ 51.6997378, 55.5826417 ], [ 51.7000833, 55.5826658 ], [ 51.7005782, 55.582661 ], [ 51.7021051, 55.5825922 ], [ 51.7030991, 55.5825838 ], [ 51.7039992, 55.5826417 ], [ 51.704846, 55.5827594 ], [ 51.7062629, 55.5829564 ], [ 51.7069579, 55.583053 ], [ 51.707433, 55.583119 ], [ 51.7078596, 55.5831576 ], [ 51.7083416, 55.5831793 ], [ 51.7087852, 55.5831817 ], [ 51.7091874, 55.5831652 ], [ 51.7106082, 55.583034 ], [ 51.7196621, 55.582198 ], [ 51.7205982, 55.5821116 ], [ 51.7223375, 55.5819422 ], [ 51.7255587, 55.5816707 ], [ 51.726205, 55.5816271 ], [ 51.7269714, 55.5815945 ], [ 51.7276025, 55.5815816 ], [ 51.728142, 55.5815825 ], [ 51.7288122, 55.5816028 ], [ 51.7294552, 55.5816321 ], [ 51.7301023, 55.5816771 ], [ 51.7308194, 55.5817489 ], [ 51.7313683, 55.5818257 ], [ 51.731959, 55.5819232 ], [ 51.7325057, 55.5820223 ], [ 51.7329589, 55.5821041 ], [ 51.7338896, 55.5822972 ], [ 51.7344716, 55.5824412 ], [ 51.7349759, 55.5825743 ], [ 51.7472885, 55.586299 ], [ 51.7480653, 55.5864914 ], [ 51.7497907, 55.5868731 ], [ 51.7505511, 55.5869909 ], [ 51.7514128, 55.5871051 ], [ 51.7525023, 55.5872177 ], [ 51.7534017, 55.5872806 ], [ 51.7545006, 55.5873068 ], [ 51.7551476, 55.5873005 ], [ 51.7562531, 55.5872728 ], [ 51.7574585, 55.5871811 ], [ 51.7584925, 55.5870631 ], [ 51.7597882, 55.5868515 ], [ 51.7831675, 55.5826378 ], [ 51.7869154, 55.5819698 ], [ 51.7941757, 55.5806466 ], [ 51.8006736, 55.5794842 ], [ 51.8069852, 55.5783424 ], [ 51.8083927, 55.5781219 ], [ 51.8099685, 55.5779854 ], [ 51.8109559, 55.5779268 ], [ 51.8116141, 55.5779025 ], [ 51.8124261, 55.5778825 ], [ 51.8194685, 55.5780317 ], [ 51.8234778, 55.578126 ], [ 51.8243582, 55.5781922 ], [ 51.8250528, 55.5782955 ], [ 51.8257187, 55.5784455 ], [ 51.826393, 55.5786582 ], [ 51.827067, 55.5789186 ], [ 51.8278604, 55.579343 ], [ 51.8284192, 55.579777 ], [ 51.8288736, 55.5802932 ], [ 51.8289779, 55.5805269 ], [ 51.8291224, 55.580909 ], [ 51.8292506, 55.5812624 ], [ 51.8293558, 55.5816114 ], [ 51.8294744, 55.5820048 ], [ 51.8301876, 55.5832929 ], [ 51.8310691, 55.5848176 ], [ 51.8319341, 55.5862962 ], [ 51.8335489, 55.5891303 ], [ 51.8338044, 55.5894471 ], [ 51.8341138, 55.5898305 ], [ 51.8344113, 55.5901992 ], [ 51.8346426, 55.590486 ], [ 51.8347577, 55.5906845 ], [ 51.834988, 55.591276 ], [ 51.8352028, 55.591533 ], [ 51.8356336, 55.5922473 ], [ 51.8358054, 55.592487 ], [ 51.8359995, 55.5927099 ], [ 51.8362465, 55.5929455 ], [ 51.8365993, 55.5932151 ], [ 51.8369464, 55.5934326 ], [ 51.8374581, 55.5937017 ], [ 51.8380332, 55.5939664 ], [ 51.8387771, 55.5942553 ], [ 51.8401941, 55.594804 ], [ 51.8475714, 55.597743 ], [ 51.8496732, 55.5986219 ], [ 51.8513244, 55.5995001 ], [ 51.8535138, 55.6010504 ], [ 51.8544416, 55.6016494 ], [ 51.8555891, 55.6021712 ], [ 51.8563877, 55.6024298 ], [ 51.8572433, 55.602585 ], [ 51.8576305, 55.6026304 ], [ 51.8579755, 55.6026775 ], [ 51.8589263, 55.6027198 ], [ 51.8596529, 55.6027004 ], [ 51.8603226, 55.6026333 ], [ 51.8609959, 55.6024831 ], [ 51.8617226, 55.6022565 ] ], [ [ 51.7152777, 55.5826883 ], [ 51.7158008, 55.582702 ], [ 51.716035, 55.5827401 ], [ 51.7165491, 55.5828551 ], [ 51.7171392, 55.5830977 ], [ 51.7183676, 55.5838102 ], [ 51.7188692, 55.584221 ], [ 51.7191267, 55.5845212 ], [ 51.719352, 55.5849972 ], [ 51.7194352, 55.5854171 ], [ 51.7193761, 55.5858234 ], [ 51.7191026, 55.586316 ], [ 51.7187592, 55.5866374 ], [ 51.7183059, 55.5869239 ], [ 51.7180002, 55.5870937 ], [ 51.7171955, 55.5873696 ], [ 51.7164767, 55.587506 ], [ 51.7157847, 55.5875666 ], [ 51.7151839, 55.5875545 ], [ 51.7133224, 55.5873423 ], [ 51.7130978, 55.5873208 ], [ 51.7120592, 55.5871889 ], [ 51.7108789, 55.5870315 ], [ 51.7082342, 55.586695 ] ], [ [ 51.8000271, 55.6158715 ], [ 51.7948995, 55.6150944 ] ], [ [ 51.8000271, 55.6158715 ], [ 51.8004566, 55.615915 ], [ 51.8007087, 55.6159351 ] ], [ [ 51.8175041, 55.618518 ], [ 51.816253, 55.6183273 ], [ 51.8152508, 55.6181761 ], [ 51.8105871, 55.6174584 ], [ 51.8014612, 55.6160868 ], [ 51.8009124, 55.6160021 ], [ 51.8000271, 55.6158715 ] ], [ [ 51.8022303, 55.6159749 ], [ 51.8010687, 55.6159453 ], [ 51.8007087, 55.6159351 ] ], [ [ 51.8007087, 55.6159351 ], [ 51.8010628, 55.6159639 ], [ 51.8014515, 55.6160011 ], [ 51.8018192, 55.616045 ], [ 51.802165, 55.616092 ], [ 51.8155832, 55.6181244 ], [ 51.8161105, 55.6182079 ], [ 51.8168409, 55.6183667 ], [ 51.8172289, 55.6184581 ], [ 51.8175041, 55.618518 ] ], [ [ 51.8106186, 55.6163521 ], [ 51.8070571, 55.6158046 ], [ 51.8068099, 55.6157719 ], [ 51.8065814, 55.6157528 ], [ 51.8063724, 55.6157527 ], [ 51.8061971, 55.6157576 ], [ 51.8059991, 55.6157768 ], [ 51.8057607, 55.615805 ], [ 51.8051434, 55.6158998 ], [ 51.8047711, 55.6159537 ], [ 51.8045168, 55.6159711 ], [ 51.8041903, 55.6160003 ], [ 51.8039156, 55.6160126 ], [ 51.8036349, 55.6160153 ], [ 51.8032666, 55.6160109 ], [ 51.8022303, 55.6159749 ] ], [ [ 51.8022303, 55.6159749 ], [ 51.8025568, 55.615967 ], [ 51.8028836, 55.6159563 ], [ 51.8031674, 55.6159464 ], [ 51.803454, 55.6159261 ], [ 51.8037185, 55.6158978 ], [ 51.8040566, 55.6158516 ], [ 51.8044255, 55.6157821 ], [ 51.8046972, 55.6157185 ], [ 51.8049783, 55.6156434 ], [ 51.8052588, 55.6155536 ], [ 51.805622, 55.6154119 ], [ 51.8058888, 55.6152879 ], [ 51.8060906, 55.6151838 ], [ 51.806268, 55.6150744 ], [ 51.8065975, 55.6148756 ], [ 51.80684, 55.6146886 ], [ 51.807079, 55.6144513 ], [ 51.8072737, 55.6141678 ], [ 51.8074589, 55.613838 ], [ 51.8084137, 55.6116855 ], [ 51.8087623, 55.6108996 ], [ 51.8088762, 55.6106883 ], [ 51.8090632, 55.6104908 ], [ 51.8092095, 55.6103163 ], [ 51.8094819, 55.6101074 ], [ 51.8098031, 55.6099168 ], [ 51.8101812, 55.6097147 ], [ 51.8105389, 55.6095677 ], [ 51.810978, 55.6094552 ], [ 51.8112789, 55.6093657 ], [ 51.8117098, 55.6093105 ], [ 51.8121463, 55.609289 ], [ 51.8125527, 55.6092658 ], [ 51.812992, 55.6092599 ], [ 51.8133463, 55.6092741 ], [ 51.8137199, 55.6093124 ], [ 51.8171557, 55.6098624 ], [ 51.8172224, 55.6098741 ], [ 51.8175327, 55.6099461 ], [ 51.8178476, 55.6100227 ], [ 51.818066, 55.6101 ], [ 51.8183119, 55.610208 ], [ 51.8187949, 55.6104336 ], [ 51.8190435, 55.6105799 ], [ 51.8192552, 55.6107246 ], [ 51.8194362, 55.6108712 ], [ 51.8202405, 55.6116458 ], [ 51.8215425, 55.6129598 ] ], [ [ 51.8617226, 55.6022565 ], [ 51.8610556, 55.6025551 ], [ 51.857053, 55.6043473 ], [ 51.853366, 55.6063154 ], [ 51.8423206, 55.6111867 ], [ 51.8384356, 55.6129087 ], [ 51.8376884, 55.613229 ], [ 51.8369347, 55.6135244 ], [ 51.8361595, 55.6138137 ], [ 51.8351792, 55.6141388 ], [ 51.8300585, 55.6157642 ], [ 51.8270264, 55.6167244 ], [ 51.8245564, 55.617503 ], [ 51.8224111, 55.6181844 ], [ 51.8219914, 55.6183123 ], [ 51.8214759, 55.6184588 ], [ 51.8210061, 55.6185649 ], [ 51.8205756, 55.6186369 ], [ 51.8200293, 55.6186922 ], [ 51.8195702, 55.6187125 ], [ 51.8191502, 55.6187097 ], [ 51.8188284, 55.6186942 ], [ 51.8185158, 55.6186636 ], [ 51.8181832, 55.6186199 ], [ 51.8178199, 55.6185669 ], [ 51.8175041, 55.618518 ] ], [ [ 51.9629836, 55.5863696 ], [ 51.9626076, 55.5861327 ], [ 51.9599492, 55.5844582 ], [ 51.9598913, 55.5844217 ], [ 51.9593983, 55.5841138 ], [ 51.9588961, 55.5838079 ], [ 51.9582778, 55.5834691 ], [ 51.95785, 55.5832697 ], [ 51.9573981, 55.583084 ], [ 51.9567266, 55.5828435 ], [ 51.9563413, 55.5827278 ], [ 51.9559376, 55.582614 ], [ 51.9552067, 55.5824496 ], [ 51.9547951, 55.5823761 ], [ 51.9543913, 55.5823101 ], [ 51.9540319, 55.5822654 ], [ 51.95371, 55.582229 ], [ 51.9533908, 55.5822017 ], [ 51.9528732, 55.5821698 ], [ 51.9523501, 55.5821471 ], [ 51.9515133, 55.5821471 ], [ 51.9500962, 55.5821575 ], [ 51.9480693, 55.5821729 ], [ 51.9459665, 55.582188 ], [ 51.9418439, 55.5822184 ], [ 51.9335921, 55.5822895 ], [ 51.9291329, 55.5823245 ], [ 51.9246988, 55.5823523 ], [ 51.911759, 55.5824443 ], [ 51.9103485, 55.5825179 ], [ 51.908983, 55.582651 ], [ 51.9074051, 55.5828852 ], [ 51.9060101, 55.5831681 ], [ 51.9044572, 55.5836295 ], [ 51.9030254, 55.584161 ], [ 51.89481, 55.5877991 ], [ 51.8871535, 55.5912142 ], [ 51.8778927, 55.5953952 ], [ 51.8744667, 55.5969128 ], [ 51.8725856, 55.5976697 ], [ 51.8704272, 55.5986028 ], [ 51.8691398, 55.5991005 ], [ 51.8684945, 55.5993847 ], [ 51.8678192, 55.5996897 ], [ 51.8674743, 55.5998455 ], [ 51.8662018, 55.6003341 ], [ 51.865148, 55.6007322 ], [ 51.8617226, 55.6022565 ] ], [ [ 51.8904558, 55.562826 ], [ 51.8929831, 55.56275 ], [ 51.8968455, 55.5625983 ], [ 51.8973175, 55.5625983 ], [ 51.899367, 55.5626216 ], [ 51.8999865, 55.562641 ], [ 51.9001551, 55.5626493 ], [ 51.90034, 55.5626531 ], [ 51.9008253, 55.5626612 ] ], [ [ 51.9008253, 55.5626612 ], [ 51.9013155, 55.5626937 ], [ 51.9016763, 55.56274 ], [ 51.9019021, 55.5627833 ], [ 51.9022697, 55.5628647 ], [ 51.9034193, 55.5631281 ], [ 51.9046851, 55.563445 ], [ 51.9050625, 55.5635321 ], [ 51.9053615, 55.563587 ], [ 51.9057182, 55.5636204 ], [ 51.9059894, 55.5636369 ], [ 51.9064887, 55.5636397 ], [ 51.9146677, 55.5635877 ], [ 51.9146661, 55.5635776 ], [ 51.9156036, 55.5635758 ], [ 51.9157925, 55.5635703 ], [ 51.9160116, 55.5635525 ], [ 51.9162916, 55.5635151 ], [ 51.9165743, 55.5634571 ], [ 51.9176161, 55.5631915 ], [ 51.9181667, 55.5630555 ], [ 51.9186877, 55.5629267 ] ], [ [ 51.9008253, 55.5626612 ], [ 51.9041929, 55.5626209 ], [ 51.9212527, 55.5624743 ] ], [ [ 51.9186877, 55.5629267 ], [ 51.9182246, 55.5630741 ], [ 51.9178842, 55.5631888 ], [ 51.9175497, 55.5633412 ], [ 51.9172691, 55.5634732 ], [ 51.91639, 55.5640625 ], [ 51.9160467, 55.564257 ], [ 51.9156046, 55.5644343 ], [ 51.9151167, 55.5645762 ], [ 51.9147356, 55.5646406 ], [ 51.9143721, 55.5646808 ], [ 51.914002, 55.5646958 ], [ 51.9106857, 55.5647096 ] ], [ [ 51.9186877, 55.5629267 ], [ 51.9196032, 55.5626988 ], [ 51.9198434, 55.5626384 ], [ 51.9198915, 55.5626266 ], [ 51.9202398, 55.5625661 ], [ 51.9206469, 55.5625241 ], [ 51.9209265, 55.5624981 ], [ 51.9212527, 55.5624743 ] ], [ [ 51.9212527, 55.5624743 ], [ 51.9271799, 55.562408 ], [ 51.9277203, 55.5623697 ], [ 51.9280167, 55.5623438 ], [ 51.9282403, 55.5623117 ], [ 51.9285397, 55.5622549 ], [ 51.9287365, 55.5622225 ], [ 51.9288532, 55.5622112 ], [ 51.9292529, 55.5621896 ], [ 51.9312787, 55.5621814 ], [ 51.9334129, 55.562167 ], [ 51.9344071, 55.5621554 ], [ 51.9412833, 55.5621696 ], [ 51.943295, 55.5621544 ], [ 51.943886, 55.5621281 ] ], [ [ 51.9616547, 55.5788643 ], [ 51.9615551, 55.5767772 ], [ 51.9615672, 55.5763927 ], [ 51.9615402, 55.5761161 ], [ 51.9613957, 55.5756933 ], [ 51.9609858, 55.5751566 ], [ 51.9605544, 55.5748274 ], [ 51.9600043, 55.5745652 ], [ 51.95926, 55.5743151 ], [ 51.9584618, 55.5741322 ], [ 51.9581406, 55.5741155 ], [ 51.9575234, 55.5740834 ], [ 51.9561535, 55.5740956 ], [ 51.9516771, 55.5741688 ], [ 51.9509976, 55.5742054 ], [ 51.950372, 55.5742664 ], [ 51.9468233, 55.5746383 ], [ 51.9449646, 55.5748191 ], [ 51.9432549, 55.5749855 ], [ 51.9424702, 55.5750185 ], [ 51.9416857, 55.5750455 ], [ 51.9406098, 55.5751502 ], [ 51.9398595, 55.5752346 ], [ 51.9391568, 55.5753566 ], [ 51.938756, 55.5754447 ], [ 51.9384153, 55.5755705 ], [ 51.9380263, 55.5757515 ], [ 51.937726, 55.5759431 ], [ 51.9372493, 55.5765255 ], [ 51.9369177, 55.5772525 ], [ 51.9365569, 55.5779961 ] ], [ [ 51.943886, 55.5621281 ], [ 51.9450609, 55.5621736 ], [ 51.9463054, 55.5623556 ], [ 51.9472066, 55.5626468 ], [ 51.947904, 55.5629745 ], [ 51.9483761, 55.5633203 ], [ 51.9487945, 55.5637086 ], [ 51.9490627, 55.5641757 ], [ 51.9492237, 55.5646368 ], [ 51.9493095, 55.5652192 ], [ 51.9494785, 55.5660792 ] ], [ [ 51.943886, 55.5621281 ], [ 51.9449965, 55.5620704 ], [ 51.9458226, 55.5619673 ], [ 51.9468311, 55.5617185 ], [ 51.9476572, 55.561312 ], [ 51.9484512, 55.5607538 ], [ 51.9489233, 55.5601592 ], [ 51.9494382, 55.5586362 ] ], [ [ 51.9494382, 55.5586362 ], [ 51.9494221, 55.5574954 ], [ 51.9494178, 55.557273 ], [ 51.9494007, 55.5563971 ], [ 51.9493739, 55.5555627 ], [ 51.9493685, 55.5545827 ], [ 51.9493309, 55.5535783 ] ], [ [ 51.9494382, 55.5586362 ], [ 51.9494597, 55.559783 ], [ 51.9494577, 55.5599074 ], [ 51.9494382, 55.5611543 ], [ 51.9494275, 55.5617155 ], [ 51.9494329, 55.5621797 ], [ 51.9494382, 55.5631565 ], [ 51.9494651, 55.5643365 ], [ 51.9494919, 55.5654771 ], [ 51.9494785, 55.5660792 ] ], [ [ 51.9494785, 55.5660792 ], [ 51.9495213, 55.5662969 ], [ 51.949529, 55.5663362 ], [ 51.9495533, 55.5664601 ], [ 51.9495777, 55.5665843 ], [ 51.949596, 55.5670811 ], [ 51.9496045, 55.5673106 ], [ 51.9496188, 55.5683981 ], [ 51.9496804, 55.5690984 ], [ 51.9498406, 55.5699276 ], [ 51.9499947, 55.5703492 ], [ 51.9502473, 55.5707045 ], [ 51.9505554, 55.5709798 ], [ 51.9509991, 55.5713073 ], [ 51.9515783, 55.5716069 ], [ 51.9521946, 55.5718473 ], [ 51.9526444, 55.5719622 ], [ 51.9532236, 55.5720702 ], [ 51.9537412, 55.5721399 ], [ 51.9546163, 55.5721852 ], [ 51.9561753, 55.5722409 ], [ 51.9576973, 55.5723141 ], [ 51.9580301, 55.5723489 ], [ 51.9584861, 55.5724256 ], [ 51.958979, 55.572544 ], [ 51.9595151, 55.5727008 ], [ 51.9598602, 55.5728262 ], [ 51.960193, 55.5729725 ], [ 51.9605997, 55.5732408 ], [ 51.9609879, 55.5735474 ], [ 51.9612837, 55.573847 ], [ 51.9614624, 55.5741257 ], [ 51.9616411, 55.5745611 ], [ 51.9616965, 55.5748816 ], [ 51.9616444, 55.5751673 ], [ 51.9616707, 55.5763926 ], [ 51.9617002, 55.5772145 ], [ 51.9617191, 55.5774729 ], [ 51.9617497, 55.5776823 ], [ 51.9618204, 55.5779331 ], [ 51.9619279, 55.5781526 ], [ 51.9620731, 55.5783954 ], [ 51.9622811, 55.5786185 ], [ 51.9625584, 55.5788816 ], [ 51.9629187, 55.5791431 ], [ 51.9633085, 55.5793588 ], [ 51.9638422, 55.5796399 ], [ 51.9642698, 55.5799325 ], [ 51.9645591, 55.5801948 ], [ 51.9647595, 55.5804273 ], [ 51.9648812, 55.5805734 ], [ 51.9650309, 55.5808338 ], [ 51.9651258, 55.5810809 ], [ 51.9651786, 55.5813444 ], [ 51.9651686, 55.5818539 ], [ 51.9652063, 55.5839866 ], [ 51.965211, 55.584252 ], [ 51.96522, 55.584379 ], [ 51.9652393, 55.5845056 ], [ 51.9652744, 55.5846496 ], [ 51.96532, 55.5847954 ], [ 51.9654274, 55.5850315 ], [ 51.9655251, 55.5851905 ], [ 51.9656611, 55.5853592 ], [ 51.9657907, 55.5854967 ], [ 51.9659416, 55.5856366 ], [ 51.9663808, 55.5860015 ], [ 51.9668485, 55.5863634 ], [ 51.9674602, 55.586859 ], [ 51.9676837, 55.5870251 ], [ 51.9679365, 55.5871907 ], [ 51.9684218, 55.5874917 ], [ 51.9689839, 55.5878455 ], [ 51.9695371, 55.588188 ], [ 51.9700219, 55.588492 ], [ 51.9700806, 55.5885291 ], [ 51.9704813, 55.5887815 ] ], [ [ 51.9614811, 55.5799325 ], [ 51.9614685, 55.579796 ], [ 51.9614083, 55.5796159 ], [ 51.961196, 55.5792038 ], [ 51.9607501, 55.5788677 ], [ 51.9602263, 55.5785896 ], [ 51.9599148, 55.5784676 ], [ 51.9592176, 55.5783195 ], [ 51.9591434, 55.57831 ], [ 51.9589982, 55.5782915 ], [ 51.9557739, 55.5782955 ] ], [ [ 51.9564464, 55.5788797 ], [ 51.9585664, 55.5788517 ], [ 51.959159, 55.5788517 ], [ 51.9592884, 55.5788517 ], [ 51.9596812, 55.5788937 ], [ 51.9600988, 55.5789657 ], [ 51.9605412, 55.5791018 ], [ 51.9610474, 55.5793779 ], [ 51.9613411, 55.5796479 ], [ 51.9614811, 55.5799325 ] ], [ [ 51.9614811, 55.5799325 ], [ 51.9615251, 55.580022 ], [ 51.9616101, 55.5803781 ] ], [ [ 51.9616101, 55.5803781 ], [ 51.9616103, 55.5808813 ] ], [ [ 51.9616101, 55.5803781 ], [ 51.9615464, 55.5794799 ], [ 51.9616547, 55.5788643 ] ], [ [ 51.9616103, 55.5808813 ], [ 51.9617329, 55.5813631 ] ], [ [ 51.9616103, 55.5808813 ], [ 51.9616105, 55.5816175 ] ], [ [ 51.9617329, 55.5813631 ], [ 51.9617026, 55.5802708 ], [ 51.9616547, 55.5788643 ] ], [ [ 51.9629836, 55.5863696 ], [ 51.9623988, 55.5859422 ], [ 51.9621076, 55.5856313 ], [ 51.9619659, 55.5854072 ], [ 51.9618529, 55.5851574 ], [ 51.9618157, 55.5850283 ], [ 51.9617835, 55.5847508 ], [ 51.9617861, 55.5844931 ], [ 51.9617802, 55.5841989 ], [ 51.961784, 55.5828087 ], [ 51.9617329, 55.5813631 ] ], [ [ 51.9630976, 55.5864407 ], [ 51.9629836, 55.5863696 ] ], [ [ 51.9630976, 55.5864407 ], [ 51.9633593, 55.5865938 ], [ 51.9636228, 55.5867306 ], [ 51.9639346, 55.5868735 ], [ 51.9641975, 55.5869959 ], [ 51.9643892, 55.5870766 ], [ 51.9646668, 55.5871751 ], [ 51.964866, 55.5872335 ], [ 51.965153, 55.5873063 ], [ 51.9653568, 55.5873498 ], [ 51.9656505, 55.5873938 ], [ 51.9659208, 55.5874283 ], [ 51.9662319, 55.5874563 ], [ 51.9665303, 55.5874696 ], [ 51.9668803, 55.5874821 ], [ 51.9671358, 55.587506 ], [ 51.9674154, 55.5875446 ], [ 51.9676709, 55.5875893 ], [ 51.9680156, 55.5876636 ], [ 51.9683515, 55.5877565 ], [ 51.9685929, 55.5878414 ], [ 51.9688343, 55.587941 ], [ 51.9690462, 55.5880392 ], [ 51.9692655, 55.5881506 ], [ 51.9696376, 55.5883394 ], [ 51.9699468, 55.5885185 ], [ 51.9701929, 55.5886724 ], [ 51.9712604, 55.5893503 ], [ 51.9716956, 55.5896268 ], [ 51.9719201, 55.5897653 ], [ 51.971983, 55.5898067 ], [ 51.9721643, 55.5899316 ], [ 51.9723406, 55.5900654 ] ], [ [ 51.9861835, 55.6053457 ], [ 51.9853318, 55.6044909 ], [ 51.9840036, 55.6031402 ], [ 51.9798967, 55.5989845 ], [ 51.9797359, 55.5988217 ], [ 51.9779657, 55.5970293 ], [ 51.9772223, 55.5962719 ], [ 51.9764323, 55.5954739 ], [ 51.9762057, 55.5952467 ], [ 51.9759777, 55.595011 ], [ 51.9753984, 55.59441 ], [ 51.9752052, 55.5942122 ], [ 51.9749219, 55.593941 ], [ 51.9746138, 55.593703 ], [ 51.9742531, 55.5934598 ], [ 51.9738412, 55.5932037 ], [ 51.9731292, 55.592761 ], [ 51.9712582, 55.5915738 ], [ 51.9673013, 55.589073 ], [ 51.9668349, 55.5887783 ], [ 51.9654205, 55.587888 ], [ 51.9644519, 55.587285 ], [ 51.964125, 55.5870815 ], [ 51.9635355, 55.5867138 ], [ 51.9630976, 55.5864407 ] ], [ [ 51.9715658, 55.5893954 ], [ 51.9714314, 55.5893128 ], [ 51.9708001, 55.5889157 ], [ 51.9703746, 55.5886481 ], [ 51.9699618, 55.5883844 ], [ 51.9697081, 55.5882271 ], [ 51.9695505, 55.5881225 ], [ 51.9693972, 55.5880103 ], [ 51.968942, 55.5876575 ], [ 51.9679744, 55.586897 ], [ 51.9662188, 55.5855012 ] ], [ [ 51.9665729, 55.313663 ], [ 51.9669517, 55.3137805 ], [ 51.9686919, 55.3144099 ], [ 51.9689295, 55.3145028 ], [ 51.9694617, 55.3146887 ], [ 51.9701644, 55.3148696 ], [ 51.9705836, 55.314927 ], [ 51.9711938, 55.3149544 ], [ 51.9715867, 55.3149456 ], [ 51.972089, 55.3148839 ], [ 51.9729185, 55.3147297 ] ], [ [ 51.973988, 55.847129 ], [ 51.9679264, 55.847171 ] ], [ [ 51.9688654, 55.315687 ], [ 51.9729185, 55.3147297 ] ], [ [ 51.9715658, 55.5893954 ], [ 51.9720731, 55.589666 ], [ 51.9724778, 55.5898743 ], [ 51.9728127, 55.5900199 ], [ 51.973144, 55.5901541 ], [ 51.9735256, 55.5902979 ], [ 51.9739433, 55.5904216 ], [ 51.9742128, 55.590486 ], [ 51.9744587, 55.5905423 ], [ 51.9748001, 55.5905944 ], [ 51.9750991, 55.5906296 ], [ 51.9756478, 55.5906717 ], [ 51.9763072, 55.5907072 ], [ 51.9773206, 55.5907574 ], [ 51.9778231, 55.5907899 ], [ 51.9783238, 55.5908529 ], [ 51.9788423, 55.5909658 ], [ 51.9791079, 55.5910453 ], [ 51.9793551, 55.5911265 ], [ 51.9796778, 55.5912621 ], [ 51.9799165, 55.5913879 ], [ 51.9801302, 55.5915106 ], [ 51.9803859, 55.5916849 ], [ 51.9805951, 55.591857 ], [ 51.9807928, 55.5920594 ], [ 51.9812509, 55.5925807 ], [ 51.9817289, 55.5931188 ], [ 51.9819329, 55.5933419 ], [ 51.9821602, 55.593562 ], [ 51.982346, 55.5937185 ], [ 51.9825598, 55.5938674 ], [ 51.9827329, 55.5939811 ], [ 51.9829045, 55.5940819 ], [ 51.983101, 55.5941882 ], [ 51.9833235, 55.5942889 ], [ 51.9838883, 55.5945161 ], [ 51.984392, 55.5947208 ], [ 51.9848518, 55.5949094 ], [ 51.9850489, 55.5950056 ], [ 51.9852273, 55.5951102 ], [ 51.9853976, 55.5952186 ], [ 51.9857465, 55.5954605 ], [ 51.9859033, 55.5956027 ], [ 51.9875517, 55.5972861 ], [ 51.9876758, 55.5974193 ], [ 51.9878338, 55.5976017 ], [ 51.9879853, 55.5977892 ], [ 51.9881442, 55.5980162 ], [ 51.9882615, 55.5982011 ] ], [ [ 51.9828521, 55.599695 ], [ 51.982521, 55.5992187 ], [ 51.9822535, 55.5988241 ], [ 51.9819644, 55.5983867 ], [ 51.9816721, 55.5979483 ], [ 51.9814467, 55.5976775 ], [ 51.9811115, 55.5973134 ], [ 51.9777286, 55.5935848 ], [ 51.9773329, 55.5931288 ], [ 51.9766809, 55.5924424 ], [ 51.9763505, 55.5921692 ], [ 51.9760889, 55.5919949 ], [ 51.9757766, 55.5917834 ], [ 51.9754372, 55.5915561 ], [ 51.9750725, 55.5913204 ], [ 51.9747167, 55.5911128 ], [ 51.9741426, 55.5907994 ], [ 51.9736515, 55.5905509 ], [ 51.9731878, 55.5903119 ], [ 51.9724553, 55.5899411 ], [ 51.9722736, 55.5898426 ], [ 51.9720312, 55.5896904 ], [ 51.9715658, 55.5893954 ] ], [ [ 51.9729185, 55.3147297 ], [ 51.9755498, 55.3140973 ], [ 51.977275, 55.3136826 ], [ 51.9788528, 55.3133033 ], [ 51.9796474, 55.3131777 ], [ 51.9810643, 55.3128297 ], [ 51.9822422, 55.3125991 ], [ 51.9834773, 55.3124247 ], [ 51.9846522, 55.3123379 ], [ 51.9853875, 55.3123285 ], [ 51.9860687, 55.3123474 ], [ 51.9871574, 55.3123874 ], [ 51.9886381, 55.312445 ], [ 51.992584, 55.312586 ], [ 51.9969082, 55.3127676 ], [ 51.9983228, 55.312911 ], [ 52.0024593, 55.3134494 ], [ 52.0028213, 55.3134988 ], [ 52.003131, 55.313554 ], [ 52.0037401, 55.3137007 ], [ 52.0041302, 55.3138254 ], [ 52.0044638, 55.3139553 ], [ 52.0047498, 55.314088 ], [ 52.0050904, 55.3142604 ], [ 52.0053221, 55.3144133 ], [ 52.0055196, 55.3145672 ], [ 52.0057427, 55.3147662 ], [ 52.0059702, 55.3150038 ], [ 52.0061531, 55.3152835 ], [ 52.0062813, 55.3155395 ], [ 52.006372, 55.3158089 ], [ 52.0064132, 55.3160259 ] ], [ [ 51.9730124, 55.5901391 ], [ 51.9735101, 55.5903943 ], [ 51.9739389, 55.5906159 ], [ 51.9744247, 55.5908707 ], [ 51.9750203, 55.5912135 ], [ 51.9754326, 55.5914633 ], [ 51.9760748, 55.591889 ], [ 51.9764187, 55.5921227 ], [ 51.9768312, 55.592376 ], [ 51.9774056, 55.5926469 ], [ 51.9776259, 55.5927701 ], [ 51.9778298, 55.5929103 ], [ 51.9779521, 55.5930131 ], [ 51.9780484, 55.5930915 ], [ 51.9783601, 55.5934149 ], [ 51.9807805, 55.596098 ], [ 51.9817429, 55.5971436 ], [ 51.981964, 55.5974048 ], [ 51.9820744, 55.5975532 ], [ 51.9821635, 55.5977066 ], [ 51.9822206, 55.5978366 ], [ 51.9822407, 55.5979116 ], [ 51.9822534, 55.5979862 ], [ 51.9822648, 55.5981351 ], [ 51.9822968, 55.5984409 ], [ 51.9823346, 55.5986079 ], [ 51.9823922, 55.5987746 ], [ 51.9826148, 55.5992519 ], [ 51.9828521, 55.599695 ] ], [ [ 51.9887387, 55.8470145 ], [ 51.9882998, 55.8469834 ], [ 51.9880208, 55.8469744 ], [ 51.9757122, 55.8470692 ], [ 51.9748941, 55.8470753 ], [ 51.9745883, 55.8470873 ], [ 51.973988, 55.847129 ] ], [ [ 51.9747841, 55.8471232 ], [ 51.973988, 55.847129 ] ], [ [ 51.9784208, 55.8471439 ], [ 51.9757095, 55.8471641 ], [ 51.975342, 55.8471581 ], [ 51.9747841, 55.8471232 ] ], [ [ 51.9887387, 55.8470145 ], [ 51.9880234, 55.84702 ], [ 51.975708, 55.8471166 ], [ 51.9747841, 55.8471232 ] ], [ [ 51.9784208, 55.8471439 ], [ 51.9791279, 55.8472698 ], [ 51.9797269, 55.8474578 ], [ 51.9801996, 55.8476914 ], [ 51.9805497, 55.8479472 ], [ 51.9807986, 55.8482189 ], [ 51.9809615, 55.8485164 ], [ 51.9810215, 55.8487558 ], [ 51.9810605, 55.8507161 ], [ 51.9810712, 55.8523783 ] ], [ [ 51.9852287, 55.8470933 ], [ 51.9784208, 55.8471439 ] ], [ [ 51.9836775, 55.6006714 ], [ 51.9835344, 55.6005129 ], [ 51.9830963, 55.6000279 ], [ 51.9829069, 55.5997729 ], [ 51.9828521, 55.599695 ] ], [ [ 51.9875066, 55.6052012 ], [ 51.9862455, 55.6036563 ], [ 51.9854594, 55.6026802 ], [ 51.9845386, 55.6016094 ], [ 51.9836775, 55.6006714 ] ], [ [ 51.9836775, 55.6006714 ], [ 51.9838996, 55.6009651 ], [ 51.9841048, 55.6012628 ], [ 51.9843611, 55.6016473 ], [ 51.9844991, 55.6018675 ], [ 51.9846114, 55.6020937 ], [ 51.9846842, 55.6023084 ], [ 51.9847301, 55.6025225 ], [ 51.9848129, 55.6029175 ], [ 51.9848869, 55.603307 ], [ 51.9849533, 55.6035683 ], [ 51.9850449, 55.6037774 ], [ 51.9851526, 55.6039673 ], [ 51.9853289, 55.604219 ], [ 51.9857436, 55.6047828 ], [ 51.9859475, 55.6050684 ], [ 51.9861835, 55.6053457 ] ], [ [ 51.9852287, 55.8470933 ], [ 51.9857222, 55.8471235 ], [ 51.986028, 55.8471551 ], [ 51.9862613, 55.8471987 ], [ 51.98661, 55.8472785 ], [ 51.986857, 55.8473571 ], [ 51.987471, 55.8475616 ], [ 51.9877446, 55.8476324 ], [ 51.9880986, 55.8477152 ], [ 51.9883668, 55.8477499 ], [ 51.9886646, 55.847774 ], [ 51.9890937, 55.847789 ], [ 51.9894585, 55.8477845 ] ], [ [ 51.9895146, 55.8470135 ], [ 51.9889355, 55.8470482 ], [ 51.9884393, 55.8470662 ], [ 51.9880262, 55.8470692 ], [ 51.9852287, 55.8470933 ] ], [ [ 52.0671141, 55.5821535 ], [ 52.0656693, 55.5824301 ], [ 52.0647146, 55.5826858 ], [ 52.0633363, 55.5831398 ], [ 52.0620104, 55.5836643 ], [ 52.0608658, 55.5842477 ], [ 52.0601708, 55.5846236 ], [ 52.045395, 55.5933715 ], [ 52.0389366, 55.597236 ], [ 52.0374671, 55.5979535 ], [ 52.0357981, 55.598589 ], [ 52.0275622, 55.6008904 ], [ 52.0195407, 55.6030701 ], [ 52.0127155, 55.6049333 ], [ 52.003982, 55.6072706 ], [ 52.0031664, 55.6074971 ], [ 52.0004945, 55.6082358 ], [ 51.9999619, 55.6083745 ], [ 51.999459, 55.608513 ], [ 51.9990085, 55.6086247 ], [ 51.9984915, 55.6087324 ], [ 51.9981564, 55.6087948 ], [ 51.9978223, 55.6088484 ], [ 51.9973913, 55.6089059 ], [ 51.9969562, 55.6089527 ], [ 51.9963994, 55.6089963 ], [ 51.9960214, 55.6090112 ], [ 51.9956368, 55.609022 ], [ 51.995191, 55.6090208 ], [ 51.9947371, 55.6090119 ], [ 51.9943572, 55.6089975 ], [ 51.9939773, 55.6089734 ], [ 51.9935699, 55.6089321 ], [ 51.9932629, 55.6088947 ], [ 51.99287, 55.6088383 ], [ 51.9924544, 55.6087683 ], [ 51.9921607, 55.6087101 ], [ 51.9918494, 55.6086451 ], [ 51.9915244, 55.608564 ], [ 51.9912252, 55.608481 ], [ 51.9909545, 55.608405 ], [ 51.9906814, 55.6083223 ], [ 51.9904114, 55.6082282 ], [ 51.9900879, 55.6081102 ], [ 51.9897854, 55.607992 ], [ 51.9895553, 55.6078977 ], [ 51.9893331, 55.6078021 ], [ 51.9890595, 55.6076749 ], [ 51.9887786, 55.6075362 ], [ 51.9885667, 55.6074308 ], [ 51.9882861, 55.6072647 ], [ 51.9881432, 55.6071747 ], [ 51.9880186, 55.607081 ], [ 51.9879246, 55.6070075 ], [ 51.9876158, 55.6067659 ], [ 51.9872488, 55.6064712 ], [ 51.9870292, 55.6062981 ], [ 51.9867662, 55.6060556 ], [ 51.9863736, 55.6055294 ], [ 51.9861835, 55.6053457 ] ], [ [ 51.9895146, 55.8470135 ], [ 51.9887387, 55.8470145 ] ], [ [ 51.9894585, 55.8477845 ], [ 51.9901934, 55.8477258 ], [ 51.9907165, 55.8477137 ], [ 51.9927603, 55.8477032 ], [ 51.9931841, 55.8477122 ], [ 51.993742, 55.8477521 ] ], [ [ 51.9894585, 55.8477845 ], [ 51.993742, 55.8477521 ] ], [ [ 51.9901926, 55.8470033 ], [ 51.9895146, 55.8470135 ] ], [ [ 52.0523483, 55.8386298 ], [ 52.0495105, 55.8388377 ], [ 52.0491376, 55.8388618 ], [ 52.0486414, 55.8388738 ], [ 52.0315665, 55.8390094 ], [ 52.031242, 55.8390124 ], [ 52.0309201, 55.8390304 ], [ 52.029992, 55.8391238 ], [ 52.0297641, 55.8391404 ], [ 52.0294932, 55.8391464 ], [ 52.0091318, 55.8393134 ], [ 52.0077021, 55.8393251 ], [ 52.0065991, 55.8393364 ], [ 51.9995133, 55.8393905 ], [ 51.9992083, 55.8393964 ], [ 51.9988861, 55.839413 ], [ 51.998519, 55.8394476 ], [ 51.9981996, 55.839492 ], [ 51.9978536, 55.8395542 ], [ 51.9974944, 55.8396419 ], [ 51.997129, 55.8397478 ], [ 51.9967997, 55.8398633 ], [ 51.996496, 55.839997 ], [ 51.9962016, 55.8401404 ], [ 51.9959537, 55.8402879 ], [ 51.9956679, 55.8404794 ], [ 51.9954559, 55.8406645 ], [ 51.9952494, 55.8408611 ], [ 51.9950675, 55.8410828 ], [ 51.9949302, 55.8413091 ], [ 51.9948253, 55.8415551 ], [ 51.9947559, 55.8418076 ], [ 51.9947324, 55.8421005 ], [ 51.9947833, 55.84395 ], [ 51.994788, 55.8444325 ], [ 51.9947666, 55.8445846 ], [ 51.9947237, 55.8447533 ], [ 51.9946546, 55.8449281 ], [ 51.9945627, 55.8451117 ], [ 51.9943891, 55.8453753 ], [ 51.9942416, 55.8455515 ], [ 51.9940143, 55.8457644 ], [ 51.9938359, 55.8459173 ], [ 51.9936469, 55.8460537 ], [ 51.9934416, 55.8461823 ], [ 51.9931626, 55.8463289 ], [ 51.9928837, 55.8464534 ], [ 51.9925988, 55.8465671 ], [ 51.9923311, 55.8466597 ], [ 51.9920088, 55.8467537 ], [ 51.9915614, 55.8468552 ], [ 51.9911778, 55.8469232 ], [ 51.9906939, 55.8469794 ], [ 51.9901926, 55.8470033 ] ], [ [ 51.9901926, 55.8470033 ], [ 51.9910732, 55.847 ] ], [ [ 51.9910732, 55.847 ], [ 51.9915158, 55.8470241 ], [ 51.9918162, 55.8470421 ], [ 51.9922453, 55.8470858 ], [ 51.992586, 55.847134 ], [ 51.9935998, 55.8473282 ], [ 51.9939244, 55.8473764 ], [ 51.9942677, 55.8474171 ], [ 51.9945976, 55.8474367 ], [ 51.995078, 55.8474502 ], [ 51.995692, 55.8474442 ] ], [ [ 51.9910732, 55.847 ], [ 51.9918162, 55.8469924 ], [ 51.992256, 55.8469774 ], [ 51.9925779, 55.8469563 ], [ 51.9928622, 55.8469157 ], [ 51.9931868, 55.8468524 ], [ 51.9935408, 55.846753 ], [ 51.9938654, 55.8466401 ], [ 51.9941255, 55.8465151 ], [ 51.9943696, 55.8463781 ], [ 51.9946057, 55.8462064 ], [ 51.99478, 55.8460588 ], [ 51.9948927, 55.8459278 ], [ 51.9949785, 55.8458164 ], [ 51.9950724, 55.8456447 ], [ 51.9951421, 55.8454731 ], [ 51.995177, 55.8453104 ], [ 51.9951734, 55.8452194 ], [ 51.9951716, 55.8448285 ] ], [ [ 51.993742, 55.8477521 ], [ 51.994831, 55.8477438 ] ], [ [ 51.995122, 55.8429228 ], [ 51.995031, 55.8425577 ] ], [ [ 51.9951716, 55.8448285 ], [ 51.9950911, 55.8443918 ], [ 51.995075, 55.8442232 ], [ 51.9950536, 55.8429205 ], [ 51.995031, 55.8425577 ] ], [ [ 51.995031, 55.8425577 ], [ 51.9950201, 55.8422752 ], [ 51.9950321, 55.8420999 ], [ 51.995067, 55.8418829 ], [ 51.9951233, 55.8417135 ], [ 51.9952977, 55.8414228 ], [ 51.9954412, 55.8412391 ], [ 51.9955847, 55.8410983 ], [ 51.9957818, 55.8409198 ], [ 51.9961144, 55.8406947 ], [ 51.9972691, 55.8400109 ] ], [ [ 51.9951716, 55.8448285 ], [ 51.995122, 55.8429228 ] ], [ [ 51.995122, 55.8429228 ], [ 51.9951019, 55.842279 ], [ 51.9951206, 55.8420998 ], [ 51.9951743, 55.8418904 ], [ 51.995244, 55.8417338 ], [ 51.9954237, 55.8414477 ], [ 51.9955552, 55.8412594 ], [ 51.9956571, 55.8411314 ] ], [ [ 51.995692, 55.8474442 ], [ 51.9962391, 55.8474773 ], [ 51.9964939, 55.8474833 ], [ 51.9984707, 55.8474698 ], [ 51.9987014, 55.8474607 ], [ 51.9995007, 55.8474126 ] ], [ [ 51.995692, 55.8474442 ], [ 51.9964886, 55.8474352 ], [ 51.9995007, 55.8474126 ] ], [ [ 52.0064149, 55.3149457 ], [ 52.0063403, 55.3146817 ], [ 52.0062157, 55.314408 ], [ 52.0060694, 55.3141901 ], [ 52.005887, 55.3139872 ], [ 52.0056859, 55.3137964 ], [ 52.0053947, 55.3135639 ], [ 52.002933, 55.3116399 ], [ 52.0024846, 55.3112989 ], [ 51.9999245, 55.3093284 ], [ 51.9994526, 55.3089521 ], [ 51.9987099, 55.3083714 ], [ 51.9984452, 55.3081153 ], [ 51.9982801, 55.3079395 ], [ 51.9980966, 55.3077415 ], [ 51.9979303, 55.3075039 ], [ 51.9978498, 55.3073545 ], [ 51.9977815, 55.3071976 ], [ 51.9977482, 55.3070289 ], [ 51.997771, 55.3068235 ], [ 51.998368, 55.3046928 ] ], [ [ 51.9988469, 55.3073543 ], [ 51.9988811, 55.30704 ], [ 51.998857, 55.3066629 ], [ 51.9988167, 55.3062797 ], [ 51.9988114, 55.3060858 ], [ 51.9988301, 55.305924 ], [ 51.9989482, 55.3054904 ], [ 51.9990876, 55.3049271 ], [ 51.9991654, 55.3046828 ], [ 51.9992995, 55.3043698 ], [ 51.9995758, 55.3034583 ], [ 51.9998065, 55.3025682 ], [ 52.0000613, 55.3016277 ], [ 52.0001981, 55.3010917 ], [ 52.0002463, 55.3007863 ], [ 52.0002544, 55.3005588 ], [ 52.0002007, 55.3003634 ], [ 52.0001042, 55.3001725 ], [ 51.9999781, 55.2999679 ], [ 51.9997796, 55.299716 ], [ 51.9994712, 55.2994289 ], [ 51.9986853, 55.2989113 ] ], [ [ 51.9995007, 55.8474126 ], [ 52.0000693, 55.847405 ], [ 52.0003509, 55.8473855 ], [ 52.0005789, 55.8473553 ], [ 52.0008767, 55.8473026 ], [ 52.0012522, 55.8472002 ], [ 52.0015687, 55.8470858 ], [ 52.0017645, 55.8469909 ], [ 52.0019495, 55.8468885 ], [ 52.002148, 55.846753 ], [ 52.0023358, 55.8465844 ], [ 52.0024833, 55.8464157 ], [ 52.0025825, 55.8462441 ], [ 52.0026603, 55.846089 ], [ 52.0027059, 55.8459339 ], [ 52.0027167, 55.8457818 ], [ 52.0026952, 55.8453541 ] ], [ [ 52.0025465, 55.8409371 ], [ 52.0025235, 55.8402534 ] ], [ [ 52.0026952, 55.8453541 ], [ 52.0025465, 55.8409371 ] ], [ [ 52.0026952, 55.8453541 ], [ 52.0026121, 55.8451026 ], [ 52.0024914, 55.8413543 ], [ 52.0024967, 55.8411751 ], [ 52.0025465, 55.8409371 ] ], [ [ 52.0065152, 55.3163766 ], [ 52.0065561, 55.3167375 ], [ 52.0065737, 55.3174915 ], [ 52.0065541, 55.317871 ], [ 52.0064808, 55.318169 ], [ 52.0062085, 55.3188065 ], [ 52.0060462, 55.3190895 ], [ 52.0058316, 55.3196317 ], [ 52.0056536, 55.3199654 ] ], [ [ 52.0064132, 55.3160259 ], [ 52.0065152, 55.3163766 ] ], [ [ 52.0064132, 55.3160259 ], [ 52.006461, 55.31673 ] ], [ [ 52.0065152, 55.3163766 ], [ 52.0064872, 55.3158055 ], [ 52.0064149, 55.3149457 ] ], [ [ 52.0064149, 55.3149457 ], [ 52.0062716, 55.3128347 ], [ 52.0062545, 55.3126463 ], [ 52.0062551, 55.3124301 ], [ 52.0062746, 55.3122739 ], [ 52.006316, 55.3120749 ], [ 52.0064127, 55.3117831 ], [ 52.0065104, 55.3115395 ], [ 52.0066085, 55.3113083 ] ], [ [ 52.0066085, 55.3113083 ], [ 52.0073515, 55.3095391 ] ], [ [ 52.0066085, 55.3113083 ], [ 52.0068017, 55.3110366 ], [ 52.0069304, 55.310884 ], [ 52.0070565, 55.3107725 ], [ 52.0074347, 55.3105191 ], [ 52.0084807, 55.3099528 ], [ 52.0090386, 55.309681 ], [ 52.0092478, 55.3095742 ], [ 52.0094463, 55.3094444 ], [ 52.0096126, 55.3093055 ], [ 52.0097253, 55.3091864 ], [ 52.0098084, 55.3090643 ], [ 52.0098647, 55.3089483 ], [ 52.0100498, 55.3084842 ], [ 52.010101, 55.3083374 ] ], [ [ 52.0071719, 55.3169504 ], [ 52.0068798, 55.3176261 ], [ 52.0068473, 55.3177012 ], [ 52.0066156, 55.3181857 ], [ 52.0058112, 55.320191 ], [ 52.003392, 55.325952 ], [ 52.0018833, 55.3295562 ], [ 52.000125, 55.333997 ], [ 51.9999463, 55.3348773 ], [ 51.9999338, 55.3357494 ], [ 52.0010309, 55.3415867 ], [ 52.001245, 55.3430107 ], [ 52.0025124, 55.3493104 ], [ 52.0027187, 55.3504651 ], [ 52.0027565, 55.3508799 ], [ 52.0027584, 55.3513382 ], [ 52.0027136, 55.3518312 ], [ 52.0025614, 55.3524918 ], [ 52.0021174, 55.3540645 ], [ 52.0017691, 55.3552574 ], [ 52.0015294, 55.3558283 ], [ 52.0012899, 55.3563136 ], [ 52.0006009, 55.3574111 ], [ 51.9991063, 55.3595786 ], [ 51.9987549, 55.3601719 ], [ 51.9984792, 55.3607172 ], [ 51.9981194, 55.3615977 ], [ 51.9979321, 55.3620896 ], [ 51.9977286, 55.3626848 ], [ 51.9975388, 55.3637461 ], [ 51.9971918, 55.3661107 ], [ 51.9970904, 55.3667574 ], [ 51.9967587, 55.3686985 ], [ 51.9965926, 55.369817 ], [ 51.99638, 55.371249 ], [ 51.9961732, 55.3721261 ], [ 51.995913, 55.3729101 ], [ 51.995693, 55.3734547 ], [ 51.9954387, 55.3739836 ], [ 51.9952233, 55.3744093 ], [ 51.994954, 55.3748393 ], [ 51.994335, 55.3756779 ], [ 51.9934018, 55.3767962 ], [ 51.9924597, 55.3778014 ], [ 51.991571, 55.3788274 ], [ 51.9886953, 55.3819438 ], [ 51.9883007, 55.3823254 ], [ 51.9873777, 55.383015 ], [ 51.9869436, 55.383307 ], [ 51.9862904, 55.3836997 ], [ 51.9858563, 55.3839439 ], [ 51.9853951, 55.3841735 ], [ 51.9784909, 55.3874441 ], [ 51.9723433, 55.3903348 ], [ 51.9712941, 55.3908509 ], [ 51.9703504, 55.3914826 ], [ 51.9690385, 55.3925071 ], [ 51.9680693, 55.3935024 ], [ 51.9672483, 55.3947297 ], [ 51.9669118, 55.3954504 ], [ 51.9656236, 55.4005604 ], [ 51.9649621, 55.4032141 ], [ 51.9646606, 55.4043963 ], [ 51.9645622, 55.4048998 ], [ 51.964496, 55.4053532 ], [ 51.9644737, 55.4057298 ], [ 51.9645086, 55.4060389 ], [ 51.9645853, 55.4063455 ], [ 51.964691, 55.406642 ], [ 51.9648105, 55.4068834 ], [ 51.9650102, 55.4072328 ], [ 51.9651952, 55.4074871 ], [ 51.9654575, 55.4077811 ], [ 51.9657263, 55.4080429 ], [ 51.9659936, 55.4082698 ], [ 51.9663003, 55.408486 ], [ 51.9666034, 55.4086825 ], [ 51.9669398, 55.4088745 ], [ 51.9672847, 55.4090525 ], [ 51.9676385, 55.4092075 ], [ 51.9681255, 55.4093947 ], [ 51.9686316, 55.409565 ], [ 51.9694, 55.4097779 ], [ 51.9701856, 55.4099493 ], [ 51.9710847, 55.4100739 ], [ 51.9730622, 55.410301 ], [ 51.9737449, 55.4103824 ], [ 51.975405, 55.410563 ], [ 51.9767165, 55.4107547 ], [ 51.9783794, 55.4110922 ], [ 51.9793401, 55.4113606 ], [ 51.9802027, 55.4116195 ], [ 51.9815771, 55.4121456 ], [ 51.9821882, 55.4124214 ], [ 51.9832655, 55.4129711 ], [ 51.9837664, 55.4132728 ], [ 51.985947, 55.4147099 ], [ 51.9865496, 55.4150692 ], [ 51.987536, 55.4157278 ], [ 51.9884875, 55.4163365 ], [ 51.9906075, 55.4177465 ], [ 51.9912941, 55.4181545 ], [ 51.9925646, 55.4188739 ], [ 51.9937463, 55.4193995 ], [ 51.9969427, 55.420875 ], [ 51.9977519, 55.4212952 ], [ 51.9984499, 55.4217088 ], [ 51.9994391, 55.4224091 ], [ 52.0004291, 55.4231908 ], [ 52.0038899, 55.4261571 ], [ 52.006373, 55.4282791 ], [ 52.0085057, 55.4301376 ], [ 52.009181, 55.430765 ], [ 52.0095964, 55.4311637 ], [ 52.0100063, 55.431583 ], [ 52.0108533, 55.4325257 ], [ 52.0115708, 55.4334531 ], [ 52.0148737, 55.4376618 ], [ 52.0210546, 55.4455638 ], [ 52.0213654, 55.4459436 ], [ 52.0218449, 55.4464478 ], [ 52.0223149, 55.4469367 ], [ 52.0228451, 55.4473951 ], [ 52.0244116, 55.4486364 ], [ 52.0287979, 55.452285 ], [ 52.0338071, 55.4563771 ], [ 52.0341908, 55.4567122 ], [ 52.0345648, 55.4570656 ], [ 52.034866, 55.4574013 ], [ 52.0352627, 55.4578786 ], [ 52.0356369, 55.4584114 ], [ 52.0360159, 55.459098 ], [ 52.0362467, 55.4596364 ], [ 52.03641, 55.4600823 ], [ 52.0366556, 55.4607722 ], [ 52.0392888, 55.4681025 ], [ 52.0398785, 55.4698079 ], [ 52.0399964, 55.4702248 ], [ 52.0400866, 55.4706437 ], [ 52.0401005, 55.4711295 ], [ 52.0400592, 55.4715174 ], [ 52.0399548, 55.4719102 ], [ 52.0397154, 55.4725061 ], [ 52.0393129, 55.4731334 ], [ 52.0389303, 55.4735898 ], [ 52.0385878, 55.473918 ], [ 52.0381958, 55.4742425 ], [ 52.0369965, 55.4750837 ], [ 52.0303847, 55.4796396 ], [ 52.0243863, 55.4837861 ], [ 52.0198268, 55.486917 ], [ 52.0193543, 55.4872042 ], [ 52.018627, 55.487579 ], [ 52.0177923, 55.4879418 ], [ 52.016684, 55.488313 ], [ 52.0154673, 55.4885976 ], [ 52.0143116, 55.4887932 ], [ 52.0101587, 55.4894653 ], [ 52.0090142, 55.4897092 ], [ 52.0080267, 55.490013 ], [ 52.0071581, 55.4903465 ], [ 52.0066308, 55.490589 ], [ 52.006029, 55.4909315 ], [ 52.005512, 55.4912725 ], [ 52.0051909, 55.4915168 ], [ 52.0049079, 55.4917659 ], [ 52.004482, 55.4921831 ], [ 52.0042457, 55.4924555 ], [ 52.0040176, 55.4927544 ], [ 52.0038225, 55.4930922 ], [ 52.0036782, 55.493377 ], [ 52.0029651, 55.4951693 ], [ 52.0026168, 55.4957999 ], [ 52.0021886, 55.4964253 ], [ 52.0017823, 55.4968613 ], [ 52.0013407, 55.4972673 ], [ 52.0009271, 55.4975696 ], [ 52.0002969, 55.49797 ], [ 51.9979287, 55.4993068 ], [ 51.9961642, 55.5003151 ], [ 51.9956551, 55.5006071 ], [ 51.9946726, 55.5011567 ], [ 51.9920495, 55.5026239 ], [ 51.9899269, 55.5038158 ], [ 51.9856905, 55.5062426 ], [ 51.9846592, 55.5068507 ], [ 51.9843004, 55.5070455 ], [ 51.9828519, 55.5078562 ], [ 51.982377, 55.5081449 ], [ 51.981805, 55.5085648 ], [ 51.9812874, 55.509007 ], [ 51.9807447, 55.5095824 ], [ 51.9803713, 55.5101648 ], [ 51.980159, 55.5107125 ], [ 51.980038, 55.5113194 ], [ 51.9800427, 55.5119291 ], [ 51.9801345, 55.5125187 ], [ 51.980345, 55.5131121 ], [ 51.9807133, 55.5136955 ], [ 51.9819291, 55.5153946 ], [ 51.9828829, 55.5168272 ], [ 51.9830766, 55.5171116 ], [ 51.9835803, 55.5178629 ], [ 51.983791, 55.5181951 ], [ 51.9839692, 55.5185325 ], [ 51.984165, 55.5189334 ], [ 51.9843776, 55.5194941 ], [ 51.9850084, 55.5215861 ], [ 51.9851719, 55.5220353 ], [ 51.9853501, 55.5224029 ], [ 51.9855948, 55.5227792 ], [ 51.9858966, 55.5231855 ], [ 51.986337, 55.5236749 ], [ 51.9867122, 55.5240443 ], [ 51.9870182, 55.5242599 ], [ 51.9915166, 55.5275547 ], [ 51.9941612, 55.529445 ], [ 52.0015404, 55.5347472 ], [ 52.0078192, 55.5393645 ], [ 52.0096307, 55.5406843 ], [ 52.0100462, 55.5409533 ], [ 52.0104997, 55.5412185 ], [ 52.0110817, 55.5415102 ], [ 52.0121362, 55.5419315 ], [ 52.0134255, 55.5423132 ], [ 52.0147549, 55.5425564 ], [ 52.016972, 55.5428768 ], [ 52.0180006, 55.5430254 ], [ 52.0246331, 55.5440021 ], [ 52.0261291, 55.5442976 ], [ 52.0275667, 55.5446739 ], [ 52.0290599, 55.5452216 ], [ 52.0332957, 55.5468801 ], [ 52.041465, 55.550039 ], [ 52.0451365, 55.5514627 ], [ 52.0460731, 55.5518122 ], [ 52.0469552, 55.5521155 ], [ 52.0479594, 55.55237 ], [ 52.0487039, 55.5525332 ], [ 52.0497803, 55.5526717 ], [ 52.050608, 55.5527398 ], [ 52.0536103, 55.5528621 ], [ 52.057766, 55.5530212 ], [ 52.0590233, 55.5530836 ], [ 52.0600699, 55.553192 ], [ 52.0611641, 55.5533924 ], [ 52.0620267, 55.5536027 ], [ 52.0628862, 55.5538623 ], [ 52.0633034, 55.5540039 ], [ 52.0642412, 55.5544242 ], [ 52.0646052, 55.5546316 ], [ 52.0656077, 55.5553598 ], [ 52.0660829, 55.5557863 ], [ 52.0664663, 55.556269 ], [ 52.0673395, 55.5575296 ], [ 52.0673986, 55.5576209 ], [ 52.0679826, 55.5585064 ], [ 52.0684128, 55.5590817 ], [ 52.0697534, 55.5610865 ], [ 52.0703239, 55.5619185 ], [ 52.0708438, 55.5626213 ], [ 52.07148, 55.5633439 ], [ 52.0718843, 55.5637285 ], [ 52.0720428, 55.5638846 ], [ 52.0726887, 55.5643918 ], [ 52.0731671, 55.5647291 ], [ 52.0742792, 55.5654166 ], [ 52.0764603, 55.5666221 ], [ 52.0772641, 55.5670812 ], [ 52.0776804, 55.5673112 ], [ 52.0780852, 55.5675267 ], [ 52.0794418, 55.5682909 ], [ 52.0825457, 55.5700001 ], [ 52.0835469, 55.5705879 ], [ 52.0843095, 55.5710858 ], [ 52.0851565, 55.5717667 ], [ 52.08562, 55.572114 ], [ 52.0867724, 55.5730086 ], [ 52.0879631, 55.5738569 ], [ 52.0887985, 55.574288 ], [ 52.089796, 55.5747164 ], [ 52.0945884, 55.5767408 ], [ 52.0994244, 55.5787524 ] ], [ [ 52.0071719, 55.3169504 ], [ 52.0074214, 55.3159897 ], [ 52.0086548, 55.3131026 ], [ 52.0088367, 55.3126593 ], [ 52.0105548, 55.3084728 ] ], [ [ 52.0110611, 55.3075753 ], [ 52.0089215, 55.3126688 ], [ 52.0077897, 55.3154548 ], [ 52.0071719, 55.3169504 ] ], [ [ 52.0092881, 55.8375349 ], [ 52.0083386, 55.8375379 ] ], [ [ 52.0098816, 55.8375814 ], [ 52.0092881, 55.8375349 ] ], [ [ 52.0092881, 55.8375349 ], [ 52.0125121, 55.8375066 ] ], [ [ 52.0154223, 55.8386446 ], [ 52.0094409, 55.8386968 ] ], [ [ 52.0145508, 55.8375606 ], [ 52.0139685, 55.837586 ], [ 52.0135608, 55.8376252 ], [ 52.0133946, 55.8376342 ], [ 52.0110503, 55.8376538 ], [ 52.0103797, 55.8376192 ], [ 52.0098816, 55.8375814 ] ], [ [ 52.0134295, 55.8375642 ], [ 52.0098816, 55.8375814 ] ], [ [ 52.0105548, 55.3084728 ], [ 52.0108779, 55.3077131 ], [ 52.0119948, 55.3051982 ], [ 52.0126229, 55.303666 ], [ 52.0131853, 55.3022314 ], [ 52.0134688, 55.3013475 ], [ 52.0137218, 55.3008587 ], [ 52.013861, 55.3004971 ], [ 52.0141394, 55.2997682 ], [ 52.0146942, 55.2987775 ], [ 52.0152331, 55.2974981 ], [ 52.0156966, 55.2962062 ], [ 52.0166783, 55.2933107 ], [ 52.0183951, 55.2887028 ] ], [ [ 52.0105548, 55.3084728 ], [ 52.0110611, 55.3075753 ] ], [ [ 52.148437, 54.8659599 ], [ 52.1480809, 54.8661219 ], [ 52.1476528, 54.8663122 ], [ 52.1471796, 54.8665883 ], [ 52.1464537, 54.8670536 ], [ 52.1461382, 54.8672833 ], [ 52.1458497, 54.8675122 ], [ 52.1456287, 54.8677782 ], [ 52.1454997, 54.8679616 ], [ 52.1452693, 54.8683216 ], [ 52.1447544, 54.8695911 ], [ 52.1444347, 54.8703533 ], [ 52.1442472, 54.8707114 ], [ 52.1440605, 54.8710194 ], [ 52.1438797, 54.8712346 ], [ 52.1436904, 54.8714171 ], [ 52.1434613, 54.8716149 ], [ 52.14316, 54.8718002 ], [ 52.142656, 54.872037 ], [ 52.1420485, 54.8722612 ], [ 52.1416941, 54.8723663 ], [ 52.1412429, 54.8724699 ], [ 52.1409749, 54.8725085 ], [ 52.1405155, 54.8725673 ], [ 52.1399263, 54.872606 ], [ 52.1387664, 54.8726693 ], [ 52.1383275, 54.8727076 ], [ 52.1378345, 54.8727641 ], [ 52.1373817, 54.8728487 ], [ 52.1368679, 54.8729861 ], [ 52.1363607, 54.8731594 ], [ 52.1358826, 54.8733541 ], [ 52.1355358, 54.873549 ], [ 52.1352195, 54.8737745 ], [ 52.1349447, 54.874022 ], [ 52.1346962, 54.8742762 ], [ 52.1345389, 54.8745214 ], [ 52.1344264, 54.8747628 ], [ 52.1343499, 54.8750234 ], [ 52.1343119, 54.8752798 ], [ 52.134315, 54.8755389 ], [ 52.1343711, 54.8757827 ], [ 52.1344652, 54.8760342 ], [ 52.1345869, 54.8762818 ], [ 52.1347039, 54.8764308 ], [ 52.1348268, 54.8765704 ], [ 52.1350644, 54.8767864 ], [ 52.1352915, 54.87698 ], [ 52.1355769, 54.87719 ], [ 52.1358277, 54.8773327 ], [ 52.1361809, 54.8775096 ], [ 52.1384858, 54.8785122 ], [ 52.1394373, 54.8789545 ], [ 52.1399881, 54.8792472 ], [ 52.1404774, 54.8795469 ], [ 52.1408371, 54.8798004 ], [ 52.1412457, 54.8801149 ], [ 52.1415702, 54.8804191 ], [ 52.1418963, 54.880782 ], [ 52.1422212, 54.8812151 ], [ 52.1426153, 54.8818655 ], [ 52.1432966, 54.8832387 ], [ 52.1437979, 54.8840265 ], [ 52.1441836, 54.8844883 ], [ 52.1446124, 54.8849188 ], [ 52.1450753, 54.8853061 ], [ 52.1457673, 54.8858205 ], [ 52.1465092, 54.886392 ], [ 52.1468532, 54.886707 ], [ 52.1472723, 54.8871207 ], [ 52.147685, 54.8875682 ], [ 52.1480656, 54.8880446 ], [ 52.1483537, 54.8884413 ], [ 52.1486905, 54.8890474 ], [ 52.1489542, 54.8895823 ], [ 52.149125, 54.8901273 ], [ 52.1493618, 54.8909595 ], [ 52.1500052, 54.893195 ], [ 52.1501443, 54.8936536 ], [ 52.1502623, 54.8939606 ], [ 52.1504365, 54.8942937 ], [ 52.150678, 54.894681 ], [ 52.1510351, 54.8951327 ], [ 52.1519287, 54.8959609 ], [ 52.1536509, 54.8973077 ], [ 52.1540862, 54.8978357 ], [ 52.1543159, 54.8983827 ], [ 52.1542069, 54.8991339 ], [ 52.1537697, 54.8999281 ], [ 52.1528904, 54.9005965 ], [ 52.1517909, 54.9010296 ], [ 52.1496683, 54.9016736 ], [ 52.1486302, 54.901954 ], [ 52.1476831, 54.9021313 ], [ 52.1464634, 54.9021661 ], [ 52.1458059, 54.9021032 ], [ 52.1446105, 54.9018658 ], [ 52.1434008, 54.901295 ], [ 52.1422429, 54.9006957 ], [ 52.1415206, 54.9004066 ], [ 52.1408525, 54.9001983 ], [ 52.1403797, 54.9001274 ], [ 52.1392798, 54.9000097 ], [ 52.1381801, 54.9000457 ], [ 52.1371269, 54.9002425 ], [ 52.1359735, 54.9006785 ], [ 52.1353133, 54.9010702 ], [ 52.1347091, 54.9014664 ], [ 52.1339457, 54.9018734 ], [ 52.1331564, 54.9021302 ], [ 52.1314245, 54.9025505 ], [ 52.1306025, 54.9029118 ], [ 52.1299777, 54.9032221 ], [ 52.1294543, 54.9036397 ], [ 52.1290675, 54.9041735 ], [ 52.1288051, 54.905063 ], [ 52.1289874, 54.9058044 ], [ 52.1295096, 54.9065085 ], [ 52.1303377, 54.9077113 ], [ 52.1345604, 54.9135052 ], [ 52.1353665, 54.914611 ], [ 52.1355959, 54.9149543 ], [ 52.1361417, 54.915708 ], [ 52.1417308, 54.9234262 ], [ 52.1430053, 54.9251888 ], [ 52.1434674, 54.9258265 ], [ 52.1448984, 54.9278016 ], [ 52.1466152, 54.9301763 ], [ 52.1482615, 54.9323997 ], [ 52.1490823, 54.9335119 ], [ 52.1498096, 54.9345919 ], [ 52.1501574, 54.9352256 ], [ 52.1503185, 54.9356927 ], [ 52.1503814, 54.9361858 ], [ 52.1503828, 54.9366124 ], [ 52.150305, 54.9369997 ], [ 52.1501934, 54.9374983 ], [ 52.1500074, 54.9379471 ], [ 52.1496975, 54.9384813 ], [ 52.1492511, 54.9390297 ], [ 52.1488296, 54.9394463 ], [ 52.1482406, 54.9398986 ], [ 52.1477199, 54.9402334 ], [ 52.1470441, 54.9405895 ], [ 52.1462692, 54.9409278 ], [ 52.145286, 54.9412864 ], [ 52.144304, 54.9415189 ], [ 52.1434051, 54.9416863 ], [ 52.1421838, 54.9418216 ], [ 52.1357355, 54.9423371 ], [ 52.1344292, 54.9425688 ], [ 52.1332719, 54.942881 ], [ 52.1323075, 54.9432285 ], [ 52.131307, 54.9436897 ], [ 52.1305755, 54.9441598 ], [ 52.1297696, 54.9447936 ], [ 52.1290628, 54.9456624 ], [ 52.1267588, 54.9499352 ], [ 52.126548, 54.9505262 ], [ 52.1264736, 54.9510602 ], [ 52.1264488, 54.9514874 ], [ 52.1265666, 54.952025 ], [ 52.1266472, 54.9523214 ], [ 52.1268952, 54.9529123 ], [ 52.1285194, 54.9557104 ], [ 52.1294741, 54.9573692 ], [ 52.1300101, 54.9582891 ], [ 52.1318596, 54.9614635 ], [ 52.1332622, 54.9639338 ], [ 52.1335536, 54.9647381 ], [ 52.13369, 54.9653396 ], [ 52.1338077, 54.9660585 ], [ 52.1337458, 54.9691118 ], [ 52.1337458, 54.9712042 ], [ 52.1336776, 54.9717486 ], [ 52.133504, 54.9722859 ], [ 52.1332985, 54.9727146 ], [ 52.1329832, 54.9733107 ], [ 52.1325555, 54.9738088 ], [ 52.1321091, 54.974218 ], [ 52.1255582, 54.979171 ], [ 52.1185654, 54.9844609 ], [ 52.117812, 54.98509 ], [ 52.1171842, 54.9857445 ], [ 52.1166931, 54.9863924 ], [ 52.1161815, 54.9870823 ], [ 52.1149993, 54.9887957 ], [ 52.1147639, 54.9891462 ], [ 52.1136497, 54.9908055 ], [ 52.1113624, 54.9941656 ], [ 52.1101827, 54.995929 ], [ 52.1089177, 54.9977408 ], [ 52.1079608, 54.9991614 ], [ 52.1070802, 55.0004714 ], [ 52.1066944, 55.0011251 ], [ 52.1063613, 55.0018995 ], [ 52.1061509, 55.002689 ], [ 52.1059786, 55.0034821 ], [ 52.1052665, 55.0086645 ], [ 52.1039813, 55.0180684 ], [ 52.1033093, 55.0231133 ], [ 52.1027208, 55.0275142 ], [ 52.1026279, 55.0281041 ], [ 52.1024728, 55.0285178 ], [ 52.1023038, 55.029029 ], [ 52.1020597, 55.0295295 ], [ 52.1017029, 55.0301268 ], [ 52.0998344, 55.0326022 ], [ 52.0987734, 55.0340228 ], [ 52.0982946, 55.0347385 ], [ 52.0980129, 55.035368 ], [ 52.097872, 55.0361698 ], [ 52.0978908, 55.0368316 ], [ 52.0979847, 55.0372943 ], [ 52.0982382, 55.0378646 ], [ 52.0984917, 55.0382897 ], [ 52.0988485, 55.0387739 ], [ 52.1006701, 55.0407968 ], [ 52.1045479, 55.0450576 ], [ 52.1051676, 55.0458514 ], [ 52.1056264, 55.0467358 ], [ 52.1058743, 55.0474816 ], [ 52.1060355, 55.0483056 ], [ 52.1060417, 55.0492645 ], [ 52.1059487, 55.0499712 ], [ 52.1057565, 55.0506389 ], [ 52.1054776, 55.0512497 ], [ 52.1051094, 55.0519441 ], [ 52.104808, 55.0523754 ], [ 52.1043614, 55.0529663 ], [ 52.1003814, 55.0567961 ], [ 52.0972709, 55.0597607 ], [ 52.0965424, 55.0607429 ], [ 52.0942674, 55.065141 ], [ 52.0933004, 55.0661533 ], [ 52.0926559, 55.0666301 ], [ 52.0918533, 55.0671175 ], [ 52.0909018, 55.0675549 ], [ 52.0897278, 55.0679659 ], [ 52.0861592, 55.0691973 ], [ 52.0845262, 55.069858 ], [ 52.0836206, 55.0704529 ], [ 52.0829783, 55.0709634 ], [ 52.0823901, 55.0715836 ], [ 52.0819366, 55.0722042 ], [ 52.0811185, 55.0735334 ], [ 52.0803817, 55.0744905 ], [ 52.0792167, 55.0754708 ], [ 52.0776252, 55.0763018 ], [ 52.0757131, 55.0772487 ], [ 52.0750005, 55.0776016 ], [ 52.0737742, 55.0782089 ], [ 52.072263, 55.0790463 ], [ 52.0714787, 55.0796128 ], [ 52.07057, 55.0803822 ], [ 52.0697932, 55.0812492 ], [ 52.069395, 55.0817827 ], [ 52.0691595, 55.082112 ], [ 52.0689311, 55.0825519 ], [ 52.0687243, 55.0830332 ], [ 52.0681012, 55.0847668 ], [ 52.0679527, 55.0852142 ], [ 52.0676002, 55.0862073 ], [ 52.0668854, 55.0881834 ], [ 52.0661769, 55.0893917 ], [ 52.0652526, 55.0904912 ], [ 52.0613069, 55.0951291 ], [ 52.0603915, 55.0965264 ], [ 52.0600584, 55.0971742 ], [ 52.0591532, 55.0989311 ], [ 52.0559201, 55.1056051 ], [ 52.0545154, 55.1085777 ], [ 52.0521967, 55.1133716 ], [ 52.0521334, 55.1135024 ], [ 52.0506853, 55.116496 ], [ 52.0452619, 55.1274422 ], [ 52.0449111, 55.1281633 ], [ 52.0415497, 55.1352972 ], [ 52.0409292, 55.1365953 ], [ 52.0406136, 55.1371868 ], [ 52.0402713, 55.1377644 ], [ 52.0399373, 55.1381837 ], [ 52.0395032, 55.1386126 ], [ 52.0389954, 55.1390411 ], [ 52.038382, 55.1394482 ], [ 52.0377092, 55.1398449 ], [ 52.0299487, 55.1438881 ], [ 52.0284382, 55.1447635 ], [ 52.0268255, 55.1458654 ], [ 52.0217047, 55.1500068 ], [ 52.0209429, 55.1508156 ], [ 52.0202256, 55.1517267 ], [ 52.0198772, 55.1523884 ], [ 52.0195744, 55.1530496 ], [ 52.0182797, 55.1583387 ], [ 52.0174509, 55.1616602 ], [ 52.0171642, 55.162776 ], [ 52.0165638, 55.16559 ], [ 52.0160395, 55.1675199 ], [ 52.0158467, 55.1684089 ], [ 52.0155621, 55.1691958 ], [ 52.0150391, 55.1699799 ], [ 52.0143511, 55.1706202 ], [ 52.0133805, 55.1713091 ], [ 52.0126389, 55.171713 ], [ 52.0106997, 55.1726912 ], [ 52.0097497, 55.17323 ], [ 52.0091442, 55.1736643 ], [ 52.0086212, 55.1741378 ], [ 52.0081308, 55.1746893 ], [ 52.0078473, 55.1751407 ], [ 52.0075868, 55.1756861 ], [ 52.0074296, 55.176244 ], [ 52.0070238, 55.1776546 ], [ 52.0069263, 55.177974 ], [ 52.0068367, 55.1783305 ], [ 52.006399, 55.1798878 ], [ 52.005509, 55.1830802 ], [ 52.0042208, 55.1876928 ], [ 52.0040189, 55.1883883 ], [ 52.003928, 55.188722 ], [ 52.0037892, 55.1892168 ], [ 52.0014295, 55.1977049 ], [ 52.0003194, 55.2014435 ], [ 52.0001293, 55.2021349 ], [ 51.9999255, 55.2028711 ], [ 51.9998655, 55.2031604 ], [ 51.9998199, 55.2034313 ], [ 51.9998008, 55.2037332 ], [ 51.9998065, 55.2040359 ], [ 51.9998339, 55.2043158 ], [ 51.9998789, 55.2045823 ], [ 51.9999628, 55.2048697 ], [ 52.0000371, 55.2050905 ], [ 52.0001632, 55.2053737 ], [ 52.0003348, 55.2056672 ], [ 52.000522, 55.2059369 ], [ 52.0008472, 55.206341 ], [ 52.0011911, 55.2066789 ], [ 52.0015402, 55.2069819 ], [ 52.0018646, 55.2072298 ], [ 52.0023174, 55.2075254 ], [ 52.0027113, 55.2077505 ], [ 52.0031746, 55.2079832 ], [ 52.0040873, 55.2084117 ], [ 52.006249, 55.209358 ], [ 52.0068553, 55.2096345 ], [ 52.0073408, 55.209884 ], [ 52.0077109, 55.2101044 ], [ 52.0081345, 55.2103967 ], [ 52.0085853, 55.2107456 ], [ 52.0089731, 55.2110918 ], [ 52.0092639, 55.2114159 ], [ 52.0095315, 55.2117671 ], [ 52.0097172, 55.212054 ], [ 52.0098975, 55.2123996 ], [ 52.0100123, 55.2126891 ], [ 52.0101506, 55.2131015 ], [ 52.0106433, 55.2152083 ], [ 52.0110616, 55.2171347 ], [ 52.0111173, 55.2175168 ], [ 52.0111392, 55.2178293 ], [ 52.0111495, 55.2182957 ], [ 52.0111211, 55.2187569 ], [ 52.0110438, 55.2192176 ], [ 52.0109713, 55.2195917 ], [ 52.0104842, 55.2216655 ], [ 52.0098181, 55.2245723 ], [ 52.0083899, 55.2306847 ], [ 52.0073471, 55.2351431 ], [ 52.0066912, 55.2379629 ], [ 52.006589, 55.238402 ], [ 52.0065386, 55.2386188 ], [ 52.0058971, 55.2414004 ], [ 52.0052344, 55.2442228 ], [ 52.0049008, 55.2456447 ], [ 52.0048329, 55.2459879 ], [ 52.0047766, 55.2463625 ], [ 52.0047551, 55.2466897 ], [ 52.0047498, 55.2469818 ], [ 52.0047639, 55.2473577 ], [ 52.0048007, 55.2476881 ], [ 52.0048686, 55.2480615 ], [ 52.0049509, 55.2484052 ], [ 52.0050829, 55.2488118 ], [ 52.0057977, 55.2507353 ], [ 52.0078725, 55.2564906 ], [ 52.0100182, 55.2622479 ], [ 52.0119694, 55.2676586 ], [ 52.0138911, 55.2729991 ], [ 52.0174847, 55.2829002 ], [ 52.0176018, 55.2832119 ], [ 52.0176328, 55.2832972 ], [ 52.0176587, 55.2833646 ], [ 52.0177513, 55.2836055 ], [ 52.0186416, 55.2860698 ], [ 52.0187844, 55.2866808 ], [ 52.0188618, 55.2873323 ], [ 52.0189026, 55.2880262 ], [ 52.0188386, 55.2886219 ], [ 52.0186683, 55.2893512 ], [ 52.0183941, 55.2901043 ], [ 52.0158345, 55.296207 ], [ 52.0148744, 55.2985191 ], [ 52.0140632, 55.3005465 ], [ 52.0139231, 55.3008913 ], [ 52.0133001, 55.3024092 ], [ 52.0121339, 55.3051444 ], [ 52.0112759, 55.3070595 ], [ 52.0110611, 55.3075753 ] ], [ [ 52.0165941, 55.2905781 ], [ 52.0155182, 55.2911854 ], [ 52.0123918, 55.2932929 ] ], [ [ 52.0124216, 55.304937 ], [ 52.0137164, 55.3028632 ], [ 52.0148929, 55.3010382 ], [ 52.015098, 55.300716 ], [ 52.0154783, 55.3001945 ] ], [ [ 52.0165941, 55.2905781 ], [ 52.0157698, 55.2911163 ], [ 52.0124771, 55.2933339 ] ], [ [ 52.0134295, 55.8375642 ], [ 52.0125121, 55.8375066 ] ], [ [ 52.0125121, 55.8375066 ], [ 52.0128448, 55.8375049 ], [ 52.0132069, 55.837503 ] ], [ [ 52.0132069, 55.837503 ], [ 52.0136574, 55.8374595 ], [ 52.0139363, 55.8374128 ], [ 52.0147598, 55.8372667 ], [ 52.0149475, 55.8372396 ], [ 52.0151916, 55.8372216 ], [ 52.0155457, 55.837214 ], [ 52.0157174, 55.8372155 ], [ 52.0195234, 55.8371598 ] ], [ [ 52.0132069, 55.837503 ], [ 52.015543, 55.8374836 ], [ 52.0170129, 55.8374656 ] ], [ [ 52.0145508, 55.8375606 ], [ 52.0134295, 55.8375642 ] ], [ [ 52.0210283, 55.8385016 ], [ 52.0205399, 55.8384822 ], [ 52.0202315, 55.8384491 ], [ 52.0198748, 55.8383994 ], [ 52.0194134, 55.8383075 ], [ 52.0189521, 55.8381719 ], [ 52.0184798, 55.8379752 ], [ 52.018185, 55.8378662 ], [ 52.0179328, 55.8377849 ], [ 52.0175895, 55.8377005 ], [ 52.0173427, 55.8376508 ], [ 52.0170486, 55.8376024 ], [ 52.016809, 55.837571 ], [ 52.0162779, 55.8375454 ], [ 52.0155403, 55.8375484 ], [ 52.0145508, 55.8375606 ] ], [ [ 52.0154223, 55.8386446 ], [ 52.0158488, 55.8386163 ], [ 52.0167473, 55.8385485 ], [ 52.0171925, 55.8385349 ], [ 52.0210283, 55.8385016 ] ], [ [ 52.0162541, 55.8386374 ], [ 52.0154223, 55.8386446 ] ], [ [ 52.0203538, 55.286684 ], [ 52.020335, 55.2908323 ], [ 52.0203297, 55.2909453 ], [ 52.0203136, 55.2910782 ], [ 52.0202707, 55.2912004 ], [ 52.0202063, 55.2913378 ], [ 52.0201473, 55.2914386 ], [ 52.0200024, 55.2916326 ], [ 52.0198817, 55.2917731 ], [ 52.0197476, 55.2918922 ], [ 52.0195947, 55.2920068 ], [ 52.0193989, 55.2921366 ], [ 52.019179, 55.292245 ], [ 52.0186533, 55.292497 ], [ 52.0183234, 55.2926528 ], [ 52.0182107, 55.2927032 ], [ 52.0180766, 55.2927887 ], [ 52.0178781, 55.2929231 ], [ 52.017736, 55.2930376 ], [ 52.017626, 55.29314 ], [ 52.0175026, 55.293282 ], [ 52.0173766, 55.2934836 ], [ 52.0172988, 55.2936531 ], [ 52.0172398, 55.2938455 ], [ 52.0172371, 55.2941204 ], [ 52.0172344, 55.2950962 ], [ 52.0172248, 55.296216 ], [ 52.0172389, 55.2966651 ], [ 52.0172389, 55.2968928 ], [ 52.0172212, 55.2971406 ], [ 52.0171398, 55.2974207 ], [ 52.0169805, 55.2977693 ], [ 52.0162444, 55.2989157 ], [ 52.0154783, 55.3001945 ] ], [ [ 52.0154783, 55.3001945 ], [ 52.0157057, 55.3000137 ], [ 52.0159866, 55.299857 ], [ 52.0163295, 55.2997118 ], [ 52.0168219, 55.2995742 ], [ 52.0172616, 55.2995041 ], [ 52.0175497, 55.2994819 ], [ 52.0181628, 55.2994791 ], [ 52.0185937, 55.2995241 ], [ 52.0188959, 55.2995882 ], [ 52.0192968, 55.2996984 ], [ 52.0196841, 55.2998395 ], [ 52.0201255, 55.3000805 ], [ 52.0210578, 55.3006548 ], [ 52.0215673, 55.3009648 ] ], [ [ 52.0162541, 55.8386374 ], [ 52.0168143, 55.8385952 ], [ 52.0171764, 55.8385832 ], [ 52.0210336, 55.8385528 ], [ 52.0261215, 55.8385107 ] ], [ [ 52.026934, 55.8385504 ], [ 52.0210227, 55.8385967 ], [ 52.0162541, 55.8386374 ] ], [ [ 52.0172701, 55.2901367 ], [ 52.0165941, 55.2905781 ] ], [ [ 52.0172701, 55.2901367 ], [ 52.0168928, 55.290794 ], [ 52.016749, 55.2911572 ] ], [ [ 52.0180375, 55.8393933 ], [ 52.0167612, 55.8394194 ] ], [ [ 52.0183951, 55.2887028 ], [ 52.0178361, 55.2896098 ], [ 52.0172701, 55.2901367 ] ], [ [ 52.0183951, 55.2887028 ], [ 52.0187024, 55.2879431 ], [ 52.0187258, 55.2876825 ], [ 52.0187164, 55.2874485 ], [ 52.0185647, 55.287031 ], [ 52.0178338, 55.2860084 ] ], [ [ 52.0180375, 55.8393933 ], [ 52.0190031, 55.8394535 ], [ 52.0200115, 55.8396651 ], [ 52.0203951, 55.8397775 ], [ 52.0207445, 55.8399029 ], [ 52.0210147, 55.8400486 ], [ 52.0212329, 55.8401872 ], [ 52.0214438, 55.840401 ], [ 52.0216313, 55.8406476 ], [ 52.0217121, 55.8408197 ], [ 52.0217808, 55.8409814 ], [ 52.0218164, 55.841153 ], [ 52.0219249, 55.844136 ] ], [ [ 52.0266957, 55.8393571 ], [ 52.0180375, 55.8393933 ] ], [ [ 52.0192595, 55.3003347 ], [ 52.0182184, 55.3003237 ] ], [ [ 52.0192595, 55.3003347 ], [ 52.0188721, 55.3003072 ], [ 52.0184585, 55.3002166 ] ], [ [ 52.0215673, 55.3009648 ], [ 52.0209495, 55.3006628 ], [ 52.0204653, 55.3005001 ], [ 52.019952, 55.3003981 ], [ 52.0196033, 55.3003513 ], [ 52.0192595, 55.3003347 ] ], [ [ 52.0221407, 55.3009991 ], [ 52.0207122, 55.2995849 ] ], [ [ 52.0210283, 55.8385016 ], [ 52.0238498, 55.8384807 ] ], [ [ 52.0215673, 55.3009648 ], [ 52.0232975, 55.3020391 ] ], [ [ 52.0221407, 55.3009991 ], [ 52.0218114, 55.300558 ], [ 52.0216855, 55.3003154 ], [ 52.0216565, 55.3001611 ], [ 52.0216685, 55.2973105 ] ], [ [ 52.0226782, 55.3015201 ], [ 52.0221407, 55.3009991 ] ], [ [ 52.0226782, 55.3015201 ], [ 52.0223878, 55.3010918 ], [ 52.0223184, 55.3008885 ], [ 52.0222881, 55.3006993 ], [ 52.0224253, 55.2966229 ] ], [ [ 52.0232975, 55.3020391 ], [ 52.0229445, 55.3017599 ], [ 52.0226782, 55.3015201 ] ], [ [ 52.0232975, 55.3020391 ], [ 52.0256853, 55.3034964 ] ], [ [ 52.0261215, 55.8385107 ], [ 52.026934, 55.8385504 ] ], [ [ 52.0261215, 55.8385107 ], [ 52.0308289, 55.8384716 ], [ 52.0311878, 55.8384685 ], [ 52.031427, 55.8384521 ], [ 52.0318679, 55.8383847 ], [ 52.0323173, 55.8382757 ], [ 52.0326137, 55.838175 ], [ 52.0329837, 55.8380224 ], [ 52.0332287, 55.8378837 ], [ 52.0335407, 55.8376677 ], [ 52.0337799, 55.8374591 ], [ 52.0339295, 55.8372713 ], [ 52.0340712, 55.8370584 ], [ 52.0341893, 55.8367661 ], [ 52.034219, 55.8363411 ], [ 52.0342197, 55.8359307 ], [ 52.0341387, 55.8350511 ], [ 52.0341039, 55.8341443 ], [ 52.034079, 55.8331415 ], [ 52.0340785, 55.8322939 ] ], [ [ 52.0266957, 55.8393571 ], [ 52.0275381, 55.8393943 ] ], [ [ 52.0689933, 55.8388344 ], [ 52.0320056, 55.8391394 ], [ 52.031706, 55.8391509 ], [ 52.0294828, 55.839324 ], [ 52.0287058, 55.8393312 ], [ 52.0266957, 55.8393571 ] ], [ [ 52.0497331, 55.8383839 ], [ 52.0466315, 55.8384029 ], [ 52.0451117, 55.8384123 ], [ 52.0425367, 55.83844 ], [ 52.0368558, 55.8384807 ], [ 52.0311816, 55.8385334 ], [ 52.026934, 55.8385504 ] ], [ [ 52.0275381, 55.8393943 ], [ 52.0278785, 55.839413 ], [ 52.0282063, 55.8394545 ], [ 52.028666, 55.8395283 ], [ 52.0290407, 55.8396118 ], [ 52.0293483, 55.8397248 ], [ 52.0296564, 55.8398536 ], [ 52.0299733, 55.8400275 ], [ 52.0302739, 55.8402358 ], [ 52.0305389, 55.8404676 ], [ 52.0307474, 55.8407494 ], [ 52.0307806, 55.8408332 ], [ 52.0308176, 55.8410187 ], [ 52.030925, 55.8440078 ] ], [ [ 52.0275381, 55.8393943 ], [ 52.0278785, 55.8394401 ], [ 52.0281547, 55.8394853 ], [ 52.0286223, 55.8395877 ], [ 52.0289446, 55.8396836 ], [ 52.029241, 55.8398091 ], [ 52.0295043, 55.8399489 ], [ 52.0297453, 55.8401103 ], [ 52.0299953, 55.8403003 ], [ 52.0302043, 55.8405376 ], [ 52.030364, 55.8407513 ], [ 52.0304051, 55.8408407 ], [ 52.0304366, 55.8410329 ], [ 52.0305276, 55.844003 ] ], [ [ 52.0490854, 55.8382134 ], [ 52.0475915, 55.8382233 ] ], [ [ 52.049899, 55.8381548 ], [ 52.0475981, 55.8381708 ] ], [ [ 52.049899, 55.8381548 ], [ 52.0490854, 55.8382134 ] ], [ [ 52.0520237, 55.8381891 ], [ 52.0516126, 55.8381926 ], [ 52.0490854, 55.8382134 ] ], [ [ 52.0527238, 55.8384702 ], [ 52.0518306, 55.8384762 ], [ 52.0511868, 55.8384489 ], [ 52.0504224, 55.8384039 ], [ 52.0497331, 55.8383839 ] ], [ [ 52.0547435, 55.8383324 ], [ 52.0497331, 55.8383839 ] ], [ [ 52.0511609, 55.8381386 ], [ 52.049899, 55.8381548 ] ], [ [ 52.0520237, 55.8381891 ], [ 52.0511609, 55.8381386 ] ], [ [ 52.0511609, 55.8381386 ], [ 52.0523094, 55.8381269 ] ], [ [ 52.0547435, 55.8383324 ], [ 52.0520237, 55.8381891 ] ], [ [ 52.0546879, 55.8385515 ], [ 52.0535687, 55.8385575 ], [ 52.0532843, 55.8385635 ], [ 52.0530376, 55.8385771 ], [ 52.0523483, 55.8386298 ] ], [ [ 52.0652443, 55.8384792 ], [ 52.0647481, 55.8385138 ], [ 52.0641071, 55.8385349 ], [ 52.0546898, 55.8386027 ], [ 52.0530403, 55.8386102 ], [ 52.0523483, 55.8386298 ] ], [ [ 52.0537081, 55.8385093 ], [ 52.0527238, 55.8384702 ] ], [ [ 52.0652443, 55.838431 ], [ 52.0647481, 55.8383964 ], [ 52.0644262, 55.8383918 ], [ 52.064099, 55.8383918 ], [ 52.0546845, 55.8384566 ], [ 52.0527238, 55.8384702 ] ], [ [ 52.0546879, 55.8385515 ], [ 52.0541829, 55.8385364 ], [ 52.0537081, 55.8385093 ] ], [ [ 52.0652443, 55.838431 ], [ 52.0647454, 55.838431 ], [ 52.0641016, 55.8384386 ], [ 52.0546862, 55.8385033 ], [ 52.0537081, 55.8385093 ] ], [ [ 52.0652443, 55.8384792 ], [ 52.0641043, 55.8384853 ], [ 52.0546879, 55.8385515 ] ], [ [ 52.05582, 55.8383235 ], [ 52.0547435, 55.8383324 ] ], [ [ 52.0639139, 55.8382663 ], [ 52.063356, 55.838312 ], [ 52.0629497, 55.8383266 ], [ 52.0566537, 55.8383691 ], [ 52.056334, 55.8383587 ], [ 52.05582, 55.8383235 ] ], [ [ 52.056448, 55.838313 ], [ 52.05582, 55.8383235 ] ], [ [ 52.0645636, 55.8382578 ], [ 52.0640588, 55.8382337 ], [ 52.063787, 55.8382214 ], [ 52.0571877, 55.8382551 ], [ 52.0569295, 55.8382714 ], [ 52.056448, 55.838313 ] ], [ [ 52.0639139, 55.8382663 ], [ 52.056448, 55.838313 ] ], [ [ 52.0645636, 55.8382578 ], [ 52.0639139, 55.8382663 ] ], [ [ 52.0650803, 55.8382577 ], [ 52.0645636, 55.8382578 ] ], [ [ 52.0673606, 55.8385455 ], [ 52.0666739, 55.8384084 ], [ 52.0663343, 55.8383506 ], [ 52.0659031, 55.838306 ], [ 52.0655206, 55.8382804 ], [ 52.0650803, 55.8382577 ] ], [ [ 52.0650803, 55.8382577 ], [ 52.0688532, 55.8382245 ] ], [ [ 52.0658103, 55.8384671 ], [ 52.0652443, 55.838431 ] ], [ [ 52.0658103, 55.8384671 ], [ 52.0652443, 55.8384792 ] ], [ [ 52.0689933, 55.8388344 ], [ 52.0685606, 55.8388659 ], [ 52.0676712, 55.838992 ], [ 52.0672122, 55.8390352 ], [ 52.0668112, 55.8390484 ], [ 52.0657318, 55.8390661 ] ], [ [ 52.0673606, 55.8385455 ], [ 52.0669851, 55.8385003 ], [ 52.0666337, 55.8384717 ], [ 52.0663413, 55.8384626 ], [ 52.0658103, 55.8384671 ] ], [ [ 52.0725415, 55.5827869 ], [ 52.0697021, 55.5827596 ], [ 52.0678568, 55.5828263 ], [ 52.0669985, 55.5829658 ], [ 52.0660436, 55.5832447 ], [ 52.0650566, 55.5838208 ], [ 52.0645952, 55.5842089 ], [ 52.0641768, 55.5851063 ], [ 52.0641455, 55.5859979 ], [ 52.0653576, 55.5877074 ], [ 52.066057, 55.5886543 ], [ 52.0662729, 55.5894198 ], [ 52.066183, 55.5901326 ], [ 52.0658216, 55.5908091 ], [ 52.0649966, 55.591533 ], [ 52.0639729, 55.5918123 ], [ 52.0627284, 55.5921033 ], [ 52.0614946, 55.5921942 ], [ 52.0601857, 55.5921093 ], [ 52.0588767, 55.5917759 ], [ 52.0578575, 55.5911878 ], [ 52.0574283, 55.590818 ], [ 52.0569885, 55.590145 ], [ 52.0568597, 55.5896963 ], [ 52.0568919, 55.5891688 ], [ 52.0569777, 55.5886959 ], [ 52.0582504, 55.5871391 ], [ 52.0601203, 55.5853814 ], [ 52.0617067, 55.5842521 ], [ 52.0636102, 55.5833848 ], [ 52.0671141, 55.5821535 ] ], [ [ 52.0737228, 55.5814448 ], [ 52.0703837, 55.5817729 ], [ 52.068343, 55.5819654 ], [ 52.0673549, 55.5821074 ], [ 52.0671141, 55.5821535 ] ], [ [ 52.0696081, 55.838817 ], [ 52.0689979, 55.8387835 ], [ 52.0684977, 55.8387518 ], [ 52.0682484, 55.8387187 ], [ 52.0673606, 55.8385455 ] ], [ [ 52.0696081, 55.838817 ], [ 52.0689933, 55.8388344 ] ], [ [ 52.0704115, 55.8388104 ], [ 52.0696081, 55.838817 ] ], [ [ 52.0704115, 55.8388104 ], [ 52.0714721, 55.8387215 ], [ 52.0720303, 55.8386382 ], [ 52.0725989, 55.8385274 ], [ 52.0737004, 55.8382868 ], [ 52.0753153, 55.8379468 ], [ 52.0756379, 55.8378798 ], [ 52.0759719, 55.8378335 ] ], [ [ 52.0720386, 55.8387988 ], [ 52.0714714, 55.8388044 ], [ 52.0704115, 55.8388104 ] ], [ [ 52.072711, 55.8387994 ], [ 52.0720386, 55.8387988 ] ], [ [ 52.0736096, 55.8387285 ], [ 52.0729173, 55.8387382 ], [ 52.0727143, 55.8387503 ], [ 52.0720386, 55.8387988 ] ], [ [ 52.0744238, 55.5828022 ], [ 52.0725415, 55.5827869 ] ], [ [ 52.0725415, 55.5827869 ], [ 52.0751787, 55.5826613 ] ], [ [ 52.073347, 55.838846 ], [ 52.072711, 55.8387994 ] ], [ [ 52.0924871, 55.8386098 ], [ 52.072711, 55.8387994 ] ], [ [ 52.073347, 55.838846 ], [ 52.0740078, 55.8389341 ], [ 52.074514, 55.8389762 ], [ 52.0749806, 55.8389958 ], [ 52.0759084, 55.8390271 ], [ 52.0776925, 55.8390299 ] ], [ [ 52.0741283, 55.8388454 ], [ 52.073347, 55.838846 ] ], [ [ 52.0911312, 55.8385695 ], [ 52.0906019, 55.8385304 ], [ 52.0901819, 55.8385258 ], [ 52.0744999, 55.8386753 ], [ 52.073991, 55.8386931 ], [ 52.0736096, 55.8387285 ] ], [ [ 52.0911312, 55.8385695 ], [ 52.0736096, 55.8387285 ] ], [ [ 52.0785576, 55.5678618 ], [ 52.0825713, 55.5700781 ], [ 52.0837395, 55.5707817 ], [ 52.0842453, 55.5711198 ], [ 52.0854869, 55.5720973 ], [ 52.0868153, 55.5731053 ], [ 52.0872779, 55.5734561 ], [ 52.0879644, 55.5740998 ], [ 52.0883342, 55.57453 ], [ 52.0885792, 55.5749043 ], [ 52.0888814, 55.5756818 ], [ 52.0889218, 55.5761414 ], [ 52.0889153, 55.5766061 ], [ 52.0887122, 55.5773816 ], [ 52.0882612, 55.5780934 ], [ 52.0872791, 55.5789842 ], [ 52.086707, 55.5793498 ], [ 52.0861926, 55.5796252 ], [ 52.0858661, 55.5797995 ], [ 52.0855765, 55.5798954 ], [ 52.084996, 55.5801046 ], [ 52.0841445, 55.5803502 ], [ 52.0832809, 55.5805262 ], [ 52.0825513, 55.5806256 ], [ 52.0817895, 55.5807095 ], [ 52.0779059, 55.581068 ], [ 52.0754572, 55.5812971 ], [ 52.0737228, 55.5814448 ] ], [ [ 52.0737228, 55.5814448 ], [ 52.0745382, 55.5813933 ], [ 52.0752597, 55.5813675 ], [ 52.0769904, 55.5812954 ], [ 52.080878, 55.581151 ], [ 52.0822002, 55.5810821 ], [ 52.0831295, 55.5810107 ], [ 52.0840699, 55.5808786 ], [ 52.0848116, 55.5807099 ], [ 52.0855855, 55.5804888 ], [ 52.0864452, 55.5802015 ], [ 52.0883826, 55.5794816 ], [ 52.0903466, 55.5787789 ], [ 52.091739, 55.5782913 ], [ 52.0923994, 55.5781007 ], [ 52.0931359, 55.5779517 ], [ 52.0940889, 55.577845 ], [ 52.0945901, 55.5778278 ], [ 52.0950875, 55.5778321 ], [ 52.0958469, 55.5778751 ], [ 52.0966165, 55.5779581 ], [ 52.0974418, 55.5781383 ], [ 52.0980339, 55.5783011 ], [ 52.098657, 55.57849 ], [ 52.0994244, 55.5787524 ] ], [ [ 52.0923257, 55.8386707 ], [ 52.091994, 55.8387051 ], [ 52.0914657, 55.8387345 ], [ 52.0749549, 55.8388832 ], [ 52.0745409, 55.8388723 ], [ 52.0741283, 55.8388454 ] ], [ [ 52.0923257, 55.8386707 ], [ 52.0914901, 55.8386896 ], [ 52.0741283, 55.8388454 ] ], [ [ 52.0744238, 55.5828022 ], [ 52.076663, 55.5829224 ], [ 52.0860176, 55.5837511 ] ], [ [ 52.075577, 55.5829763 ], [ 52.0744238, 55.5828022 ] ], [ [ 52.0756838, 55.5826947 ], [ 52.0751787, 55.5826613 ] ], [ [ 52.0751787, 55.5826613 ], [ 52.0768131, 55.5824815 ], [ 52.0861676, 55.5833102 ] ], [ [ 52.076747, 55.8391091 ], [ 52.0763057, 55.8391705 ], [ 52.0759839, 55.8392232 ], [ 52.0754208, 55.839316 ] ], [ [ 52.076747, 55.8391091 ], [ 52.0763127, 55.8392104 ], [ 52.0760027, 55.8392805 ], [ 52.0754521, 55.839375 ] ], [ [ 52.075577, 55.5829763 ], [ 52.0765959, 55.583077 ], [ 52.0859505, 55.5839057 ] ], [ [ 52.0859246, 55.5840604 ], [ 52.0765701, 55.5832317 ], [ 52.075577, 55.5829763 ] ], [ [ 52.0860723, 55.5836105 ], [ 52.0767177, 55.5827818 ], [ 52.0756838, 55.5826947 ] ], [ [ 52.0756838, 55.5826947 ], [ 52.0767654, 55.5826355 ], [ 52.0861199, 55.5834642 ] ], [ [ 52.0759719, 55.8378335 ], [ 52.0765869, 55.8377213 ] ], [ [ 52.0759719, 55.8378335 ], [ 52.0763004, 55.837806 ], [ 52.0765887, 55.8377933 ], [ 52.0803981, 55.8377547 ], [ 52.0810291, 55.8377201 ], [ 52.0813562, 55.8376791 ], [ 52.0816889, 55.8376101 ], [ 52.0820187, 55.8375138 ], [ 52.0823166, 55.8373918 ], [ 52.0826089, 55.8372474 ], [ 52.0828396, 55.8370965 ], [ 52.0830282, 55.8369427 ], [ 52.0831642, 55.8367863 ], [ 52.083286, 55.8366124 ], [ 52.0833803, 55.8364078 ], [ 52.0834216, 55.8362244 ], [ 52.0834364, 55.8360771 ], [ 52.0834243, 55.8354442 ], [ 52.0833869, 55.834798 ] ], [ [ 52.0765869, 55.8377213 ], [ 52.0771345, 55.8375635 ], [ 52.0774572, 55.8374499 ], [ 52.07773, 55.8373375 ], [ 52.0779732, 55.8372048 ], [ 52.0781766, 55.8370513 ], [ 52.0783823, 55.836868 ], [ 52.0785347, 55.8366808 ], [ 52.0786524, 55.8364619 ], [ 52.0787101, 55.8362451 ], [ 52.0787226, 55.8359443 ], [ 52.0786676, 55.8337327 ] ], [ [ 52.0765869, 55.8377213 ], [ 52.076928, 55.8376614 ], [ 52.0771748, 55.8376011 ], [ 52.0775181, 55.8374927 ], [ 52.077789, 55.8373722 ], [ 52.0780385, 55.8372381 ], [ 52.0782593, 55.8370862 ], [ 52.0784864, 55.8368902 ], [ 52.0786527, 55.8366884 ], [ 52.0787734, 55.8364715 ], [ 52.078827, 55.836247 ], [ 52.0788377, 55.8359398 ], [ 52.0787707, 55.8337331 ] ], [ [ 52.0776925, 55.8390299 ], [ 52.0771174, 55.8390622 ], [ 52.076747, 55.8391091 ] ], [ [ 52.0776925, 55.8390299 ], [ 52.0814666, 55.8390102 ] ], [ [ 52.0814666, 55.8390102 ], [ 52.082094, 55.839038 ], [ 52.0824868, 55.8390811 ], [ 52.0829684, 55.8391464 ], [ 52.0834257, 55.8392414 ], [ 52.0837676, 55.8393452 ], [ 52.0840642, 55.8394618 ], [ 52.0843416, 55.8396013 ], [ 52.0845917, 55.8397547 ], [ 52.0847842, 55.8399025 ], [ 52.0849418, 55.8400593 ], [ 52.0851007, 55.8402639 ], [ 52.0852277, 55.840493 ], [ 52.0852643, 55.840657 ], [ 52.0852919, 55.8409295 ], [ 52.0853525, 55.8439352 ] ], [ [ 52.0814666, 55.8390102 ], [ 52.0908919, 55.8389966 ], [ 52.0938688, 55.838916 ], [ 52.0976462, 55.8388252 ], [ 52.1047944, 55.8387451 ] ], [ [ 52.0924871, 55.8386098 ], [ 52.0918193, 55.8385696 ], [ 52.0911312, 55.8385695 ] ], [ [ 52.0930627, 55.8386126 ], [ 52.0923257, 55.8386707 ] ], [ [ 52.0930627, 55.8386126 ], [ 52.0924871, 55.8386098 ] ], [ [ 52.1459676, 55.8829182 ], [ 52.1457292, 55.8829209 ], [ 52.1449934, 55.8829291 ], [ 52.1440436, 55.8828876 ], [ 52.1433045, 55.882806 ], [ 52.1424598, 55.8826626 ], [ 52.1418269, 55.8825087 ], [ 52.1409664, 55.8822591 ], [ 52.1403897, 55.8820218 ], [ 52.1398297, 55.8817605 ], [ 52.1391175, 55.8813423 ], [ 52.1387001, 55.8810119 ], [ 52.1382878, 55.8806481 ], [ 52.1380555, 55.8803813 ], [ 52.1378162, 55.8800784 ], [ 52.137569, 55.8796903 ], [ 52.1373919, 55.8793292 ], [ 52.1295732, 55.8617618 ], [ 52.1294979, 55.861585 ], [ 52.1267157, 55.8550439 ], [ 52.1254598, 55.8528561 ], [ 52.1237587, 55.8507596 ], [ 52.1221603, 55.8491809 ], [ 52.113817, 55.8406922 ], [ 52.1135026, 55.8404025 ], [ 52.1131772, 55.8401619 ], [ 52.1128267, 55.8399296 ], [ 52.1125071, 55.8397475 ], [ 52.1120729, 55.8395318 ], [ 52.1118101, 55.8394085 ], [ 52.1115088, 55.839293 ], [ 52.1110502, 55.8391238 ], [ 52.1103779, 55.8389259 ], [ 52.1098065, 55.8387804 ], [ 52.1093262, 55.8386793 ], [ 52.1087115, 55.8385923 ], [ 52.1079356, 55.8385291 ], [ 52.1071995, 55.8384867 ], [ 52.1064065, 55.838474 ], [ 52.0950183, 55.8385928 ], [ 52.0930627, 55.8386126 ] ], [ [ 52.0994244, 55.5787524 ], [ 52.1015675, 55.579629 ], [ 52.1025463, 55.5799801 ], [ 52.1037131, 55.5803522 ], [ 52.1053818, 55.5808004 ], [ 52.1067503, 55.5811049 ], [ 52.1082526, 55.5813712 ], [ 52.1096373, 55.5815768 ], [ 52.111081, 55.5817225 ], [ 52.1125328, 55.58184 ], [ 52.1187693, 55.582036 ], [ 52.1221435, 55.5821629 ], [ 52.1249051, 55.5823043 ], [ 52.1263242, 55.582437 ], [ 52.1276055, 55.5826015 ], [ 52.1292531, 55.5828799 ], [ 52.1311005, 55.5832789 ], [ 52.1319451, 55.5835018 ], [ 52.1326959, 55.5837057 ], [ 52.1337245, 55.5840288 ], [ 52.1346764, 55.5843545 ], [ 52.1354691, 55.5846547 ], [ 52.1362333, 55.5849748 ], [ 52.1378515, 55.5857451 ], [ 52.142655, 55.588229 ], [ 52.1491328, 55.5915926 ], [ 52.1541191, 55.594208 ], [ 52.1591513, 55.5967578 ], [ 52.1661544, 55.600396 ], [ 52.170065, 55.6024086 ], [ 52.1718777, 55.6033345 ], [ 52.173297, 55.6041158 ], [ 52.1746007, 55.6049691 ], [ 52.1755623, 55.6058886 ], [ 52.1762964, 55.6068927 ], [ 52.1766206, 55.6076048 ], [ 52.1768423, 55.6083208 ], [ 52.1769386, 55.6090815 ], [ 52.1768967, 55.6098388 ], [ 52.1766891, 55.6105309 ], [ 52.1764311, 55.6112105 ] ], [ [ 52.1023714, 55.8895518 ], [ 52.1048561, 55.8891929 ], [ 52.1056947, 55.889075 ], [ 52.106089, 55.8890404 ], [ 52.1065906, 55.8890283 ], [ 52.1069634, 55.8890374 ], [ 52.10765, 55.8891036 ] ], [ [ 52.10765, 55.8891036 ], [ 52.107119, 55.8890855 ], [ 52.1066924, 55.889078 ], [ 52.1063733, 55.889084 ], [ 52.1059495, 55.8891066 ], [ 52.1054425, 55.8891728 ], [ 52.1048827, 55.8892519 ], [ 52.1023964, 55.8896102 ] ], [ [ 52.1092433, 55.8892344 ], [ 52.1081618, 55.8892515 ], [ 52.1066093, 55.8894495 ], [ 52.1029991, 55.8900091 ] ], [ [ 52.1030527, 55.8901068 ], [ 52.1081993, 55.8893334 ], [ 52.1092433, 55.8892344 ] ], [ [ 52.1030823, 55.8901624 ], [ 52.1073335, 55.8895037 ], [ 52.1082534, 55.8894513 ], [ 52.1090019, 55.8893758 ], [ 52.1096509, 55.8892781 ] ], [ [ 52.108711, 55.8405931 ], [ 52.108672, 55.8403422 ], [ 52.1086026, 55.8401738 ], [ 52.1084498, 55.8399067 ], [ 52.1082857, 55.8397097 ], [ 52.1080532, 55.839513 ], [ 52.1078244, 55.8393603 ], [ 52.1075671, 55.839233 ], [ 52.107296, 55.8391103 ], [ 52.1070174, 55.8390133 ], [ 52.1064105, 55.8388701 ], [ 52.1057314, 55.8388025 ], [ 52.1053353, 55.8387744 ], [ 52.1047944, 55.8387451 ] ], [ [ 52.1047944, 55.8387451 ], [ 52.1073219, 55.8387066 ], [ 52.107907, 55.8387457 ], [ 52.108444, 55.8388256 ], [ 52.1088254, 55.8389036 ], [ 52.1092567, 55.839056 ], [ 52.1096585, 55.8392114 ], [ 52.1099353, 55.8393693 ], [ 52.1102211, 55.8395969 ] ], [ [ 52.1050563, 55.8886342 ], [ 52.1065216, 55.8888811 ], [ 52.1071404, 55.8889877 ], [ 52.1078137, 55.8890569 ], [ 52.1080749, 55.8890914 ], [ 52.1084278, 55.8891281 ] ], [ [ 52.1096509, 55.8892781 ], [ 52.1083402, 55.8896404 ], [ 52.1081918, 55.8896872 ], [ 52.1076608, 55.889803 ], [ 52.1067917, 55.8899369 ] ], [ [ 52.1084278, 55.8891281 ], [ 52.1080857, 55.8891166 ], [ 52.10765, 55.8891036 ] ], [ [ 52.1100345, 55.8891637 ], [ 52.1092218, 55.8891547 ], [ 52.1084278, 55.8891281 ] ], [ [ 52.108711, 55.8405931 ], [ 52.10879, 55.8409748 ], [ 52.1088436, 55.8429839 ], [ 52.1088409, 55.8434024 ] ], [ [ 52.1087962, 55.8445348 ], [ 52.1087779, 55.842984 ], [ 52.1087052, 55.8409719 ], [ 52.108711, 55.8405931 ] ], [ [ 52.1100345, 55.8891637 ], [ 52.1092433, 55.8892344 ] ], [ [ 52.1096509, 55.8892781 ], [ 52.1107748, 55.8891171 ] ], [ [ 52.1107748, 55.8891171 ], [ 52.1100345, 55.8891637 ] ], [ [ 52.1115219, 55.8890071 ], [ 52.1107748, 55.8891171 ] ], [ [ 52.1164557, 55.888013 ], [ 52.116141, 55.8880359 ], [ 52.1157315, 55.8880657 ], [ 52.1153158, 55.8880566 ], [ 52.1148813, 55.8880085 ], [ 52.1143824, 55.8879243 ], [ 52.1141866, 55.8878942 ], [ 52.1140743, 55.887896 ], [ 52.1136248, 55.8879348 ], [ 52.110899, 55.8883481 ] ], [ [ 52.1112008, 55.8891706 ], [ 52.1124116, 55.8888761 ] ], [ [ 52.1115219, 55.8890071 ], [ 52.1120274, 55.8888885 ], [ 52.11259, 55.8887005 ], [ 52.1129474, 55.888562 ], [ 52.1133873, 55.8884583 ] ], [ [ 52.1124116, 55.8888761 ], [ 52.1115219, 55.8890071 ] ], [ [ 52.1151692, 55.8884711 ], [ 52.1146893, 55.8885406 ], [ 52.1124116, 55.8888761 ] ], [ [ 52.1125826, 55.888917 ], [ 52.1139586, 55.8887079 ], [ 52.1146981, 55.8885606 ], [ 52.1151692, 55.8884711 ] ], [ [ 52.112647, 55.8885079 ], [ 52.1131083, 55.8884417 ], [ 52.1139479, 55.888374 ] ], [ [ 52.1133873, 55.8884583 ], [ 52.1126872, 55.8885651 ] ], [ [ 52.1764311, 55.6112105 ], [ 52.1760783, 55.6118297 ], [ 52.1760298, 55.6119517 ], [ 52.1758233, 55.6123152 ], [ 52.1756291, 55.6126131 ], [ 52.1754168, 55.612924 ], [ 52.1753326, 55.6130579 ], [ 52.1750767, 55.6134704 ], [ 52.1747396, 55.6138846 ], [ 52.1745836, 55.6140961 ], [ 52.1744836, 55.6143116 ], [ 52.1709609, 55.6225505 ], [ 52.1707892, 55.6230281 ], [ 52.1706644, 55.6235021 ], [ 52.1705552, 55.6240554 ], [ 52.1704272, 55.6246263 ], [ 52.1703211, 55.625065 ], [ 52.1702868, 55.625206 ], [ 52.1700652, 55.6257751 ], [ 52.170009, 55.6258861 ], [ 52.1697968, 55.6262597 ], [ 52.1695284, 55.6266649 ], [ 52.1690634, 55.6273451 ], [ 52.1687654, 55.6278195 ], [ 52.1685362, 55.628298 ], [ 52.1683653, 55.6289742 ], [ 52.1683219, 55.6298147 ], [ 52.1683891, 55.6302449 ], [ 52.1685122, 55.6306723 ], [ 52.1690369, 55.6317157 ], [ 52.1705487, 55.6344125 ], [ 52.1708631, 55.6351321 ], [ 52.1709697, 55.6359366 ], [ 52.1708835, 55.6366354 ], [ 52.1706984, 55.637176 ], [ 52.1704579, 55.6377067 ], [ 52.1700593, 55.6382429 ], [ 52.1696183, 55.6387036 ], [ 52.1692439, 55.639039 ], [ 52.1688923, 55.6393483 ], [ 52.1682772, 55.6397088 ], [ 52.1674862, 55.6400647 ], [ 52.1665738, 55.6404278 ], [ 52.1652895, 55.6408762 ], [ 52.1631869, 55.6416233 ], [ 52.1525344, 55.6453287 ], [ 52.1427286, 55.6487962 ], [ 52.1351712, 55.6516153 ], [ 52.1327907, 55.6532647 ], [ 52.1312656, 55.6551572 ], [ 52.1289361, 55.6611922 ], [ 52.1275146, 55.6651898 ], [ 52.1274629, 55.6654925 ], [ 52.1275066, 55.6658026 ], [ 52.1276829, 55.6662805 ], [ 52.1279553, 55.6667207 ], [ 52.12833, 55.6670509 ], [ 52.1287896, 55.6673641 ], [ 52.1303708, 55.6682466 ], [ 52.1308288, 55.6686318 ], [ 52.1311586, 55.6690442 ], [ 52.1314031, 55.6695854 ], [ 52.1314678, 55.6699745 ], [ 52.1314327, 55.6704461 ], [ 52.1312024, 55.6709032 ], [ 52.13094, 55.671261 ], [ 52.1304583, 55.671636 ], [ 52.1297629, 55.6720148 ], [ 52.1290577, 55.672304 ], [ 52.1283366, 55.672498 ], [ 52.1280619, 55.6725539 ], [ 52.1277008, 55.6726094 ], [ 52.1271897, 55.6726618 ], [ 52.1266312, 55.6726819 ], [ 52.1257832, 55.6726711 ], [ 52.1230098, 55.6724545 ], [ 52.1199685, 55.6722018 ], [ 52.1194529, 55.6721513 ], [ 52.1184287, 55.6720662 ], [ 52.1168551, 55.6719382 ], [ 52.1161196, 55.6718352 ], [ 52.1133539, 55.6716177 ] ], [ [ 52.1139479, 55.888374 ], [ 52.1133873, 55.8884583 ] ], [ [ 52.1164443, 55.8882863 ], [ 52.1156722, 55.8884736 ], [ 52.1151817, 55.8886357 ], [ 52.1147635, 55.8887092 ], [ 52.1135937, 55.8888931 ] ], [ [ 52.1139479, 55.888374 ], [ 52.1145629, 55.8882855 ], [ 52.116135, 55.8880592 ], [ 52.1164557, 55.888013 ] ], [ [ 52.1164443, 55.8882863 ], [ 52.1151692, 55.8884711 ] ], [ [ 52.1171806, 55.8888614 ], [ 52.1153691, 55.8891416 ] ], [ [ 52.1205388, 55.8887146 ], [ 52.115455, 55.8894727 ] ], [ [ 52.1205579, 55.8870523 ], [ 52.1200674, 55.8870866 ], [ 52.1189005, 55.8871683 ], [ 52.1161141, 55.8875703 ] ], [ [ 52.1205579, 55.8870523 ], [ 52.1200842, 55.8871229 ], [ 52.1161862, 55.8877035 ] ], [ [ 52.1241954, 55.8863893 ], [ 52.1235356, 55.8865844 ], [ 52.1230018, 55.8867829 ], [ 52.1221021, 55.8872707 ], [ 52.1216583, 55.8874691 ], [ 52.1209985, 55.8876171 ], [ 52.1203568, 55.8877114 ], [ 52.1164443, 55.8882863 ] ], [ [ 52.1233403, 55.8865789 ], [ 52.120889, 55.8872972 ], [ 52.1202391, 55.8874572 ], [ 52.1200874, 55.8874946 ], [ 52.1164557, 55.888013 ] ], [ [ 52.1210852, 55.8882293 ], [ 52.1206078, 55.8882987 ], [ 52.1175117, 55.8887491 ], [ 52.1171806, 55.8888614 ] ], [ [ 52.1210852, 55.8882293 ], [ 52.120621, 55.8883296 ], [ 52.1201643, 55.8884283 ], [ 52.1171806, 55.8888614 ] ], [ [ 52.1205388, 55.8887146 ], [ 52.1202526, 55.8888628 ], [ 52.118003, 55.889215 ] ], [ [ 52.1242134, 55.8871141 ], [ 52.1228389, 55.8881313 ], [ 52.1224487, 55.8883168 ], [ 52.1220373, 55.8884714 ], [ 52.1216423, 55.8885441 ], [ 52.1207706, 55.8886798 ], [ 52.1205388, 55.8887146 ] ], [ [ 52.1233403, 55.8865789 ], [ 52.1223655, 55.886783 ], [ 52.1205579, 55.8870523 ] ], [ [ 52.1242134, 55.8871141 ], [ 52.1223946, 55.8879437 ], [ 52.1210852, 55.8882293 ] ], [ [ 52.1219867, 55.8864766 ], [ 52.1228233, 55.886365 ], [ 52.1241155, 55.8862548 ], [ 52.1249064, 55.8861814 ] ], [ [ 52.1220394, 55.8865801 ], [ 52.1249064, 55.8861814 ] ], [ [ 52.1241954, 55.8863893 ], [ 52.1233403, 55.8865789 ] ], [ [ 52.1257296, 55.8860579 ], [ 52.1241954, 55.8863893 ] ], [ [ 52.1274212, 55.8856926 ], [ 52.125929, 55.8860979 ], [ 52.1255058, 55.8862585 ], [ 52.125198, 55.8864024 ], [ 52.1242134, 55.8871141 ] ], [ [ 52.1249064, 55.8861814 ], [ 52.1257296, 55.8860579 ] ], [ [ 52.1274212, 55.8856926 ], [ 52.1257296, 55.8860579 ] ], [ [ 52.1457478, 55.8830052 ], [ 52.1455473, 55.8830182 ], [ 52.1450532, 55.8830674 ], [ 52.1283689, 55.8855151 ], [ 52.128302, 55.8855249 ], [ 52.1274212, 55.8856926 ] ], [ [ 52.1299928, 55.8871315 ], [ 52.1344587, 55.8864215 ], [ 52.1351601, 55.8863598 ] ], [ [ 52.1351601, 55.8863598 ], [ 52.1300141, 55.8871708 ] ], [ [ 52.13004, 55.8872186 ], [ 52.1359353, 55.8862884 ] ], [ [ 52.1300654, 55.8872655 ], [ 52.1366461, 55.8862252 ] ], [ [ 52.1300875, 55.8873065 ], [ 52.1374011, 55.8861568 ] ], [ [ 52.1379397, 55.8861352 ], [ 52.1372871, 55.8862433 ], [ 52.1361418, 55.886423 ], [ 52.1344963, 55.88668 ], [ 52.1301208, 55.887368 ] ], [ [ 52.1301475, 55.8874173 ], [ 52.137216, 55.8863019 ] ], [ [ 52.1301721, 55.8874628 ], [ 52.1364717, 55.8864712 ] ], [ [ 52.1301959, 55.8875067 ], [ 52.1357891, 55.8866238 ] ], [ [ 52.130221, 55.8875532 ], [ 52.1351065, 55.8867743 ] ], [ [ 52.1351065, 55.8867743 ], [ 52.1343957, 55.88693 ], [ 52.1302477, 55.8876024 ] ], [ [ 52.1357891, 55.8866238 ], [ 52.1351065, 55.8867743 ] ], [ [ 52.1359353, 55.8862884 ], [ 52.1351601, 55.8863598 ] ], [ [ 52.1364717, 55.8864712 ], [ 52.1357891, 55.8866238 ] ], [ [ 52.1366461, 55.8862252 ], [ 52.1359353, 55.8862884 ] ], [ [ 52.137216, 55.8863019 ], [ 52.1364717, 55.8864712 ] ], [ [ 52.1374011, 55.8861568 ], [ 52.1366461, 55.8862252 ] ], [ [ 52.1379397, 55.8861352 ], [ 52.137216, 55.8863019 ] ], [ [ 52.1374011, 55.8861568 ], [ 52.1377122, 55.8861229 ], [ 52.1379805, 55.8860951 ], [ 52.1384904, 55.886054 ] ], [ [ 52.1384904, 55.886054 ], [ 52.1379397, 55.8861352 ] ], [ [ 52.1457478, 55.8830052 ], [ 52.1447011, 55.8832003 ], [ 52.1438394, 55.8835126 ], [ 52.1424787, 55.8843195 ], [ 52.1411858, 55.8851742 ], [ 52.1399559, 55.8856833 ], [ 52.1393112, 55.8859116 ], [ 52.1387345, 55.8860068 ], [ 52.1384904, 55.886054 ] ], [ [ 52.1429713, 54.9254098 ], [ 52.1425665, 54.9248383 ] ], [ [ 52.1429713, 54.9254098 ], [ 52.1433764, 54.9262495 ], [ 52.1434267, 54.9265466 ], [ 52.1433587, 54.9268657 ], [ 52.1431874, 54.9271543 ], [ 52.1430357, 54.9273253 ], [ 52.1428742, 54.9275074 ], [ 52.1423986, 54.928037 ], [ 52.1422568, 54.9283273 ], [ 52.1422302, 54.9287024 ], [ 52.1423184, 54.929337 ], [ 52.1424832, 54.9308954 ], [ 52.142528, 54.9316611 ], [ 52.1427561, 54.9337301 ] ], [ [ 52.1473523, 54.9378644 ], [ 52.1469915, 54.9368165 ], [ 52.1466281, 54.9358736 ], [ 52.1464994, 54.9356671 ], [ 52.146199, 54.9353158 ], [ 52.1457322, 54.9348042 ], [ 52.1451301, 54.9340983 ], [ 52.144721, 54.9334897 ], [ 52.1445722, 54.9332245 ], [ 52.1443603, 54.9329078 ], [ 52.1441377, 54.9325896 ], [ 52.1440277, 54.932424 ], [ 52.143958, 54.9322768 ], [ 52.143914, 54.9321236 ], [ 52.1438916, 54.9319606 ], [ 52.1438829, 54.9317877 ], [ 52.1438661, 54.9316008 ], [ 52.1438762, 54.9314247 ], [ 52.1438896, 54.9312668 ], [ 52.1439218, 54.9311319 ], [ 52.1439553, 54.930994 ], [ 52.1440023, 54.9308715 ], [ 52.1440546, 54.9307482 ], [ 52.144123, 54.9306125 ], [ 52.1442034, 54.9304246 ], [ 52.1442839, 54.9302551 ], [ 52.1444327, 54.9299698 ], [ 52.1444897, 54.9298319 ], [ 52.1445521, 54.9296833 ], [ 52.144595, 54.9294914 ], [ 52.144646, 54.9293119 ], [ 52.1447197, 54.9290653 ], [ 52.1447459, 54.9289143 ], [ 52.1447582, 54.9288597 ], [ 52.1447747, 54.9287864 ], [ 52.1447881, 54.9286368 ], [ 52.1447532, 54.9284349 ], [ 52.1446655, 54.9281458 ], [ 52.1445938, 54.9278706 ], [ 52.1445685, 54.9277412 ], [ 52.1445272, 54.927604 ], [ 52.1444245, 54.927389 ], [ 52.1440615, 54.9269047 ], [ 52.1432922, 54.9258535 ], [ 52.1429713, 54.9254098 ] ], [ [ 52.14614, 54.9342434 ], [ 52.1459141, 54.9333257 ], [ 52.1458005, 54.9328745 ], [ 52.1457718, 54.9326815 ], [ 52.1457991, 54.9324847 ], [ 52.1458401, 54.9322547 ], [ 52.1459083, 54.9320483 ], [ 52.1459761, 54.9317841 ], [ 52.145989, 54.9315255 ], [ 52.1459409, 54.9312499 ], [ 52.1457854, 54.9306758 ], [ 52.1455768, 54.9298006 ], [ 52.1453479, 54.9288776 ], [ 52.1451924, 54.928418 ], [ 52.1451232, 54.9282687 ], [ 52.1449826, 54.9280453 ], [ 52.144812, 54.9278212 ], [ 52.144668, 54.927632 ], [ 52.1433758, 54.9258373 ], [ 52.1431456, 54.9255139 ] ], [ [ 52.1452735, 54.8686671 ], [ 52.1455417, 54.8682318 ], [ 52.1458662, 54.8677811 ], [ 52.1461452, 54.8675157 ], [ 52.1468533, 54.8669708 ], [ 52.1475372, 54.8665293 ], [ 52.1479637, 54.8663101 ], [ 52.1484438, 54.8660987 ], [ 52.1497528, 54.8654658 ] ], [ [ 52.1469403, 55.8829282 ], [ 52.1457478, 55.8830052 ] ], [ [ 52.1459676, 55.8829182 ], [ 52.1469403, 55.8829282 ] ], [ [ 52.1496741, 55.8826992 ], [ 52.1490233, 55.8827418 ], [ 52.1459676, 55.8829182 ] ], [ [ 52.1469403, 55.8829282 ], [ 52.1473498, 55.8829046 ] ], [ [ 52.1473498, 55.8829046 ], [ 52.1480915, 55.8828557 ], [ 52.1645679, 55.8817707 ] ], [ [ 52.1494442, 55.8828117 ], [ 52.1483454, 55.8828836 ], [ 52.1473498, 55.8829046 ] ], [ [ 52.148437, 54.8659599 ], [ 52.1495944, 54.8654132 ], [ 52.1509297, 54.864794 ] ], [ [ 52.148437, 54.8659599 ], [ 52.1491166, 54.8657047 ] ], [ [ 52.1507693, 54.8649194 ], [ 52.1501004, 54.865233 ], [ 52.1491166, 54.8657047 ] ], [ [ 52.1491166, 54.8657047 ], [ 52.1497528, 54.8654658 ] ], [ [ 52.1643397, 55.8818357 ], [ 52.16186, 55.881994 ], [ 52.1607783, 55.8820755 ], [ 52.1494442, 55.8828117 ] ], [ [ 52.1643397, 55.8818357 ], [ 52.1636321, 55.8819305 ], [ 52.150477, 55.8827894 ], [ 52.1494442, 55.8828117 ] ], [ [ 52.1502717, 55.8826128 ], [ 52.1496741, 55.8826992 ] ], [ [ 52.163572, 55.8817886 ], [ 52.1496741, 55.8826992 ] ], [ [ 52.1497528, 54.8654658 ], [ 52.1501889, 54.8652562 ] ], [ [ 52.1497528, 54.8654658 ], [ 52.1501653, 54.865317 ] ], [ [ 52.1501653, 54.865317 ], [ 52.1506233, 54.8651517 ], [ 52.1516884, 54.8647388 ], [ 52.1611187, 54.8603639 ], [ 52.1615947, 54.8601122 ], [ 52.1623484, 54.8596429 ] ], [ [ 52.1501653, 54.865317 ], [ 52.1506957, 54.8651614 ] ], [ [ 52.161761, 54.8599486 ], [ 52.1611387, 54.8602311 ], [ 52.1516601, 54.8646329 ], [ 52.1510617, 54.8648653 ], [ 52.1505976, 54.8650614 ], [ 52.1501889, 54.8652562 ] ], [ [ 52.1501889, 54.8652562 ], [ 52.1514962, 54.8647588 ], [ 52.151987, 54.8645427 ], [ 52.1609027, 54.8604024 ], [ 52.1613533, 54.8601786 ], [ 52.161761, 54.8599486 ] ], [ [ 52.1653254, 55.8815987 ], [ 52.1648871, 55.8816057 ], [ 52.1508763, 55.8825308 ], [ 52.1502717, 55.8826128 ] ], [ [ 52.164875, 55.8816513 ], [ 52.1502717, 55.8826128 ] ], [ [ 52.1506957, 54.8651614 ], [ 52.1515272, 54.8648665 ], [ 52.1521334, 54.8646041 ], [ 52.1612663, 54.8603481 ], [ 52.1618844, 54.860015 ], [ 52.1622687, 54.8597682 ] ], [ [ 52.1622687, 54.8597682 ], [ 52.1620844, 54.8599451 ], [ 52.1614085, 54.860328 ], [ 52.1522541, 54.8646057 ], [ 52.1516667, 54.8648742 ], [ 52.1512912, 54.8649977 ], [ 52.1506957, 54.8651614 ] ], [ [ 52.1627987, 54.8592994 ], [ 52.1615652, 54.8599177 ], [ 52.1507693, 54.8649194 ] ], [ [ 52.1627987, 54.8592994 ], [ 52.1617468, 54.8598933 ], [ 52.1517031, 54.864548 ], [ 52.1507693, 54.8649194 ] ], [ [ 52.1509297, 54.864794 ], [ 52.1514989, 54.864464 ], [ 52.1521426, 54.8641336 ], [ 52.1577838, 54.8615116 ], [ 52.1620265, 54.8595395 ], [ 52.1626914, 54.859284 ] ], [ [ 52.1626914, 54.859284 ], [ 52.1616798, 54.8597903 ], [ 52.1577948, 54.8616013 ], [ 52.1509297, 54.864794 ] ], [ [ 52.1623484, 54.8596429 ], [ 52.161761, 54.8599486 ] ], [ [ 52.1622687, 54.8597682 ], [ 52.1628826, 54.8593861 ], [ 52.1638739, 54.8588784 ], [ 52.1646763, 54.8585197 ] ], [ [ 52.1623484, 54.8596429 ], [ 52.1629036, 54.8593094 ], [ 52.1633504, 54.8590793 ] ], [ [ 52.1626914, 54.859284 ], [ 52.1632184, 54.859062 ], [ 52.163938, 54.85871 ] ], [ [ 52.1633504, 54.8590793 ], [ 52.1627987, 54.8592994 ] ], [ [ 52.1633504, 54.8590793 ], [ 52.163938, 54.85871 ] ], [ [ 52.1633504, 54.8590793 ], [ 52.163754, 54.8588747 ], [ 52.1641671, 54.8586977 ], [ 52.1646763, 54.8585197 ] ], [ [ 52.164875, 55.8816513 ], [ 52.1643096, 55.8817445 ], [ 52.163572, 55.8817886 ] ], [ [ 52.166833593097572, 55.881605932177294 ], [ 52.163572, 55.8817886 ] ], [ [ 52.1645679, 55.8817707 ], [ 52.163572, 55.8817886 ] ], [ [ 52.2588991, 54.8367412 ], [ 52.2571987, 54.8374061 ], [ 52.2564751, 54.8376515 ], [ 52.2556549, 54.8378925 ], [ 52.2550407, 54.8380121 ], [ 52.2538095, 54.8382153 ], [ 52.2528215, 54.8382923 ], [ 52.251796, 54.8383071 ], [ 52.2483195, 54.8382213 ], [ 52.2470093, 54.838256 ], [ 52.2460616, 54.8383385 ], [ 52.2449774, 54.8385069 ], [ 52.2439545, 54.8387203 ], [ 52.2397784, 54.8396775 ], [ 52.2367852, 54.8403467 ], [ 52.2354351, 54.8406748 ], [ 52.234213, 54.8409755 ], [ 52.2332975, 54.841336 ], [ 52.2327589, 54.841553 ], [ 52.2323013, 54.8417928 ], [ 52.2314371, 54.8423423 ], [ 52.22993, 54.8432558 ], [ 52.2293321, 54.8435575 ], [ 52.2283303, 54.8441454 ], [ 52.2273755, 54.844669 ], [ 52.2268036, 54.8449972 ], [ 52.2260137, 54.8453444 ], [ 52.2253466, 54.8455527 ], [ 52.2245956, 54.8457113 ], [ 52.2238532, 54.8458103 ], [ 52.2223737, 54.8459297 ], [ 52.2215234, 54.8460324 ], [ 52.2208078, 54.8461956 ], [ 52.2199863, 54.8464838 ], [ 52.2194498, 54.8466997 ], [ 52.219133, 54.8468669 ], [ 52.2188541, 54.8471131 ], [ 52.2185416, 54.8474718 ], [ 52.2180709, 54.8482676 ], [ 52.217234, 54.8500521 ], [ 52.2170632, 54.8503475 ], [ 52.2167993, 54.8507663 ], [ 52.2164798, 54.8510535 ], [ 52.2160364, 54.8513485 ], [ 52.2154871, 54.8516283 ], [ 52.2147117, 54.8519198 ], [ 52.2140486, 54.8520906 ], [ 52.2133824, 54.8521724 ], [ 52.2127679, 54.8522079 ], [ 52.2121775, 54.8521868 ], [ 52.2115475, 54.8521299 ], [ 52.2109735, 54.8520235 ], [ 52.2103807, 54.8518454 ], [ 52.2099178, 54.8516523 ], [ 52.2083629, 54.850901 ], [ 52.2077321, 54.8505787 ], [ 52.2074121, 54.8504351 ], [ 52.20704, 54.8503069 ], [ 52.2065827, 54.850171 ], [ 52.2061542, 54.8500737 ], [ 52.2057241, 54.8500064 ], [ 52.2052073, 54.8499626 ], [ 52.2046679, 54.8499485 ], [ 52.2041161, 54.8499678 ], [ 52.2036463, 54.8500243 ], [ 52.2031487, 54.8501076 ], [ 52.2026754, 54.8502321 ], [ 52.2022325, 54.8503772 ], [ 52.2016099, 54.8505962 ], [ 52.2010362, 54.8508143 ], [ 52.199969, 54.8512149 ], [ 52.1991034, 54.8515262 ], [ 52.1984159, 54.851734 ], [ 52.1978037, 54.8518757 ], [ 52.1972998, 54.8519616 ], [ 52.1968201, 54.8520209 ], [ 52.1963896, 54.8520501 ], [ 52.1959052, 54.852063 ], [ 52.195455, 54.8520608 ], [ 52.1950364, 54.852041 ], [ 52.1944889, 54.85199 ], [ 52.1939984, 54.8519144 ], [ 52.193475, 54.8518086 ], [ 52.1925537, 54.8516062 ], [ 52.1913503, 54.851318 ], [ 52.1908314, 54.8511923 ], [ 52.1902931, 54.8510877 ], [ 52.1897171, 54.8510136 ], [ 52.1889856, 54.8509883 ], [ 52.1884614, 54.8510072 ], [ 52.1881163, 54.851025 ], [ 52.1877468, 54.8510752 ], [ 52.1873585, 54.8511465 ], [ 52.1868402, 54.8512848 ], [ 52.1865284, 54.8513801 ], [ 52.186197, 54.8515109 ], [ 52.1858599, 54.8516791 ], [ 52.1855521, 54.8518526 ], [ 52.1851408, 54.8521644 ], [ 52.1848977, 54.852406 ], [ 52.1846547, 54.8527237 ], [ 52.1845204, 54.8529869 ], [ 52.1843795, 54.8533311 ], [ 52.1843264, 54.8536531 ], [ 52.1842816, 54.8542047 ], [ 52.1841987, 54.8546696 ], [ 52.1840097, 54.8551762 ], [ 52.1838205, 54.8554889 ], [ 52.1836128, 54.8557294 ], [ 52.1833913, 54.8559119 ], [ 52.1830531, 54.8561264 ], [ 52.1824606, 54.856433 ], [ 52.1821323, 54.8565806 ], [ 52.1817773, 54.8567025 ], [ 52.1812964, 54.8568157 ], [ 52.1782861, 54.8574215 ], [ 52.177491, 54.8576 ], [ 52.1759857, 54.8578554 ], [ 52.1751986, 54.8580008 ], [ 52.1745151, 54.8581013 ], [ 52.1738906, 54.8581517 ], [ 52.1732823, 54.8581531 ], [ 52.1727499, 54.8581347 ], [ 52.1721998, 54.8580853 ], [ 52.1700375, 54.8577741 ], [ 52.1695111, 54.8577219 ], [ 52.168829, 54.857693 ], [ 52.1681153, 54.8576964 ], [ 52.1674946, 54.8577224 ], [ 52.1667857, 54.8578191 ], [ 52.1660411, 54.8579433 ], [ 52.16563, 54.8580549 ], [ 52.165008, 54.8582632 ], [ 52.1642977, 54.8585342 ], [ 52.163938, 54.85871 ] ], [ [ 52.1649548, 55.8817968 ], [ 52.1643397, 55.8818357 ] ], [ [ 52.165677, 55.8816994 ], [ 52.1645679, 55.8817707 ] ], [ [ 52.1646763, 54.8585197 ], [ 52.1655391, 54.8582122 ], [ 52.1660061, 54.8580662 ], [ 52.1663904, 54.8579744 ], [ 52.1667978, 54.8579047 ], [ 52.1672109, 54.857856 ], [ 52.1675971, 54.8578372 ], [ 52.1680603, 54.8578615 ], [ 52.168483, 54.8579124 ], [ 52.1688649, 54.8579732 ], [ 52.1692617, 54.85806 ], [ 52.1696471, 54.8581702 ], [ 52.1705759, 54.8584939 ], [ 52.1719592, 54.859004 ], [ 52.1725234, 54.8591902 ], [ 52.1731092, 54.8593386 ], [ 52.1735757, 54.8593903 ], [ 52.1741403, 54.8594225 ], [ 52.1746334, 54.8594164 ], [ 52.1751304, 54.85936 ], [ 52.1765785, 54.859081 ], [ 52.1774834, 54.8589707 ], [ 52.1781226, 54.8589945 ], [ 52.1787964, 54.8590791 ], [ 52.1812564, 54.8595297 ], [ 52.1830748, 54.8598881 ], [ 52.1833876, 54.8599153 ], [ 52.1838151, 54.8599232 ], [ 52.184227, 54.8598942 ], [ 52.1846519, 54.8598358 ], [ 52.1850259, 54.8597614 ], [ 52.1854343, 54.8596224 ], [ 52.1857801, 54.8594753 ], [ 52.1860955, 54.859298 ], [ 52.1863436, 54.8591058 ], [ 52.1865045, 54.8589537 ], [ 52.1866813, 54.8587049 ], [ 52.1868454, 54.8584327 ], [ 52.1870147, 54.8581239 ], [ 52.1871933, 54.857894 ], [ 52.1873365, 54.857735 ], [ 52.187537, 54.8575794 ], [ 52.1877909, 54.8574247 ], [ 52.1881533, 54.8572496 ], [ 52.1884668, 54.857144 ], [ 52.1888405, 54.857039 ], [ 52.1891907, 54.8569652 ], [ 52.1896143, 54.8569198 ], [ 52.1899416, 54.8569094 ], [ 52.1902506, 54.8569161 ], [ 52.1905976, 54.8569484 ], [ 52.1909702, 54.8570128 ], [ 52.191336, 54.8570972 ], [ 52.1917215, 54.8572051 ], [ 52.1943004, 54.8580331 ], [ 52.1984666, 54.8593599 ], [ 52.2043109, 54.861221 ], [ 52.211482, 54.8635083 ], [ 52.2174658, 54.8654099 ], [ 52.2215899, 54.8667297 ], [ 52.2222262, 54.8669125 ], [ 52.2231105, 54.8671073 ], [ 52.2235702, 54.8671645 ], [ 52.2241834, 54.8672173 ], [ 52.2248006, 54.8672233 ], [ 52.2254153, 54.8672043 ], [ 52.2258808, 54.8671529 ] ], [ [ 52.1653254, 55.8815987 ], [ 52.164875, 55.8816513 ] ], [ [ 52.165677, 55.8816994 ], [ 52.1649548, 55.8817968 ] ], [ [ 52.1673918, 55.881641 ], [ 52.1649548, 55.8817968 ] ], [ [ 52.1672777, 55.8815408 ], [ 52.1666435, 55.8815784 ], [ 52.165791, 55.881575 ], [ 52.1653254, 55.8815987 ] ], [ [ 52.1666013, 55.88164 ], [ 52.165677, 55.8816994 ] ], [ [ 52.166833593097572, 55.881605932177294 ], [ 52.1666013, 55.88164 ] ], [ [ 52.1686197, 55.8815059 ], [ 52.1666013, 55.88164 ] ], [ [ 52.1672777, 55.8815408 ], [ 52.166833593097572, 55.881605932177294 ] ], [ [ 52.1686197, 55.8815059 ], [ 52.166833593097572, 55.881605932177294 ] ], [ [ 52.1678467, 55.8815071 ], [ 52.1672777, 55.8815408 ] ], [ [ 52.1743828, 55.8810764 ], [ 52.1678467, 55.8815071 ] ], [ [ 52.1686197, 55.8815059 ], [ 52.1678467, 55.8815071 ] ], [ [ 52.2580155, 55.8370833 ], [ 52.2594884, 55.8386252 ], [ 52.259734, 55.8388926 ], [ 52.2599424, 55.8391282 ], [ 52.2601832, 55.8395049 ], [ 52.2604072, 55.8398809 ], [ 52.2605936, 55.8402157 ], [ 52.2607558, 55.8405398 ], [ 52.2608895, 55.8408848 ], [ 52.2609765, 55.8412316 ], [ 52.2610147, 55.841535 ], [ 52.2610346, 55.84184 ], [ 52.2610013, 55.8422218 ], [ 52.2609233, 55.8426181 ], [ 52.2586257, 55.8517459 ], [ 52.2583312, 55.8532337 ], [ 52.2581753, 55.8594564 ], [ 52.2578462, 55.8603314 ], [ 52.2573091, 55.8611966 ], [ 52.2565816, 55.8621688 ], [ 52.2536193, 55.8649782 ], [ 52.2528134, 55.8659991 ], [ 52.2521749, 55.8669052 ], [ 52.2445073, 55.877691 ], [ 52.2436269, 55.8789028 ], [ 52.2433014, 55.879294 ], [ 52.2428669, 55.8797086 ], [ 52.2422751, 55.8800944 ], [ 52.2416264, 55.8804216 ], [ 52.2410091, 55.8806722 ], [ 52.2402795, 55.8808948 ], [ 52.2395178, 55.8810573 ], [ 52.2387775, 55.8811746 ], [ 52.2376955, 55.8813136 ], [ 52.2366612, 55.8814579 ], [ 52.2357408, 55.8815863 ], [ 52.2352856, 55.8816399 ], [ 52.2348936, 55.8816689 ], [ 52.2344823, 55.8816843 ], [ 52.2340152, 55.8816929 ], [ 52.2336254, 55.8816858 ], [ 52.233291, 55.8816651 ], [ 52.2328784, 55.8816263 ], [ 52.2325025, 55.8815824 ], [ 52.2321434, 55.8815233 ], [ 52.23173, 55.8814409 ], [ 52.2313254, 55.8813405 ], [ 52.2309481, 55.881228 ], [ 52.2305864, 55.8811013 ], [ 52.2302923, 55.8809836 ], [ 52.227982, 55.8798849 ], [ 52.2256409, 55.8786997 ], [ 52.2238892, 55.8781462 ], [ 52.222071, 55.8777232 ], [ 52.2193658, 55.8773003 ], [ 52.2130176, 55.876664 ], [ 52.2113331, 55.8765857 ], [ 52.2103032, 55.8765859 ], [ 52.2094234, 55.8766038 ], [ 52.208371, 55.8766723 ], [ 52.2074885, 55.8767697 ], [ 52.2067084, 55.8768741 ], [ 52.1807827, 55.8806359 ], [ 52.1799179, 55.8807294 ], [ 52.1790318, 55.8808167 ], [ 52.177505, 55.8809155 ], [ 52.1690469, 55.8814775 ], [ 52.1686197, 55.8815059 ] ], [ [ 52.1697689, 55.6328905 ], [ 52.1702728, 55.6335084 ], [ 52.1705753, 55.6338129 ], [ 52.1709338, 55.6340839 ], [ 52.1713641, 55.6343532 ], [ 52.171838, 55.6345908 ], [ 52.1723681, 55.6347844 ], [ 52.1729088, 55.6349356 ], [ 52.176441, 55.6358976 ], [ 52.1768952, 55.6360414 ], [ 52.1771462, 55.6361239 ], [ 52.1775153, 55.6362695 ], [ 52.1791464, 55.6370814 ], [ 52.1825686, 55.6387262 ], [ 52.1855333, 55.6401673 ], [ 52.1871894, 55.6409834 ], [ 52.1878857, 55.6413208 ], [ 52.1883041, 55.6415509 ], [ 52.1887471, 55.6418156 ], [ 52.1890926, 55.6420558 ], [ 52.1894098, 55.6423021 ], [ 52.1898164, 55.6426533 ], [ 52.1902409, 55.6430281 ], [ 52.1906307, 55.6434152 ], [ 52.1911014, 55.6439718 ], [ 52.1915424, 55.6445516 ], [ 52.1919333, 55.6452597 ], [ 52.193082, 55.6474238 ], [ 52.1940194, 55.6492322 ], [ 52.1942893, 55.6497947 ], [ 52.1944332, 55.6502021 ], [ 52.1945241, 55.6505991 ], [ 52.1945458, 55.6510348 ], [ 52.1945258, 55.6513768 ], [ 52.1944459, 55.6517724 ], [ 52.1942582, 55.6522692 ], [ 52.193931, 55.6529152 ], [ 52.1932441, 55.6541628 ], [ 52.1931115, 55.6544104 ], [ 52.1927619, 55.6550635 ], [ 52.1893875, 55.6611311 ], [ 52.1891239, 55.6616053 ], [ 52.1889145, 55.662011 ], [ 52.1887988, 55.662259 ], [ 52.1887016, 55.6625074 ], [ 52.1886342, 55.6627321 ], [ 52.1885905, 55.6629625 ], [ 52.1885615, 55.6632001 ], [ 52.1885485, 55.6634259 ], [ 52.188564, 55.6637589 ], [ 52.1885939, 55.6640004 ], [ 52.1886502, 55.6642456 ], [ 52.1887526, 55.6645686 ], [ 52.1889022, 55.6649086 ], [ 52.1890802, 55.6652646 ], [ 52.1895668, 55.6659812 ], [ 52.1899693, 55.6665315 ], [ 52.1901832, 55.6668239 ], [ 52.1904045, 55.6671263 ], [ 52.1917492, 55.6690374 ], [ 52.1918622, 55.6692982 ], [ 52.1919186, 55.6695858 ], [ 52.1919149, 55.6698662 ], [ 52.1918601, 55.6700766 ], [ 52.1917932, 55.6702597 ], [ 52.1917071, 55.6704126 ], [ 52.1915282, 55.6706674 ], [ 52.191255, 55.6710574 ], [ 52.1909588, 55.6714246 ], [ 52.190667, 55.671694 ], [ 52.1903579, 55.6719271 ], [ 52.1900985, 55.6720836 ], [ 52.1898266, 55.6722389 ], [ 52.1893937, 55.6724363 ], [ 52.1886482, 55.6727291 ], [ 52.1825934, 55.6750176 ], [ 52.1822513, 55.6751476 ] ], [ [ 52.321724, 55.661745 ], [ 52.3203742, 55.661385 ], [ 52.3193464, 55.6611114 ], [ 52.3187199, 55.6609613 ], [ 52.318086, 55.6608236 ], [ 52.3174865, 55.6607162 ], [ 52.3167418, 55.6606323 ], [ 52.3159037, 55.6605538 ], [ 52.31485, 55.6605357 ], [ 52.3141826, 55.6605601 ], [ 52.3129236, 55.6606368 ], [ 52.3117531, 55.6606834 ], [ 52.3108981, 55.660685 ], [ 52.3101451, 55.6606701 ], [ 52.3095118, 55.6606335 ], [ 52.3077475, 55.6604741 ], [ 52.3059882, 55.6601888 ], [ 52.3049821, 55.6599498 ], [ 52.3045528, 55.6598153 ], [ 52.3037646, 55.6595486 ], [ 52.300801, 55.6584101 ], [ 52.2994573, 55.6578985 ], [ 52.2930435, 55.6554548 ], [ 52.2895704, 55.6541211 ], [ 52.288106, 55.6535799 ], [ 52.2872904, 55.6533178 ], [ 52.28652, 55.6531302 ], [ 52.2858958, 55.6530009 ], [ 52.2852787, 55.652901 ], [ 52.284431, 55.6527827 ], [ 52.2820622, 55.6525268 ], [ 52.2806981, 55.6523777 ], [ 52.2778167, 55.6520874 ], [ 52.2753908, 55.6517971 ], [ 52.2749335, 55.6517516 ], [ 52.2742588, 55.6516695 ], [ 52.2734518, 55.6515563 ], [ 52.2727467, 55.6514285 ], [ 52.2715935, 55.6511623 ], [ 52.2706597, 55.6508972 ], [ 52.2663618, 55.6492813 ], [ 52.2601825, 55.6467095 ], [ 52.2573046, 55.6460524 ], [ 52.2521503, 55.6452805 ], [ 52.2502666, 55.6451227 ], [ 52.2486087, 55.6450616 ], [ 52.2425684, 55.645423 ], [ 52.2331952, 55.6461518 ], [ 52.2308392, 55.6463744 ], [ 52.2263852, 55.64673 ], [ 52.2134914, 55.6470134 ], [ 52.210442, 55.6470525 ], [ 52.2078386, 55.6470973 ], [ 52.2007179, 55.6472265 ], [ 52.1998736, 55.6472083 ], [ 52.1990791, 55.6471572 ], [ 52.1976789, 55.6469825 ], [ 52.1970264, 55.6468552 ], [ 52.1964309, 55.6467093 ], [ 52.195443, 55.6463829 ], [ 52.1947413, 55.6460978 ], [ 52.1942754, 55.6458922 ], [ 52.1937704, 55.6456621 ], [ 52.1934213, 55.6454694 ], [ 52.1930355, 55.6452322 ], [ 52.1926931, 55.6450016 ], [ 52.1924347, 55.6448099 ], [ 52.1921801, 55.6446023 ], [ 52.1918192, 55.6442916 ], [ 52.1903642, 55.6429911 ], [ 52.1899464, 55.6426092 ], [ 52.1895264, 55.6422598 ], [ 52.1891986, 55.6420104 ], [ 52.1888377, 55.6417739 ], [ 52.1884033, 55.6415033 ], [ 52.1879845, 55.6412763 ], [ 52.1872701, 55.6409371 ], [ 52.1856213, 55.640122 ], [ 52.1826601, 55.6386663 ], [ 52.179259, 55.6370244 ], [ 52.177029, 55.6359309 ], [ 52.1731792, 55.6340749 ], [ 52.1719182, 55.6334505 ], [ 52.1707895, 55.6327183 ], [ 52.1699476, 55.631928 ], [ 52.1693267, 55.6310545 ], [ 52.1690422, 55.6302435 ], [ 52.1689799, 55.6294038 ], [ 52.1691385, 55.6285766 ], [ 52.1694837, 55.6277539 ], [ 52.1696637, 55.627318 ], [ 52.169872, 55.6266068 ] ], [ [ 52.1764311, 55.6112105 ], [ 52.1758363, 55.6126041 ], [ 52.1750267, 55.6145055 ], [ 52.1749647, 55.6146511 ] ], [ [ 52.1933539, 55.6454929 ], [ 52.1937007, 55.6456908 ], [ 52.1941873, 55.6459284 ], [ 52.1946895, 55.6461482 ], [ 52.1953691, 55.6464298 ], [ 52.1963721, 55.6467691 ], [ 52.1971419, 55.6469951 ], [ 52.1979452, 55.6472494 ], [ 52.2045235, 55.6493298 ], [ 52.2051344, 55.6494878 ], [ 52.2056844, 55.6496076 ], [ 52.2063252, 55.6497264 ], [ 52.2070503, 55.6498375 ], [ 52.207729, 55.6499057 ], [ 52.2084657, 55.6499418 ], [ 52.2091746, 55.6499481 ], [ 52.2099808, 55.6499194 ], [ 52.210719, 55.6498594 ], [ 52.2118403, 55.6497012 ], [ 52.2128215, 55.6494969 ], [ 52.2139428, 55.6491871 ], [ 52.2165359, 55.6483632 ], [ 52.2179025, 55.6479414 ], [ 52.2190589, 55.6476514 ], [ 52.2199583, 55.6474669 ], [ 52.2209044, 55.647335 ], [ 52.222201, 55.6472164 ], [ 52.2234157, 55.64719 ], [ 52.2241166, 55.647223 ], [ 52.2277609, 55.6476316 ], [ 52.2289523, 55.6477964 ], [ 52.2302255, 55.6480337 ], [ 52.231452, 55.6483369 ], [ 52.2324915, 55.6486401 ], [ 52.2334493, 55.6489696 ], [ 52.2344656, 55.6493717 ], [ 52.23818, 55.6511116 ], [ 52.2420229, 55.6529174 ], [ 52.2453767, 55.654497 ], [ 52.2488845, 55.6561604 ], [ 52.2514822, 55.6573989 ], [ 52.25332, 55.6582253 ], [ 52.2575267, 55.6601826 ], [ 52.2609455, 55.6618387 ], [ 52.2630541, 55.6628148 ], [ 52.2659967, 55.6642268 ], [ 52.2671072, 55.6648182 ], [ 52.2678902, 55.6653802 ], [ 52.2694218, 55.666651 ], [ 52.2696514, 55.6668513 ], [ 52.2697448, 55.6669362 ], [ 52.2704638, 55.6675431 ], [ 52.2712904, 55.6682326 ], [ 52.2721105, 55.6689227 ], [ 52.2726819, 55.6694507 ], [ 52.273048, 55.6698704 ], [ 52.2750454, 55.6722686 ], [ 52.2768137, 55.6743917 ], [ 52.2777115, 55.675463 ], [ 52.2782375, 55.6760898 ], [ 52.2784466, 55.6763418 ], [ 52.2793229, 55.6773982 ], [ 52.279433, 55.6775294 ], [ 52.2796409, 55.6777671 ], [ 52.2797828, 55.6779489 ], [ 52.2799381, 55.6781093 ], [ 52.2800553, 55.6782611 ], [ 52.2802106, 55.678462 ], [ 52.2808227, 55.6791848 ], [ 52.2812194, 55.6796543 ], [ 52.2818808, 55.6804443 ], [ 52.2827101, 55.681429 ], [ 52.2836177, 55.6825316 ], [ 52.2841142, 55.6831052 ], [ 52.2845754, 55.6836552 ], [ 52.2849869, 55.6841812 ], [ 52.2852567, 55.6846254 ], [ 52.2854368, 55.6849797 ], [ 52.2855583, 55.6853176 ], [ 52.2856807, 55.6857653 ], [ 52.2856937, 55.68592 ], [ 52.2856974, 55.6865179 ], [ 52.2855941, 55.6870975 ], [ 52.2853934, 55.6876181 ], [ 52.2850959, 55.6881545 ], [ 52.283826, 55.6901478 ], [ 52.2827893, 55.6917399 ], [ 52.2818504, 55.693292 ], [ 52.2818262, 55.693332 ], [ 52.280517, 55.6953816 ], [ 52.2802919, 55.6957865 ], [ 52.2800817, 55.6962232 ], [ 52.2792357, 55.6982202 ], [ 52.276841, 55.7037398 ], [ 52.2745392, 55.7090985 ], [ 52.2740156, 55.7100511 ], [ 52.2735693, 55.7106991 ], [ 52.2731659, 55.7111826 ], [ 52.2726423, 55.7116517 ], [ 52.2671523, 55.7165828 ], [ 52.2626065, 55.7205358 ], [ 52.2604613, 55.7224679 ], [ 52.2596506, 55.7233497 ], [ 52.2595418, 55.7234681 ], [ 52.2588579, 55.7245116 ], [ 52.2457896, 55.7465205 ], [ 52.2443668, 55.7489497 ], [ 52.2440674, 55.7495266 ], [ 52.2438284, 55.7500645 ], [ 52.2433541, 55.7514806 ], [ 52.2427927, 55.7531793 ], [ 52.2426728, 55.75359 ], [ 52.2424034, 55.7544023 ], [ 52.2419587, 55.75589 ], [ 52.2418408, 55.7565196 ], [ 52.2417548, 55.7571196 ], [ 52.2417124, 55.7580326 ], [ 52.2417795, 55.764642 ], [ 52.2418367, 55.7732209 ], [ 52.2418584, 55.7761919 ], [ 52.241911, 55.7814319 ], [ 52.2419968, 55.7820751 ], [ 52.2421915, 55.7826332 ], [ 52.2424757, 55.7831802 ], [ 52.24281, 55.783644 ], [ 52.2432076, 55.784091 ], [ 52.2453953, 55.7862408 ], [ 52.2456548, 55.7865413 ], [ 52.2458858, 55.7868477 ], [ 52.2461469, 55.7872793 ], [ 52.2463516, 55.7877654 ], [ 52.2464766, 55.7882513 ], [ 52.2465146, 55.7885582 ], [ 52.2465099, 55.7890667 ], [ 52.2464332, 55.7894901 ], [ 52.2463106, 55.7899097 ], [ 52.246136, 55.79029 ], [ 52.2457643, 55.7908522 ], [ 52.2451985, 55.7915564 ], [ 52.244535, 55.7923316 ], [ 52.244139, 55.7927991 ], [ 52.2439591, 55.7930571 ], [ 52.2437522, 55.7934093 ], [ 52.2435935, 55.7937455 ], [ 52.2434124, 55.7942437 ], [ 52.2399172, 55.8055745 ], [ 52.239792, 55.8059944 ], [ 52.2394134, 55.8073028 ], [ 52.239252, 55.8080539 ], [ 52.2391979, 55.8086389 ], [ 52.2392303, 55.8094331 ], [ 52.2399392, 55.8157166 ], [ 52.2400178, 55.8163366 ], [ 52.2401847, 55.817027 ], [ 52.2404073, 55.8176645 ], [ 52.2407305, 55.8183667 ], [ 52.2412947, 55.8192463 ], [ 52.2420312, 55.8201865 ], [ 52.2429559, 55.8211783 ], [ 52.247047, 55.8254758 ], [ 52.2471844, 55.8256201 ], [ 52.2538776, 55.8326384 ], [ 52.256958, 55.8358679 ], [ 52.2571617, 55.8360821 ], [ 52.258704, 55.8377031 ], [ 52.2599857, 55.8390503 ], [ 52.2616062, 55.8407383 ], [ 52.2632882, 55.8423953 ], [ 52.2655837, 55.8446619 ], [ 52.2673437, 55.8465576 ], [ 52.269704, 55.849021 ], [ 52.2716781, 55.8511109 ], [ 52.2744998, 55.854074 ], [ 52.2771391, 55.8568862 ], [ 52.2779235, 55.8576363 ], [ 52.2787937, 55.8586404 ], [ 52.2800361, 55.8595936 ], [ 52.2825006, 55.8614253 ], [ 52.2850306, 55.863289 ], [ 52.2869235, 55.8647012 ], [ 52.2874224, 55.8651076 ], [ 52.2878247, 55.8654839 ], [ 52.2883666, 55.8660317 ], [ 52.2913116, 55.8692494 ], [ 52.2942671, 55.8725099 ], [ 52.2962395, 55.8746278 ], [ 52.2973632, 55.8755932 ], [ 52.2980922, 55.8761204 ], [ 52.298854, 55.876638 ], [ 52.2998679, 55.8772368 ], [ 52.3017002, 55.8782034 ], [ 52.303505, 55.87911 ], [ 52.3050597, 55.8798909 ], [ 52.3065347, 55.8806263 ], [ 52.3069583, 55.8808786 ], [ 52.3075319, 55.8812202 ], [ 52.3079569, 55.8814733 ], [ 52.3088407, 55.8820773 ], [ 52.3097888, 55.8828718 ], [ 52.3108483, 55.8839843 ], [ 52.3110706, 55.8842177 ], [ 52.3128284, 55.8859231 ], [ 52.3139243, 55.8869843 ], [ 52.3142146, 55.8872309 ], [ 52.3157823, 55.8885627 ], [ 52.3168884, 55.8895024 ], [ 52.320132, 55.892087 ], [ 52.3219374, 55.8935279 ], [ 52.3238711, 55.8950666 ], [ 52.3255535, 55.896332 ], [ 52.3275949, 55.8977526 ], [ 52.3298049, 55.8992362 ], [ 52.3310895, 55.900141 ], [ 52.3335548, 55.9018581 ], [ 52.3361315, 55.9036504 ], [ 52.3386811, 55.9053969 ], [ 52.3395565, 55.9060158 ], [ 52.3403278, 55.9066606 ], [ 52.340726, 55.9070577 ], [ 52.3410726, 55.9074532 ], [ 52.3413482, 55.9078771 ], [ 52.3416094, 55.9083035 ], [ 52.3417988, 55.9087416 ], [ 52.3419437, 55.9091761 ], [ 52.3421462, 55.9100785 ], [ 52.3423561, 55.9110212 ], [ 52.3424793, 55.9115875 ], [ 52.3428047, 55.9132313 ], [ 52.3428235, 55.9135316 ], [ 52.342802, 55.91394 ], [ 52.3427206, 55.9143481 ], [ 52.3426129, 55.9146683 ], [ 52.3424949, 55.9149509 ], [ 52.3423721, 55.9151801 ], [ 52.3422615, 55.9153575 ], [ 52.342051, 55.9156401 ], [ 52.3418093, 55.9159343 ], [ 52.3410411, 55.9166531 ], [ 52.3393273, 55.9181433 ], [ 52.3388913, 55.9185561 ], [ 52.3385147, 55.918996 ], [ 52.338253, 55.9193978 ], [ 52.338038, 55.9198465 ], [ 52.3378855, 55.920259 ], [ 52.3377982, 55.9206923 ], [ 52.3377648, 55.9211292 ], [ 52.3377969, 55.9215647 ], [ 52.3378882, 55.9219769 ], [ 52.3380303, 55.9223984 ], [ 52.3382422, 55.9228155 ], [ 52.3384902, 55.9232099 ], [ 52.338835, 55.9236015 ], [ 52.3391992, 55.9239536 ], [ 52.3398109, 55.9244419 ], [ 52.3405971, 55.924953 ], [ 52.3414232, 55.9253738 ], [ 52.3460634, 55.9276035 ], [ 52.3479646, 55.9285389 ], [ 52.3488718, 55.9290068 ], [ 52.3492715, 55.9292607 ], [ 52.3496782, 55.9295355 ], [ 52.350221, 55.9299519 ], [ 52.3505194, 55.9302262 ], [ 52.3507977, 55.9305334 ], [ 52.3510618, 55.9308617 ], [ 52.351259, 55.9311735 ], [ 52.3514148, 55.931483 ], [ 52.3515688, 55.9318684 ], [ 52.3516412, 55.9321261 ], [ 52.3516921, 55.9323896 ], [ 52.3517029, 55.9325603 ], [ 52.3517176, 55.9329089 ], [ 52.351696, 55.9332566 ], [ 52.3516184, 55.9336737 ], [ 52.3514911, 55.9340782 ], [ 52.3511487, 55.9348543 ], [ 52.350361, 55.9364207 ], [ 52.3502183, 55.9367303 ], [ 52.3501003, 55.9370285 ], [ 52.3500305, 55.9372779 ], [ 52.3499997, 55.9374544 ], [ 52.3499836, 55.9376301 ], [ 52.3499648, 55.9378209 ], [ 52.3499573, 55.9380226 ], [ 52.349993, 55.9384722 ], [ 52.3500238, 55.9386577 ], [ 52.3500746, 55.938848 ], [ 52.3502183, 55.9392458 ], [ 52.3504078, 55.9396537 ], [ 52.3507547, 55.9401306 ], [ 52.3511465, 55.9405483 ], [ 52.3516452, 55.941101 ], [ 52.3522107, 55.9416891 ], [ 52.3540745, 55.9435665 ], [ 52.3564598, 55.9460233 ], [ 52.3588834, 55.9484947 ], [ 52.3594531, 55.9490752 ], [ 52.3600271, 55.9496429 ], [ 52.3605716, 55.9501602 ], [ 52.3614849, 55.9509644 ], [ 52.3623741, 55.9517694 ], [ 52.3631195, 55.9524246 ], [ 52.368814, 55.9575417 ], [ 52.3709437, 55.9594576 ], [ 52.3745486, 55.9626976 ], [ 52.377377, 55.9652459 ], [ 52.378006, 55.9658097 ], [ 52.3783225, 55.9660716 ], [ 52.3786846, 55.9663441 ], [ 52.379327, 55.9667727 ], [ 52.3799452, 55.9671254 ], [ 52.3805433, 55.9674219 ], [ 52.3811361, 55.9676793 ], [ 52.3831451, 55.9684922 ], [ 52.3845211, 55.9690266 ], [ 52.3854357, 55.9694124 ], [ 52.3860164, 55.9696668 ], [ 52.3864872, 55.9699167 ], [ 52.3871174, 55.9702867 ], [ 52.3877022, 55.9706665 ], [ 52.3883468, 55.9711705 ], [ 52.3912548, 55.9737674 ], [ 52.3941769, 55.9763878 ], [ 52.3948489, 55.976998 ], [ 52.3955852, 55.9776013 ], [ 52.3960841, 55.977993 ], [ 52.3964864, 55.9782826 ], [ 52.3969491, 55.9785831 ], [ 52.3973903, 55.9788679 ], [ 52.3986188, 55.9795327 ], [ 52.4006765, 55.980531 ] ], [ [ 52.2506485, 54.8596255 ], [ 52.2501646, 54.8599617 ], [ 52.2495415, 54.8603674 ], [ 52.2488337, 54.8607243 ], [ 52.2481975, 54.8609791 ], [ 52.2474328, 54.8612207 ], [ 52.2339326, 54.8650788 ], [ 52.2285347, 54.8665817 ], [ 52.2272277, 54.8669145 ], [ 52.2265504, 54.8670637 ] ], [ [ 52.2522385, 54.866557 ], [ 52.2522736, 54.8655095 ], [ 52.2522693, 54.8648954 ], [ 52.2522157, 54.8646176 ], [ 52.2521298, 54.8643799 ], [ 52.2519196, 54.8640338 ], [ 52.2516943, 54.8637343 ], [ 52.2506643, 54.8625765 ], [ 52.250321, 54.8621875 ], [ 52.2501278, 54.8619251 ], [ 52.2499412, 54.8615919 ], [ 52.24985, 54.8613388 ], [ 52.2498017, 54.8611443 ], [ 52.2498017, 54.8609961 ], [ 52.2498339, 54.8607645 ], [ 52.2499143, 54.8605144 ], [ 52.2500806, 54.8602242 ], [ 52.2502941, 54.8599645 ], [ 52.2506485, 54.8596255 ] ], [ [ 52.2752019, 54.8671459 ], [ 52.2747597, 54.866875 ], [ 52.2743569, 54.8665597 ], [ 52.2740092, 54.8663368 ], [ 52.2735353, 54.8659933 ], [ 52.2732653, 54.8658161 ], [ 52.26539, 54.86091 ], [ 52.2640715, 54.8601546 ], [ 52.2635257, 54.8598419 ], [ 52.2631773, 54.8595804 ], [ 52.2625482, 54.8590946 ], [ 52.262179, 54.8588049 ], [ 52.2616787, 54.8584347 ], [ 52.2610532, 54.8580624 ], [ 52.2604903, 54.8578105 ], [ 52.259965, 54.8576203 ], [ 52.2592415, 54.8574315 ], [ 52.2583357, 54.8572713 ], [ 52.2573392, 54.8571865 ], [ 52.2565126, 54.8571892 ], [ 52.2555974, 54.8572836 ], [ 52.2544156, 54.8575202 ], [ 52.2533964, 54.857863 ], [ 52.2526368, 54.8582443 ], [ 52.2506485, 54.8596255 ] ], [ [ 52.2610258, 54.8357274 ], [ 52.2601809, 54.8360694 ], [ 52.2580598, 54.8368894 ], [ 52.2572504, 54.8371701 ], [ 52.25637, 54.8374406 ], [ 52.2552415, 54.8377299 ], [ 52.2544232, 54.837883 ], [ 52.2529845, 54.8381059 ] ], [ [ 52.2597237, 54.8363664 ], [ 52.2588991, 54.8367412 ] ], [ [ 52.2588991, 54.8367412 ], [ 52.2677696, 54.8332871 ], [ 52.2750312, 54.8304109 ] ], [ [ 52.2602782, 54.8360928 ], [ 52.2597237, 54.8363664 ] ], [ [ 52.2736186, 54.8308985 ], [ 52.266294, 54.833811 ], [ 52.2597237, 54.8363664 ] ], [ [ 52.2610258, 54.8357274 ], [ 52.2602782, 54.8360928 ] ], [ [ 52.2728777, 54.8311381 ], [ 52.2676309, 54.8332165 ], [ 52.2602782, 54.8360928 ] ], [ [ 52.2728777, 54.8311381 ], [ 52.27211, 54.8313784 ], [ 52.2610258, 54.8357274 ] ], [ [ 52.2720206, 54.8648924 ], [ 52.272575, 54.8651948 ], [ 52.272967, 54.8653552 ], [ 52.27328, 54.8654323 ], [ 52.2737374, 54.8655135 ], [ 52.2741466, 54.8655669 ], [ 52.2746052, 54.8655779 ], [ 52.2749788, 54.865561 ], [ 52.2756439, 54.865489 ], [ 52.2760759, 54.8654422 ], [ 52.2767396, 54.8653611 ], [ 52.2774274, 54.8652206 ], [ 52.2782527, 54.8650207 ], [ 52.2792682, 54.8647732 ], [ 52.2793979, 54.8647416 ], [ 52.2797418, 54.8646981 ], [ 52.2801373, 54.8646763 ], [ 52.2805156, 54.8646961 ], [ 52.2808216, 54.8647357 ], [ 52.2811931, 54.8648149 ], [ 52.2815335, 54.8649118 ] ], [ [ 52.2720775, 54.870398 ], [ 52.2727241, 54.8690611 ], [ 52.2734649, 54.8675297 ], [ 52.2734131, 54.8678102 ], [ 52.273461, 54.8680182 ], [ 52.2736063, 54.8683494 ], [ 52.2737977, 54.8688318 ], [ 52.2738628, 54.8690375 ], [ 52.2738646, 54.8692423 ], [ 52.2738307, 54.8693814 ], [ 52.273549, 54.8702301 ], [ 52.2733487, 54.8705914 ], [ 52.2732464, 54.8710494 ], [ 52.2732326, 54.8712677 ], [ 52.273287, 54.8716082 ], [ 52.2733836, 54.8730593 ] ], [ [ 52.2736186, 54.8308985 ], [ 52.2728777, 54.8311381 ] ], [ [ 52.2750312, 54.8304109 ], [ 52.2741425, 54.830708 ], [ 52.2736186, 54.8308985 ] ], [ [ 52.2755587, 54.8301988 ], [ 52.2750312, 54.8304109 ] ], [ [ 52.4080218, 54.8472107 ], [ 52.4079125, 54.8471981 ], [ 52.406347, 54.8469917 ], [ 52.4055603, 54.8469285 ], [ 52.4046372, 54.8469524 ], [ 52.4026705, 54.8471114 ], [ 52.3998052, 54.8473863 ], [ 52.3977172, 54.847874 ], [ 52.3963478, 54.8484543 ], [ 52.3933677, 54.8499563 ], [ 52.3896712, 54.8526534 ], [ 52.3862388, 54.8552913 ], [ 52.3794862, 54.862775 ], [ 52.377911, 54.8638455 ], [ 52.3755368, 54.8648531 ], [ 52.3741384, 54.8652537 ], [ 52.3718744, 54.8656354 ], [ 52.3681358, 54.8658665 ], [ 52.35706, 54.8665149 ], [ 52.3548256, 54.8666744 ], [ 52.3531826, 54.8669492 ], [ 52.3516352, 54.867293 ], [ 52.3500277, 54.8680242 ], [ 52.3482192, 54.8689439 ], [ 52.3445315, 54.8707642 ], [ 52.3428868, 54.8713221 ], [ 52.3410942, 54.871666 ], [ 52.3399604, 54.8717453 ], [ 52.3381805, 54.8717428 ], [ 52.3366817, 54.8715602 ], [ 52.335839, 54.8714015 ], [ 52.3345076, 54.8710558 ], [ 52.3337114, 54.8707765 ], [ 52.3331453, 54.8705539 ], [ 52.3325121, 54.8702096 ], [ 52.33193, 54.8698438 ], [ 52.3299617, 54.868271 ], [ 52.3292402, 54.8677359 ], [ 52.3286037, 54.8673577 ], [ 52.3272331, 54.866681 ], [ 52.3257664, 54.8659634 ], [ 52.324329, 54.8652642 ], [ 52.3218075, 54.8640357 ], [ 52.3204439, 54.8630922 ], [ 52.3179596, 54.8611102 ], [ 52.3161274, 54.8601873 ], [ 52.3145414, 54.8596433 ], [ 52.3133087, 54.8593522 ], [ 52.3116457, 54.8590828 ], [ 52.3103403, 54.8589965 ], [ 52.3078959, 54.8590799 ], [ 52.3061186, 54.8593268 ], [ 52.304326, 54.8597413 ], [ 52.3024888, 54.860581 ], [ 52.2987648, 54.8631486 ], [ 52.2950079, 54.8655717 ], [ 52.2922067, 54.8674321 ], [ 52.2916704, 54.8677604 ], [ 52.290234, 54.8683984 ], [ 52.2889838, 54.8687299 ], [ 52.2882584, 54.8688773 ], [ 52.2869859, 54.8690544 ], [ 52.2856787, 54.8691226 ], [ 52.2835163, 54.8691062 ], [ 52.2813759, 54.8690669 ], [ 52.2799363, 54.8690241 ], [ 52.2792935, 54.8689625 ], [ 52.2786273, 54.8688403 ], [ 52.2779893, 54.8686549 ], [ 52.277438, 54.8684303 ], [ 52.2762105, 54.8676688 ], [ 52.2757525, 54.8674111 ], [ 52.2752019, 54.8671459 ] ], [ [ 52.2752019, 54.8671459 ], [ 52.2756507, 54.8674527 ] ], [ [ 52.3408813, 54.6583673 ], [ 52.3395359, 54.6614623 ], [ 52.3392176, 54.6621327 ], [ 52.3388544, 54.6627935 ], [ 52.33843, 54.6634756 ], [ 52.337958, 54.6641489 ], [ 52.3350094, 54.6679921 ], [ 52.3314058, 54.6726838 ], [ 52.3195913, 54.6880656 ], [ 52.3163464, 54.6922933 ], [ 52.3157811, 54.6930346 ], [ 52.3152598, 54.6936985 ], [ 52.3150218, 54.6939816 ], [ 52.3147645, 54.6942397 ], [ 52.3144579, 54.6945148 ], [ 52.3141409, 54.6947718 ], [ 52.3137692, 54.69503 ], [ 52.3133891, 54.695266 ], [ 52.3129718, 54.6954977 ], [ 52.3125189, 54.6957146 ], [ 52.3120138, 54.6959243 ], [ 52.3114923, 54.6961131 ], [ 52.310394, 54.6964423 ], [ 52.3046782, 54.6979489 ], [ 52.3035393, 54.6982886 ], [ 52.3025585, 54.6986477 ], [ 52.3017972, 54.6989843 ], [ 52.3012194, 54.6992519 ], [ 52.3007195, 54.6995229 ], [ 52.3002464, 54.6997975 ], [ 52.2996412, 54.7001866 ], [ 52.2989985, 54.7006414 ], [ 52.292444, 54.7056935 ], [ 52.2896103, 54.7078648 ], [ 52.2839374, 54.7122518 ], [ 52.2803731, 54.7149922 ], [ 52.2767999, 54.717746 ], [ 52.2719559, 54.7214958 ], [ 52.269668, 54.7232609 ], [ 52.2685175, 54.7241698 ], [ 52.267957, 54.7246873 ], [ 52.2676023, 54.7250718 ], [ 52.2672028, 54.7255514 ], [ 52.2668545, 54.7260309 ], [ 52.2665958, 54.7264574 ], [ 52.2663737, 54.7268892 ], [ 52.2661234, 54.7275543 ], [ 52.2659861, 54.7280552 ], [ 52.2657762, 54.7292525 ], [ 52.265619, 54.7302308 ], [ 52.2645553, 54.7367158 ], [ 52.2644325, 54.7377211 ], [ 52.2644537, 54.7383014 ], [ 52.2645257, 54.738827 ], [ 52.2646341, 54.7393213 ], [ 52.2647773, 54.7397515 ], [ 52.2649506, 54.7401711 ], [ 52.266433, 54.743201 ], [ 52.266659, 54.7437491 ], [ 52.2668018, 54.7443153 ], [ 52.2668347, 54.7447692 ], [ 52.2668156, 54.7452296 ], [ 52.2667242, 54.7457078 ], [ 52.2665577, 54.7461727 ], [ 52.2663309, 54.7466065 ], [ 52.2660471, 54.7470339 ], [ 52.2657225, 54.7474451 ], [ 52.265374, 54.7478489 ], [ 52.2602023, 54.7536351 ], [ 52.2588188, 54.7551886 ], [ 52.2575403, 54.7566066 ], [ 52.2562506, 54.7580941 ], [ 52.2559925, 54.7584367 ], [ 52.2557016, 54.7588591 ], [ 52.2554542, 54.7592817 ], [ 52.2551881, 54.7598753 ], [ 52.2549839, 54.7604516 ], [ 52.2548364, 54.7610961 ], [ 52.254779, 54.7616484 ], [ 52.2547845, 54.7624671 ], [ 52.2548671, 54.7629833 ], [ 52.2550197, 54.7636276 ], [ 52.2551962, 54.764258 ], [ 52.2558875, 54.7669215 ], [ 52.2575621, 54.7731788 ], [ 52.2579019, 54.7741571 ], [ 52.2581692, 54.7747199 ], [ 52.2584513, 54.7752229 ], [ 52.2588392, 54.7757686 ], [ 52.2621183, 54.7800169 ], [ 52.2674616, 54.7869123 ], [ 52.2727744, 54.7937924 ], [ 52.27561, 54.7974538 ], [ 52.2784284, 54.8010838 ], [ 52.2794697, 54.8024246 ], [ 52.2800705, 54.8032362 ], [ 52.2804222, 54.8039106 ], [ 52.280572, 54.8043787 ], [ 52.2806712, 54.8048472 ], [ 52.2806793, 54.8053171 ], [ 52.2806209, 54.8057721 ], [ 52.2805157, 54.8061364 ], [ 52.2803856, 54.8064831 ], [ 52.2800064, 54.807137 ], [ 52.2797593, 54.8074627 ], [ 52.2794938, 54.8077657 ], [ 52.2789208, 54.8082852 ], [ 52.2764522, 54.8101091 ], [ 52.275923, 54.810536 ], [ 52.2755134, 54.8109082 ], [ 52.2751352, 54.8113287 ], [ 52.2748268, 54.8117707 ], [ 52.2745859, 54.812203 ], [ 52.2744137, 54.8126394 ], [ 52.274301, 54.8130552 ], [ 52.2742758, 54.8138543 ], [ 52.2743505, 54.8142701 ], [ 52.2744599, 54.8146456 ], [ 52.2746181, 54.8150129 ], [ 52.2749359, 54.8155501 ], [ 52.2751625, 54.8158627 ], [ 52.2754322, 54.8161717 ], [ 52.2758035, 54.8165191 ], [ 52.2761542, 54.8168201 ], [ 52.2765093, 54.8171028 ], [ 52.2768995, 54.817377 ], [ 52.2785124, 54.818527 ], [ 52.2811065, 54.820374 ], [ 52.2818943, 54.8209553 ], [ 52.2822813, 54.8212962 ], [ 52.2826691, 54.82168 ], [ 52.2829398, 54.8220071 ], [ 52.2831627, 54.8223282 ], [ 52.2833248, 54.822624 ], [ 52.2834855, 54.822987 ], [ 52.2836098, 54.8233378 ], [ 52.2836873, 54.8237413 ], [ 52.2837189, 54.8241628 ], [ 52.2836754, 54.8246711 ], [ 52.2835573, 54.8251173 ], [ 52.2834183, 54.8254903 ], [ 52.283209, 54.8258911 ], [ 52.282995, 54.8262161 ], [ 52.2826208, 54.8266735 ], [ 52.28219, 54.8270946 ], [ 52.2817611, 54.8274311 ], [ 52.2812457, 54.8277854 ], [ 52.2806495, 54.8281219 ], [ 52.2799181, 54.8284731 ], [ 52.2789322, 54.8288865 ], [ 52.2759698, 54.8300334 ], [ 52.2755587, 54.8301988 ] ], [ [ 52.2755587, 54.8301988 ], [ 52.2763234, 54.8299911 ], [ 52.2772837, 54.829645 ], [ 52.2779059, 54.8294566 ], [ 52.278496, 54.829333 ], [ 52.2800142, 54.8291383 ], [ 52.2801965, 54.8290982 ], [ 52.2810066, 54.8288787 ], [ 52.2817737, 54.828579 ], [ 52.2823316, 54.8282484 ], [ 52.2825301, 54.8280969 ], [ 52.2836298, 54.8271514 ], [ 52.2840267, 54.8268671 ] ], [ [ 52.2756507, 54.8674527 ], [ 52.2759114, 54.8676269 ] ], [ [ 52.2756507, 54.8674527 ], [ 52.275994, 54.8677892 ], [ 52.2761559, 54.8680127 ], [ 52.2762816, 54.8682309 ], [ 52.2764437, 54.8687529 ], [ 52.2764724, 54.8691219 ], [ 52.2764636, 54.8692947 ], [ 52.2764274, 54.8695529 ], [ 52.276337, 54.8698156 ], [ 52.2761514, 54.8701446 ], [ 52.2758988, 54.8704543 ], [ 52.2756912, 54.8706459 ], [ 52.2753717, 54.8710181 ], [ 52.2752474, 54.8712028 ], [ 52.2751338, 54.8715054 ], [ 52.2750341, 54.8719413 ], [ 52.2750587, 54.8726013 ], [ 52.275128, 54.8732647 ], [ 52.275184, 54.8737319 ], [ 52.275344, 54.8741763 ], [ 52.2759061, 54.8749087 ], [ 52.2780133, 54.8766129 ], [ 52.2820422, 54.879912 ], [ 52.2828077, 54.8805418 ] ], [ [ 52.2759114, 54.8676269 ], [ 52.2768404, 54.8681655 ], [ 52.2779009, 54.8689039 ], [ 52.2790627, 54.8701455 ], [ 52.2796142, 54.8707719 ], [ 52.2817083, 54.873049 ], [ 52.2821796, 54.873565 ], [ 52.2823621, 54.8738378 ], [ 52.2825529, 54.8740958 ] ], [ [ 52.2759114, 54.8676269 ], [ 52.2761541, 54.8678693 ], [ 52.2762536, 54.8680507 ], [ 52.2763365, 54.8682197 ], [ 52.2764978, 54.8687178 ], [ 52.2765794, 54.8691159 ], [ 52.2767926, 54.8697545 ], [ 52.2769553, 54.8702686 ], [ 52.2771176, 54.8707395 ], [ 52.2773238, 54.8712932 ], [ 52.2776702, 54.871827 ], [ 52.2782426, 54.8725014 ], [ 52.2822693, 54.8771107 ] ], [ [ 52.2828077, 54.8805418 ], [ 52.2831679, 54.8808215 ], [ 52.2842483, 54.8816999 ], [ 52.284874, 54.8821418 ], [ 52.2858171, 54.8827023 ], [ 52.2863526, 54.8828761 ], [ 52.2869386, 54.8830192 ], [ 52.2882672, 54.8832649 ], [ 52.2891311, 54.8833208 ], [ 52.2895238, 54.8833044 ], [ 52.2907736, 54.8832524 ], [ 52.2967055, 54.883098 ], [ 52.301224, 54.8829832 ], [ 52.3018442, 54.882968 ], [ 52.3027642, 54.882947 ], [ 52.3035142, 54.8829325 ] ], [ [ 52.2828077, 54.8805418 ], [ 52.2838402, 54.8817514 ], [ 52.2846404, 54.8829091 ], [ 52.2847353, 54.883122 ], [ 52.2852429, 54.8838146 ], [ 52.2856237, 54.8843898 ] ], [ [ 52.2846566, 54.8826382 ], [ 52.2852587, 54.8828148 ], [ 52.2862896, 54.8830758 ], [ 52.2875203, 54.8832997 ], [ 52.288549, 54.8833836 ], [ 52.2891764, 54.8833743 ], [ 52.2895097, 54.8833567 ], [ 52.2901742, 54.8833112 ], [ 52.2956108, 54.8831867 ], [ 52.301317, 54.8831047 ], [ 52.3027881, 54.8830647 ], [ 52.3039315, 54.8831064 ], [ 52.3045401, 54.8831586 ] ], [ [ 52.2856237, 54.8843898 ], [ 52.2863528, 54.884823 ], [ 52.2866471, 54.8849434 ], [ 52.2869376, 54.8850435 ], [ 52.288846, 54.8856153 ], [ 52.2897305, 54.8858713 ], [ 52.2907063, 54.8861687 ], [ 52.2910097, 54.886294 ], [ 52.2912607, 54.8864501 ], [ 52.2915936, 54.88669 ], [ 52.2921503, 54.8873297 ], [ 52.2933862, 54.8887467 ], [ 52.294026, 54.8895087 ] ], [ [ 52.2856237, 54.8843898 ], [ 52.285792, 54.8851935 ], [ 52.2857528, 54.8854613 ], [ 52.2856628, 54.8857213 ], [ 52.2855578, 54.8859751 ], [ 52.2854804, 54.8862666 ], [ 52.2853896, 54.8865809 ], [ 52.2853524, 54.886796 ], [ 52.2853037, 54.8869695 ], [ 52.285299, 54.8871672 ], [ 52.2853547, 54.8873645 ], [ 52.2857857, 54.8881065 ], [ 52.2882101, 54.8905892 ] ], [ [ 52.3045401, 54.8831586 ], [ 52.3060282, 54.8833893 ], [ 52.306386, 54.8835288 ], [ 52.3069794, 54.8837949 ], [ 52.3076452, 54.8840202 ], [ 52.3080705, 54.8841039 ], [ 52.3092567, 54.8841168 ], [ 52.3109423, 54.8840717 ] ], [ [ 52.3045401, 54.8831586 ], [ 52.3055767, 54.8833595 ], [ 52.3062446, 54.8836009 ], [ 52.3068485, 54.8839415 ], [ 52.3076742, 54.8846191 ], [ 52.3078136, 54.8848702 ], [ 52.3078566, 54.8850224 ], [ 52.3079501, 54.8853539 ] ], [ [ 52.3082989, 55.6361834 ], [ 52.3066706, 55.6374824 ], [ 52.3055872, 55.6383255 ], [ 52.304838, 55.6390396 ], [ 52.304568, 55.6393838 ], [ 52.3045053, 55.6394684 ], [ 52.3043668, 55.6397006 ], [ 52.3042749, 55.6399248 ], [ 52.304219, 55.6400405 ], [ 52.3040112, 55.6404805 ], [ 52.3038612, 55.6407649 ], [ 52.3037683, 55.6410271 ], [ 52.3027097, 55.6449118 ], [ 52.3025843, 55.6454432 ], [ 52.3025645, 55.6455918 ], [ 52.3025464, 55.6458535 ], [ 52.3024579, 55.6462139 ], [ 52.3019787, 55.6479323 ], [ 52.3014445, 55.650007 ], [ 52.3014276, 55.6506559 ], [ 52.3015154, 55.6513799 ], [ 52.3017292, 55.6520676 ], [ 52.3019273, 55.6526434 ], [ 52.3021918, 55.6531236 ], [ 52.3025092, 55.6536444 ], [ 52.3026528, 55.6538598 ], [ 52.302803, 55.654057 ], [ 52.3031493, 55.6545583 ], [ 52.3036288, 55.6550552 ], [ 52.3042159, 55.6555851 ], [ 52.3048813, 55.6560875 ], [ 52.3055663, 55.6565402 ], [ 52.3063491, 55.6570039 ], [ 52.3072102, 55.6574068 ], [ 52.3082767, 55.6578705 ], [ 52.3094705, 55.6582956 ], [ 52.3111536, 55.6588531 ], [ 52.3129051, 55.6593885 ], [ 52.3144022, 55.6597915 ], [ 52.3159096, 55.6601587 ], [ 52.3160594, 55.6601997 ], [ 52.3174943, 55.6605753 ], [ 52.3188295, 55.6609431 ] ], [ [ 52.3120397, 55.8976496 ], [ 52.3124152, 55.8980045 ], [ 52.3127371, 55.8982752 ], [ 52.3132924, 55.8986923 ], [ 52.3137661, 55.8990711 ], [ 52.3139563, 55.8992115 ], [ 52.3141868, 55.8993809 ], [ 52.3144172, 55.8995331 ], [ 52.3148372, 55.8997542 ], [ 52.3150319, 55.8998604 ], [ 52.3156055, 55.9001504 ], [ 52.3157745, 55.9002308 ], [ 52.3163021, 55.9005065 ], [ 52.3167374, 55.9007448 ], [ 52.3169656, 55.9008705 ], [ 52.3171864, 55.9009875 ], [ 52.3173612, 55.9010662 ], [ 52.317667, 55.9011654 ], [ 52.3179888, 55.9012376 ], [ 52.318418, 55.9013037 ], [ 52.322393, 55.9018661 ], [ 52.3232191, 55.9019684 ], [ 52.32363, 55.9020302 ], [ 52.3265773, 55.9024736 ], [ 52.3268415, 55.9025217 ], [ 52.3270064, 55.9025518 ], [ 52.3274785, 55.9026721 ], [ 52.327972, 55.9028405 ], [ 52.3284334, 55.903039 ], [ 52.3292595, 55.9035021 ], [ 52.3297476, 55.9037908 ], [ 52.3303002, 55.9040765 ], [ 52.3306758, 55.9042471 ], [ 52.3309912, 55.9044019 ], [ 52.3312765, 55.9045663 ], [ 52.331572, 55.9047378 ], [ 52.3318728, 55.904939 ], [ 52.3322105, 55.90522 ], [ 52.3325218, 55.9055098 ], [ 52.3327804, 55.9058115 ], [ 52.3329545, 55.9060985 ], [ 52.3331973, 55.906551 ], [ 52.3335086, 55.9071514 ], [ 52.3337777, 55.9076661 ], [ 52.3340468, 55.9082192 ], [ 52.3343054, 55.9087338 ], [ 52.3344305, 55.9089827 ], [ 52.334527, 55.9091745 ], [ 52.334833, 55.9097897 ], [ 52.3350863, 55.9102038 ], [ 52.3353449, 55.9105616 ], [ 52.3357617, 55.9110851 ], [ 52.3361417, 55.9115613 ], [ 52.3364583, 55.9120019 ], [ 52.3366324, 55.9123065 ], [ 52.3367274, 55.9125431 ], [ 52.3368962, 55.9129808 ], [ 52.3369437, 55.9132559 ], [ 52.3369173, 55.9136433 ], [ 52.336854, 55.9139715 ], [ 52.3366957, 55.9143441 ], [ 52.3364108, 55.9147641 ], [ 52.3360414, 55.9151633 ], [ 52.3355929, 55.9155625 ], [ 52.3349913, 55.9160268 ], [ 52.3343106, 55.9165443 ], [ 52.3337197, 55.917047 ], [ 52.3332878, 55.9175329 ], [ 52.3329981, 55.9180019 ], [ 52.3328265, 55.9185731 ], [ 52.3327943, 55.9191081 ], [ 52.3329123, 55.9195711 ], [ 52.3331912, 55.9200821 ], [ 52.3339744, 55.9213506 ], [ 52.3343714, 55.9218074 ], [ 52.3348435, 55.9221922 ], [ 52.3355945, 55.9226731 ], [ 52.3364206, 55.9230819 ], [ 52.3390492, 55.9243322 ], [ 52.3404507, 55.9249837 ], [ 52.3408091, 55.9251625 ], [ 52.3413683, 55.9254431 ], [ 52.346001, 55.9276478 ], [ 52.3479109, 55.9285724 ], [ 52.3488144, 55.9290383 ], [ 52.3492104, 55.92929 ], [ 52.3496148, 55.9295632 ], [ 52.3501542, 55.9299769 ], [ 52.3504493, 55.9302481 ], [ 52.3507252, 55.9305528 ], [ 52.3509872, 55.9308785 ], [ 52.3511824, 55.9311871 ], [ 52.3513369, 55.931494 ], [ 52.3514899, 55.9318768 ], [ 52.3515616, 55.932132 ], [ 52.351612, 55.9323928 ], [ 52.3516226, 55.9325617 ], [ 52.3516373, 55.9329087 ], [ 52.3516159, 55.9332535 ], [ 52.3515389, 55.9336674 ], [ 52.3514125, 55.9340689 ], [ 52.351071, 55.9348428 ], [ 52.3502835, 55.936409 ], [ 52.3501402, 55.9367198 ], [ 52.3500214, 55.9370201 ], [ 52.3499509, 55.9372722 ], [ 52.3499196, 55.937451 ], [ 52.3499034, 55.9376278 ], [ 52.3498846, 55.9378192 ], [ 52.3498769, 55.9380231 ], [ 52.3499129, 55.9384753 ], [ 52.3499441, 55.9386631 ], [ 52.3499956, 55.9388558 ], [ 52.35014, 55.939256 ], [ 52.3503314, 55.9396679 ], [ 52.3506819, 55.9401496 ], [ 52.3510751, 55.9405689 ], [ 52.351574, 55.9411218 ], [ 52.3521403, 55.9417107 ], [ 52.3540041, 55.9435882 ], [ 52.3563893, 55.9460449 ], [ 52.3588131, 55.9485163 ], [ 52.359383, 55.9490971 ], [ 52.3599576, 55.9496654 ], [ 52.3605031, 55.9501837 ], [ 52.3614169, 55.9509883 ], [ 52.3623059, 55.9517931 ], [ 52.3687459, 55.9575654 ], [ 52.3708756, 55.9594813 ], [ 52.3744805, 55.9627213 ], [ 52.3773089, 55.9652697 ], [ 52.3779387, 55.9658341 ], [ 52.378257, 55.9660976 ], [ 52.3786216, 55.9663719 ], [ 52.3792675, 55.9668029 ], [ 52.3798899, 55.967158 ], [ 52.3804921, 55.9674565 ], [ 52.381088, 55.9677153 ], [ 52.3830987, 55.9685289 ], [ 52.384474, 55.969063 ], [ 52.3853868, 55.969448 ], [ 52.3859639, 55.9697009 ], [ 52.3864304, 55.9699485 ], [ 52.3870579, 55.9703169 ], [ 52.387639, 55.9706943 ], [ 52.3882801, 55.9711955 ], [ 52.3911867, 55.9737913 ], [ 52.3941086, 55.9764115 ], [ 52.3947816, 55.9770224 ], [ 52.3955193, 55.977627 ], [ 52.3960197, 55.9780198 ], [ 52.3964243, 55.9783111 ], [ 52.3968883, 55.9786125 ], [ 52.397332, 55.9788988 ], [ 52.3985645, 55.9795658 ], [ 52.4005931, 55.9805501 ], [ 52.4015222, 55.9810101 ] ], [ [ 52.325309, 55.7120361 ], [ 52.3249448, 55.7118799 ], [ 52.324635, 55.7117576 ], [ 52.324313, 55.7116628 ], [ 52.3239008, 55.71159 ], [ 52.3234642, 55.7115391 ], [ 52.3229544, 55.7115281 ], [ 52.3225104, 55.7115625 ], [ 52.3220323, 55.7116271 ], [ 52.3215811, 55.711726 ], [ 52.3211566, 55.7118895 ], [ 52.3187174, 55.7131345 ], [ 52.3183156, 55.7133432 ], [ 52.3177319, 55.7136389 ] ], [ [ 52.3255883, 55.7121866 ], [ 52.3252469, 55.7120526 ], [ 52.3248925, 55.7119108 ], [ 52.3244389, 55.7117713 ], [ 52.3240845, 55.7116983 ], [ 52.3235928, 55.7116489 ], [ 52.3231164, 55.7116425 ], [ 52.3226629, 55.7116682 ], [ 52.3221407, 55.7117562 ], [ 52.3212374, 55.711986 ], [ 52.3207801, 55.7121492 ], [ 52.3178199, 55.7137177 ] ], [ [ 52.3179107, 55.7108309 ], [ 52.3185571, 55.7104994 ], [ 52.3189626, 55.7103448 ], [ 52.3197492, 55.7101833 ], [ 52.3201367, 55.71016 ], [ 52.3205847, 55.710149 ], [ 52.3210541, 55.7101778 ], [ 52.3215695, 55.7102641 ], [ 52.3219398, 55.710356 ], [ 52.3224293, 55.7105252 ], [ 52.3228183, 55.7106937 ], [ 52.3241792, 55.7114276 ], [ 52.325309, 55.7120361 ] ], [ [ 52.3280214, 55.7144437 ], [ 52.3275781, 55.7140881 ], [ 52.3272962, 55.7138581 ], [ 52.3271333, 55.7137531 ], [ 52.3268613, 55.7136438 ], [ 52.3265106, 55.7135579 ], [ 52.3262591, 55.7135128 ], [ 52.3261415, 55.7134949 ], [ 52.3260342, 55.7134785 ], [ 52.3255197, 55.7134506 ], [ 52.3250204, 55.7134742 ], [ 52.3245288, 55.7135837 ], [ 52.3243911, 55.7136246 ], [ 52.3242543, 55.7136653 ], [ 52.3216931, 55.7152948 ] ], [ [ 52.4454406, 55.6992784 ], [ 52.4434766, 55.6982286 ], [ 52.4414618, 55.697126 ], [ 52.4410358, 55.6968942 ], [ 52.4382675, 55.695398 ], [ 52.4279242, 55.689747 ], [ 52.4274175, 55.6894676 ], [ 52.4264075, 55.6888944 ], [ 52.4258991, 55.6886251 ], [ 52.425299, 55.688275 ], [ 52.4245367, 55.6877838 ], [ 52.4237117, 55.6870677 ], [ 52.4211544, 55.6846216 ], [ 52.420181, 55.6838589 ], [ 52.4187291, 55.6832171 ], [ 52.4177713, 55.682914 ], [ 52.4171021, 55.6827022 ], [ 52.4160248, 55.6824665 ], [ 52.4148674, 55.6823212 ], [ 52.4060841, 55.6818538 ], [ 52.4033628, 55.6817051 ], [ 52.4020035, 55.6816033 ], [ 52.4010372, 55.6815015 ], [ 52.4001479, 55.6813758 ], [ 52.3989574, 55.6811692 ], [ 52.397642, 55.6808918 ], [ 52.387744, 55.678702 ], [ 52.3808789, 55.6771816 ], [ 52.3795521, 55.6768246 ], [ 52.3782929, 55.676452 ], [ 52.3774541, 55.6761546 ], [ 52.3766922, 55.6758652 ], [ 52.3762197, 55.6756631 ], [ 52.3755091, 55.6753252 ], [ 52.3749858, 55.6750623 ], [ 52.3695154, 55.6722388 ], [ 52.3685145, 55.6717328 ], [ 52.3669854, 55.6709483 ], [ 52.3661836, 55.6706085 ], [ 52.3656527, 55.6704228 ], [ 52.365074, 55.6702506 ], [ 52.3644182, 55.6700874 ], [ 52.3638926, 55.6699797 ], [ 52.3631997, 55.6698659 ], [ 52.3625466, 55.6697985 ], [ 52.3620502, 55.6697536 ], [ 52.3610068, 55.6696726 ], [ 52.3598531, 55.6695892 ], [ 52.3557248, 55.6692824 ], [ 52.3493572, 55.6688093 ], [ 52.3475649, 55.6684724 ], [ 52.3458537, 55.6680267 ], [ 52.3450748, 55.6678239 ], [ 52.3448127, 55.6677556 ], [ 52.3443589, 55.6676374 ], [ 52.3438311, 55.6674955 ], [ 52.3430593, 55.6672913 ], [ 52.3424095, 55.6671194 ], [ 52.3419366, 55.6670028 ], [ 52.3343807, 55.6650382 ], [ 52.3283973, 55.6634754 ], [ 52.321724, 55.661745 ] ], [ [ 52.3280214, 55.7144437 ], [ 52.3286096, 55.7150669 ], [ 52.3287377, 55.7151699 ], [ 52.329121, 55.715401 ], [ 52.3295422, 55.7155854 ], [ 52.3300315, 55.7157346 ], [ 52.3302759, 55.7157747 ], [ 52.330574, 55.7158203 ], [ 52.3310591, 55.7158607 ], [ 52.3313781, 55.715848 ], [ 52.3315427, 55.7158413 ], [ 52.3327434, 55.7157149 ], [ 52.3333859, 55.7156718 ], [ 52.3342119, 55.7156372 ], [ 52.3347198, 55.7155836 ], [ 52.3443228, 55.7151695 ], [ 52.3452912, 55.7151267 ], [ 52.3456836, 55.7151041 ], [ 52.3464207, 55.7150679 ], [ 52.346882, 55.7150044 ], [ 52.3474549, 55.7148806 ], [ 52.347816, 55.7147661 ], [ 52.3481399, 55.7146449 ], [ 52.3484646, 55.7144749 ], [ 52.3487569, 55.7143 ], [ 52.3491368, 55.714028 ], [ 52.3510286, 55.7121182 ], [ 52.3528477, 55.710249 ], [ 52.3549343, 55.7081567 ], [ 52.3556628, 55.7075751 ], [ 52.3563328, 55.7071708 ], [ 52.3569829, 55.7068657 ], [ 52.3576888, 55.7065524 ], [ 52.3666194, 55.70258 ], [ 52.3696487, 55.7012119 ], [ 52.3712831, 55.7004704 ], [ 52.3716221, 55.7003044 ], [ 52.3720433, 55.7000395 ], [ 52.3724203, 55.6997763 ], [ 52.3734086, 55.6989391 ], [ 52.3740932, 55.6983776 ], [ 52.3749541, 55.6976395 ], [ 52.3752469, 55.6972625 ], [ 52.3753959, 55.6969466 ], [ 52.3754521, 55.6964833 ], [ 52.3754194, 55.696298 ], [ 52.3753746, 55.6961053 ], [ 52.3752956, 55.6959115 ], [ 52.3751666, 55.6957224 ], [ 52.3747799, 55.6952808 ], [ 52.3744003, 55.6950096 ], [ 52.3704014, 55.6928404 ], [ 52.3696608, 55.6923094 ], [ 52.3694014, 55.6920273 ], [ 52.3684857, 55.6908023 ], [ 52.367613, 55.6897719 ], [ 52.3675715, 55.6897229 ], [ 52.3665175, 55.6886762 ], [ 52.365566, 55.6878255 ], [ 52.3586357, 55.6823684 ], [ 52.3581422, 55.6818914 ], [ 52.3575591, 55.6813278 ], [ 52.3566747, 55.6801301 ], [ 52.3563383, 55.6795231 ], [ 52.355973, 55.6781139 ], [ 52.3559125, 55.6775129 ], [ 52.3558769, 55.6771599 ], [ 52.3565515, 55.6737641 ], [ 52.35649, 55.6721011 ], [ 52.3561828, 55.6710963 ], [ 52.3555275, 55.6702763 ], [ 52.3547817, 55.6697961 ], [ 52.3541526, 55.669524 ], [ 52.3532508, 55.6692698 ], [ 52.3523491, 55.6691338 ], [ 52.3502374, 55.6689595 ], [ 52.349351, 55.6688605 ], [ 52.3480673, 55.6686317 ], [ 52.3475404, 55.6685067 ], [ 52.3458218, 55.6680634 ], [ 52.3450441, 55.6678629 ], [ 52.3447747, 55.6677933 ], [ 52.3442956, 55.6676695 ], [ 52.3413143, 55.6668889 ], [ 52.3226063, 55.6620257 ], [ 52.321724, 55.661745 ] ], [ [ 52.3266556, 55.7129083 ], [ 52.326367, 55.7127234 ], [ 52.3260202, 55.7125194 ], [ 52.3255933, 55.7123133 ], [ 52.3251626, 55.7121716 ], [ 52.3248463, 55.7120793 ], [ 52.3239468, 55.7118925 ], [ 52.3237334, 55.7118624 ], [ 52.3224818, 55.7117863 ] ], [ [ 52.325309, 55.7120361 ], [ 52.3255883, 55.7121866 ] ], [ [ 52.3255883, 55.7121866 ], [ 52.3258093, 55.712294 ], [ 52.3261581, 55.7125111 ], [ 52.3264728, 55.7127379 ], [ 52.3266556, 55.7129083 ] ], [ [ 52.3266556, 55.7129083 ], [ 52.3268243, 55.7130995 ], [ 52.3268545, 55.7131337 ], [ 52.3272537, 55.7136085 ], [ 52.3276318, 55.7140195 ], [ 52.3280214, 55.7144437 ] ], [ [ 52.3334717, 55.7156384 ], [ 52.3346145, 55.7154445 ], [ 52.3360218, 55.7152043 ], [ 52.3363334, 55.7151248 ], [ 52.33675, 55.7149733 ], [ 52.3370289, 55.7148421 ], [ 52.3372978, 55.7146869 ], [ 52.3375275, 55.7145076 ], [ 52.3376155, 55.7144178 ], [ 52.3377177, 55.7143136 ], [ 52.3378981, 55.714053 ], [ 52.3380097, 55.7138535 ], [ 52.3380589, 55.713652 ], [ 52.3380359, 55.7134469 ], [ 52.3379998, 55.7132547 ], [ 52.3378785, 55.7129831 ], [ 52.3377374, 55.7127558 ], [ 52.3374792, 55.712518 ], [ 52.3370593, 55.7121724 ] ], [ [ 52.3408813, 54.6583673 ], [ 52.3410048, 54.6578988 ], [ 52.3449099, 54.648905 ], [ 52.3450497, 54.6486278 ], [ 52.3452324, 54.6483501 ] ], [ [ 52.3411368, 54.657789 ], [ 52.3408813, 54.6583673 ] ], [ [ 52.3411368, 54.657789 ], [ 52.343248, 54.6529412 ], [ 52.3448898, 54.64915 ] ], [ [ 52.3448898, 54.64915 ], [ 52.3447729, 54.6495688 ], [ 52.3445422, 54.6501511 ], [ 52.3433235, 54.6529482 ], [ 52.3414737, 54.6571933 ], [ 52.3411368, 54.657789 ] ], [ [ 52.3452324, 54.6483501 ], [ 52.3448898, 54.64915 ] ], [ [ 52.4372978, 54.5722283 ], [ 52.4349688, 54.5725085 ], [ 52.4337236, 54.5727154 ], [ 52.4324838, 54.5729761 ], [ 52.4314386, 54.5732373 ], [ 52.4234416, 54.575364 ], [ 52.412922, 54.5781609 ], [ 52.4109123, 54.5786906 ], [ 52.4099883, 54.5789638 ], [ 52.4095138, 54.5791345 ], [ 52.4089966, 54.5793424 ], [ 52.408534, 54.5795532 ], [ 52.4080348, 54.5798192 ], [ 52.4075821, 54.5800888 ], [ 52.4071732, 54.5803637 ], [ 52.4068441, 54.5806135 ], [ 52.4064937, 54.5809549 ], [ 52.4061526, 54.5813251 ], [ 52.4058467, 54.5817168 ], [ 52.4050329, 54.5831373 ], [ 52.4001, 54.5917853 ], [ 52.3965759, 54.5978093 ], [ 52.394492, 54.6015401 ], [ 52.3939652, 54.6024141 ], [ 52.3936887, 54.6028423 ], [ 52.3933707, 54.6032321 ], [ 52.3930104, 54.6036051 ], [ 52.3926227, 54.603947 ], [ 52.3921575, 54.6042792 ], [ 52.3916541, 54.6046027 ], [ 52.3911603, 54.6048629 ], [ 52.3907669, 54.6050445 ], [ 52.3903344, 54.6052526 ], [ 52.3894747, 54.6055423 ], [ 52.3872219, 54.6062574 ], [ 52.384047, 54.6072963 ], [ 52.3799675, 54.6085614 ], [ 52.3773815, 54.6094109 ], [ 52.3768494, 54.6096021 ], [ 52.3760251, 54.6099392 ], [ 52.3754164, 54.6102283 ], [ 52.3749183, 54.6104844 ], [ 52.3741548, 54.6109162 ], [ 52.3734575, 54.6113696 ], [ 52.3727701, 54.611863 ], [ 52.3705054, 54.6135229 ], [ 52.3676408, 54.6156162 ], [ 52.3662763, 54.6166075 ], [ 52.3618053, 54.6198621 ], [ 52.3592047, 54.6217595 ], [ 52.3574472, 54.623056 ], [ 52.3567755, 54.6236328 ], [ 52.3561609, 54.6242619 ], [ 52.3554381, 54.6251595 ], [ 52.3549417, 54.6260333 ], [ 52.3479153, 54.6421916 ], [ 52.34633, 54.6458335 ], [ 52.3452324, 54.6483501 ] ], [ [ 52.4006765, 55.980531 ], [ 52.4012971, 55.9808308 ], [ 52.4090981, 55.9846045 ], [ 52.4172102, 55.9885283 ] ], [ [ 52.4015222, 55.9810101 ], [ 52.4006765, 55.980531 ] ], [ [ 52.4016161, 55.9810551 ], [ 52.4015222, 55.9810101 ] ], [ [ 52.4164058, 55.9881973 ], [ 52.4016161, 55.9810551 ] ], [ [ 52.4016161, 55.9810551 ], [ 52.4026716, 55.9816276 ], [ 52.415404, 55.9877817 ], [ 52.4157138, 55.987916 ], [ 52.4164058, 55.9881973 ] ], [ [ 52.4104127, 54.8474549 ], [ 52.4096582, 54.8473682 ], [ 52.4080218, 54.8472107 ] ], [ [ 52.4248262, 54.8495354 ], [ 52.4148241, 54.8481277 ], [ 52.4080218, 54.8472107 ] ], [ [ 52.4090026, 55.6998099 ], [ 52.4138958, 55.7024373 ] ], [ [ 52.4191037, 54.8472141 ], [ 52.4172676, 54.8469891 ], [ 52.4162358, 54.8469086 ], [ 52.4151936, 54.8469786 ], [ 52.4137925, 54.8472053 ], [ 52.4122583, 54.847442 ], [ 52.4114477, 54.8474986 ], [ 52.4104127, 54.8474549 ] ], [ [ 52.411145, 54.847539 ], [ 52.4104127, 54.8474549 ] ], [ [ 52.411145, 54.847539 ], [ 52.4125976, 54.8476557 ], [ 52.422554, 54.8490417 ], [ 52.4235938, 54.8491925 ], [ 52.4241123, 54.8492824 ] ], [ [ 52.4248262, 54.8495354 ], [ 52.4241751, 54.8493575 ], [ 52.4204251, 54.8488107 ], [ 52.4158727, 54.8482073 ], [ 52.4124093, 54.8477076 ], [ 52.411145, 54.847539 ] ], [ [ 52.4130875, 55.7065241 ], [ 52.4122913, 55.7069897 ], [ 52.4119034, 55.7072943 ], [ 52.4115979, 55.7076684 ], [ 52.4114745, 55.7080094 ], [ 52.4114451, 55.7083206 ], [ 52.4114862, 55.7085888 ], [ 52.411639, 55.7088702 ], [ 52.4118094, 55.7090689 ], [ 52.4119681, 55.7092079 ], [ 52.412115, 55.7093267 ], [ 52.4122678, 55.7094297 ], [ 52.412544, 55.709582 ] ], [ [ 52.4130875, 55.7065241 ], [ 52.412256, 55.7071391 ], [ 52.4119622, 55.707466 ], [ 52.4118226, 55.7078302 ], [ 52.4118006, 55.7081696 ], [ 52.4119328, 55.7085669 ], [ 52.4121312, 55.7088566 ], [ 52.4124232, 55.7091445 ], [ 52.4127702, 55.7094235 ] ], [ [ 52.414041, 55.7058189 ], [ 52.4130875, 55.7065241 ] ], [ [ 52.4138958, 55.7024373 ], [ 52.4231558, 55.7075122 ] ], [ [ 52.4138958, 55.7024373 ], [ 52.4147305, 55.7030199 ], [ 52.4150831, 55.7033717 ], [ 52.4153182, 55.7038063 ], [ 52.4153696, 55.7042367 ], [ 52.4152667, 55.7046382 ], [ 52.4149068, 55.7050396 ], [ 52.4144827, 55.7054512 ] ], [ [ 52.414041, 55.7058189 ], [ 52.4136884, 55.7062576 ], [ 52.4135194, 55.7067625 ], [ 52.4135855, 55.7072177 ], [ 52.4138132, 55.7075778 ], [ 52.414063, 55.7078426 ], [ 52.414326, 55.7080235 ], [ 52.4147715, 55.7082778 ], [ 52.4154807, 55.7086826 ] ], [ [ 52.4144827, 55.7054512 ], [ 52.414041, 55.7058189 ] ], [ [ 52.4144827, 55.7054512 ], [ 52.414187, 55.7058425 ], [ 52.4139519, 55.7063764 ], [ 52.4139372, 55.7068193 ], [ 52.4141503, 55.707258 ], [ 52.4143926, 55.7075932 ], [ 52.4147037, 55.7078011 ], [ 52.4151566, 55.7080525 ], [ 52.417889, 55.70953 ], [ 52.4201484, 55.710748 ] ], [ [ 52.4150845, 54.5786858 ], [ 52.4176885, 54.5779954 ] ], [ [ 52.4172102, 55.9885283 ], [ 52.4164058, 55.9881973 ] ], [ [ 52.4166627, 54.578962 ], [ 52.4176885, 54.5779954 ] ], [ [ 52.4172102, 55.9885283 ], [ 52.4177691, 55.9887989 ], [ 52.4179269, 55.9888754 ], [ 52.419964, 55.9898707 ], [ 52.4201463, 55.9899571 ], [ 52.4238755, 55.9917462 ], [ 52.4245745, 55.9920687 ], [ 52.4253899, 55.9923778 ], [ 52.426165, 55.9926148 ], [ 52.4270182, 55.9928198 ], [ 52.4284028, 55.9931174 ], [ 52.4299381, 55.9933748 ], [ 52.432277, 55.9938672 ], [ 52.4342076, 55.9945065 ], [ 52.4362981, 55.9954638 ], [ 52.4420885, 55.9983756 ], [ 52.4460372, 56.0003123 ], [ 52.447896, 56.0011399 ], [ 52.4490794, 56.0015673 ], [ 52.450097, 56.00187 ], [ 52.4520014, 56.0023328 ], [ 52.4557184, 56.0030824 ], [ 52.4606842, 56.0040426 ], [ 52.4647183, 56.0048416 ], [ 52.4670851, 56.005365 ], [ 52.4687512, 56.0058668 ], [ 52.4784855, 56.0092513 ], [ 52.4877585, 56.0124922 ], [ 52.499027, 56.0163745 ], [ 52.5193791, 56.0234765 ], [ 52.5206581, 56.0239168 ], [ 52.5257258, 56.0257282 ], [ 52.5271752, 56.0263643 ], [ 52.5283109, 56.0271009 ], [ 52.5293923, 56.0279947 ], [ 52.530278, 56.0290682 ], [ 52.5314162, 56.0309516 ], [ 52.5321904, 56.0331904 ], [ 52.5325445, 56.0338551 ], [ 52.5331185, 56.0345822 ], [ 52.5338427, 56.035181 ], [ 52.5348501, 56.0358221 ], [ 52.5360641, 56.0364095 ], [ 52.5373349, 56.0368345 ], [ 52.5385617, 56.0370997 ], [ 52.5395821, 56.037254 ], [ 52.5409312, 56.0373463 ], [ 52.5422144, 56.0373397 ], [ 52.5464587, 56.0372534 ], [ 52.5480981, 56.037275 ], [ 52.5494177, 56.0374189 ], [ 52.550776, 56.037708 ], [ 52.5521364, 56.0381651 ], [ 52.552999, 56.0385406 ], [ 52.5541046, 56.0392103 ] ], [ [ 52.4176885, 54.5779954 ], [ 52.4268547, 54.5755039 ], [ 52.4284809, 54.5750755 ], [ 52.4292389, 54.5748447 ], [ 52.4309191, 54.5741232 ], [ 52.4327832, 54.5733448 ], [ 52.4337053, 54.5729453 ], [ 52.4342785, 54.5727436 ], [ 52.434738, 54.572626 ], [ 52.435632, 54.5724739 ] ], [ [ 52.4219096, 54.848202 ], [ 52.4213886, 54.847872 ], [ 52.4208212, 54.8475753 ], [ 52.4202654, 54.8473954 ], [ 52.4197571, 54.8473403 ] ], [ [ 52.4201484, 55.710748 ], [ 52.4221567, 55.7118308 ] ], [ [ 52.4201484, 55.710748 ], [ 52.4209491, 55.711265 ], [ 52.4214051, 55.7118053 ], [ 52.4216026, 55.7119774 ], [ 52.4222372, 55.7123456 ] ], [ [ 52.4219096, 54.848202 ], [ 52.4206475, 54.846952 ] ], [ [ 52.4241123, 54.8492824 ], [ 52.4231718, 54.8490187 ], [ 52.4224075, 54.848642 ], [ 52.4219096, 54.848202 ] ], [ [ 52.4231558, 55.7075122 ], [ 52.4234797, 55.7076617 ], [ 52.4238623, 55.7078267 ], [ 52.424443, 55.7079854 ], [ 52.4250477, 55.708074 ], [ 52.4255681, 55.7080971 ], [ 52.4261404, 55.7080714 ], [ 52.4267557, 55.7079613 ], [ 52.4272496, 55.7078134 ], [ 52.4278419, 55.7075473 ], [ 52.428915, 55.7069438 ], [ 52.4291123, 55.7068305 ], [ 52.4298135, 55.7064162 ], [ 52.4313646, 55.7054997 ], [ 52.4339711, 55.7039312 ], [ 52.4370366, 55.7021443 ], [ 52.4373959, 55.7019349 ], [ 52.4380792, 55.7016259 ], [ 52.4388202, 55.7014881 ], [ 52.4391951, 55.7014452 ], [ 52.4395657, 55.7014237 ], [ 52.4402809, 55.7014583 ], [ 52.4409961, 55.7015952 ], [ 52.4415144, 55.7017661 ], [ 52.4419428, 55.7019642 ] ], [ [ 52.4231558, 55.7075122 ], [ 52.4237861, 55.7078838 ], [ 52.42626, 55.7092313 ], [ 52.4267183, 55.7095061 ], [ 52.4271826, 55.7098603 ], [ 52.4277291, 55.7101715 ], [ 52.4283637, 55.7104893 ] ], [ [ 52.4241123, 54.8492824 ], [ 52.424953, 54.8494282 ], [ 52.4266553, 54.8498163 ] ], [ [ 52.4266553, 54.8498163 ], [ 52.4248262, 54.8495354 ] ], [ [ 52.4261699, 54.8279558 ], [ 52.4276987, 54.829895 ], [ 52.4279977, 54.8312634 ], [ 52.4282562, 54.8315825 ], [ 52.4295224, 54.8331456 ], [ 52.4306558, 54.8351244 ], [ 52.4306523, 54.8359986 ], [ 52.4302686, 54.836839 ], [ 52.4286589, 54.8401016 ], [ 52.4286719, 54.8402545 ], [ 52.4286798, 54.8404044 ], [ 52.431661, 54.8480616 ], [ 52.4316624, 54.8484347 ], [ 52.4315759, 54.8487099 ], [ 52.4313879, 54.8490206 ], [ 52.4311104, 54.8492996 ], [ 52.4303307, 54.8497308 ], [ 52.4294088, 54.8499652 ], [ 52.4287197, 54.8500047 ], [ 52.4277093, 54.8499781 ], [ 52.4266553, 54.8498163 ] ], [ [ 52.4419428, 55.7019642 ], [ 52.4415876, 55.7017391 ], [ 52.4411761, 55.7014984 ], [ 52.4407283, 55.7012974 ], [ 52.4404053, 55.7011547 ], [ 52.4400436, 55.7010507 ], [ 52.4394926, 55.7009632 ], [ 52.4390111, 55.7009373 ], [ 52.4366259, 55.7009446 ], [ 52.4360328, 55.7008704 ], [ 52.4355056, 55.7007218 ], [ 52.4350113, 55.7005268 ], [ 52.4340711, 55.7001118 ], [ 52.4324685, 55.6996402 ], [ 52.4314576, 55.69924 ], [ 52.4293956, 55.6981538 ] ], [ [ 52.4322382, 54.5820206 ], [ 52.431801, 54.5786308 ], [ 52.4319305, 54.5780059 ], [ 52.4321839, 54.5774966 ], [ 52.432492, 54.5768164 ] ], [ [ 52.432978, 54.5767956 ], [ 52.4328062, 54.5765647 ], [ 52.4323778, 54.575459 ] ], [ [ 52.432492, 54.5768164 ], [ 52.4323778, 54.575459 ] ], [ [ 52.4323778, 54.575459 ], [ 52.4323288, 54.5752281 ], [ 52.4323406, 54.5745136 ], [ 52.4326125, 54.5740432 ], [ 52.4330601, 54.5735744 ], [ 52.4334475, 54.5732891 ], [ 52.4339564, 54.57299 ], [ 52.4346696, 54.5727033 ], [ 52.435632, 54.5724739 ] ], [ [ 52.4335045, 54.5818006 ], [ 52.4327189, 54.577873 ], [ 52.432492, 54.5768164 ] ], [ [ 52.4357168, 54.5816129 ], [ 52.4352432, 54.5788991 ], [ 52.4349553, 54.5784098 ], [ 52.4345709, 54.5780408 ], [ 52.434071, 54.5776746 ], [ 52.432978, 54.5767956 ] ], [ [ 52.432978, 54.5767956 ], [ 52.4336517, 54.5775389 ], [ 52.4339977, 54.5781357 ], [ 52.4346527, 54.5818766 ] ], [ [ 52.4381763, 54.5720709 ], [ 52.4360582, 54.5723098 ], [ 52.4356255, 54.5723702 ] ], [ [ 52.435632, 54.5724739 ], [ 52.4393346, 54.572037 ] ], [ [ 52.4381763, 54.5720709 ], [ 52.4372978, 54.5722283 ] ], [ [ 52.4372978, 54.5722283 ], [ 52.4384079, 54.5720948 ] ], [ [ 52.43954, 54.5776106 ], [ 52.4392403, 54.5770272 ], [ 52.4390327, 54.5765384 ], [ 52.4383534, 54.5754291 ], [ 52.4380374, 54.5748652 ], [ 52.4378701, 54.5745699 ], [ 52.4378296, 54.5743012 ], [ 52.4378574, 54.5740076 ], [ 52.4379615, 54.5736941 ] ], [ [ 52.4388551, 54.57772 ], [ 52.4382562, 54.5765681 ], [ 52.4377155, 54.5756288 ], [ 52.4374762, 54.5749045 ], [ 52.4375424, 54.5745491 ], [ 52.4379615, 54.5736941 ] ], [ [ 52.4379615, 54.5736941 ], [ 52.4381624, 54.5733137 ], [ 52.4383023, 54.5731453 ], [ 52.4384754, 54.5729842 ], [ 52.4388616, 54.5727161 ], [ 52.4390723, 54.5725806 ], [ 52.4393229, 54.5724429 ], [ 52.4396791, 54.5722672 ], [ 52.440018, 54.5721193 ], [ 52.4404683, 54.5720157 ], [ 52.4417653, 54.5718043 ] ], [ [ 52.4552097, 54.5701402 ], [ 52.4543767, 54.5701908 ], [ 52.4522068, 54.5704359 ], [ 52.4490435, 54.5708076 ], [ 52.4456704, 54.5711939 ], [ 52.4409203, 54.5717469 ], [ 52.4381763, 54.5720709 ] ], [ [ 52.442861, 55.7024913 ], [ 52.4433717, 55.7028193 ], [ 52.4437795, 55.7030941 ], [ 52.4438696, 55.7031787 ], [ 52.4439796, 55.7033169 ], [ 52.4440422, 55.7034479 ], [ 52.4441047, 55.7036256 ], [ 52.4441547, 55.7038088 ], [ 52.4441513, 55.7038718 ], [ 52.4441472, 55.7039498 ], [ 52.4440647, 55.7042289 ], [ 52.4439821, 55.7044022 ], [ 52.4438045, 55.7046651 ], [ 52.4436469, 55.7048265 ], [ 52.4434543, 55.7049646 ], [ 52.443009, 55.7052282 ], [ 52.4414185, 55.70612 ], [ 52.4391184, 55.7075011 ], [ 52.4386881, 55.7077788 ], [ 52.4382213, 55.7080477 ] ], [ [ 52.4552097, 54.5701402 ], [ 52.4479438, 54.5709858 ], [ 52.4410536, 54.5717895 ], [ 52.4384079, 54.5720948 ] ], [ [ 52.4384079, 54.5720948 ], [ 52.4393346, 54.572037 ] ], [ [ 52.4393346, 54.572037 ], [ 52.4399302, 54.5719722 ] ], [ [ 52.4396481, 55.6960776 ], [ 52.4409418, 55.6966248 ], [ 52.4413079, 55.6967275 ], [ 52.4416799, 55.6967996 ], [ 52.4420397, 55.6968554 ], [ 52.4425137, 55.6968784 ], [ 52.4427593, 55.6968617 ], [ 52.4432827, 55.6968234 ], [ 52.4438731, 55.6966926 ], [ 52.4444215, 55.6965025 ], [ 52.4449487, 55.6962291 ] ], [ [ 52.4399302, 54.5719722 ], [ 52.4406484, 54.5718849 ], [ 52.4469124, 54.5711537 ], [ 52.4479621, 54.5710354 ], [ 52.4526714, 54.5704787 ], [ 52.4541849, 54.5703011 ], [ 52.4550088, 54.570198 ] ], [ [ 52.4399302, 54.5719722 ], [ 52.4406851, 54.5719288 ], [ 52.4417653, 54.5718043 ] ], [ [ 52.4417653, 54.5718043 ], [ 52.4469058, 54.5712066 ], [ 52.4538172, 54.5704029 ], [ 52.4542499, 54.5703463 ] ], [ [ 52.4419428, 55.7019642 ], [ 52.442188, 55.70211 ], [ 52.4427183, 55.7024026 ], [ 52.442861, 55.7024913 ] ], [ [ 52.442861, 55.7024913 ], [ 52.443526, 55.7028534 ] ], [ [ 52.443526, 55.7028534 ], [ 52.4456997, 55.7040289 ], [ 52.4531482, 55.7080971 ], [ 52.4540076, 55.7085476 ], [ 52.4543762, 55.7087225 ], [ 52.4548643, 55.7088539 ], [ 52.4552871, 55.7089437 ], [ 52.4557376, 55.7089925 ], [ 52.4564525, 55.7089739 ], [ 52.4570898, 55.7089054 ], [ 52.4580949, 55.7086762 ], [ 52.4591393, 55.7084605 ], [ 52.4598712, 55.7084048 ], [ 52.4602137, 55.7084271 ], [ 52.4606637, 55.7084565 ], [ 52.461013, 55.7085294 ], [ 52.4620272, 55.708839 ], [ 52.4632126, 55.7093446 ], [ 52.4633787, 55.7094348 ], [ 52.4635845, 55.7095366 ], [ 52.4638957, 55.7096643 ], [ 52.4640432, 55.7097323 ], [ 52.4642004, 55.7098112 ], [ 52.4646082, 55.710029 ] ], [ [ 52.443526, 55.7028534 ], [ 52.4438401, 55.7030496 ], [ 52.4439432, 55.7031395 ], [ 52.4440402, 55.7032522 ], [ 52.444109, 55.7033703 ], [ 52.4442918, 55.7038545 ], [ 52.4444123, 55.7041737 ], [ 52.4445781, 55.7044827 ], [ 52.4447813, 55.7048721 ], [ 52.4449783, 55.7052156 ], [ 52.4451535, 55.7054306 ], [ 52.4453789, 55.705647 ], [ 52.4457385, 55.7058743 ], [ 52.4508484, 55.7086517 ], [ 52.4518549, 55.7091988 ], [ 52.4521791, 55.7093483 ], [ 52.4525793, 55.7094878 ], [ 52.4529421, 55.7096161 ], [ 52.4562742, 55.7114229 ] ], [ [ 52.4449487, 55.6962291 ], [ 52.4443412, 55.6966819 ], [ 52.4440645, 55.6970361 ], [ 52.4439447, 55.6972683 ], [ 52.4439111, 55.6974873 ], [ 52.4438972, 55.6975775 ], [ 52.4439517, 55.6979999 ], [ 52.4442202, 55.6984035 ], [ 52.4444974, 55.6986644 ], [ 52.4447109, 55.6988021 ], [ 52.4454406, 55.6992784 ] ], [ [ 52.4568482, 55.6891825 ], [ 52.4523036, 55.6918749 ], [ 52.4478222, 55.6945314 ], [ 52.445629, 55.6958269 ], [ 52.4449487, 55.6962291 ] ], [ [ 52.4455486, 55.6993381 ], [ 52.4454406, 55.6992784 ] ], [ [ 52.4580695, 55.696693 ], [ 52.4568156, 55.697274 ], [ 52.4547809, 55.6984854 ], [ 52.4545712, 55.698609 ], [ 52.4520772, 55.7000148 ], [ 52.4518763, 55.7001196 ], [ 52.4516869, 55.7002006 ], [ 52.4514597, 55.7002788 ], [ 52.4512291, 55.7003473 ], [ 52.4509897, 55.7004012 ], [ 52.4506055, 55.7004634 ], [ 52.4503209, 55.700493 ], [ 52.4500458, 55.7005073 ], [ 52.4497851, 55.7005087 ], [ 52.4495485, 55.7004998 ], [ 52.4492745, 55.7004753 ], [ 52.4490655, 55.7004499 ], [ 52.4487211, 55.7003955 ], [ 52.4484291, 55.7003308 ], [ 52.4480668, 55.7002412 ], [ 52.4476992, 55.7001363 ], [ 52.4473321, 55.7000156 ], [ 52.446755, 55.6998181 ], [ 52.4461971, 55.6996186 ], [ 52.4460107, 55.6995506 ], [ 52.4458364, 55.6994765 ], [ 52.4455486, 55.6993381 ] ], [ [ 52.4485228, 55.7008895 ], [ 52.4483066, 55.7008053 ], [ 52.4480532, 55.7006895 ], [ 52.4473876, 55.70035 ], [ 52.4468212, 55.7000282 ], [ 52.4466444, 55.6999282 ], [ 52.4455486, 55.6993381 ] ], [ [ 52.4485228, 55.7008895 ], [ 52.4491884, 55.7011162 ], [ 52.4495946, 55.7012204 ], [ 52.4500948, 55.7013573 ], [ 52.4505188, 55.7015023 ], [ 52.4542674, 55.703534 ], [ 52.4598422, 55.7065758 ], [ 52.460192, 55.7067571 ], [ 52.4605191, 55.7069777 ], [ 52.4608044, 55.7072328 ], [ 52.4611035, 55.7075604 ], [ 52.4613704, 55.707876 ], [ 52.4614844, 55.7079756 ], [ 52.4615876, 55.7080685 ], [ 52.4617445, 55.7082008 ], [ 52.461897, 55.7083112 ] ], [ [ 52.4490851, 55.7010979 ], [ 52.4485228, 55.7008895 ] ], [ [ 52.4638742, 55.7095714 ], [ 52.4628062, 55.7089925 ], [ 52.4619681, 55.7084525 ], [ 52.4618637, 55.7083974 ], [ 52.4613589, 55.7080733 ], [ 52.4608818, 55.7077416 ], [ 52.4603982, 55.7074122 ], [ 52.459882, 55.7070607 ], [ 52.4593704, 55.7067122 ], [ 52.4498181, 55.7015276 ], [ 52.4493717, 55.7013182 ], [ 52.4490273, 55.7011991 ] ], [ [ 52.4609095, 55.7076428 ], [ 52.4606703, 55.7074588 ], [ 52.4603505, 55.7071674 ], [ 52.4602224, 55.7070591 ], [ 52.4600762, 55.7069525 ], [ 52.4598898, 55.7068392 ], [ 52.4596109, 55.7066814 ], [ 52.4500914, 55.7015107 ], [ 52.4498369, 55.7013901 ], [ 52.4495968, 55.7012827 ], [ 52.4490851, 55.7010979 ] ], [ [ 52.4609095, 55.7076428 ], [ 52.4603216, 55.7072396 ], [ 52.4599073, 55.7069576 ], [ 52.4596645, 55.7068014 ], [ 52.4593704, 55.7066274 ], [ 52.4499923, 55.7015341 ], [ 52.4494405, 55.7012435 ], [ 52.4490851, 55.7010979 ] ], [ [ 52.4542499, 54.5703463 ], [ 52.4550088, 54.570198 ] ], [ [ 52.4542499, 54.5703463 ], [ 52.4558217, 54.5701622 ], [ 52.4567961, 54.5700934 ], [ 52.4589351, 54.5698344 ], [ 52.4597583, 54.5697125 ], [ 52.4609412, 54.5696288 ], [ 52.46228, 54.569434 ], [ 52.4645102, 54.5691691 ] ], [ [ 52.4550088, 54.570198 ], [ 52.4558247, 54.570103 ] ], [ [ 52.4569268, 54.5699342 ], [ 52.4552097, 54.5701402 ] ], [ [ 52.4558247, 54.570103 ], [ 52.4569268, 54.5699342 ] ], [ [ 52.4558247, 54.570103 ], [ 52.4597965, 54.5696469 ], [ 52.4611143, 54.5694861 ], [ 52.4618311, 54.5693813 ] ], [ [ 52.4568482, 55.6891825 ], [ 52.4572081, 55.6888826 ], [ 52.4580503, 55.6883748 ], [ 52.4582816, 55.6881882 ], [ 52.4584335, 55.688079 ], [ 52.4586983, 55.6878884 ], [ 52.4588898, 55.6877627 ], [ 52.4593763, 55.6874743 ], [ 52.4599564, 55.6871303 ], [ 52.4607015, 55.6865614 ], [ 52.4607937, 55.686506 ], [ 52.4614589, 55.6861063 ], [ 52.4650109, 55.6840867 ], [ 52.4664207, 55.6834255 ], [ 52.4667997, 55.6832477 ], [ 52.4673559, 55.6829074 ], [ 52.468487, 55.6822154 ], [ 52.4694649, 55.6816262 ], [ 52.4700002, 55.6813545 ], [ 52.4711426, 55.6806797 ] ], [ [ 52.4622679, 55.6860371 ], [ 52.4602452, 55.6872348 ], [ 52.4568482, 55.6891825 ] ], [ [ 52.4569268, 54.5699342 ], [ 52.4586737, 54.5697311 ], [ 52.4594646, 54.5696329 ], [ 52.460308, 54.5694964 ], [ 52.4610921, 54.56933 ], [ 52.4617927, 54.5691801 ], [ 52.4624736, 54.5689427 ], [ 52.4629828, 54.5687646 ], [ 52.4634954, 54.5685124 ], [ 52.4640753, 54.5682047 ], [ 52.4646024, 54.5678828 ], [ 52.4650944, 54.5675324 ], [ 52.4654775, 54.5672003 ], [ 52.4658957, 54.5667786 ], [ 52.4662155, 54.5663569 ], [ 52.4665035, 54.5658826 ], [ 52.4666512, 54.5655847 ], [ 52.4667975, 54.5651321 ], [ 52.4668727, 54.5646962 ], [ 52.4668926, 54.5643679 ], [ 52.4668691, 54.563971 ], [ 52.4667608, 54.5634346 ], [ 52.4666255, 54.5630349 ], [ 52.466409, 54.5625821 ], [ 52.4592116, 54.549559 ], [ 52.4589832, 54.5491024 ], [ 52.4588075, 54.5486336 ], [ 52.4586915, 54.5481404 ], [ 52.4586599, 54.5476654 ], [ 52.458688, 54.5472639 ], [ 52.4587864, 54.5467828 ], [ 52.4589691, 54.546318 ], [ 52.4592046, 54.5458696 ], [ 52.4594681, 54.5454823 ], [ 52.4598231, 54.5450787 ], [ 52.4602623, 54.5446689 ], [ 52.4607579, 54.5442531 ], [ 52.4639172, 54.5417844 ], [ 52.4643916, 54.5414724 ], [ 52.4648976, 54.5411789 ], [ 52.4655126, 54.5408772 ], [ 52.4661417, 54.5406162 ], [ 52.4667496, 54.5404123 ], [ 52.4673857, 54.5402268 ], [ 52.4680253, 54.54008 ], [ 52.4687035, 54.5399557 ], [ 52.4693923, 54.5398496 ], [ 52.4701022, 54.5397885 ], [ 52.470791, 54.5397559 ], [ 52.471406, 54.5397518 ], [ 52.4721475, 54.5397803 ], [ 52.4728187, 54.5398354 ], [ 52.4735813, 54.5399353 ], [ 52.4743017, 54.5400637 ], [ 52.474987, 54.5402248 ], [ 52.477085, 54.5407569 ], [ 52.4778335, 54.5409404 ], [ 52.4787332, 54.54113 ], [ 52.4793974, 54.5412319 ], [ 52.4801318, 54.5413032 ], [ 52.4808277, 54.5413379 ], [ 52.4815094, 54.541344 ], [ 52.4822861, 54.5413175 ], [ 52.4829924, 54.5412625 ], [ 52.483741, 54.5411707 ], [ 52.4843524, 54.5410647 ], [ 52.4850799, 54.5409037 ], [ 52.4857406, 54.5407181 ], [ 52.4863942, 54.5404837 ], [ 52.4871287, 54.540182 ], [ 52.4876242, 54.5399292 ], [ 52.488204, 54.5395989 ], [ 52.4887417, 54.5392095 ], [ 52.4891283, 54.5388833 ], [ 52.4895184, 54.5385081 ], [ 52.4898382, 54.538135 ], [ 52.4901052, 54.537764 ], [ 52.4903161, 54.5373542 ], [ 52.4904883, 54.5369036 ], [ 52.4905797, 54.5364774 ], [ 52.4906781, 54.5359616 ], [ 52.4914371, 54.5310291 ], [ 52.4916164, 54.5297179 ], [ 52.4917113, 54.5292713 ], [ 52.4918378, 54.5288104 ], [ 52.49201, 54.5283434 ], [ 52.4921962, 54.5279356 ], [ 52.4924282, 54.5275032 ], [ 52.4937811, 54.5253129 ], [ 52.4940271, 54.5249845 ], [ 52.4943786, 54.5245807 ], [ 52.4947932, 54.5241973 ], [ 52.4952396, 54.5238281 ], [ 52.4957491, 54.5234835 ], [ 52.4962903, 54.5231755 ], [ 52.4968912, 54.522892 ], [ 52.4975168, 54.5226391 ], [ 52.4981493, 54.5224229 ], [ 52.4988873, 54.522221 ], [ 52.4995585, 54.5220721 ], [ 52.5003422, 54.5219436 ], [ 52.5011962, 54.5218538 ], [ 52.5018781, 54.5217943 ], [ 52.5061542, 54.5214764 ], [ 52.5090559, 54.5212829 ], [ 52.5153025, 54.5208273 ], [ 52.5160653, 54.5207424 ], [ 52.5166468, 54.5206674 ], [ 52.5173326, 54.5205361 ], [ 52.5179439, 54.520389 ], [ 52.5186322, 54.5201871 ], [ 52.519246, 54.5199708 ], [ 52.5198076, 54.5197313 ], [ 52.5203617, 54.5194515 ], [ 52.5208339, 54.5191833 ], [ 52.5212489, 54.5189092 ], [ 52.5217135, 54.5185616 ], [ 52.5220763, 54.5182299 ], [ 52.5224143, 54.5178592 ], [ 52.5226802, 54.5175116 ], [ 52.5229287, 54.5171236 ], [ 52.5231349, 54.5167139 ], [ 52.5232641, 54.5163504 ], [ 52.5234593, 54.5156369 ], [ 52.5249734, 54.5101124 ], [ 52.5259895, 54.5064316 ], [ 52.5273355, 54.5015608 ], [ 52.5274725, 54.5010221 ], [ 52.5275955, 54.5004793 ], [ 52.5276764, 54.4998487 ], [ 52.5293351, 54.4850307 ], [ 52.5294082, 54.4843345 ], [ 52.5298032, 54.4799531 ], [ 52.5298626, 54.4794652 ], [ 52.5298561, 54.4789701 ], [ 52.5298073, 54.4785128 ], [ 52.529726, 54.4780592 ], [ 52.5295796, 54.4775848 ], [ 52.529404, 54.4771312 ], [ 52.5291958, 54.4766947 ], [ 52.5289226, 54.4762241 ], [ 52.5286396, 54.4757988 ], [ 52.5282297, 54.4752658 ], [ 52.5204756, 54.4662181 ], [ 52.520149, 54.4658181 ], [ 52.5198411, 54.4653819 ], [ 52.5195509, 54.4649103 ], [ 52.5193174, 54.4644251 ], [ 52.5191464, 54.4639858 ], [ 52.5190421, 54.4636539 ], [ 52.5189173, 54.4631843 ], [ 52.5188377, 54.4626421 ], [ 52.5188256, 54.4622604 ], [ 52.5188203, 54.4619454 ], [ 52.5188547, 54.4617078 ], [ 52.5189142, 54.4613249 ], [ 52.5190051, 54.4608565 ], [ 52.5191403, 54.4604529 ], [ 52.5193127, 54.4600171 ], [ 52.5194657, 54.4595687 ], [ 52.5197311, 54.4591218 ], [ 52.5243774, 54.4524227 ], [ 52.5246954, 54.4519696 ], [ 52.5249439, 54.4515736 ], [ 52.5251632, 54.4511394 ], [ 52.5253512, 54.4507218 ], [ 52.5255027, 54.4503107 ], [ 52.5256322, 54.4498443 ], [ 52.5257149, 54.4494097 ], [ 52.5257545, 54.4489819 ], [ 52.5257799, 54.4486025 ], [ 52.5257044, 54.4441435 ], [ 52.5257408, 54.4436184 ], [ 52.5258033, 54.4432216 ], [ 52.5259022, 54.4427048 ], [ 52.5260355, 54.4422678 ], [ 52.5262131, 54.4418089 ], [ 52.5276123, 54.4384463 ], [ 52.5279453, 54.4378557 ], [ 52.528232, 54.4374693 ], [ 52.5285477, 54.4370559 ], [ 52.5288733, 54.4366786 ], [ 52.5292411, 54.4362869 ], [ 52.5296984, 54.4358446 ], [ 52.5301483, 54.4354687 ], [ 52.5307498, 54.4350148 ], [ 52.5336006, 54.4328449 ], [ 52.534043, 54.4324792 ], [ 52.534463, 54.432099 ], [ 52.5348458, 54.4317216 ], [ 52.5351788, 54.4313429 ], [ 52.5354994, 54.4309294 ], [ 52.5357877, 54.4304971 ], [ 52.5360562, 54.4300316 ], [ 52.5363022, 54.4295198 ], [ 52.5364712, 54.4290571 ], [ 52.5365633, 54.4286413 ], [ 52.5366365, 54.4282135 ], [ 52.5369503, 54.4264702 ] ], [ [ 52.462454, 55.6950279 ], [ 52.4621034, 55.6952221 ], [ 52.4618229, 55.6953767 ], [ 52.4612649, 55.6956757 ], [ 52.4609478, 55.6958218 ], [ 52.4606947, 55.6959129 ], [ 52.4603319, 55.6960057 ], [ 52.4599599, 55.696071 ], [ 52.4591184, 55.6962067 ], [ 52.4589934, 55.6962445 ], [ 52.4586275, 55.6963837 ], [ 52.4580695, 55.696693 ] ], [ [ 52.4580695, 55.696693 ], [ 52.4584479, 55.6965186 ], [ 52.4588791, 55.6963281 ], [ 52.4590474, 55.6962841 ], [ 52.4597182, 55.6961658 ], [ 52.4600011, 55.6961274 ], [ 52.4603841, 55.6960916 ], [ 52.4609719, 55.6960064 ], [ 52.4613012, 55.6959473 ], [ 52.4615598, 55.695884 ], [ 52.4619306, 55.6957507 ], [ 52.4621964, 55.6956366 ], [ 52.4642205, 55.6944496 ], [ 52.4698723, 55.6911349 ], [ 52.4761646, 55.6874445 ], [ 52.4777601, 55.6865087 ] ], [ [ 52.461897, 55.7083112 ], [ 52.4609095, 55.7076428 ] ], [ [ 52.4618311, 54.5693813 ], [ 52.4630333, 54.5690907 ], [ 52.4642393, 54.5687891 ], [ 52.4678832, 54.5679935 ], [ 52.4689642, 54.5678609 ], [ 52.4711849, 54.5674077 ] ], [ [ 52.4618311, 54.5693813 ], [ 52.4641045, 54.569046 ], [ 52.465588, 54.5687869 ], [ 52.4663086, 54.5686528 ], [ 52.4669598, 54.5685702 ], [ 52.4674684, 54.56853 ], [ 52.4683624, 54.5685166 ], [ 52.4701966, 54.5686886 ], [ 52.4708958, 54.5688182 ], [ 52.4725214, 54.5693232 ], [ 52.472955, 54.5695113 ] ], [ [ 52.461897, 55.7083112 ], [ 52.4620523, 55.7084194 ], [ 52.462505, 55.7087297 ], [ 52.4627672, 55.7088878 ], [ 52.462986, 55.7090032 ], [ 52.4636794, 55.7093824 ], [ 52.463825, 55.7094631 ], [ 52.4640539, 55.7095986 ], [ 52.4646747, 55.7099969 ] ], [ [ 52.4646747, 55.7099969 ], [ 52.4638742, 55.7095714 ] ], [ [ 52.4638742, 55.7095714 ], [ 52.4646082, 55.710029 ] ], [ [ 52.4646082, 55.710029 ], [ 52.464723, 55.7100903 ] ], [ [ 52.4647784, 55.7100534 ], [ 52.4646747, 55.7099969 ] ], [ [ 52.472955, 54.5695113 ], [ 52.4736669, 54.5697456 ], [ 52.476184, 54.5707314 ], [ 52.4785835, 54.5718067 ] ], [ [ 52.472955, 54.5695113 ], [ 52.4757875, 54.57074 ], [ 52.4784674, 54.5719214 ] ], [ [ 52.5371083, 54.4260567 ], [ 52.536729, 54.4282595 ] ], [ [ 52.5369503, 54.4264702 ], [ 52.5371783, 54.425248 ] ], [ [ 52.5371083, 54.4260567 ], [ 52.5369503, 54.4264702 ] ], [ [ 52.5371918, 54.4257067 ], [ 52.5371083, 54.4260567 ] ], [ [ 52.5371783, 54.425248 ], [ 52.5372109, 54.4245679 ], [ 52.5377241, 54.4217147 ], [ 52.5378169, 54.4212739 ], [ 52.5379443, 54.4208745 ], [ 52.538089, 54.4204627 ], [ 52.538265, 54.4200879 ], [ 52.5384559, 54.4197184 ], [ 52.5386929, 54.4193393 ], [ 52.5389567, 54.4189671 ], [ 52.5392956, 54.4185606 ], [ 52.539576, 54.4182407 ], [ 52.5399269, 54.4178838 ], [ 52.5405448, 54.4172953 ], [ 52.5408733, 54.4169787 ], [ 52.5414229, 54.4165369 ] ], [ [ 52.5371783, 54.425248 ], [ 52.5378036, 54.4217172 ], [ 52.5378989, 54.4212783 ], [ 52.5380164, 54.4208861 ], [ 52.5381636, 54.4204728 ], [ 52.5383495, 54.4201038 ], [ 52.5385454, 54.41973 ], [ 52.5387749, 54.4193653 ], [ 52.5390437, 54.4189888 ], [ 52.5393677, 54.4185881 ], [ 52.5396456, 54.4182668 ], [ 52.5400039, 54.4179069 ], [ 52.5414229, 54.4165369 ] ], [ [ 52.5410279, 54.4170059 ], [ 52.540076, 54.4179315 ], [ 52.5397227, 54.4182971 ], [ 52.5394447, 54.4186098 ], [ 52.5391158, 54.4190076 ], [ 52.5388569, 54.419387 ], [ 52.5386299, 54.4197488 ], [ 52.538434, 54.4201168 ], [ 52.538253, 54.4204815 ], [ 52.5381059, 54.4208919 ], [ 52.5379834, 54.4212855 ], [ 52.5378768, 54.4217279 ], [ 52.5371918, 54.4257067 ] ], [ [ 52.5410279, 54.4170059 ], [ 52.5405644, 54.4175562 ], [ 52.540163, 54.417946 ], [ 52.5397947, 54.4183188 ], [ 52.5395143, 54.41863 ], [ 52.5391929, 54.4190264 ], [ 52.5389215, 54.4194073 ], [ 52.5387119, 54.4197604 ], [ 52.538511, 54.4201313 ], [ 52.5383376, 54.4204887 ], [ 52.5381904, 54.4209035 ], [ 52.5380629, 54.4212898 ], [ 52.5379314, 54.421737 ], [ 52.5374281, 54.4250014 ], [ 52.5371918, 54.4257067 ] ], [ [ 52.5425938, 54.4154859 ], [ 52.5410279, 54.4170059 ] ], [ [ 52.5414229, 54.4165369 ], [ 52.5419118, 54.4160703 ] ], [ [ 52.5419118, 54.4160703 ], [ 52.5442108, 54.4138488 ], [ 52.544775, 54.4133325 ], [ 52.545543, 54.4126079 ], [ 52.5460078, 54.4121797 ], [ 52.5465645, 54.4117227 ], [ 52.5470392, 54.4114001 ], [ 52.5475164, 54.4111181 ], [ 52.5480657, 54.4108389 ], [ 52.548692, 54.4105655 ], [ 52.5493159, 54.410337 ], [ 52.5500342, 54.4101027 ], [ 52.5514142, 54.4097064 ], [ 52.5537842, 54.4089835 ], [ 52.5546608, 54.4087163 ], [ 52.5553162, 54.408525 ], [ 52.5558843, 54.4083206 ], [ 52.5564737, 54.4080735 ], [ 52.5569415, 54.4078567 ], [ 52.5573672, 54.4076244 ], [ 52.5578505, 54.4073559 ], [ 52.5582723, 54.4070836 ], [ 52.5587073, 54.4067857 ], [ 52.5590939, 54.4064916 ], [ 52.559452, 54.4061796 ], [ 52.5597595, 54.4058728 ], [ 52.5600605, 54.4055493 ], [ 52.5603571, 54.4051938 ], [ 52.5640213, 54.4003641 ], [ 52.564252, 54.400038 ], [ 52.5644607, 54.3996774 ], [ 52.5646364, 54.3993206 ], [ 52.5648012, 54.3989446 ], [ 52.5649176, 54.3986019 ], [ 52.5650011, 54.398222 ], [ 52.5650648, 54.3978166 ], [ 52.5650977, 54.3973984 ], [ 52.5650736, 54.3970071 ], [ 52.5650121, 54.3966528 ], [ 52.5649374, 54.3963178 ], [ 52.5648231, 54.3959648 ], [ 52.5637138, 54.3929477 ], [ 52.5635556, 54.3925614 ], [ 52.5633733, 54.3921623 ], [ 52.5631799, 54.3918144 ], [ 52.5629734, 54.3914832 ], [ 52.562723, 54.391125 ], [ 52.5624814, 54.3908257 ], [ 52.5621716, 54.390474 ], [ 52.5618816, 54.3901619 ], [ 52.5557504, 54.3839347 ], [ 52.5553945, 54.3835765 ], [ 52.5551089, 54.3832362 ], [ 52.5548629, 54.3829163 ], [ 52.5546058, 54.3825402 ], [ 52.5544125, 54.3822063 ], [ 52.5542412, 54.3818519 ], [ 52.5540962, 54.381509 ], [ 52.5539951, 54.3811649 ], [ 52.5539138, 54.3807951 ], [ 52.5538611, 54.3804203 ], [ 52.5538435, 54.3800531 ], [ 52.5538479, 54.3796948 ], [ 52.5538875, 54.3792867 ], [ 52.5540017, 54.3780673 ], [ 52.5540083, 54.3777142 ], [ 52.5539951, 54.3774058 ], [ 52.553916, 54.3770553 ], [ 52.5538216, 54.3766842 ], [ 52.5537117, 54.376363 ], [ 52.5535777, 54.3760124 ], [ 52.5519873, 54.3725127 ], [ 52.5517983, 54.3720776 ], [ 52.551638, 54.3716681 ], [ 52.5515501, 54.371288 ], [ 52.5514996, 54.3709233 ], [ 52.5514864, 54.3705727 ], [ 52.5515105, 54.37024 ], [ 52.5515786, 54.3698701 ], [ 52.5516951, 54.3694977 ], [ 52.5518686, 54.3691138 ], [ 52.5520685, 54.3687631 ], [ 52.5523278, 54.3684022 ], [ 52.5526111, 54.3680618 ], [ 52.5529363, 54.3677329 ], [ 52.5532768, 54.367436 ], [ 52.5536546, 54.367157 ], [ 52.5540347, 54.3669035 ], [ 52.5545883, 54.3665605 ], [ 52.5590873, 54.3638805 ], [ 52.5595706, 54.3635618 ], [ 52.56001, 54.3632405 ], [ 52.5604427, 54.3628667 ], [ 52.5607635, 54.3625467 ], [ 52.5610644, 54.3621756 ], [ 52.5613083, 54.3618056 ], [ 52.5614884, 54.3614562 ], [ 52.5616246, 54.3610824 ], [ 52.5617213, 54.3606728 ], [ 52.5617696, 54.3602978 ], [ 52.5617784, 54.3599496 ], [ 52.5617537, 54.3593461 ], [ 52.5617084, 54.3586194 ], [ 52.5617143, 54.3582534 ], [ 52.5617498, 54.3579176 ], [ 52.5618237, 54.3575833 ], [ 52.5619329, 54.3572496 ], [ 52.562057, 54.3569431 ], [ 52.5622342, 54.3566023 ], [ 52.5624236, 54.3562988 ], [ 52.5626691, 54.3559851 ], [ 52.5629347, 54.3556893 ], [ 52.5632186, 54.3554032 ], [ 52.5635384, 54.3551358 ], [ 52.5638927, 54.3548725 ], [ 52.5643118, 54.3545887 ], [ 52.5656434, 54.3538007 ], [ 52.5660474, 54.3535433 ], [ 52.5664014, 54.3532727 ], [ 52.5667596, 54.3529621 ], [ 52.5671146, 54.3526213 ], [ 52.5674053, 54.3522841 ], [ 52.5676468, 54.351962 ], [ 52.5678588, 54.3516251 ], [ 52.5680244, 54.3512797 ], [ 52.5681493, 54.3509377 ], [ 52.5682453, 54.3505376 ], [ 52.568292, 54.3501841 ], [ 52.568796, 54.345178 ], [ 52.5688047, 54.34483 ], [ 52.5687814, 54.3444705 ], [ 52.5687233, 54.3441418 ], [ 52.5686245, 54.3437757 ], [ 52.5684701, 54.3433972 ], [ 52.5681813, 54.3427845 ], [ 52.5673515, 54.3410533 ], [ 52.567289, 54.3409283 ] ], [ [ 52.5425938, 54.4154859 ], [ 52.5419118, 54.4160703 ] ], [ [ 52.5875589, 54.4127186 ], [ 52.5873828, 54.4126705 ], [ 52.5867433, 54.4125142 ], [ 52.5862551, 54.4124308 ], [ 52.5857081, 54.4123848 ], [ 52.5852116, 54.412372 ], [ 52.5846339, 54.4123848 ], [ 52.5816836, 54.4124674 ], [ 52.5810597, 54.4124635 ], [ 52.5805764, 54.4124405 ], [ 52.5800228, 54.4123753 ], [ 52.5795637, 54.4122922 ], [ 52.5791419, 54.412181 ], [ 52.5786784, 54.4120186 ], [ 52.5782741, 54.4118409 ], [ 52.5779161, 54.4116479 ], [ 52.5775602, 54.4114114 ], [ 52.5773054, 54.4111864 ], [ 52.5770659, 54.4109396 ], [ 52.5768572, 54.4107031 ], [ 52.576609, 54.4103899 ], [ 52.5764047, 54.4101304 ], [ 52.5761762, 54.4098606 ], [ 52.5758664, 54.4095742 ], [ 52.5755853, 54.4093581 ], [ 52.5752513, 54.4091318 ], [ 52.5748383, 54.4088723 ], [ 52.5705985, 54.4060684 ], [ 52.5701723, 54.4058127 ], [ 52.5696869, 54.4055595 ], [ 52.5693222, 54.4054099 ], [ 52.5688521, 54.4052565 ], [ 52.5683512, 54.405135 ], [ 52.567813, 54.4050519 ], [ 52.5672594, 54.4050058 ], [ 52.5666553, 54.4050007 ], [ 52.5661456, 54.4050327 ], [ 52.5656206, 54.4050992 ], [ 52.5651812, 54.4051887 ], [ 52.5647243, 54.4053153 ], [ 52.5642805, 54.4054585 ], [ 52.5581668, 54.4076871 ], [ 52.5574478, 54.4079552 ], [ 52.5567785, 54.4081461 ], [ 52.5561625, 54.4083468 ], [ 52.5538159, 54.4090305 ], [ 52.5514735, 54.4097506 ], [ 52.5500739, 54.4101533 ], [ 52.5493706, 54.4103818 ], [ 52.5487592, 54.4106075 ], [ 52.5481254, 54.4108794 ], [ 52.5475811, 54.4111557 ], [ 52.5471113, 54.4114348 ], [ 52.5466416, 54.4117545 ], [ 52.5460824, 54.4122101 ], [ 52.5456201, 54.4126325 ], [ 52.5448446, 54.4133571 ], [ 52.5442829, 54.4138749 ], [ 52.5425938, 54.4154859 ] ], [ [ 52.5673009, 54.340582 ], [ 52.5673512, 54.3406884 ], [ 52.5684644, 54.3430413 ], [ 52.568622, 54.3433746 ], [ 52.5687784, 54.343758 ], [ 52.5688788, 54.34413 ], [ 52.5689379, 54.3444641 ], [ 52.5689615, 54.344829 ], [ 52.5689527, 54.3451814 ], [ 52.5684484, 54.3501903 ], [ 52.5684012, 54.3505474 ], [ 52.5683038, 54.3509536 ], [ 52.5681767, 54.3513016 ], [ 52.5680081, 54.3516531 ], [ 52.5677923, 54.351996 ], [ 52.5675473, 54.3523229 ], [ 52.5672519, 54.3526656 ], [ 52.5668917, 54.3530114 ], [ 52.5665289, 54.3533259 ], [ 52.5661678, 54.3536019 ], [ 52.5657571, 54.3538636 ], [ 52.5644272, 54.3546506 ], [ 52.5640138, 54.3549306 ], [ 52.5636645, 54.3551901 ], [ 52.563351, 54.3554523 ], [ 52.5630721, 54.3557334 ], [ 52.56281, 54.3560252 ], [ 52.5625689, 54.3563334 ], [ 52.562383, 54.3566312 ], [ 52.5622085, 54.3569669 ], [ 52.5620863, 54.3572686 ], [ 52.5619786, 54.3575977 ], [ 52.5619059, 54.3579262 ], [ 52.561871, 54.3582566 ], [ 52.5618652, 54.3586182 ], [ 52.5619103, 54.3593428 ], [ 52.562028, 54.3619453 ], [ 52.5620782, 54.3623448 ], [ 52.5621545, 54.3626799 ], [ 52.562248, 54.3629624 ], [ 52.5623851, 54.3632717 ], [ 52.562568, 54.3636003 ], [ 52.5627729, 54.3639027 ], [ 52.5629993, 54.3642045 ], [ 52.5632473, 54.3644682 ], [ 52.563568, 54.3647872 ], [ 52.5638786, 54.3650479 ], [ 52.5651611, 54.3659831 ], [ 52.5655133, 54.3662683 ], [ 52.5658128, 54.3665475 ], [ 52.5660941, 54.3668534 ], [ 52.566358, 54.3671777 ], [ 52.5665794, 54.3675271 ], [ 52.5667722, 54.3678552 ], [ 52.5669469, 54.368168 ], [ 52.5670552, 54.368481 ], [ 52.567157, 54.3688766 ], [ 52.5672146, 54.3692573 ], [ 52.5672257, 54.3696243 ], [ 52.5671924, 54.3699694 ], [ 52.5671149, 54.3703525 ], [ 52.5669975, 54.3707306 ], [ 52.5668535, 54.3710647 ], [ 52.566675, 54.3714115 ], [ 52.5662888, 54.3721477 ], [ 52.5661491, 54.3724567 ], [ 52.5660381, 54.3727583 ], [ 52.5659555, 54.3731016 ], [ 52.5659098, 54.3734881 ], [ 52.5659185, 54.3738446 ], [ 52.5659533, 54.3741921 ], [ 52.566036, 54.3745329 ], [ 52.5661581, 54.3748897 ], [ 52.5663018, 54.3752132 ], [ 52.5664868, 54.3755441 ], [ 52.5667227, 54.3758838 ], [ 52.5669611, 54.3762137 ], [ 52.5693754, 54.3791322 ], [ 52.5696231, 54.3794737 ], [ 52.5698292, 54.3798065 ], [ 52.5700201, 54.3801944 ], [ 52.5701442, 54.3805972 ], [ 52.5702261, 54.3809646 ], [ 52.5702659, 54.3813289 ], [ 52.5702924, 54.3816989 ], [ 52.5702265, 54.3863512 ], [ 52.5702946, 54.3928736 ], [ 52.5703338, 54.3932778 ], [ 52.5704014, 54.3936519 ], [ 52.5705324, 54.3940586 ], [ 52.5706588, 54.3944025 ], [ 52.5708712, 54.3948055 ], [ 52.5710896, 54.3952806 ], [ 52.5712356, 54.3956605 ], [ 52.5713287, 54.3960129 ], [ 52.5713928, 54.396438 ], [ 52.5714106, 54.3968077 ], [ 52.5713973, 54.3972155 ], [ 52.5713466, 54.3976386 ], [ 52.5712699, 54.3983484 ], [ 52.5712568, 54.3987327 ], [ 52.5712677, 54.3991623 ], [ 52.5713288, 54.399573 ], [ 52.571401, 54.3999396 ], [ 52.5714992, 54.4003055 ], [ 52.5716324, 54.4006663 ], [ 52.571783, 54.4010083 ], [ 52.5719509, 54.4013281 ], [ 52.5722066, 54.4017288 ], [ 52.5724643, 54.4020975 ], [ 52.5727066, 54.4023897 ], [ 52.5729822, 54.4027042 ], [ 52.5733206, 54.4030549 ], [ 52.5736282, 54.4033331 ], [ 52.5740661, 54.4037039 ], [ 52.574713, 54.4042144 ], [ 52.5825246, 54.4101989 ], [ 52.582988, 54.4105016 ], [ 52.5835881, 54.410878 ], [ 52.5840797, 54.4111187 ] ], [ [ 52.5849826, 54.4116441 ], [ 52.5835311, 54.4109147 ], [ 52.5829269, 54.4105359 ], [ 52.582459, 54.4102304 ], [ 52.574645, 54.404244 ], [ 52.5739969, 54.4037326 ], [ 52.5735576, 54.4033605 ], [ 52.5732478, 54.4030804 ], [ 52.5729073, 54.4027275 ], [ 52.5726305, 54.4024117 ], [ 52.5723867, 54.4021176 ], [ 52.5721275, 54.4017467 ], [ 52.5718704, 54.4013439 ], [ 52.5717013, 54.4010217 ], [ 52.5715497, 54.4006777 ], [ 52.5714157, 54.4003145 ], [ 52.5713168, 54.3999462 ], [ 52.5712443, 54.3995779 ], [ 52.5711828, 54.3991648 ], [ 52.5711719, 54.3987326 ], [ 52.571185, 54.3983464 ], [ 52.5712619, 54.3976353 ], [ 52.5713124, 54.3972133 ], [ 52.5713256, 54.3968079 ], [ 52.5713081, 54.3964408 ], [ 52.5712443, 54.3960188 ], [ 52.5711521, 54.3956696 ], [ 52.5710071, 54.3952923 ], [ 52.5707896, 54.3948191 ], [ 52.5705765, 54.394415 ], [ 52.5704491, 54.3940684 ], [ 52.5703173, 54.3936591 ], [ 52.5702492, 54.3932818 ], [ 52.5702097, 54.3928751 ], [ 52.5701631, 54.3863521 ], [ 52.5702075, 54.3816999 ], [ 52.5701811, 54.3813315 ], [ 52.5701416, 54.3809694 ], [ 52.5700603, 54.3806048 ], [ 52.5699373, 54.3802056 ], [ 52.5697483, 54.3798218 ], [ 52.569544, 54.3794917 ], [ 52.569298, 54.3791526 ], [ 52.5668837, 54.3762341 ], [ 52.5666443, 54.3759027 ], [ 52.566407, 54.375561 ], [ 52.5662203, 54.3752271 ], [ 52.5660753, 54.3749008 ], [ 52.5659523, 54.3745412 ], [ 52.5658688, 54.374197 ], [ 52.5658336, 54.3738464 ], [ 52.5658248, 54.3734868 ], [ 52.565871, 54.3730965 ], [ 52.5659545, 54.3727497 ], [ 52.5660665, 54.3724452 ], [ 52.5662071, 54.3721342 ], [ 52.5665937, 54.3713971 ], [ 52.5667717, 54.3710516 ], [ 52.5669145, 54.3707201 ], [ 52.5670309, 54.3703452 ], [ 52.5671078, 54.3699651 ], [ 52.5671407, 54.3696234 ], [ 52.5671297, 54.3692599 ], [ 52.5670726, 54.3688824 ], [ 52.5669716, 54.3684895 ], [ 52.5668639, 54.3681785 ], [ 52.5666905, 54.3678688 ], [ 52.5664994, 54.3675437 ], [ 52.5662797, 54.3671969 ], [ 52.5660183, 54.3668757 ], [ 52.5657393, 54.3665723 ], [ 52.5654427, 54.3662959 ], [ 52.5650934, 54.3660131 ], [ 52.5638105, 54.3650775 ], [ 52.5634964, 54.3648138 ], [ 52.5631734, 54.3644925 ], [ 52.562923, 54.3642263 ], [ 52.5626945, 54.3639217 ], [ 52.562488, 54.3636171 ], [ 52.5623035, 54.3632856 ], [ 52.5621651, 54.3629733 ], [ 52.5620706, 54.3626878 ], [ 52.5619938, 54.3623499 ], [ 52.5619432, 54.361948 ], [ 52.5618333, 54.3593444 ], [ 52.5617881, 54.3586188 ], [ 52.561794, 54.358255 ], [ 52.5618292, 54.357922 ], [ 52.5619024, 54.3575906 ], [ 52.5620109, 54.3572592 ], [ 52.562134, 54.3569552 ], [ 52.5623099, 54.356617 ], [ 52.5624975, 54.3563164 ], [ 52.5627407, 54.3560055 ], [ 52.5630046, 54.3557117 ], [ 52.5632859, 54.3554281 ], [ 52.5636025, 54.3551634 ], [ 52.5639542, 54.354902 ], [ 52.5643705, 54.3546202 ], [ 52.5657012, 54.3538327 ], [ 52.5661086, 54.3535731 ], [ 52.5664662, 54.3532998 ], [ 52.5668268, 54.3529871 ], [ 52.5671844, 54.3526438 ], [ 52.5674775, 54.3523038 ], [ 52.5677208, 54.3519793 ], [ 52.5679347, 54.3516393 ], [ 52.5681018, 54.3512908 ], [ 52.5682278, 54.3509457 ], [ 52.5683246, 54.3505426 ], [ 52.5683715, 54.3501872 ], [ 52.5688756, 54.3451797 ], [ 52.5688844, 54.3448295 ], [ 52.568861, 54.3444673 ], [ 52.5688023, 54.3441358 ], [ 52.5687027, 54.3437667 ], [ 52.5685473, 54.3433857 ], [ 52.568121, 54.3424703 ], [ 52.5679217, 54.3420667 ], [ 52.5677731, 54.3417512 ], [ 52.5676094, 54.3414104 ] ], [ [ 52.5840797, 54.4111187 ], [ 52.5854212, 54.4117893 ], [ 52.5859384, 54.4120344 ], [ 52.5864013, 54.4122203 ], [ 52.5868963, 54.4123985 ], [ 52.5874592, 54.4125776 ], [ 52.5889055, 54.413027 ] ], [ [ 52.5849826, 54.4116441 ], [ 52.5840797, 54.4111187 ] ], [ [ 52.5876119, 54.4126808 ], [ 52.5874212, 54.4126238 ], [ 52.5868489, 54.4124387 ], [ 52.5863553, 54.4122619 ], [ 52.5858874, 54.4120739 ], [ 52.5853667, 54.4118272 ], [ 52.5849826, 54.4116441 ] ], [ [ 52.5898839, 54.4135009 ], [ 52.5874921, 54.4127575 ] ], [ [ 52.588128, 54.4128692 ], [ 52.5875589, 54.4127186 ] ], [ [ 52.5886717, 54.4130676 ], [ 52.5875589, 54.4127186 ] ], [ [ 52.5876119, 54.4126808 ], [ 52.5887106, 54.4130233 ] ], [ [ 52.5876119, 54.4126808 ], [ 52.588128, 54.4128692 ] ], [ [ 52.5887106, 54.4130233 ], [ 52.588128, 54.4128692 ] ], [ [ 52.588128, 54.4128692 ], [ 52.5886717, 54.4130676 ] ], [ [ 52.5888224, 54.4131155 ], [ 52.5886717, 54.4130676 ] ], [ [ 52.5889505, 54.4130997 ], [ 52.5887106, 54.4130233 ] ], [ [ 52.5888224, 54.4131155 ], [ 52.5946607, 54.4149257 ], [ 52.6009762, 54.4168569 ], [ 52.6015696, 54.4170494 ], [ 52.6021552, 54.41726 ], [ 52.6026787, 54.4174815 ], [ 52.6050103, 54.4185598 ] ], [ [ 52.5898839, 54.4135009 ], [ 52.5888224, 54.4131155 ] ], [ [ 52.5889055, 54.413027 ], [ 52.5904361, 54.4134136 ], [ 52.5921123, 54.4139096 ] ], [ [ 52.5889055, 54.413027 ], [ 52.5900911, 54.4133944 ] ], [ [ 52.5900911, 54.4133944 ], [ 52.5889505, 54.4130997 ] ], [ [ 52.608318, 54.4210468 ], [ 52.6076817, 54.4203354 ], [ 52.607366, 54.42001 ], [ 52.607023, 54.4196991 ], [ 52.6067024, 54.4194489 ], [ 52.6063445, 54.4192103 ], [ 52.605917, 54.4189529 ], [ 52.6054572, 54.418707 ], [ 52.6027355, 54.4174378 ], [ 52.6022187, 54.417216 ], [ 52.6016247, 54.417002 ], [ 52.6010207, 54.4168096 ], [ 52.5947021, 54.4148804 ], [ 52.5889505, 54.4130997 ] ], [ [ 52.603966, 54.4181343 ], [ 52.6026238, 54.4175139 ], [ 52.6021044, 54.4173013 ], [ 52.6015327, 54.4170902 ], [ 52.6009362, 54.4169022 ], [ 52.5946204, 54.4149697 ], [ 52.5898839, 54.4135009 ] ], [ [ 52.5900911, 54.4133944 ], [ 52.5901735, 54.41342 ] ], [ [ 52.5901735, 54.41342 ], [ 52.5911701, 54.4136837 ] ], [ [ 52.5901735, 54.41342 ], [ 52.594744, 54.4148346 ], [ 52.6010564, 54.4167654 ], [ 52.6016653, 54.416962 ], [ 52.6022643, 54.4171761 ], [ 52.6027863, 54.4173988 ], [ 52.6055053, 54.4186772 ], [ 52.6059701, 54.4189173 ], [ 52.606405, 54.419179 ], [ 52.6067605, 54.4194191 ], [ 52.6070885, 54.4196751 ], [ 52.6074415, 54.4199845 ], [ 52.6077596, 54.4203157 ], [ 52.6084033, 54.4210185 ] ], [ [ 52.5911701, 54.4136837 ], [ 52.5921123, 54.4139096 ] ], [ [ 52.6080368, 54.4205241 ], [ 52.6075128, 54.4199528 ], [ 52.6071567, 54.4196421 ], [ 52.6068185, 54.4193802 ], [ 52.6064523, 54.4191405 ], [ 52.6060124, 54.4188771 ], [ 52.6055521, 54.4186344 ], [ 52.6028234, 54.417356 ], [ 52.6023097, 54.417137 ], [ 52.6017044, 54.4169224 ], [ 52.6010966, 54.4167271 ], [ 52.5947778, 54.4147977 ], [ 52.5911701, 54.4136837 ] ], [ [ 52.5921123, 54.4139096 ], [ 52.5948179, 54.4147539 ], [ 52.6011577, 54.4166886 ], [ 52.6017578, 54.4168795 ], [ 52.602358, 54.4171044 ], [ 52.6028768, 54.4173219 ], [ 52.605608, 54.4186004 ], [ 52.6060836, 54.4188534 ], [ 52.6065159, 54.4191124 ], [ 52.6068973, 54.4193551 ], [ 52.6072559, 54.4196199 ], [ 52.6075916, 54.4199366 ], [ 52.6080368, 54.4205241 ] ], [ [ 52.603966, 54.4181343 ], [ 52.6050103, 54.4185598 ] ], [ [ 52.6090487, 54.4218378 ], [ 52.608226, 54.4210946 ], [ 52.6078134, 54.4206868 ], [ 52.6075326, 54.4203802 ], [ 52.6072144, 54.4200505 ], [ 52.6068938, 54.4197584 ], [ 52.6065757, 54.4195154 ], [ 52.6062078, 54.4192725 ], [ 52.6058027, 54.4190353 ], [ 52.6053379, 54.4187837 ], [ 52.603966, 54.4181343 ] ], [ [ 52.608318, 54.4210468 ], [ 52.6079004, 54.4206535 ], [ 52.6076096, 54.4203571 ], [ 52.6072915, 54.4200273 ], [ 52.6069634, 54.4197251 ], [ 52.6066353, 54.4194764 ], [ 52.6062799, 54.4192406 ], [ 52.6058648, 54.4189934 ], [ 52.6053976, 54.4187432 ], [ 52.6050103, 54.4185598 ] ], [ [ 52.6080368, 54.4205241 ], [ 52.6084033, 54.4210185 ] ], [ [ 52.6084447, 54.4211813 ], [ 52.608318, 54.4210468 ] ], [ [ 52.6084033, 54.4210185 ], [ 52.6091142, 54.4218066 ] ], [ [ 52.6091142, 54.4218066 ], [ 52.6084447, 54.4211813 ] ], [ [ 52.6084447, 54.4211813 ], [ 52.6090487, 54.4218378 ] ], [ [ 52.6097471, 54.4226201 ], [ 52.6090487, 54.4218378 ] ], [ [ 52.6091142, 54.4218066 ], [ 52.6092433, 54.4219499 ] ], [ [ 52.6092433, 54.4219499 ], [ 52.611386, 54.4243088 ], [ 52.6121237, 54.4251013 ], [ 52.6125211, 54.4254999 ], [ 52.6129136, 54.4258544 ], [ 52.6132866, 54.4261636 ], [ 52.6137108, 54.4264799 ], [ 52.6142252, 54.4268345 ], [ 52.6147128, 54.4271479 ], [ 52.6231706, 54.4324061 ], [ 52.6237068, 54.4327193 ], [ 52.6242869, 54.4330154 ], [ 52.6248803, 54.4333039 ], [ 52.6255103, 54.4335664 ], [ 52.6565696, 54.4451858 ], [ 52.6571032, 54.4453714 ], [ 52.6575288, 54.4455106 ], [ 52.6580456, 54.4456656 ], [ 52.6585516, 54.4458003 ], [ 52.6590714, 54.4459352 ], [ 52.6849303, 54.4523716 ], [ 52.6856665, 54.4525601 ], [ 52.6863175, 54.4527486 ], [ 52.687005, 54.4529811 ], [ 52.6876218, 54.4532064 ], [ 52.7030834, 54.4591264 ], [ 52.7037709, 54.4593984 ], [ 52.7044072, 54.4596677 ], [ 52.7049752, 54.4599384 ], [ 52.7055677, 54.4602473 ], [ 52.7061601, 54.4605888 ], [ 52.7066769, 54.4609105 ], [ 52.7071572, 54.4612449 ], [ 52.7077277, 54.4616856 ], [ 52.708186, 54.4620725 ], [ 52.7086809, 54.4625387 ], [ 52.7089905, 54.4628745 ], [ 52.7092758, 54.4632273 ], [ 52.7095829, 54.4636298 ], [ 52.7098463, 54.4640061 ], [ 52.7180879, 54.4759513 ] ], [ [ 52.6092433, 54.4219499 ], [ 52.6097471, 54.4226201 ] ], [ [ 52.7175415, 54.4752824 ], [ 52.7097764, 54.4640281 ], [ 52.7095131, 54.4636497 ], [ 52.7092083, 54.463253 ], [ 52.7089255, 54.4629001 ], [ 52.7086183, 54.4625714 ], [ 52.7081186, 54.4620953 ], [ 52.7076749, 54.4617169 ], [ 52.7070995, 54.4612691 ], [ 52.7066265, 54.460946 ], [ 52.7061195, 54.4606187 ], [ 52.705527, 54.4602814 ], [ 52.7049249, 54.4599711 ], [ 52.7043593, 54.4597061 ], [ 52.7037205, 54.4594326 ], [ 52.7030403, 54.4591591 ], [ 52.6875863, 54.4532421 ], [ 52.6869768, 54.4530168 ], [ 52.6862838, 54.4527871 ], [ 52.6856432, 54.4526015 ], [ 52.684907, 54.4524158 ], [ 52.6590364, 54.4459694 ], [ 52.6585248, 54.4458393 ], [ 52.657987, 54.4456922 ], [ 52.6574863, 54.445543 ], [ 52.6570466, 54.4454023 ], [ 52.6565121, 54.4452148 ], [ 52.6254565, 54.4336009 ], [ 52.624832, 54.4333369 ], [ 52.6242145, 54.4330363 ], [ 52.6236411, 54.4327405 ], [ 52.6231104, 54.4324334 ], [ 52.6146751, 54.4271849 ], [ 52.6141778, 54.4268672 ], [ 52.6136561, 54.4265098 ], [ 52.6132343, 54.4261921 ], [ 52.6128467, 54.4258772 ], [ 52.6124664, 54.4255312 ], [ 52.6120543, 54.425127 ], [ 52.6113072, 54.4243325 ], [ 52.6097471, 54.4226201 ] ], [ [ 52.665656532668933, 56.224724538997521 ], [ 52.6659143, 56.2251178 ], [ 52.6665246, 56.2261661 ], [ 52.6672849, 56.2275155 ], [ 52.6677409, 56.2281954 ], [ 52.6682919, 56.2288633 ], [ 52.6688674, 56.2294135 ], [ 52.6692992, 56.2297445 ], [ 52.6698008, 56.230074 ], [ 52.6703426, 56.2303975 ], [ 52.6709154, 56.2307111 ], [ 52.671268, 56.230888 ], [ 52.6716596, 56.2310625 ], [ 52.672078, 56.2312369 ], [ 52.6724991, 56.2314113 ], [ 52.6733735, 56.2317035 ], [ 52.6743717, 56.2319844 ], [ 52.6779333, 56.2328664 ], [ 52.6820024, 56.2338631 ] ], [ [ 52.6820024, 56.2338631 ], [ 52.6831403, 56.2341425 ], [ 52.6883984, 56.2354337 ], [ 52.6891986, 56.2356303 ], [ 52.6899482, 56.235798 ], [ 52.6904593, 56.235901 ], [ 52.6905879, 56.2359269 ], [ 52.691465, 56.2360999 ], [ 52.6924029, 56.2362408 ], [ 52.6932406, 56.2363473 ], [ 52.6940816, 56.2364287 ], [ 52.6948661, 56.2364874 ], [ 52.6956445, 56.23653 ], [ 52.6965961, 56.236556 ], [ 52.6975365, 56.2365549 ], [ 52.6986614, 56.2365411 ], [ 52.7003914, 56.2364964 ] ], [ [ 52.7003914, 56.2364964 ], [ 52.6993051, 56.236565 ], [ 52.698663, 56.2365815 ], [ 52.6975374, 56.2365953 ], [ 52.6965944, 56.2365964 ], [ 52.6956391, 56.2365703 ], [ 52.6948576, 56.2365276 ], [ 52.6940705, 56.2364686 ], [ 52.6932263, 56.236387 ], [ 52.6923853, 56.23628 ], [ 52.6914433, 56.2361385 ], [ 52.6905634, 56.235965 ], [ 52.6904329, 56.2359387 ], [ 52.6899222, 56.2358358 ], [ 52.6891703, 56.2356675 ], [ 52.688369, 56.2354707 ], [ 52.6831109, 56.2341795 ], [ 52.6827103, 56.2340762 ], [ 52.6820024, 56.2338631 ] ], [ [ 52.7003914, 56.2364964 ], [ 52.7055194, 56.2363769 ], [ 52.70708, 56.236301 ], [ 52.7086071, 56.2361491 ], [ 52.7096549, 56.2359921 ], [ 52.7105742, 56.2357975 ], [ 52.7139467, 56.2351221 ], [ 52.7154923, 56.234767 ], [ 52.7172675, 56.2344281 ], [ 52.718355, 56.2343035 ], [ 52.7195108, 56.2342249 ], [ 52.720769, 56.2342249 ], [ 52.722154, 56.2342682 ], [ 52.7231732, 56.2343685 ], [ 52.7245192, 56.234561 ], [ 52.7269234, 56.2350055 ], [ 52.7286595, 56.235309 ], [ 52.7306883, 56.2358105 ], [ 52.7321757, 56.2363146 ], [ 52.7332632, 56.236732 ], [ 52.7373011, 56.2385018 ], [ 52.7390129, 56.2393663 ], [ 52.7399346, 56.240014 ], [ 52.7407978, 56.2407756 ], [ 52.7414854, 56.2415398 ], [ 52.7421291, 56.242705 ], [ 52.7423339, 56.2433364 ], [ 52.7424266, 56.2441223 ], [ 52.7423742, 56.2454013 ], [ 52.7422053, 56.2474963 ], [ 52.74225, 56.2478805 ], [ 52.7423218, 56.2482599 ], [ 52.7425751, 56.249024 ], [ 52.7429192, 56.249709 ], [ 52.7432343, 56.250165 ], [ 52.7435751, 56.2506058 ], [ 52.7438834, 56.2509503 ], [ 52.7442321, 56.251293 ], [ 52.7448282, 56.2517597 ], [ 52.745474, 56.25219 ], [ 52.7461389, 56.252585 ], [ 52.7470699, 56.2530602 ], [ 52.7480843, 56.2535312 ], [ 52.7535847, 56.255995 ], [ 52.7543484, 56.2563309 ], [ 52.7561089, 56.2571263 ], [ 52.7577878, 56.2578561 ], [ 52.7594617, 56.2584612 ], [ 52.7610522, 56.2589871 ], [ 52.7626991, 56.2595279 ], [ 52.7635521, 56.2598438 ], [ 52.7643594, 56.2601954 ], [ 52.7651318, 56.2605857 ], [ 52.7655718, 56.2608345 ], [ 52.7659419, 56.2610818 ], [ 52.7664247, 56.2614259 ], [ 52.7668377, 56.2617491 ], [ 52.7672723, 56.2621439 ], [ 52.7676317, 56.2625312 ], [ 52.7684471, 56.2635501 ], [ 52.7700698, 56.2656877 ], [ 52.770955, 56.2666082 ], [ 52.7723122, 56.2676836 ], [ 52.7746725, 56.2695663 ], [ 52.7756113, 56.2704808 ], [ 52.7775184, 56.2730946 ], [ 52.7799779, 56.2771733 ], [ 52.7811474, 56.2790704 ], [ 52.7823222, 56.2808125 ], [ 52.7830142, 56.2814915 ], [ 52.7837598, 56.2820543 ], [ 52.7850527, 56.2828732 ], [ 52.7861041, 56.2833824 ], [ 52.7873111, 56.283838 ], [ 52.7890277, 56.2843382 ], [ 52.7921176, 56.2850767 ], [ 52.7937323, 56.2855382 ], [ 52.7952772, 56.2861069 ], [ 52.7965218, 56.2867173 ], [ 52.7974874, 56.287286 ], [ 52.8005344, 56.2893433 ], [ 52.8044665, 56.2919215 ], [ 52.8066659, 56.2933713 ], [ 52.8079158, 56.2944043 ], [ 52.8098309, 56.2964612 ], [ 52.810834, 56.2974108 ], [ 52.8116977, 56.2980567 ], [ 52.8130066, 56.298777 ], [ 52.8143424, 56.2993961 ], [ 52.8166331, 56.3003309 ], [ 52.8253331, 56.3041289 ], [ 52.8320347, 56.3070372 ], [ 52.8336102, 56.3077564 ], [ 52.834958, 56.3083958 ], [ 52.8370632, 56.3095147 ], [ 52.8402745, 56.311257 ], [ 52.8416517, 56.3119977 ], [ 52.8424656, 56.3124312 ], [ 52.8449035, 56.3136546 ], [ 52.8462559, 56.3142501 ], [ 52.8470878, 56.3145903 ], [ 52.8483565, 56.3150672 ], [ 52.8494068, 56.3154203 ], [ 52.8513355, 56.3160389 ], [ 52.8556251, 56.3173483 ], [ 52.8642613, 56.3199989 ], [ 52.8648874, 56.3202297 ], [ 52.8657658, 56.3205777 ], [ 52.8664815, 56.320923 ], [ 52.8673289, 56.3213861 ], [ 52.8680749, 56.3218818 ], [ 52.868512, 56.3222426 ], [ 52.8694683, 56.32313 ], [ 52.8711685, 56.3251452 ] ], [ [ 52.7175415, 54.4752824 ], [ 52.7180879, 54.4759513 ] ], [ [ 52.7175415, 54.4752824 ], [ 52.7185779, 54.476797 ] ], [ [ 52.7180879, 54.4759513 ], [ 52.7181854, 54.4760958 ] ], [ [ 52.7181854, 54.4760958 ], [ 52.7187751, 54.4769395 ], [ 52.7188997, 54.4771214 ] ], [ [ 52.7185779, 54.476797 ], [ 52.7181854, 54.4760958 ] ], [ [ 52.7187413, 54.4770293 ], [ 52.7186909, 54.4769532 ], [ 52.7185779, 54.476797 ] ], [ [ 52.7190387, 54.4774557 ], [ 52.7187413, 54.4770293 ] ], [ [ 52.7187413, 54.4770293 ], [ 52.7192843, 54.4780438 ], [ 52.7195257, 54.4784333 ], [ 52.7214224, 54.4811769 ], [ 52.7240139, 54.4849174 ], [ 52.7242772, 54.4852332 ], [ 52.7245795, 54.4855604 ] ], [ [ 52.7188997, 54.4771214 ], [ 52.7194379, 54.4777704 ], [ 52.7217381, 54.4811054 ], [ 52.7251695, 54.4860504 ], [ 52.7255334, 54.4867115 ] ], [ [ 52.7188997, 54.4771214 ], [ 52.7216583, 54.4811235 ], [ 52.7255334, 54.4867115 ] ], [ [ 52.7190387, 54.4774557 ], [ 52.7215769, 54.4811419 ], [ 52.7249483, 54.4859849 ] ], [ [ 52.7245795, 54.4855604 ], [ 52.7241943, 54.485059 ], [ 52.721505, 54.4811582 ], [ 52.7194842, 54.4782379 ], [ 52.7190387, 54.4774557 ] ], [ [ 52.7264714, 54.4879339 ], [ 52.7258789, 54.4870842 ], [ 52.7256961, 54.486791 ], [ 52.7254669, 54.4863761 ], [ 52.7252231, 54.4859994 ], [ 52.721821, 54.4810867 ], [ 52.7205082, 54.4791826 ] ], [ [ 52.7249483, 54.4859849 ], [ 52.7245795, 54.4855604 ] ], [ [ 52.7252554, 54.486441 ], [ 52.7249483, 54.4859849 ] ], [ [ 52.7258186, 54.487125 ], [ 52.7252554, 54.486441 ] ], [ [ 52.7252554, 54.486441 ], [ 52.7265792, 54.4883669 ] ], [ [ 52.7255334, 54.4867115 ], [ 52.7258186, 54.487125 ] ], [ [ 52.7258186, 54.487125 ], [ 52.7259186, 54.4872751 ] ], [ [ 52.7259186, 54.4872751 ], [ 52.7264714, 54.4879339 ] ], [ [ 52.7259186, 54.4872751 ], [ 52.7261867, 54.4876659 ] ], [ [ 52.7261867, 54.4876659 ], [ 52.7274057, 54.4893964 ], [ 52.7277421, 54.4898269 ], [ 52.7281151, 54.4902886 ], [ 52.7409875, 54.5051459 ], [ 52.7412946, 54.5055465 ], [ 52.7416067, 54.506025 ], [ 52.7418773, 54.5065062 ], [ 52.7423844, 54.5074688 ], [ 52.7426477, 54.5078863 ], [ 52.7429427, 54.5082841 ], [ 52.7432937, 54.5086761 ], [ 52.7437106, 54.5090569 ], [ 52.7441519, 54.5093952 ], [ 52.7446224, 54.5097122 ], [ 52.7451514, 54.5100108 ], [ 52.7456707, 54.5102656 ], [ 52.7463504, 54.5105488 ], [ 52.7476163, 54.5110195 ], [ 52.7489864, 54.5114401 ], [ 52.7495509, 54.5115966 ], [ 52.7502988, 54.5117792 ], [ 52.7511157, 54.5119354 ], [ 52.7517182, 54.5120264 ], [ 52.752271, 54.5120873 ], [ 52.7531397, 54.5121416 ], [ 52.7589989, 54.5122338 ], [ 52.7606231, 54.5122366 ], [ 52.76151, 54.5122529 ], [ 52.7619266, 54.5122693 ], [ 52.7623422, 54.5123035 ], [ 52.763046, 54.5123772 ], [ 52.7636111, 54.512453 ], [ 52.7641928, 54.5125575 ], [ 52.7647778, 54.5126881 ], [ 52.7653656, 54.5128359 ], [ 52.7677857, 54.5135656 ], [ 52.7689843, 54.5139078 ], [ 52.7695006, 54.5140263 ], [ 52.7699894, 54.5141175 ], [ 52.7705391, 54.5142019 ], [ 52.7716394, 54.514344 ], [ 52.7721164, 54.5144149 ], [ 52.7724516, 54.5144756 ], [ 52.7728426, 54.514558 ], [ 52.7734474, 54.5147025 ], [ 52.7739242, 54.5148306 ], [ 52.7744026, 54.5149828 ], [ 52.7748522, 54.5151498 ], [ 52.7752931, 54.5153351 ], [ 52.7766761, 54.5159594 ], [ 52.7770257, 54.5161099 ], [ 52.7774781, 54.5162802 ], [ 52.7779363, 54.5164395 ], [ 52.7787709, 54.5166912 ], [ 52.7796448, 54.5169394 ], [ 52.7812187, 54.5173737 ], [ 52.7819172, 54.5175817 ], [ 52.7823892, 54.5177359 ], [ 52.7828089, 54.5178936 ], [ 52.783159, 54.5180395 ], [ 52.7835567, 54.5182249 ], [ 52.7841494, 54.5185364 ], [ 52.7845564, 54.5187821 ], [ 52.7849644, 54.519056 ], [ 52.785345, 54.5193192 ], [ 52.7857332, 54.519584 ], [ 52.786338, 54.5199436 ], [ 52.786839, 54.5202019 ], [ 52.7872335, 54.5203827 ], [ 52.7877018, 54.5205692 ], [ 52.78815, 54.5207296 ], [ 52.7886119, 54.5208885 ], [ 52.7890798, 54.5210258 ], [ 52.7898948, 54.5212426 ], [ 52.7906999, 54.5214126 ], [ 52.7914872, 54.5215573 ], [ 52.7924296, 54.5216858 ], [ 52.792936, 54.521739 ], [ 52.7934669, 54.5217837 ], [ 52.7940447, 54.5218102 ], [ 52.7946374, 54.5218319 ], [ 52.795355, 54.521846 ], [ 52.7960424, 54.5218436 ], [ 52.796759, 54.5218154 ], [ 52.7975322, 54.5217807 ] ], [ [ 52.7261867, 54.4876659 ], [ 52.7265792, 54.4883669 ] ], [ [ 52.7262214, 54.4866314 ], [ 52.7286462, 54.4898721 ], [ 52.7289745, 54.4902989 ], [ 52.7291871, 54.4905996 ], [ 52.7293298, 54.4908941 ], [ 52.7296095, 54.4916413 ], [ 52.7298078, 54.4919246 ], [ 52.72997, 54.4921355 ], [ 52.7303501, 54.4925219 ] ], [ [ 52.7264714, 54.4879339 ], [ 52.7274855, 54.4893684 ], [ 52.7278171, 54.4897989 ], [ 52.728195, 54.4902676 ], [ 52.7285875, 54.4907236 ], [ 52.7295553, 54.4918394 ], [ 52.7298406, 54.4921226 ], [ 52.7300941, 54.4923421 ], [ 52.7303501, 54.4925219 ] ], [ [ 52.7265792, 54.4883669 ], [ 52.7273301, 54.4894191 ], [ 52.7276739, 54.489851 ], [ 52.7280518, 54.4903155 ], [ 52.7284394, 54.4907644 ], [ 52.7288636, 54.4912529 ], [ 52.7409241, 54.50517 ], [ 52.7412264, 54.5055663 ], [ 52.7415409, 54.5060448 ], [ 52.741809, 54.5065261 ], [ 52.7423088, 54.50749 ], [ 52.7425697, 54.5079061 ], [ 52.7428695, 54.5083095 ], [ 52.7432304, 54.5087044 ], [ 52.7436472, 54.5090894 ], [ 52.7440983, 54.5094291 ], [ 52.7445712, 54.5097532 ], [ 52.7450929, 54.5100505 ], [ 52.7456317, 54.5103123 ], [ 52.7462948, 54.5105883 ], [ 52.7475722, 54.5110579 ], [ 52.7489299, 54.5114912 ], [ 52.7495161, 54.5116527 ], [ 52.7502517, 54.5118291 ], [ 52.7510772, 54.5119867 ], [ 52.7516887, 54.5120793 ], [ 52.7522614, 54.5121365 ], [ 52.7531223, 54.5121952 ], [ 52.7589843, 54.5122786 ], [ 52.7606231, 54.5122926 ], [ 52.7615005, 54.5123053 ], [ 52.7619079, 54.5123253 ], [ 52.7623019, 54.5123504 ], [ 52.76301, 54.5124257 ], [ 52.7635816, 54.5125091 ], [ 52.7641551, 54.512607 ], [ 52.7647269, 54.5127348 ], [ 52.7653216, 54.5128842 ], [ 52.7677339, 54.5136164 ], [ 52.7689371, 54.5139559 ], [ 52.7694683, 54.5140702 ], [ 52.7699625, 54.5141642 ], [ 52.7705214, 54.5142493 ], [ 52.7716134, 54.5143953 ], [ 52.7720788, 54.5144632 ], [ 52.7724007, 54.5145254 ], [ 52.7727888, 54.5146048 ], [ 52.7734077, 54.5147496 ], [ 52.7738866, 54.5148742 ], [ 52.7743476, 54.5150223 ], [ 52.774804, 54.5151888 ], [ 52.7752403, 54.5153687 ], [ 52.7766171, 54.516003 ], [ 52.7769757, 54.5161522 ], [ 52.7774298, 54.5163268 ], [ 52.7778939, 54.5164767 ], [ 52.7787173, 54.5167286 ], [ 52.7795947, 54.5169869 ], [ 52.781175, 54.5174159 ], [ 52.7818716, 54.5176285 ], [ 52.7823114, 54.5177717 ], [ 52.7827474, 54.51793 ], [ 52.7831054, 54.5180768 ], [ 52.7835003, 54.5182624 ], [ 52.7840773, 54.5185678 ], [ 52.7844867, 54.5188163 ], [ 52.7848793, 54.519085 ], [ 52.7852645, 54.5193535 ], [ 52.7856369, 54.5196151 ], [ 52.7862602, 54.5199749 ], [ 52.7867666, 54.5202393 ], [ 52.7871704, 54.5204198 ], [ 52.787648, 54.5206082 ], [ 52.7880961, 54.5207727 ], [ 52.788561, 54.5209305 ], [ 52.7890345, 54.521073 ], [ 52.7898881, 54.5213044 ], [ 52.7906725, 54.5214667 ], [ 52.7914674, 54.5216113 ], [ 52.7924041, 54.5217341 ], [ 52.7929169, 54.5217883 ], [ 52.7934566, 54.5218272 ], [ 52.7940381, 54.5218568 ], [ 52.7946238, 54.5218806 ], [ 52.7953497, 54.5218972 ], [ 52.796042, 54.5218851 ], [ 52.7967605, 54.521863 ], [ 52.7975356, 54.5218276 ], [ 52.8022378, 54.5216168 ] ], [ [ 52.7303501, 54.4925219 ], [ 52.7307445, 54.4927564 ], [ 52.7315624, 54.4931557 ], [ 52.7324225, 54.4934754 ], [ 52.7329086, 54.4936155 ], [ 52.7334215, 54.493743 ], [ 52.7341302, 54.4938687 ], [ 52.7344492, 54.4939182 ], [ 52.7353037, 54.4939364 ], [ 52.7371005, 54.494106 ], [ 52.743299, 54.4947011 ], [ 52.7440341, 54.4947216 ], [ 52.7447887, 54.4947059 ], [ 52.7456252, 54.49467 ], [ 52.7461913, 54.4946164 ], [ 52.7465016, 54.4945543 ], [ 52.7467616, 54.4944764 ] ], [ [ 52.742997, 54.5319723 ], [ 52.7427146, 54.5321655 ], [ 52.7411925, 54.5330392 ], [ 52.7380691, 54.5345986 ], [ 52.7341111, 54.5365291 ] ], [ [ 52.742997, 54.5319723 ], [ 52.7424618, 54.5322478 ], [ 52.741912, 54.5324501 ], [ 52.7412683, 54.5326042 ], [ 52.7406312, 54.5326929 ], [ 52.7375923, 54.5330898 ] ], [ [ 52.744332, 54.5312485 ], [ 52.7442113, 54.5313085 ], [ 52.7432031, 54.5318478 ], [ 52.742997, 54.5319723 ] ], [ [ 52.744332, 54.5312485 ], [ 52.7448557, 54.5309311 ], [ 52.7452983, 54.5305591 ], [ 52.7456309, 54.5301918 ], [ 52.7458381, 54.5297739 ], [ 52.7465053, 54.528163 ] ], [ [ 52.7469409, 54.529945 ], [ 52.7452816, 54.530776 ], [ 52.744332, 54.5312485 ] ], [ [ 52.7452618, 54.5346655 ], [ 52.7452416, 54.5349088 ], [ 52.7452037, 54.5351137 ], [ 52.7451152, 54.5353066 ], [ 52.7449999, 54.5354934 ], [ 52.744847, 54.5356599 ], [ 52.7443535, 54.5361143 ] ], [ [ 52.7454907, 54.5319062 ], [ 52.7452618, 54.5346655 ] ], [ [ 52.7454907, 54.5319062 ], [ 52.7455283, 54.5323637 ], [ 52.7455256, 54.5326065 ], [ 52.7453754, 54.5341566 ], [ 52.7452618, 54.5346655 ] ], [ [ 52.7469409, 54.529945 ], [ 52.746396, 54.5302642 ], [ 52.7461599, 54.5304478 ], [ 52.7459561, 54.5306315 ], [ 52.7457469, 54.5308494 ], [ 52.7456208, 54.5310673 ], [ 52.745543, 54.5312914 ], [ 52.7455202, 54.5315124 ], [ 52.7454907, 54.5319062 ] ], [ [ 52.7482789, 54.5292749 ], [ 52.7476969, 54.5296136 ], [ 52.7474286, 54.5297926 ], [ 52.7472087, 54.5299856 ], [ 52.7469807, 54.5302128 ], [ 52.7468278, 54.5304369 ], [ 52.7467527, 54.5306766 ], [ 52.746728, 54.5309069 ], [ 52.7466882, 54.5313379 ], [ 52.7465589, 54.5331948 ] ], [ [ 52.7477613, 54.5295341 ], [ 52.7472047, 54.5298533 ], [ 52.7469686, 54.5300338 ], [ 52.7467701, 54.5302144 ], [ 52.7465583, 54.5304541 ], [ 52.7464617, 54.5306938 ], [ 52.7463725, 54.5311669 ], [ 52.7460346, 54.5337099 ], [ 52.7460332, 54.5339978 ], [ 52.7460788, 54.5342033 ], [ 52.7462236, 54.5344476 ], [ 52.7463658, 54.5347013 ], [ 52.7464029, 54.534938 ], [ 52.7464034, 54.5352086 ], [ 52.7464811, 54.5354638 ], [ 52.746744, 54.5360412 ], [ 52.746862, 54.5364147 ], [ 52.7468781, 54.5367757 ], [ 52.7468815, 54.5382167 ] ], [ [ 52.7477613, 54.5295341 ], [ 52.7469409, 54.529945 ] ], [ [ 52.7476439, 54.5267658 ], [ 52.7510098, 54.5250747 ], [ 52.7516665, 54.5248413 ], [ 52.7520259, 54.5247541 ], [ 52.7523886, 54.5246907 ], [ 52.752903, 54.5246747 ], [ 52.7533696, 54.5246899 ], [ 52.7549459, 54.5247793 ], [ 52.7556053, 54.5248008 ], [ 52.7559661, 54.5247915 ], [ 52.7563295, 54.5247479 ], [ 52.7566501, 54.5246965 ], [ 52.7569786, 54.5246311 ], [ 52.7572831, 54.5245362 ], [ 52.7575634, 54.5244132 ], [ 52.7587918, 54.5237937 ] ], [ [ 52.7482789, 54.5292749 ], [ 52.7477613, 54.5295341 ] ], [ [ 52.7493449, 54.528741 ], [ 52.7489226, 54.528977 ], [ 52.7485981, 54.5292416 ], [ 52.7484693, 54.5294175 ], [ 52.7483915, 54.5295934 ], [ 52.7483433, 54.5297661 ], [ 52.7483164, 54.5299342 ], [ 52.7481874, 54.5316655 ], [ 52.7481721, 54.5318452 ], [ 52.7480509, 54.5336134 ] ], [ [ 52.7493449, 54.528741 ], [ 52.7482789, 54.5292749 ] ], [ [ 52.749949, 54.5284387 ], [ 52.748995, 54.5290237 ], [ 52.7487456, 54.5292899 ], [ 52.7486383, 54.5294471 ], [ 52.7485578, 54.5296074 ], [ 52.7485042, 54.5297724 ], [ 52.7484599, 54.5299342 ], [ 52.7483687, 54.5313007 ] ], [ [ 52.749949, 54.5284387 ], [ 52.7493449, 54.528741 ] ], [ [ 52.7525687, 54.5271279 ], [ 52.749949, 54.5284387 ] ], [ [ 52.7525687, 54.5271279 ], [ 52.7519938, 54.5274563 ], [ 52.7517336, 54.5276369 ], [ 52.7515136, 54.5278237 ], [ 52.7513152, 54.5280618 ], [ 52.7511891, 54.5282922 ], [ 52.7511113, 54.5285272 ], [ 52.7510724, 54.5287513 ] ], [ [ 52.7539934, 54.526415 ], [ 52.7534877, 54.5267045 ], [ 52.7530666, 54.5270065 ], [ 52.7528601, 54.5272104 ], [ 52.7527099, 54.5274174 ], [ 52.7526214, 54.5276369 ], [ 52.7525825, 54.5278501 ], [ 52.7524779, 54.5291544 ] ], [ [ 52.7539934, 54.526415 ], [ 52.7525687, 54.5271279 ] ], [ [ 52.7544747, 54.5261742 ], [ 52.7539893, 54.5264555 ], [ 52.7538096, 54.5266267 ], [ 52.7536674, 54.5267979 ], [ 52.7535521, 54.5270003 ], [ 52.7534851, 54.5271964 ], [ 52.7534502, 54.5275995 ], [ 52.7534529, 54.528521 ] ], [ [ 52.7544747, 54.5261742 ], [ 52.7539934, 54.526415 ] ], [ [ 52.7552145, 54.5258006 ], [ 52.7545518, 54.5261356 ], [ 52.7544747, 54.5261742 ] ], [ [ 52.7557987, 54.5255059 ], [ 52.7552145, 54.5258006 ] ], [ [ 52.7552145, 54.5258006 ], [ 52.7560577, 54.5254465 ], [ 52.7565763, 54.5252818 ], [ 52.7571369, 54.525151 ], [ 52.7581741, 54.5249781 ], [ 52.7588079, 54.5248273 ], [ 52.7594161, 54.5245646 ] ], [ [ 52.7556121, 54.5272306 ], [ 52.7576179, 54.5256584 ], [ 52.7581065, 54.5253067 ], [ 52.758651, 54.5249658 ], [ 52.7594161, 54.5245646 ] ], [ [ 52.7562974, 54.5252543 ], [ 52.7557987, 54.5255059 ] ], [ [ 52.7611066, 54.5228281 ], [ 52.7605929, 54.5231352 ], [ 52.7601799, 54.5233625 ], [ 52.7567493, 54.5250763 ], [ 52.7563926, 54.5252507 ], [ 52.7557987, 54.5255059 ] ], [ [ 52.7587918, 54.5237937 ], [ 52.7580086, 54.5241486 ], [ 52.757507, 54.524379 ], [ 52.75722, 54.5244661 ], [ 52.7569169, 54.5245206 ], [ 52.7560399, 54.5246623 ] ], [ [ 52.7562974, 54.5252543 ], [ 52.7566963, 54.5250172 ] ], [ [ 52.7611066, 54.5228281 ], [ 52.7562974, 54.5252543 ] ], [ [ 52.7566963, 54.5250172 ], [ 52.7570933, 54.5247479 ], [ 52.7576532, 54.5244299 ], [ 52.7598161, 54.5233311 ] ], [ [ 52.7566963, 54.5250172 ], [ 52.75733, 54.5246701 ], [ 52.7602697, 54.5231694 ], [ 52.7610775, 54.5227949 ] ], [ [ 52.7587918, 54.5237937 ], [ 52.7590439, 54.5236722 ], [ 52.7598161, 54.5233311 ] ], [ [ 52.7594161, 54.5245646 ], [ 52.7605192, 54.5240675 ], [ 52.7623714, 54.523125 ], [ 52.7626938, 54.5229546 ], [ 52.7629325, 54.5227834 ], [ 52.7633308, 54.5224071 ] ], [ [ 52.7598161, 54.5233311 ], [ 52.7604487, 54.5230511 ], [ 52.7610775, 54.5227949 ] ], [ [ 52.7610775, 54.5227949 ], [ 52.7615708, 54.5225939 ] ], [ [ 52.7615708, 54.5225939 ], [ 52.7611066, 54.5228281 ] ], [ [ 52.764679, 54.5210583 ], [ 52.7618468, 54.522458 ], [ 52.7615708, 54.5225939 ] ], [ [ 52.7633308, 54.5224071 ], [ 52.7631242, 54.5225771 ], [ 52.7628917, 54.5227231 ] ], [ [ 52.7633308, 54.5224071 ], [ 52.7636298, 54.5220751 ], [ 52.7638936, 54.5217005 ], [ 52.764679, 54.5210583 ] ], [ [ 52.7705685, 54.5188935 ], [ 52.7696172, 54.5190253 ], [ 52.7686757, 54.5192464 ], [ 52.7677423, 54.51955 ], [ 52.7668795, 54.5199313 ], [ 52.7656864, 54.5205423 ], [ 52.7654656, 54.5206554 ], [ 52.764679, 54.5210583 ] ], [ [ 52.776424, 54.5153633 ], [ 52.774051, 54.5145816 ], [ 52.7725569, 54.514162 ], [ 52.7699965, 54.5136688 ], [ 52.7689333, 54.5134411 ] ], [ [ 52.7729945, 54.5188127 ], [ 52.7717683, 54.5188198 ], [ 52.7711675, 54.5188479 ], [ 52.7705685, 54.5188935 ] ], [ [ 52.7705685, 54.5188935 ], [ 52.7713714, 54.5188743 ], [ 52.7724764, 54.5188883 ], [ 52.7730156, 54.5189117 ], [ 52.7732882, 54.5189399 ], [ 52.7736352, 54.5190004 ], [ 52.773957, 54.5190689 ], [ 52.7748341, 54.5192931 ] ], [ [ 52.7766459, 54.5191502 ], [ 52.7757849, 54.5189755 ], [ 52.774881, 54.5188588 ], [ 52.7739396, 54.5188152 ], [ 52.7729945, 54.5188127 ] ], [ [ 52.7789783, 54.5212223 ], [ 52.7764816, 54.5195895 ], [ 52.7755945, 54.5191651 ], [ 52.7748585, 54.5189631 ], [ 52.7739478, 54.5188516 ], [ 52.7729945, 54.5188127 ] ], [ [ 52.7828316, 54.517549 ], [ 52.7821137, 54.5172526 ], [ 52.776424, 54.5153633 ] ], [ [ 52.776424, 54.5153633 ], [ 52.776859, 54.5155313 ], [ 52.777579, 54.515803 ], [ 52.7796981, 54.5165201 ], [ 52.7823349, 54.5173718 ] ], [ [ 52.7777262, 54.5193974 ], [ 52.7766459, 54.5191502 ] ], [ [ 52.7789567, 54.5201182 ], [ 52.7787267, 54.5199704 ], [ 52.7782727, 54.5197088 ], [ 52.7777631, 54.519483 ], [ 52.7772239, 54.5193056 ], [ 52.7766459, 54.5191502 ] ], [ [ 52.7767031, 54.515289 ], [ 52.7814477, 54.5168684 ], [ 52.7821699, 54.517157 ], [ 52.7826758, 54.51743 ] ], [ [ 52.7826758, 54.51743 ], [ 52.7822679, 54.5172573 ], [ 52.7817475, 54.5170487 ], [ 52.7813264, 54.5168789 ], [ 52.7767291, 54.5153469 ] ], [ [ 52.789135, 54.5231009 ], [ 52.7843472, 54.5217995 ], [ 52.7839234, 54.5216158 ], [ 52.7834916, 54.521387 ], [ 52.782467, 54.5208312 ], [ 52.7818809, 54.5205759 ], [ 52.7812801, 54.5203658 ], [ 52.7789741, 54.5196527 ], [ 52.7783505, 54.5195126 ], [ 52.7777262, 54.5193974 ] ], [ [ 52.7835746, 54.5214952 ], [ 52.7823985, 54.5208546 ], [ 52.7818141, 54.5206027 ], [ 52.7812446, 54.5204008 ], [ 52.7789435, 54.5197034 ], [ 52.7777262, 54.5193974 ] ], [ [ 52.7778838, 54.5160492 ], [ 52.7790528, 54.5164735 ], [ 52.7802851, 54.5168472 ], [ 52.7810307, 54.5170391 ], [ 52.7817179, 54.5172104 ], [ 52.7823349, 54.5173718 ] ], [ [ 52.7879962, 54.5246263 ], [ 52.785718, 54.5239414 ], [ 52.7852733, 54.5237921 ], [ 52.7848885, 54.5236034 ], [ 52.7831114, 54.522486 ], [ 52.7825401, 54.5221709 ], [ 52.7810629, 54.5214039 ], [ 52.7801888, 54.5209195 ], [ 52.7789567, 54.5201182 ] ], [ [ 52.7789567, 54.5201182 ], [ 52.7805043, 54.5213092 ], [ 52.78103, 54.5216906 ] ], [ [ 52.7823349, 54.5173718 ], [ 52.7828316, 54.517549 ] ], [ [ 52.7842554, 54.5181976 ], [ 52.7833314, 54.5177181 ], [ 52.7826758, 54.51743 ] ], [ [ 52.7826758, 54.51743 ], [ 52.7832778, 54.5177549 ] ], [ [ 52.7832778, 54.5177549 ], [ 52.7828316, 54.517549 ] ], [ [ 52.7832778, 54.5177549 ], [ 52.7834534, 54.5178478 ] ], [ [ 52.7834534, 54.5178478 ], [ 52.7842554, 54.5181976 ] ], [ [ 52.7834534, 54.5178478 ], [ 52.7843674, 54.5183131 ], [ 52.7853504, 54.5188568 ], [ 52.7862204, 54.5193105 ], [ 52.788045, 54.520299 ], [ 52.7886381, 54.520592 ], [ 52.7892799, 54.5208588 ], [ 52.7899071, 54.5210692 ], [ 52.7903655, 54.5212068 ], [ 52.790747, 54.5213197 ], [ 52.7915148, 54.5214818 ], [ 52.7924617, 54.5216252 ], [ 52.7929589, 54.5216799 ], [ 52.7934828, 54.5217167 ], [ 52.7940529, 54.521752 ], [ 52.7946523, 54.5217789 ], [ 52.7953604, 54.5217945 ], [ 52.796051, 54.5217954 ], [ 52.7967578, 54.5217774 ], [ 52.7975322, 54.5217807 ] ], [ [ 52.789135, 54.5231009 ], [ 52.7884617, 54.5229484 ], [ 52.7878636, 54.5228067 ], [ 52.7846181, 54.521921 ], [ 52.7843231, 54.5218369 ], [ 52.7840683, 54.5217357 ], [ 52.7835746, 54.5214952 ] ], [ [ 52.7889365, 54.5230885 ], [ 52.7883652, 54.5229857 ], [ 52.7878219, 54.5228458 ], [ 52.7845759, 54.5219739 ], [ 52.7842936, 54.5218743 ], [ 52.7840388, 54.5217575 ], [ 52.7835746, 54.5214952 ] ], [ [ 52.7875806, 54.5228519 ], [ 52.7840991, 54.5218836 ] ], [ [ 52.7844243, 54.518288 ], [ 52.7842554, 54.5181976 ] ], [ [ 52.7889365, 54.5230885 ], [ 52.7883612, 54.5230075 ], [ 52.7875806, 54.5228519 ] ], [ [ 52.7891497, 54.5232146 ], [ 52.7883531, 54.5230433 ], [ 52.7879695, 54.5229546 ], [ 52.7875806, 54.5228519 ] ], [ [ 52.7895512, 54.523211 ], [ 52.7889365, 54.5230885 ] ], [ [ 52.7895512, 54.523211 ], [ 52.789135, 54.5231009 ] ], [ [ 52.7898136, 54.5232704 ], [ 52.7897144, 54.5232458 ], [ 52.7895512, 54.523211 ] ], [ [ 52.7911262, 54.5233481 ], [ 52.7905742, 54.5233373 ], [ 52.7898136, 54.5232704 ] ], [ [ 52.7970576, 54.5232042 ], [ 52.7965292, 54.5232416 ], [ 52.795585, 54.523335 ], [ 52.7949842, 54.523363 ], [ 52.7929458, 54.5234455 ], [ 52.7922537, 54.5234455 ], [ 52.7914062, 54.52343 ], [ 52.7909073, 54.5234175 ], [ 52.79058, 54.5233895 ], [ 52.7902716, 54.5233428 ], [ 52.7898136, 54.5232704 ] ], [ [ 52.7911262, 54.5233481 ], [ 52.7920103, 54.5233622 ], [ 52.7926728, 54.5233529 ], [ 52.7960873, 54.5232268 ] ], [ [ 52.7976557, 54.5231326 ], [ 52.7911262, 54.5233481 ] ], [ [ 52.7923868, 54.5211291 ], [ 52.7935939, 54.5210431 ], [ 52.7941695, 54.5210317 ], [ 52.7948294, 54.5210343 ] ], [ [ 52.7948294, 54.5210343 ], [ 52.7957509, 54.5210577 ], [ 52.7960984, 54.5210839 ] ], [ [ 52.7948294, 54.5210343 ], [ 52.795576, 54.5210929 ] ], [ [ 52.795576, 54.5210929 ], [ 52.7962654, 54.5211723 ], [ 52.7968045, 54.521247 ], [ 52.7973986, 54.5213233 ], [ 52.7980236, 54.5213607 ], [ 52.798239, 54.5213621 ], [ 52.7995264, 54.5213607 ], [ 52.8011912, 54.5213716 ], [ 52.802342, 54.5214026 ] ], [ [ 52.795576, 54.5210929 ], [ 52.7960709, 54.5211692 ] ], [ [ 52.7960435, 54.5226873 ], [ 52.7985486, 54.5225974 ], [ 52.7992932, 54.5225333 ], [ 52.8000335, 54.5223885 ], [ 52.8018653, 54.5219472 ] ], [ [ 52.7960709, 54.5211692 ], [ 52.7967736, 54.5212922 ] ], [ [ 52.7995077, 54.5215744 ], [ 52.7981925, 54.5215615 ], [ 52.7976973, 54.5215199 ], [ 52.797243, 54.5214432 ], [ 52.7960709, 54.5211692 ] ], [ [ 52.7960984, 54.5210839 ], [ 52.7965847, 54.5210889 ] ], [ [ 52.7960984, 54.5210839 ], [ 52.7968161, 54.521138 ], [ 52.7976568, 54.521198 ], [ 52.7987575, 54.5212436 ] ], [ [ 52.8027774, 54.521744 ], [ 52.8022291, 54.5218242 ], [ 52.8013826, 54.521934 ], [ 52.800441, 54.5220313 ], [ 52.7964893, 54.5222488 ] ], [ [ 52.8021538, 54.5218001 ], [ 52.7965346, 54.5221644 ] ], [ [ 52.7995077, 54.5215744 ], [ 52.7985878, 54.5215962 ], [ 52.7965814, 54.5216771 ] ], [ [ 52.7965847, 54.5210889 ], [ 52.7965959, 54.521089 ], [ 52.7973631, 54.5210999 ], [ 52.7976715, 54.5210921 ], [ 52.7979826, 54.5210625 ], [ 52.7990368, 54.520952 ] ], [ [ 52.7965847, 54.5210889 ], [ 52.7973416, 54.5210657 ], [ 52.7976822, 54.5210407 ], [ 52.7990314, 54.5208991 ] ], [ [ 52.8021538, 54.5218001 ], [ 52.8016415, 54.5218048 ], [ 52.8011506, 54.5218016 ], [ 52.8005203, 54.5218234 ], [ 52.7966231, 54.5220616 ] ], [ [ 52.7967736, 54.5212922 ], [ 52.7973959, 54.5213856 ], [ 52.7977097, 54.5214074 ], [ 52.7980262, 54.521412 ], [ 52.79824, 54.5214136 ], [ 52.7995274, 54.5214167 ], [ 52.8013093, 54.521426 ], [ 52.8016419, 54.5214245 ], [ 52.802342, 54.5214026 ] ], [ [ 52.7967736, 54.5212922 ], [ 52.7973892, 54.5214167 ], [ 52.7978854, 54.521479 ], [ 52.7983629, 54.5215039 ], [ 52.8001009, 54.5215257 ], [ 52.8008654, 54.5215054 ], [ 52.8020428, 54.5214416 ], [ 52.8028073, 54.5214151 ] ], [ [ 52.8007577, 54.5223231 ], [ 52.8003205, 54.522457 ], [ 52.7999503, 54.522538 ], [ 52.7995695, 54.5225909 ], [ 52.799151, 54.5226267 ], [ 52.7987353, 54.5226469 ], [ 52.7972789, 54.5227061 ] ], [ [ 52.7975322, 54.5217807 ], [ 52.8014319, 54.521601 ] ], [ [ 52.7982807, 54.5230813 ], [ 52.7976557, 54.5231326 ] ], [ [ 52.7983249, 54.5231093 ], [ 52.7976557, 54.5231326 ] ], [ [ 52.7982807, 54.5230813 ], [ 52.7987206, 54.5230128 ], [ 52.7991443, 54.5229209 ], [ 52.7995815, 54.5228088 ], [ 52.7999603, 54.5226609 ], [ 52.8007577, 54.5223231 ] ], [ [ 52.8013156, 54.5221037 ], [ 52.8007885, 54.5223481 ], [ 52.8004318, 54.522524 ], [ 52.800008, 54.5226999 ], [ 52.799611, 54.5228384 ], [ 52.7991792, 54.5229614 ], [ 52.7987313, 54.5230346 ], [ 52.7982807, 54.5230813 ] ], [ [ 52.7983249, 54.5231093 ], [ 52.7989385, 54.5231108 ], [ 52.799495, 54.5231653 ], [ 52.8005143, 54.5233467 ] ], [ [ 52.8006053, 54.5233241 ], [ 52.8000791, 54.5232011 ], [ 52.7995185, 54.5231233 ], [ 52.7989338, 54.5230937 ], [ 52.7983249, 54.5231093 ] ], [ [ 52.7987575, 54.5212436 ], [ 52.8010151, 54.5213278 ] ], [ [ 52.7987575, 54.5212436 ], [ 52.7992902, 54.5212431 ], [ 52.7998454, 54.5212198 ], [ 52.8003899, 54.521131 ], [ 52.8009079, 54.5209964 ] ], [ [ 52.8030165, 54.521486 ], [ 52.8012744, 54.5215677 ], [ 52.8002149, 54.5215817 ], [ 52.799936, 54.5215786 ], [ 52.7995077, 54.5215744 ] ], [ [ 52.8015088, 54.5236814 ], [ 52.8011376, 54.5235026 ], [ 52.8006053, 54.5233241 ] ], [ [ 52.8006053, 54.5233241 ], [ 52.8010611, 54.5235062 ], [ 52.801204, 54.523587 ], [ 52.8014933, 54.5237701 ], [ 52.8016944, 54.5239865 ], [ 52.8021504, 54.5245375 ], [ 52.8023194, 54.5247087 ], [ 52.802601, 54.5249329 ], [ 52.8040065, 54.5259774 ] ], [ [ 52.8013156, 54.5221037 ], [ 52.8007577, 54.5223231 ] ], [ [ 52.8009079, 54.5209964 ], [ 52.8011919, 54.5208991 ] ], [ [ 52.8009079, 54.5209964 ], [ 52.8012192, 54.5209127 ] ], [ [ 52.8010151, 54.5213278 ], [ 52.8026757, 54.5213451 ], [ 52.80369, 54.5213509 ], [ 52.8053384, 54.5212834 ] ], [ [ 52.8010151, 54.5213278 ], [ 52.8015419, 54.5213116 ] ], [ [ 52.8011919, 54.5208991 ], [ 52.8015567, 54.5207201 ], [ 52.8022782, 54.5202965 ] ], [ [ 52.8011919, 54.5208991 ], [ 52.8015889, 54.5207418 ], [ 52.801951, 54.5205566 ], [ 52.8023433, 54.5203335 ] ], [ [ 52.8012192, 54.5209127 ], [ 52.8016291, 54.5207839 ], [ 52.80201, 54.5206142 ], [ 52.8027208, 54.5202063 ] ], [ [ 52.8012192, 54.5209127 ], [ 52.8016345, 54.5208072 ], [ 52.8020238, 54.5206454 ], [ 52.8027548, 54.5202422 ] ], [ [ 52.8018653, 54.5219472 ], [ 52.8013156, 54.5221037 ] ], [ [ 52.8026659, 54.5176861 ], [ 52.8019808, 54.5172386 ], [ 52.8016053, 54.5169848 ], [ 52.8014295, 54.5168581 ] ], [ [ 52.8014319, 54.521601 ], [ 52.8030165, 54.521486 ] ], [ [ 52.8014319, 54.521601 ], [ 52.803717, 54.5214973 ] ], [ [ 52.8035446, 54.5251111 ], [ 52.8020002, 54.5239896 ], [ 52.8015088, 54.5236814 ] ], [ [ 52.8015088, 54.5236814 ], [ 52.8022497, 54.524234 ], [ 52.8030892, 54.5248364 ] ], [ [ 52.8026659, 54.5176861 ], [ 52.8015117, 54.5168221 ] ], [ [ 52.8015419, 54.5213116 ], [ 52.8023573, 54.5212338 ] ], [ [ 52.8015419, 54.5213116 ], [ 52.8021456, 54.5212904 ] ], [ [ 52.802976, 54.5179182 ], [ 52.8024636, 54.5174503 ], [ 52.8021203, 54.5171732 ], [ 52.801608, 54.5167799 ] ], [ [ 52.8018653, 54.5219472 ], [ 52.8022683, 54.5218666 ] ], [ [ 52.8021456, 54.5212904 ], [ 52.8032988, 54.5211637 ], [ 52.803759, 54.5211302 ], [ 52.8059875, 54.5210273 ], [ 52.8061178, 54.5210222 ], [ 52.806651, 54.5210326 ] ], [ [ 52.8021456, 54.5212904 ], [ 52.8027007, 54.5212774 ], [ 52.8037716, 54.5212046 ] ], [ [ 52.8027774, 54.521744 ], [ 52.8021538, 54.5218001 ] ], [ [ 52.8034257, 54.5182549 ], [ 52.8030322, 54.5179018 ], [ 52.8028042, 54.5176574 ], [ 52.8026165, 54.5173927 ], [ 52.8023268, 54.5168369 ], [ 52.8021819, 54.5166283 ] ], [ [ 52.8022378, 54.5216168 ], [ 52.803717, 54.5214973 ] ], [ [ 52.8022378, 54.5216168 ], [ 52.8033836, 54.5215775 ], [ 52.8041669, 54.5215362 ] ], [ [ 52.8022683, 54.5218666 ], [ 52.8032375, 54.5216728 ] ], [ [ 52.8022683, 54.5218666 ], [ 52.8026017, 54.5218125 ], [ 52.8029271, 54.5217715 ] ], [ [ 52.802342, 54.5214026 ], [ 52.8028073, 54.5214151 ] ], [ [ 52.8023573, 54.5212338 ], [ 52.8030788, 54.5210906 ], [ 52.8033953, 54.5209645 ], [ 52.8036877, 54.5208072 ], [ 52.8042134, 54.5203682 ], [ 52.8043606, 54.5201406 ], [ 52.8044813, 54.519879 ], [ 52.8044947, 54.5196377 ], [ 52.8044627, 54.5193873 ], [ 52.8043686, 54.5191707 ], [ 52.8042157, 54.5189527 ], [ 52.8038093, 54.5185528 ] ], [ [ 52.8023573, 54.5212338 ], [ 52.803331, 54.5211092 ], [ 52.8037498, 54.5210761 ], [ 52.8059801, 54.5209834 ], [ 52.8066563, 54.5210035 ] ], [ [ 52.802976, 54.5179182 ], [ 52.8026659, 54.5176861 ] ], [ [ 52.8032375, 54.5216728 ], [ 52.8027774, 54.521744 ] ], [ [ 52.8028073, 54.5214151 ], [ 52.8035315, 54.5214105 ], [ 52.804261, 54.5213762 ] ], [ [ 52.8029271, 54.5217715 ], [ 52.8033266, 54.5217355 ], [ 52.8037504, 54.5216732 ], [ 52.8041876, 54.5216094 ], [ 52.804622, 54.5215758 ], [ 52.8068727, 54.521471 ] ], [ [ 52.8029271, 54.5217715 ], [ 52.8052376, 54.5216412 ] ], [ [ 52.8034257, 54.5182549 ], [ 52.802976, 54.5179182 ] ], [ [ 52.8030165, 54.521486 ], [ 52.8031023, 54.5214829 ] ], [ [ 52.8031023, 54.5214829 ], [ 52.804261, 54.5213762 ] ], [ [ 52.8031023, 54.5214829 ], [ 52.8037943, 54.5214486 ] ], [ [ 52.8032375, 54.5216728 ], [ 52.8037021, 54.5215915 ], [ 52.8041669, 54.5215362 ] ], [ [ 52.8038093, 54.5185528 ], [ 52.8034257, 54.5182549 ] ], [ [ 52.8035446, 54.5251111 ], [ 52.8042104, 54.5255291 ], [ 52.8053723, 54.5263781 ] ], [ [ 52.8053328, 54.5263973 ], [ 52.8035446, 54.5251111 ] ], [ [ 52.803717, 54.5214973 ], [ 52.8037939, 54.5214939 ] ], [ [ 52.8037939, 54.5214939 ], [ 52.8043811, 54.5214459 ] ], [ [ 52.8037939, 54.5214939 ], [ 52.8049363, 54.5214432 ] ], [ [ 52.8037943, 54.5214486 ], [ 52.8049235, 54.5213988 ] ], [ [ 52.8037943, 54.5214486 ], [ 52.8043811, 54.5214459 ] ], [ [ 52.8058523, 54.5201029 ], [ 52.805541, 54.51987 ], [ 52.8038093, 54.5185528 ] ], [ [ 52.8041669, 54.5215362 ], [ 52.8042409, 54.521534 ] ], [ [ 52.8042409, 54.521534 ], [ 52.8048055, 54.5214875 ], [ 52.805355, 54.5214247 ] ], [ [ 52.8042409, 54.521534 ], [ 52.8075359, 54.5213816 ] ], [ [ 52.804261, 54.5213762 ], [ 52.8057255, 54.521314 ], [ 52.8062861, 54.5212735 ], [ 52.8070022, 54.521191 ] ], [ [ 52.8043811, 54.5214459 ], [ 52.8049235, 54.5213988 ] ], [ [ 52.8043811, 54.5214459 ], [ 52.8049363, 54.5214432 ] ], [ [ 52.8049235, 54.5213988 ], [ 52.8061705, 54.5213343 ] ], [ [ 52.8049363, 54.5214432 ], [ 52.805355, 54.5214247 ] ], [ [ 52.8053384, 54.5212834 ], [ 52.80607, 54.5212025 ], [ 52.8066811, 54.5210828 ] ], [ [ 52.8053384, 54.5212834 ], [ 52.8064584, 54.5212307 ], [ 52.8070022, 54.521191 ] ], [ [ 52.805355, 54.5214247 ], [ 52.8061705, 54.5213343 ] ], [ [ 52.805355, 54.5214247 ], [ 52.8057955, 54.5214029 ] ], [ [ 52.8057955, 54.5214029 ], [ 52.8096373, 54.5212246 ], [ 52.8214726, 54.5206597 ], [ 52.8223475, 54.5206088 ], [ 52.8235665, 54.5205024 ] ], [ [ 52.8057955, 54.5214029 ], [ 52.8075359, 54.5213816 ] ], [ [ 52.8058523, 54.5201029 ], [ 52.8061433, 54.5203021 ], [ 52.8064732, 54.5204764 ], [ 52.8071732, 54.5207535 ], [ 52.8075702, 54.5208469 ], [ 52.8079645, 54.5208765 ], [ 52.8083695, 54.520875 ], [ 52.8087912, 54.5208424 ], [ 52.8095926, 54.5207815 ], [ 52.8100647, 54.5207224 ], [ 52.8107245, 54.5206305 ] ], [ [ 52.8067661, 54.5208986 ], [ 52.8058523, 54.5201029 ] ], [ [ 52.8060019, 54.5208809 ], [ 52.806659, 54.5209884 ] ], [ [ 52.8060407, 54.5208065 ], [ 52.8066618, 54.5209733 ], [ 52.8070841, 54.521056 ] ], [ [ 52.8060876, 54.5207475 ], [ 52.8066784, 54.5209582 ] ], [ [ 52.8061595, 54.5207024 ], [ 52.8066966, 54.5209417 ] ], [ [ 52.8061705, 54.5213343 ], [ 52.8068623, 54.5212576 ] ], [ [ 52.8061705, 54.5213343 ], [ 52.8066562, 54.5213116 ] ], [ [ 52.8062573, 54.5206442 ], [ 52.806717, 54.5209232 ] ], [ [ 52.806316, 54.5206105 ], [ 52.8067403, 54.5209153 ] ], [ [ 52.8066562, 54.5213116 ], [ 52.8076205, 54.5212136 ], [ 52.8083125, 54.5211497 ], [ 52.8088168, 54.5211186 ], [ 52.809616, 54.5210828 ], [ 52.8213521, 54.520527 ], [ 52.8221366, 54.5204959 ], [ 52.8226596, 54.5204834 ] ], [ [ 52.8066562, 54.5213116 ], [ 52.807308, 54.5212789 ] ], [ [ 52.8068623, 54.5212576 ], [ 52.8075695, 54.5211427 ] ], [ [ 52.8068623, 54.5212576 ], [ 52.8079471, 54.5211315 ], [ 52.8089013, 54.5210657 ], [ 52.8215854, 54.5204679 ], [ 52.822598, 54.5204414 ], [ 52.8237828, 54.520411 ] ], [ [ 52.8070022, 54.521191 ], [ 52.8078471, 54.5210337 ], [ 52.808346, 54.5209637 ] ], [ [ 52.8070944, 54.5210069 ], [ 52.8075836, 54.5210073 ], [ 52.808346, 54.5209637 ] ], [ [ 52.807308, 54.5212789 ], [ 52.8082602, 54.5212027 ], [ 52.8088154, 54.5211684 ], [ 52.8096229, 54.5211286 ], [ 52.8212904, 54.5205753 ], [ 52.821855, 54.5205473 ], [ 52.8226596, 54.5204834 ] ], [ [ 52.807308, 54.5212789 ], [ 52.8096301, 54.5211765 ], [ 52.8215975, 54.520594 ], [ 52.8223686, 54.5205566 ], [ 52.8233208, 54.5204679 ] ], [ [ 52.8102062, 54.5212503 ], [ 52.8096451, 54.5212769 ], [ 52.8075359, 54.5213816 ] ], [ [ 52.8075695, 54.5211427 ], [ 52.8084225, 54.5209855 ], [ 52.8088443, 54.520931 ] ], [ [ 52.8081338, 54.5210684 ], [ 52.8075695, 54.5211427 ] ], [ [ 52.8081338, 54.5210684 ], [ 52.8088117, 54.5209812 ], [ 52.8094849, 54.5209314 ], [ 52.821858, 54.5203554 ], [ 52.8226117, 54.5203336 ], [ 52.8232259, 54.5203507 ], [ 52.8236014, 54.5203554 ], [ 52.8239849, 54.5203414 ], [ 52.8243524, 54.5203025 ], [ 52.8247165, 54.5202464 ] ], [ [ 52.8237828, 54.520411 ], [ 52.822602, 54.5203885 ], [ 52.8218624, 54.5204012 ], [ 52.8200994, 54.5204838 ], [ 52.8185223, 54.5205668 ], [ 52.8157496, 54.5206902 ], [ 52.811079, 54.5209144 ], [ 52.8089021, 54.5210176 ], [ 52.8081338, 54.5210684 ] ], [ [ 52.808346, 54.5209637 ], [ 52.8088443, 54.520931 ] ], [ [ 52.8088443, 54.520931 ], [ 52.808916, 54.5209263 ] ], [ [ 52.808916, 54.5209263 ], [ 52.8095909, 54.5208497 ] ], [ [ 52.808916, 54.5209263 ], [ 52.8095866, 54.5208734 ] ], [ [ 52.8095866, 54.5208734 ], [ 52.8099916, 54.5208423 ] ], [ [ 52.8095866, 54.5208734 ], [ 52.8110057, 54.5208256 ], [ 52.8214798, 54.5203165 ], [ 52.8226117, 54.5202885 ], [ 52.8236068, 54.5203103 ], [ 52.8239823, 54.5203118 ], [ 52.824345, 54.5202892 ], [ 52.8247165, 54.5202464 ] ], [ [ 52.8107245, 54.5206305 ], [ 52.8102172, 54.5207259 ], [ 52.8095909, 54.5208497 ] ], [ [ 52.8095909, 54.5208497 ], [ 52.8099583, 54.5207936 ] ], [ [ 52.8099583, 54.5207936 ], [ 52.8105605, 54.5207104 ], [ 52.8111184, 54.5206356 ], [ 52.8116226, 54.5206029 ], [ 52.8214422, 54.5201297 ], [ 52.8226304, 54.520097 ], [ 52.823647, 54.5200939 ], [ 52.8243578, 54.5201094 ], [ 52.8249747, 54.5201063 ] ], [ [ 52.8099583, 54.5207936 ], [ 52.8105873, 54.5207337 ], [ 52.811223, 54.5206777 ], [ 52.8116575, 54.5206512 ], [ 52.8214556, 54.5201748 ], [ 52.8226197, 54.5201421 ], [ 52.8236658, 54.5201515 ], [ 52.8240198, 54.5201546 ], [ 52.8244087, 54.5201421 ], [ 52.8249747, 54.5201063 ] ], [ [ 52.8099916, 54.5208423 ], [ 52.8105779, 54.5207687 ], [ 52.8112163, 54.5207158 ], [ 52.8214623, 54.5202176 ], [ 52.8226103, 54.5201881 ], [ 52.8236349, 54.5201974 ], [ 52.8240131, 54.5201927 ], [ 52.824402, 54.5201834 ], [ 52.824976, 54.5201367 ], [ 52.8255232, 54.5200573 ] ], [ [ 52.8099916, 54.5208423 ], [ 52.8112093, 54.520766 ], [ 52.8214634, 54.5202663 ], [ 52.8226043, 54.520241 ], [ 52.8236235, 54.5202425 ], [ 52.8239963, 54.5202441 ], [ 52.8243531, 54.5202348 ], [ 52.8247105, 54.5202099 ], [ 52.8255024, 54.5201001 ] ], [ [ 52.8183854, 54.5208627 ], [ 52.8102062, 54.5212503 ] ], [ [ 52.8102062, 54.5212503 ], [ 52.8105726, 54.5212443 ], [ 52.8109357, 54.5212486 ] ], [ [ 52.8107245, 54.5206305 ], [ 52.8109739, 54.5205994 ], [ 52.8114104, 54.5205641 ], [ 52.8125318, 54.5205115 ] ], [ [ 52.8109357, 54.5212486 ], [ 52.8116171, 54.5212664 ], [ 52.8116519, 54.5212673 ], [ 52.8121534, 54.5212704 ], [ 52.8126604, 54.5212564 ], [ 52.8145876, 54.5211611 ] ], [ [ 52.8109357, 54.5212486 ], [ 52.8116305, 54.5212371 ], [ 52.8117846, 54.5212346 ], [ 52.816162, 54.5210197 ] ], [ [ 52.8125318, 54.5205115 ], [ 52.8136115, 54.5204192 ], [ 52.8143464, 54.5203788 ], [ 52.8214637, 54.52003 ], [ 52.8226438, 54.5199973 ], [ 52.8243846, 54.5199973 ], [ 52.8251034, 54.5199896 ], [ 52.8254923, 54.5199631 ], [ 52.8260234, 54.5199086 ] ], [ [ 52.8125318, 54.5205115 ], [ 52.8214564, 54.5200801 ], [ 52.8226242, 54.5200462 ], [ 52.8243599, 54.520049 ], [ 52.8249599, 54.5200425 ], [ 52.8255044, 54.5200114 ], [ 52.8259845, 54.5199382 ], [ 52.8264618, 54.5198518 ] ], [ [ 52.816162, 54.5210197 ], [ 52.8172617, 54.5209668 ] ], [ [ 52.816162, 54.5210197 ], [ 52.8166797, 54.5210151 ], [ 52.8182906, 54.521069 ], [ 52.8206279, 54.5211357 ] ], [ [ 52.8260234, 54.5199086 ], [ 52.8254789, 54.519932 ], [ 52.8252845, 54.5199333 ], [ 52.8248138, 54.5199366 ], [ 52.8226412, 54.519932 ], [ 52.8214288, 54.5199724 ], [ 52.8169871, 54.5201842 ] ], [ [ 52.8172617, 54.5209668 ], [ 52.8183854, 54.5208627 ] ], [ [ 52.8172617, 54.5209668 ], [ 52.8182101, 54.5209258 ], [ 52.8184703, 54.5209305 ], [ 52.8188351, 54.5209617 ] ], [ [ 52.8223752, 54.5206559 ], [ 52.8214817, 54.520716 ], [ 52.8183854, 54.5208627 ] ], [ [ 52.8188351, 54.5209617 ], [ 52.8193259, 54.520971 ], [ 52.8220296, 54.5208807 ], [ 52.8228932, 54.5208231 ], [ 52.8248834, 54.520602 ], [ 52.8263936, 54.5204495 ], [ 52.8268307, 54.5203793 ], [ 52.8270909, 54.5203234 ], [ 52.8280539, 54.5200944 ] ], [ [ 52.8188351, 54.5209617 ], [ 52.819441, 54.5210073 ] ], [ [ 52.819441, 54.5210073 ], [ 52.819751, 54.5210179 ], [ 52.8203912, 54.5210431 ], [ 52.8208525, 54.521054 ], [ 52.821338, 54.5210369 ], [ 52.824554, 54.5208812 ] ], [ [ 52.819441, 54.5210073 ], [ 52.8197477, 54.5210289 ], [ 52.8203905, 54.5210789 ], [ 52.8208411, 54.5210898 ], [ 52.8213346, 54.5210727 ], [ 52.8245627, 54.5209248 ] ], [ [ 52.8235665, 54.5205024 ], [ 52.8223752, 54.5206559 ] ], [ [ 52.825799, 54.5203381 ], [ 52.8235847, 54.5205415 ], [ 52.8223752, 54.5206559 ] ], [ [ 52.8226596, 54.5204834 ], [ 52.8233208, 54.5204679 ] ], [ [ 52.8233208, 54.5204679 ], [ 52.8240957, 54.520399 ] ], [ [ 52.8233208, 54.5204679 ], [ 52.8237459, 54.5204538 ], [ 52.8243309, 54.5204245 ] ], [ [ 52.8235665, 54.5205024 ], [ 52.8243309, 54.5204245 ] ], [ [ 52.8240957, 54.520399 ], [ 52.8237828, 54.520411 ] ], [ [ 52.8240957, 54.520399 ], [ 52.8255012, 54.5202527 ], [ 52.8260614, 54.5201727 ], [ 52.8268494, 54.5200248 ], [ 52.8274021, 54.5198179 ], [ 52.8280646, 54.5195222 ] ], [ [ 52.8240957, 54.520399 ], [ 52.8248481, 54.5203802 ] ], [ [ 52.8243309, 54.5204245 ], [ 52.8248481, 54.5203802 ] ], [ [ 52.8247165, 54.5202464 ], [ 52.8255024, 54.5201001 ] ], [ [ 52.8248481, 54.5203802 ], [ 52.8257931, 54.5202915 ], [ 52.8264672, 54.5201969 ], [ 52.8270535, 54.5200968 ], [ 52.8275864, 54.5199713 ], [ 52.8283011, 54.5197563 ], [ 52.8288159, 54.5195586 ], [ 52.8294863, 54.5192114 ], [ 52.8300677, 54.518808 ], [ 52.8304037, 54.5185247 ], [ 52.8307446, 54.5182118 ] ], [ [ 52.8248481, 54.5203802 ], [ 52.825799, 54.5203381 ] ], [ [ 52.8249747, 54.5201063 ], [ 52.8255232, 54.5200573 ] ], [ [ 52.8255024, 54.5201001 ], [ 52.8261106, 54.519967 ] ], [ [ 52.8255232, 54.5200573 ], [ 52.8261106, 54.519967 ] ], [ [ 52.9453581, 54.5550938 ], [ 52.9436302, 54.5516962 ], [ 52.9407563, 54.5460321 ], [ 52.9356495, 54.5359572 ], [ 52.9341133, 54.532867 ], [ 52.9337704, 54.5322435 ], [ 52.9334298, 54.531649 ], [ 52.9330194, 54.5310327 ], [ 52.9325667, 54.5304115 ], [ 52.9322234, 54.5299788 ], [ 52.9274287, 54.524735 ], [ 52.9267839, 54.5240121 ], [ 52.9262955, 54.5235277 ], [ 52.9254095, 54.5224798 ], [ 52.924881, 54.521936 ], [ 52.924449, 54.5214808 ], [ 52.9240763, 54.5211146 ], [ 52.9231678, 54.5200851 ], [ 52.9220288, 54.5188701 ], [ 52.9195914, 54.5162076 ], [ 52.9182414, 54.5147032 ], [ 52.9165534, 54.5129266 ], [ 52.9158, 54.512273 ], [ 52.9152182, 54.5118618 ], [ 52.9137907, 54.5110508 ], [ 52.9122285, 54.5104183 ], [ 52.910706, 54.5099433 ], [ 52.9090641, 54.5094537 ], [ 52.9081853, 54.5091204 ], [ 52.9072167, 54.5086485 ], [ 52.9068836, 54.5084469 ], [ 52.9062363, 54.5080143 ], [ 52.9058631, 54.507718 ], [ 52.9052843, 54.5071447 ], [ 52.9049157, 54.5066865 ], [ 52.9046063, 54.5061447 ], [ 52.9043747, 54.5055727 ], [ 52.9041479, 54.5045206 ], [ 52.9039755, 54.5038211 ], [ 52.9038243, 54.503367 ], [ 52.9034888, 54.5027936 ], [ 52.9032053, 54.5024026 ], [ 52.9028699, 54.5020391 ], [ 52.9023808, 54.5015604 ], [ 52.9020548, 54.5012887 ], [ 52.901449, 54.5008847 ], [ 52.9011774, 54.5007311 ], [ 52.9001213, 54.5002248 ], [ 52.8973455, 54.4990423 ], [ 52.8945724, 54.4978284 ], [ 52.8929794, 54.4971517 ], [ 52.8922493, 54.4968462 ], [ 52.8916208, 54.4965777 ], [ 52.8906913, 54.4961575 ], [ 52.8902191, 54.4959153 ], [ 52.8894218, 54.4954523 ], [ 52.8888042, 54.49506 ], [ 52.8881023, 54.4946127 ], [ 52.8876109, 54.4943252 ], [ 52.8871597, 54.494093 ], [ 52.8867127, 54.4938774 ], [ 52.8864053, 54.4937418 ], [ 52.885997, 54.4935884 ], [ 52.8855884, 54.4934489 ], [ 52.8851232, 54.4933087 ], [ 52.8847191, 54.493202 ], [ 52.8836387, 54.4929639 ], [ 52.8821534, 54.4926582 ], [ 52.8807927, 54.4923647 ], [ 52.8797358, 54.4921194 ], [ 52.8790812, 54.4919489 ], [ 52.8785096, 54.4917771 ], [ 52.8777015, 54.4915172 ], [ 52.8770889, 54.4912903 ], [ 52.876707, 54.4911408 ], [ 52.8764681, 54.4910473 ], [ 52.8757462, 54.4907507 ], [ 52.8750874, 54.4904476 ], [ 52.8744247, 54.4901217 ], [ 52.8732667, 54.4894806 ], [ 52.8726276, 54.4890844 ], [ 52.8719785, 54.488623 ], [ 52.8709569, 54.4877769 ], [ 52.8698897, 54.4866987 ], [ 52.8684862, 54.4851812 ], [ 52.8679956, 54.4847192 ], [ 52.8673707, 54.4842578 ], [ 52.8670471, 54.4840359 ], [ 52.8664534, 54.4837098 ], [ 52.8657471, 54.4833763 ], [ 52.8654592, 54.4832548 ], [ 52.8612816, 54.4818494 ], [ 52.8603762, 54.4815923 ], [ 52.8596783, 54.4814277 ], [ 52.858558, 54.4812455 ], [ 52.8579212, 54.4811761 ], [ 52.85653, 54.4811075 ], [ 52.8556334, 54.4811305 ], [ 52.8550539, 54.4811677 ], [ 52.853835, 54.4813175 ], [ 52.8526617, 54.4815555 ], [ 52.8498816, 54.4822483 ], [ 52.8491328, 54.4824501 ], [ 52.8486881, 54.4825864 ], [ 52.8480282, 54.4828139 ], [ 52.8475976, 54.4829934 ], [ 52.8472075, 54.4831614 ], [ 52.8466571, 54.4834333 ], [ 52.8462821, 54.4836382 ], [ 52.8459106, 54.4838732 ], [ 52.8431946, 54.485699 ], [ 52.8428596, 54.485963 ], [ 52.8425437, 54.4862193 ], [ 52.8423285, 54.4864273 ], [ 52.8421381, 54.4866407 ], [ 52.8418562, 54.4870057 ], [ 52.8415346, 54.4874665 ], [ 52.8411883, 54.4880558 ], [ 52.8406282, 54.4891701 ], [ 52.8403732, 54.4895698 ], [ 52.8401035, 54.4898985 ], [ 52.8398073, 54.4902179 ], [ 52.8392955, 54.4906814 ], [ 52.8387933, 54.4910616 ], [ 52.8383213, 54.491377 ], [ 52.8377191, 54.4917073 ], [ 52.8370178, 54.492022 ], [ 52.8362671, 54.4923077 ], [ 52.8353774, 54.4925883 ], [ 52.8324823, 54.493417 ], [ 52.8315974, 54.4936982 ], [ 52.8310311, 54.4939038 ], [ 52.8305376, 54.4941219 ], [ 52.8298799, 54.4944781 ], [ 52.8291374, 54.4948728 ], [ 52.8276672, 54.4958295 ], [ 52.8267269, 54.4964234 ], [ 52.8259027, 54.4969632 ], [ 52.8251406, 54.4974952 ], [ 52.8245093, 54.4979728 ], [ 52.8240573, 54.4983776 ], [ 52.823667, 54.4988046 ], [ 52.8231615, 54.4993682 ], [ 52.8227749, 54.4998737 ], [ 52.8225446, 54.5002654 ], [ 52.8223246, 54.5006781 ], [ 52.8220886, 54.5012694 ], [ 52.8218654, 54.5018998 ], [ 52.8217667, 54.5024241 ], [ 52.821696, 54.5028897 ], [ 52.8216988, 54.5033867 ], [ 52.8217928, 54.503998 ], [ 52.8219664, 54.5045706 ], [ 52.8222281, 54.5050312 ], [ 52.8225049, 54.5054628 ], [ 52.8227967, 54.5058255 ], [ 52.8231668, 54.5062031 ], [ 52.823511, 54.5064998 ], [ 52.8238964, 54.5068175 ], [ 52.8243919, 54.5071747 ], [ 52.8275245, 54.5092528 ], [ 52.8293845, 54.5104944 ], [ 52.8304966, 54.5112367 ], [ 52.8311828, 54.5117975 ], [ 52.8315085, 54.5121509 ], [ 52.8317789, 54.512483 ], [ 52.8320825, 54.5129077 ], [ 52.8322814, 54.5132829 ], [ 52.8324674, 54.513777 ], [ 52.8325748, 54.5142031 ], [ 52.8326576, 54.514677 ], [ 52.8326619, 54.5150657 ], [ 52.8326175, 54.5155108 ], [ 52.832525, 54.5159385 ], [ 52.8323423, 54.5163828 ], [ 52.8321469, 54.5167659 ], [ 52.8318586, 54.5171524 ], [ 52.8314985, 54.5175737 ], [ 52.8312081, 54.5178776 ], [ 52.830847, 54.5182556 ], [ 52.830498, 54.5185509 ], [ 52.8301598, 54.5188369 ], [ 52.8295544, 54.519256 ], [ 52.8288827, 54.5195919 ], [ 52.8283546, 54.5197916 ], [ 52.8276223, 54.5200154 ], [ 52.8271043, 54.5201445 ], [ 52.8265071, 54.5202368 ], [ 52.825799, 54.5203381 ] ], [ [ 52.8260234, 54.5199086 ], [ 52.8264618, 54.5198518 ] ], [ [ 52.8261106, 54.519967 ], [ 52.8261777, 54.5199506 ] ], [ [ 52.8261777, 54.5199506 ], [ 52.8266511, 54.5198448 ], [ 52.8271223, 54.5197196 ] ], [ [ 52.8261777, 54.5199506 ], [ 52.8273123, 54.5197311 ], [ 52.8276662, 54.5196579 ], [ 52.8280646, 54.5195222 ] ], [ [ 52.8264618, 54.5198518 ], [ 52.8271223, 54.5197196 ] ], [ [ 52.8271223, 54.5197196 ], [ 52.8275517, 54.5195728 ], [ 52.8279957, 54.5194285 ], [ 52.8284777, 54.5192279 ], [ 52.8293141, 54.5188353 ] ], [ [ 52.8280539, 54.5200944 ], [ 52.8285071, 54.5199389 ], [ 52.8289605, 54.5197272 ], [ 52.8293199, 54.5195776 ], [ 52.8302059, 54.5192759 ], [ 52.8308692, 54.5190277 ], [ 52.8313422, 54.5188054 ], [ 52.8319291, 54.5184919 ], [ 52.8322086, 54.5183275 ], [ 52.8326806, 54.5180142 ], [ 52.834026, 54.517017 ], [ 52.834575, 54.51659 ], [ 52.8353933, 54.5158381 ], [ 52.8356672, 54.5155371 ], [ 52.8357679, 54.5153896 ], [ 52.8358685, 54.5152147 ], [ 52.835961, 54.5149582 ], [ 52.8359838, 54.5146527 ], [ 52.8359188, 54.5141441 ], [ 52.8358349, 54.5131316 ], [ 52.835859, 54.5128641 ], [ 52.8359436, 54.5125974 ], [ 52.8361259, 54.5122642 ], [ 52.8363687, 54.5119828 ], [ 52.8367013, 54.5117114 ], [ 52.8371036, 54.5114533 ], [ 52.8376735, 54.5112115 ], [ 52.8383132, 54.5110279 ], [ 52.8388363, 54.5109457 ], [ 52.8394478, 54.5108923 ], [ 52.8400701, 54.5108959 ], [ 52.8406991, 54.5109655 ], [ 52.8413965, 54.5111243 ], [ 52.8419303, 54.5113159 ], [ 52.84235, 54.5115219 ], [ 52.8427443, 54.5117722 ], [ 52.843042, 54.512045 ], [ 52.843258, 54.5123312 ], [ 52.8434175, 54.5125932 ], [ 52.8435127, 54.5128497 ], [ 52.8435355, 54.5130384 ], [ 52.8435275, 54.513269 ], [ 52.8434604, 54.5135986 ], [ 52.8433673, 54.5141181 ] ], [ [ 52.8280539, 54.5200944 ], [ 52.8285942, 54.5199586 ], [ 52.8298067, 54.5197018 ] ], [ [ 52.8280646, 54.5195222 ], [ 52.828648, 54.5192376 ], [ 52.8293141, 54.5188353 ] ], [ [ 52.8280646, 54.5195222 ], [ 52.8286053, 54.5193686 ], [ 52.8293179, 54.5190849 ], [ 52.8296617, 54.5189361 ], [ 52.829944, 54.5187692 ], [ 52.8303498, 54.5185096 ], [ 52.8307446, 54.5182118 ] ], [ [ 52.8293141, 54.5188353 ], [ 52.8296354, 54.5186493 ], [ 52.8301407, 54.5183269 ], [ 52.8304267, 54.5180781 ], [ 52.8307372, 54.5177488 ], [ 52.8310047, 54.5174401 ], [ 52.8312436, 54.517104 ], [ 52.8313875, 54.5168207 ], [ 52.8315623, 54.5164701 ], [ 52.831677, 54.5161475 ], [ 52.8318544, 54.515144 ], [ 52.8319033, 54.5145964 ], [ 52.831871, 54.5141095 ], [ 52.8317734, 54.5136559 ], [ 52.8316028, 54.5132397 ], [ 52.8313519, 54.5127748 ], [ 52.8309575, 54.5122866 ], [ 52.8305136, 54.5118003 ], [ 52.8298449, 54.5113002 ] ], [ [ 52.8307446, 54.5182118 ], [ 52.8311276, 54.5178558 ], [ 52.831405, 54.5175651 ], [ 52.831787, 54.5171354 ], [ 52.832073, 54.5167385 ], [ 52.832271, 54.5163719 ], [ 52.832447, 54.5159098 ], [ 52.8325375, 54.5154957 ], [ 52.8325755, 54.5150715 ], [ 52.8325611, 54.5146844 ], [ 52.8324956, 54.5142031 ], [ 52.8324015, 54.5137877 ], [ 52.8322069, 54.5132955 ], [ 52.832002, 54.5129201 ], [ 52.8317092, 54.5124981 ], [ 52.8314227, 54.5121727 ], [ 52.8311008, 54.511827 ], [ 52.8304222, 54.5112685 ], [ 52.8292817, 54.5105029 ], [ 52.8274634, 54.5092824 ], [ 52.824325, 54.5071997 ], [ 52.8238214, 54.50685 ], [ 52.8234204, 54.5065328 ], [ 52.8230761, 54.5062227 ], [ 52.8227109, 54.5058504 ], [ 52.8224189, 54.5054778 ], [ 52.8221208, 54.5050468 ], [ 52.8218926, 54.5045818 ], [ 52.821697, 54.5040002 ], [ 52.8216193, 54.5033811 ], [ 52.8216112, 54.5029038 ], [ 52.8216809, 54.5024148 ], [ 52.8217951, 54.5018871 ], [ 52.8220059, 54.501255 ], [ 52.8222522, 54.5006626 ], [ 52.8224587, 54.500256 ], [ 52.822694, 54.4998552 ], [ 52.8230864, 54.4993402 ], [ 52.8235807, 54.498769 ], [ 52.8239876, 54.4983433 ], [ 52.8244315, 54.4979375 ], [ 52.8250819, 54.4974492 ], [ 52.8258254, 54.4969346 ], [ 52.8266752, 54.4963869 ], [ 52.8275995, 54.4957992 ], [ 52.8290731, 54.4948572 ], [ 52.8298206, 54.494427 ], [ 52.8304732, 54.4940908 ], [ 52.830956, 54.4938727 ], [ 52.8315765, 54.4936453 ], [ 52.8324516, 54.4933765 ], [ 52.8353494, 54.4925392 ], [ 52.836226, 54.4922622 ], [ 52.836948, 54.4919877 ], [ 52.83765, 54.4916674 ], [ 52.8382378, 54.4913358 ], [ 52.8387258, 54.4910252 ], [ 52.8392279, 54.4906541 ], [ 52.8397329, 54.490198 ], [ 52.8400433, 54.4898689 ], [ 52.8402954, 54.489548 ], [ 52.8405552, 54.4891578 ], [ 52.8411304, 54.4880351 ], [ 52.8414649, 54.4874385 ], [ 52.8417726, 54.4869804 ], [ 52.8420671, 54.4866169 ], [ 52.8422534, 54.4864117 ], [ 52.8424627, 54.4862036 ], [ 52.8428006, 54.4859349 ], [ 52.8431493, 54.4856778 ], [ 52.8458422, 54.4838486 ], [ 52.8462419, 54.4836086 ], [ 52.846614, 54.4834019 ], [ 52.8471673, 54.4831349 ], [ 52.8475615, 54.4829651 ], [ 52.8480005, 54.4827848 ], [ 52.8486612, 54.4825552 ], [ 52.8491279, 54.4824088 ], [ 52.8498611, 54.4822088 ], [ 52.852873, 54.4814212 ], [ 52.8544429, 54.4811639 ], [ 52.8551435, 54.4811036 ], [ 52.8558215, 54.4810739 ], [ 52.8567645, 54.4810513 ], [ 52.8576706, 54.4810999 ], [ 52.859, 54.4812529 ], [ 52.8604953, 54.4815536 ], [ 52.8630624, 54.4823852 ], [ 52.8655879, 54.4832618 ], [ 52.8665063, 54.4836795 ], [ 52.8671225, 54.484046 ], [ 52.867663, 54.4843988 ], [ 52.8679096, 54.4845824 ], [ 52.8681419, 54.4847924 ], [ 52.8687278, 54.4853571 ], [ 52.869238, 54.4859289 ], [ 52.8699438, 54.4866714 ], [ 52.8710105, 54.4877594 ], [ 52.8722261, 54.4887339 ], [ 52.8727655, 54.4890975 ], [ 52.8733331, 54.4894572 ], [ 52.8744809, 54.4900852 ], [ 52.8751454, 54.4904251 ], [ 52.8757864, 54.490718 ], [ 52.876517, 54.491018 ], [ 52.8767493, 54.491108 ], [ 52.8771383, 54.4912586 ], [ 52.8777739, 54.4914861 ], [ 52.8785513, 54.4917403 ], [ 52.8791499, 54.491916 ], [ 52.879775, 54.4920843 ], [ 52.8808263, 54.4923289 ], [ 52.8821811, 54.4926201 ], [ 52.8836694, 54.4929302 ], [ 52.8847523, 54.4931724 ], [ 52.8851641, 54.4932775 ], [ 52.8856194, 54.4934209 ], [ 52.8860387, 54.4935617 ], [ 52.8864455, 54.4937184 ], [ 52.8867486, 54.493854 ], [ 52.8872141, 54.4940742 ], [ 52.8876445, 54.4943042 ], [ 52.8881383, 54.4945892 ], [ 52.8888702, 54.4950457 ], [ 52.8894814, 54.495426 ], [ 52.8902677, 54.4958915 ], [ 52.890737, 54.4961339 ], [ 52.8916678, 54.4965536 ], [ 52.8923095, 54.4968202 ], [ 52.893036, 54.4971266 ], [ 52.8946209, 54.497795 ], [ 52.8954757, 54.4981956 ], [ 52.8986283, 54.4995301 ], [ 52.8999462, 54.5000931 ], [ 52.9012541, 54.5007141 ], [ 52.9021112, 54.5012668 ], [ 52.9028006, 54.5018634 ], [ 52.9033407, 54.5024483 ], [ 52.9037214, 54.5030481 ], [ 52.9039654, 54.5035502 ], [ 52.9041176, 54.5040153 ], [ 52.9043157, 54.5050032 ], [ 52.9044465, 54.5055348 ], [ 52.9046528, 54.5060545 ], [ 52.9049143, 54.5065241 ], [ 52.9052584, 54.5070019 ], [ 52.9057829, 54.5075347 ], [ 52.906068, 54.5077959 ], [ 52.9063982, 54.5080486 ], [ 52.9070024, 54.5084444 ], [ 52.9077138, 54.5088297 ], [ 52.908713, 54.509263 ], [ 52.9098169, 54.5096523 ], [ 52.9116199, 54.5101769 ], [ 52.91294, 54.510642 ], [ 52.9138556, 54.5110285 ], [ 52.9146768, 54.5114628 ], [ 52.9152554, 54.5118315 ], [ 52.915824, 54.5122432 ], [ 52.9168472, 54.5131189 ], [ 52.9183279, 54.5146996 ], [ 52.9196681, 54.5162425 ], [ 52.923243, 54.5200877 ], [ 52.9257223, 54.5227244 ], [ 52.9275054, 54.5247287 ], [ 52.9323011, 54.529957 ], [ 52.9326526, 54.5303944 ], [ 52.9330999, 54.5310187 ], [ 52.9335129, 54.5316365 ], [ 52.9338509, 54.5322295 ], [ 52.9341787, 54.5328628 ], [ 52.9357232, 54.5359415 ], [ 52.9408306, 54.5460208 ], [ 52.9437053, 54.5516807 ], [ 52.9456932, 54.5555987 ] ], [ [ 52.8433673, 54.5141181 ], [ 52.843388, 54.5145255 ], [ 52.8433693, 54.5147418 ], [ 52.8433813, 54.5151922 ], [ 52.843439, 54.5155643 ], [ 52.8434819, 54.5157383 ], [ 52.8435556, 54.5159318 ], [ 52.8437072, 54.5161463 ], [ 52.8438574, 54.5163147 ], [ 52.8441431, 54.5165452 ], [ 52.8444394, 54.5167227 ], [ 52.8444862, 54.5167454 ], [ 52.8446889, 54.5168438 ], [ 52.8449839, 54.5169563 ], [ 52.8453621, 54.5170664 ], [ 52.8457671, 54.5171399 ], [ 52.8460032, 54.5171676 ], [ 52.8463089, 54.5171898 ], [ 52.8466254, 54.5171925 ], [ 52.8469526, 54.5171758 ], [ 52.8473228, 54.5171489 ], [ 52.8477037, 54.5170746 ], [ 52.8482186, 54.5168956 ], [ 52.8485245, 54.5167468 ], [ 52.8508839, 54.5153868 ] ], [ [ 52.8433673, 54.5141181 ], [ 52.8432807, 54.5145145 ], [ 52.8432431, 54.5147372 ], [ 52.8432204, 54.5151807 ], [ 52.8432692, 54.5155319 ], [ 52.8433424, 54.5157461 ], [ 52.843403, 54.5159175 ] ], [ [ 52.843403, 54.5159175 ], [ 52.8436434, 54.5163073 ], [ 52.8437903, 54.5164654 ], [ 52.8439219, 54.5165865 ], [ 52.8440988, 54.5167379 ], [ 52.8443241, 54.5168638 ], [ 52.8443512, 54.5168765 ], [ 52.8445709, 54.5169792 ], [ 52.8448577, 54.5170716 ], [ 52.8453038, 54.5171825 ], [ 52.8457108, 54.5172595 ], [ 52.8459603, 54.5172859 ], [ 52.846302, 54.5172898 ], [ 52.8469614, 54.5172756 ], [ 52.8473523, 54.5172423 ], [ 52.8477566, 54.5171637 ], [ 52.8481922, 54.517013 ], [ 52.8490944, 54.5165437 ], [ 52.8497771, 54.5162536 ] ], [ [ 52.843403, 54.5159175 ], [ 52.8434631, 54.5161011 ], [ 52.8435731, 54.5163315 ], [ 52.8437018, 54.5165386 ], [ 52.8440052, 54.5169037 ], [ 52.8441667, 54.5170481 ], [ 52.8442463, 54.5171193 ], [ 52.8446694, 54.5174545 ], [ 52.8465544, 54.518939 ], [ 52.8479699, 54.5200042 ], [ 52.8487951, 54.5206957 ] ], [ [ 52.8491279, 54.5210025 ], [ 52.8496367, 54.5216103 ], [ 52.8497313, 54.5218828 ], [ 52.8496777, 54.5222157 ], [ 52.8494313, 54.5226516 ], [ 52.8488446, 54.5231402 ], [ 52.8483988, 54.5233786 ], [ 52.8479997, 54.523504 ], [ 52.8474229, 54.523654 ], [ 52.8466076, 54.5239657 ] ], [ [ 52.8466576, 54.5181333 ], [ 52.8473121, 54.5177659 ] ], [ [ 52.84697, 54.5178165 ], [ 52.8472289, 54.5176942 ], [ 52.8475293, 54.5175541 ], [ 52.8478565, 54.5173798 ] ], [ [ 52.8478565, 54.5173798 ], [ 52.8473121, 54.5177659 ] ], [ [ 52.8473121, 54.5177659 ], [ 52.8477922, 54.5175105 ] ], [ [ 52.8491279, 54.5210025 ], [ 52.8497301, 54.521594 ], [ 52.8499164, 54.5218562 ], [ 52.8500037, 54.5220906 ], [ 52.8500311, 54.5223494 ], [ 52.8500117, 54.5225499 ], [ 52.8499504, 54.5227545 ], [ 52.849824, 54.5230075 ], [ 52.8496322, 54.5232277 ], [ 52.8492842, 54.5235163 ], [ 52.8489859, 54.5236894 ], [ 52.847385, 54.5243992 ] ], [ [ 52.8477922, 54.5175105 ], [ 52.8492271, 54.5166246 ], [ 52.8517753, 54.5152358 ] ], [ [ 52.8477922, 54.5175105 ], [ 52.8483991, 54.5172171 ], [ 52.8485546, 54.5171345 ], [ 52.8492841, 54.516669 ], [ 52.8512609, 54.5155931 ] ], [ [ 52.8478565, 54.5173798 ], [ 52.8491601, 54.5165919 ], [ 52.8497771, 54.5162536 ] ], [ [ 52.8508605, 54.5234518 ], [ 52.850926, 54.5237653 ], [ 52.8509498, 54.5239781 ], [ 52.8509176, 54.5241929 ], [ 52.8508372, 54.5244 ], [ 52.8507111, 54.5246086 ], [ 52.8503115, 54.5249946 ], [ 52.849801, 54.5252943 ], [ 52.8490753, 54.5256256 ], [ 52.8487094, 54.525782 ] ], [ [ 52.8487951, 54.5206957 ], [ 52.8491051, 54.5209325 ] ], [ [ 52.8487951, 54.5206957 ], [ 52.8491279, 54.5210025 ] ], [ [ 52.8508605, 54.5234518 ], [ 52.8508747, 54.5237649 ], [ 52.850872, 54.5239579 ], [ 52.8508104, 54.5241634 ], [ 52.8506762, 54.5243564 ], [ 52.8505314, 54.5245276 ], [ 52.8501371, 54.5248498 ], [ 52.8496463, 54.5251207 ], [ 52.8488202, 54.5254927 ] ], [ [ 52.8491051, 54.5209325 ], [ 52.8496624, 54.5212928 ], [ 52.8499735, 54.5215279 ], [ 52.8503034, 54.5218205 ], [ 52.850569, 54.5221537 ], [ 52.8507379, 54.5225366 ], [ 52.8508291, 54.5229352 ], [ 52.8508527, 54.5234147 ] ], [ [ 52.8491051, 54.5209325 ], [ 52.8494349, 54.5211846 ] ], [ [ 52.8494349, 54.5211846 ], [ 52.8499072, 54.5215454 ], [ 52.8502457, 54.521833 ], [ 52.8505019, 54.5221615 ], [ 52.8506695, 54.522546 ], [ 52.850753, 54.5229373 ], [ 52.8508527, 54.5234147 ] ], [ [ 52.8494349, 54.5211846 ], [ 52.8498461, 54.5215652 ], [ 52.8501519, 54.5218579 ], [ 52.8504415, 54.5221786 ], [ 52.8506105, 54.5225491 ], [ 52.850636, 54.5229383 ], [ 52.8505274, 54.5232449 ], [ 52.8503021, 54.5235142 ], [ 52.8500017, 54.5237384 ], [ 52.8496922, 54.5239226 ] ], [ [ 52.8497771, 54.5162536 ], [ 52.8523841, 54.5148228 ], [ 52.8532022, 54.5143604 ], [ 52.8535173, 54.5141713 ] ], [ [ 52.8508527, 54.5234147 ], [ 52.8508605, 54.5234518 ] ], [ [ 52.8508839, 54.5153868 ], [ 52.8532143, 54.5140665 ] ], [ [ 52.8535173, 54.5141713 ], [ 52.852476, 54.5146589 ], [ 52.8518994, 54.5149174 ], [ 52.8508839, 54.5153868 ] ], [ [ 52.8512609, 54.5155931 ], [ 52.8517753, 54.5152358 ] ], [ [ 52.8512609, 54.5155931 ], [ 52.8525162, 54.5149003 ], [ 52.8528032, 54.5147275 ], [ 52.8532264, 54.5144246 ] ], [ [ 52.8517753, 54.5152358 ], [ 52.8524479, 54.5148602 ], [ 52.8532264, 54.5144246 ] ], [ [ 52.8532143, 54.5140665 ], [ 52.853689, 54.5137317 ], [ 52.8541812, 54.5134526 ], [ 52.8545929, 54.5132273 ] ], [ [ 52.8532143, 54.5140665 ], [ 52.8537346, 54.5137831 ], [ 52.8541785, 54.5135118 ], [ 52.8545929, 54.5132273 ] ], [ [ 52.8532264, 54.5144246 ], [ 52.8539467, 54.5139276 ] ], [ [ 52.8535173, 54.5141713 ], [ 52.8539467, 54.5139276 ] ], [ [ 52.8539467, 54.5139276 ], [ 52.8553084, 54.5131853 ] ], [ [ 52.8545929, 54.5132273 ], [ 52.8556417, 54.5126169 ], [ 52.8559327, 54.5124265 ], [ 52.8561138, 54.5122587 ], [ 52.8562358, 54.5121245 ], [ 52.8563256, 54.5120096 ], [ 52.8565389, 54.511697 ], [ 52.8566206, 54.511611 ], [ 52.8567306, 54.5115285 ], [ 52.8568701, 54.5114179 ], [ 52.8573159, 54.5111399 ] ], [ [ 52.8711685, 56.3251452 ], [ 52.8714373, 56.3253736 ], [ 52.872049, 56.326045 ], [ 52.8729097, 56.3270706 ], [ 52.8737877, 56.3281166 ], [ 52.8747051, 56.3292078 ], [ 52.8764266, 56.3312437 ], [ 52.876705, 56.3315738 ], [ 52.8776123, 56.3326494 ], [ 52.8793066, 56.3346469 ], [ 52.8795905, 56.3349845 ] ], [ [ 52.8714663, 56.325477 ], [ 52.8711685, 56.3251452 ] ], [ [ 52.8794971, 56.3349899 ], [ 52.8792652, 56.3347096 ], [ 52.8781431, 56.3333875 ], [ 52.8775487, 56.3326657 ], [ 52.8759703, 56.3308117 ], [ 52.8740244, 56.3285091 ], [ 52.8731267, 56.3274439 ], [ 52.8722117, 56.3263718 ], [ 52.8714663, 56.325477 ] ], [ [ 52.8794971, 56.3349899 ], [ 52.8791907, 56.3346975 ], [ 52.8789243, 56.3344322 ], [ 52.8774569, 56.332685 ], [ 52.8762632, 56.3312931 ], [ 52.87394, 56.3285284 ], [ 52.8737074, 56.3282515 ], [ 52.8719547, 56.3261655 ], [ 52.8716908, 56.3258524 ], [ 52.8714663, 56.325477 ] ], [ [ 52.8798843, 56.3354519 ], [ 52.8794971, 56.3349899 ] ], [ [ 52.8795905, 56.3349845 ], [ 52.8801057, 56.335597 ] ], [ [ 52.8795905, 56.3349845 ], [ 52.8798843, 56.3354519 ] ], [ [ 52.9726259, 56.478467 ], [ 52.9730162, 56.4661255 ], [ 52.9730958, 56.4637545 ], [ 52.9731073, 56.4634717 ], [ 52.9732058, 56.4621638 ], [ 52.9732367, 56.4607308 ], [ 52.9732834, 56.4587016 ], [ 52.9732829, 56.4584922 ], [ 52.9734571, 56.4544592 ], [ 52.9733506, 56.4538435 ], [ 52.973154, 56.4532776 ], [ 52.9728181, 56.4527207 ], [ 52.9724249, 56.4522225 ], [ 52.9718514, 56.4516567 ], [ 52.9711468, 56.4511225 ], [ 52.9703603, 56.4506697 ], [ 52.9696885, 56.4503482 ], [ 52.9690659, 56.4501083 ], [ 52.9682803, 56.4498606 ], [ 52.9671305, 56.4495228 ], [ 52.965215, 56.4489504 ], [ 52.9637736, 56.4483393 ], [ 52.962273, 56.447499 ], [ 52.9615621, 56.446746 ], [ 52.9493195, 56.4283558 ], [ 52.9354422, 56.4072344 ], [ 52.9292352, 56.3975876 ], [ 52.922048, 56.386524 ], [ 52.9187915, 56.3817404 ], [ 52.9185772, 56.3814524 ], [ 52.9176755, 56.3801858 ], [ 52.9164165, 56.3788 ], [ 52.9162475, 56.3786411 ], [ 52.9156803, 56.3781083 ], [ 52.9131665, 56.3753889 ], [ 52.9060992, 56.3682137 ], [ 52.889173, 56.351029 ], [ 52.8880143, 56.3496173 ], [ 52.8876042, 56.3489251 ], [ 52.8873977, 56.3482125 ], [ 52.8873628, 56.3474685 ], [ 52.8874674, 56.3467306 ], [ 52.8875399, 56.3462318 ], [ 52.8875586, 56.345725 ], [ 52.8875077, 56.345233 ], [ 52.8873762, 56.3447322 ], [ 52.8871858, 56.3442935 ], [ 52.886923, 56.3438818 ], [ 52.8862802, 56.3430943 ], [ 52.8854404, 56.342086 ], [ 52.885149, 56.3417462 ], [ 52.882752, 56.3387581 ], [ 52.8811902, 56.3370107 ], [ 52.8809611, 56.3367282 ], [ 52.8798843, 56.3354519 ] ], [ [ 52.9456932, 54.5555987 ], [ 52.9453581, 54.5550938 ] ], [ [ 52.9454439, 54.5552716 ], [ 52.9453581, 54.5550938 ] ], [ [ 52.9470161, 54.5657705 ], [ 52.9469537, 54.5641175 ], [ 52.9468574, 54.5617484 ], [ 52.9468033, 54.5603195 ], [ 52.9467557, 54.5588971 ], [ 52.9467067, 54.5584096 ], [ 52.9465851, 54.5578244 ], [ 52.9463822, 54.5571762 ], [ 52.9461571, 54.5566777 ], [ 52.9454439, 54.5552716 ] ], [ [ 52.9470161, 54.5657705 ], [ 52.9469619, 54.5653639 ], [ 52.9468961, 54.5650348 ], [ 52.9468664, 54.5647439 ], [ 52.9466568, 54.5597825 ], [ 52.9466317, 54.5589004 ], [ 52.9465937, 54.5584147 ], [ 52.9464917, 54.5578376 ], [ 52.9462839, 54.5571873 ], [ 52.9460668, 54.5566914 ], [ 52.9457274, 54.5560158 ], [ 52.9456634, 54.5558598 ], [ 52.9455789, 54.5556435 ], [ 52.9454439, 54.5552716 ] ], [ [ 52.9456932, 54.5555987 ], [ 52.9458921, 54.5559907 ] ], [ [ 52.9458921, 54.5559907 ], [ 52.9461381, 54.556341 ], [ 52.9463258, 54.5566614 ], [ 52.9465511, 54.55717 ], [ 52.9467443, 54.5578077 ], [ 52.946873, 54.5584003 ], [ 52.9469213, 54.5588918 ], [ 52.9469696, 54.560318 ], [ 52.9470205, 54.5617535 ], [ 52.9470876, 54.5625 ], [ 52.9471529, 54.5641131 ], [ 52.9471815, 54.5648202 ], [ 52.947152, 54.5651577 ], [ 52.9470878, 54.5657698 ] ], [ [ 52.9458921, 54.5559907 ], [ 52.9462377, 54.5566699 ], [ 52.9464618, 54.5571733 ], [ 52.9466643, 54.5578161 ], [ 52.9467912, 54.5584049 ], [ 52.9468331, 54.5588946 ], [ 52.9468836, 54.5603188 ], [ 52.9469372, 54.5617509 ], [ 52.9469719, 54.562501 ], [ 52.947028, 54.5641159 ], [ 52.9470878, 54.5657698 ] ], [ [ 52.9470446, 54.5665254 ], [ 52.9470161, 54.5657705 ] ], [ [ 52.9470446, 54.5665254 ], [ 52.9470554, 54.5669989 ], [ 52.9470886, 54.5674106 ], [ 52.9471466, 54.5679318 ], [ 52.9472538, 54.5684125 ], [ 52.9473719, 54.5688399 ], [ 52.9475475, 54.5693066 ], [ 52.9478427, 54.5699828 ], [ 52.9482382, 54.570681 ], [ 52.9487371, 54.5713993 ], [ 52.9493045, 54.5720905 ], [ 52.9576156, 54.5813259 ], [ 52.9665565, 54.5912839 ], [ 52.9730514, 54.5985569 ], [ 52.9737353, 54.5992526 ], [ 52.974304, 54.599784 ], [ 52.9750764, 54.6003713 ], [ 52.975933, 54.6009572 ], [ 52.9833946, 54.6051955 ], [ 52.9888846, 54.608348 ], [ 52.9985506, 54.6137638 ], [ 53.0006311, 54.6152978 ], [ 53.0012112, 54.6163689 ], [ 53.0015212, 54.617467 ], [ 53.0016421, 54.620316 ], [ 53.0017022, 54.6209309 ], [ 53.0018425, 54.6213805 ], [ 53.0021781, 54.6220099 ], [ 53.002649, 54.6226886 ], [ 53.00317, 54.6232165 ], [ 53.0034907, 54.6234775 ], [ 53.0039866, 54.6238575 ], [ 53.0043573, 54.6240924 ], [ 53.0050487, 54.6244694 ], [ 53.0055998, 54.6247247 ], [ 53.0062761, 54.6249944 ], [ 53.0068622, 54.6251916 ], [ 53.0075385, 54.6253772 ], [ 53.0081898, 54.625528 ], [ 53.0089412, 54.6256614 ], [ 53.0096325, 54.6257445 ], [ 53.0104423, 54.6258069 ], [ 53.0113281, 54.6258134 ], [ 53.012067, 54.6257787 ], [ 53.0127766, 54.6257066 ], [ 53.0136557, 54.625615 ] ], [ [ 52.9470878, 54.5657698 ], [ 52.9470975, 54.5659429 ], [ 52.9470446, 54.5665254 ] ], [ [ 52.9722012, 56.4913588 ], [ 52.9721162, 56.4937767 ], [ 52.9720941, 56.494691 ], [ 52.9719102, 56.5002704 ], [ 52.9718819, 56.5007347 ], [ 52.9718312, 56.5011352 ], [ 52.971721, 56.5015726 ], [ 52.9715601, 56.5020417 ], [ 52.9713106, 56.5025333 ], [ 52.971037, 56.5029833 ], [ 52.9706667, 56.5034585 ], [ 52.9701197, 56.5040639 ], [ 52.968949, 56.5051631 ], [ 52.9670823, 56.5069463 ], [ 52.9654035, 56.5085598 ], [ 52.9651993, 56.5087519 ], [ 52.9641984, 56.5097288 ], [ 52.9635893, 56.5103112 ], [ 52.9632667, 56.5106297 ], [ 52.9630294, 56.5109109 ], [ 52.9628482, 56.511204 ], [ 52.9627651, 56.5113845 ], [ 52.962704, 56.5115878 ], [ 52.9626712, 56.5117945 ], [ 52.9626652, 56.5120138 ], [ 52.9627087, 56.512298 ], [ 52.9627839, 56.5125197 ], [ 52.962911, 56.512765 ], [ 52.9632309, 56.5132072 ], [ 52.9637286, 56.513681 ], [ 52.9640762, 56.5139968 ], [ 52.9649516, 56.5147365 ], [ 52.965611, 56.5152776 ], [ 52.9663408, 56.5158058 ], [ 52.9673116, 56.5163211 ], [ 52.9682623, 56.5167237 ], [ 52.9691595, 56.5170303 ], [ 52.9701135, 56.5172726 ], [ 52.9710931, 56.5174624 ], [ 52.9721874, 56.5176133 ], [ 52.972969, 56.5176764 ], [ 52.973946, 56.5177044 ], [ 52.9757999, 56.5176893 ], [ 52.9768941, 56.5176529 ], [ 52.9780339, 56.5175524 ], [ 52.9791235, 56.517459 ], [ 52.9815334, 56.5172112 ], [ 52.9824618, 56.5171448 ], [ 52.9828927, 56.517124 ], [ 52.98312, 56.5171184 ], [ 52.9834324, 56.5171106 ], [ 52.9853095, 56.5171029 ], [ 52.9865294, 56.5171298 ], [ 52.9870435, 56.5171606 ], [ 52.987406, 56.517188 ], [ 52.9879423, 56.5172484 ], [ 52.9884949, 56.5173213 ], [ 52.9891999, 56.5174499 ], [ 52.9893218, 56.5174721 ], [ 52.9900448, 56.5176428 ], [ 52.9905008, 56.5177704 ], [ 52.9909353, 56.5179043 ], [ 52.9915261, 56.5181121 ], [ 52.9920202, 56.518309 ], [ 52.9925781, 56.5185722 ], [ 52.9931284, 56.5188778 ], [ 52.9936642, 56.5192005 ], [ 52.9947858, 56.5198944 ], [ 52.9951849, 56.5201436 ], [ 52.9957374, 56.5204532 ], [ 52.9962907, 56.5206924 ], [ 52.9967981, 56.520886 ], [ 52.9974729, 56.5211008 ], [ 53.0002558, 56.5218837 ], [ 53.0015055, 56.5222237 ], [ 53.003048, 56.5226574 ], [ 53.0032347, 56.5227116 ], [ 53.0048924, 56.5231776 ], [ 53.0069503, 56.5237699 ], [ 53.0093443, 56.52448 ], [ 53.0125068, 56.5253606 ], [ 53.0152641, 56.5261454 ], [ 53.0168821, 56.5265731 ], [ 53.0209511, 56.5277255 ], [ 53.0219228, 56.5279892 ], [ 53.0220682, 56.52803 ] ], [ [ 52.9722012, 56.4913588 ], [ 52.9722565, 56.4896612 ], [ 52.9724024, 56.4851807 ], [ 52.9724601, 56.4840375 ], [ 52.9725723, 56.4800852 ], [ 52.9726259, 56.478467 ] ], [ [ 52.9722012, 56.4913588 ], [ 52.9723037, 56.4908715 ], [ 52.9723179, 56.4904757 ] ], [ [ 52.9723179, 56.4904757 ], [ 52.972347, 56.4896636 ], [ 52.9725081, 56.485182 ], [ 52.9725476, 56.4840412 ], [ 52.9726651, 56.4800859 ], [ 52.9726706, 56.4795844 ] ], [ [ 52.9726706, 56.4795844 ], [ 52.9727375, 56.4798541 ], [ 52.9727456, 56.4800866 ], [ 52.9726182, 56.4840442 ], [ 52.97259, 56.4851831 ], [ 52.9724318, 56.4896657 ], [ 52.9723969, 56.4901115 ], [ 52.9723179, 56.4904757 ] ], [ [ 52.9726866, 56.4790676 ], [ 52.9726259, 56.478467 ] ], [ [ 52.9726706, 56.4795844 ], [ 52.9726866, 56.4790676 ] ], [ [ 52.9726866, 56.4790676 ], [ 52.9727027, 56.4784691 ], [ 52.9727107, 56.4782277 ] ], [ [ 53.0494882, 56.5443543 ], [ 53.0401435, 56.5360695 ], [ 53.0380576, 56.5342477 ], [ 53.0376736, 56.5339191 ], [ 53.0375361, 56.5338006 ], [ 53.0368341, 56.5331674 ], [ 53.0366438, 56.5330106 ], [ 53.0359126, 56.5323559 ], [ 53.0356399, 56.5321427 ], [ 53.0353596, 56.5319245 ], [ 53.0349798, 56.5316867 ], [ 53.0345566, 56.5314612 ], [ 53.0340978, 56.5312315 ], [ 53.0336227, 56.5310168 ], [ 53.0331869, 56.5308474 ], [ 53.0326895, 56.5307011 ], [ 53.0323243, 56.5305991 ], [ 53.0317961, 56.5304637 ], [ 53.0305922, 56.5302135 ], [ 53.029545, 56.5299936 ], [ 53.0275149, 56.5295709 ], [ 53.0274228, 56.5295522 ], [ 53.0261128, 56.5292959 ], [ 53.0259696, 56.5292669 ], [ 53.0252162, 56.5291063 ], [ 53.0236444, 56.528787 ], [ 53.0225676, 56.5285423 ], [ 53.0219405, 56.5283957 ], [ 53.0212746, 56.528232 ], [ 53.0206504, 56.528061 ], [ 53.0167162, 56.5269552 ], [ 53.0073885, 56.5243339 ], [ 53.0066834, 56.5241163 ], [ 53.0062483, 56.52397 ], [ 53.0056687, 56.5237509 ], [ 53.0044031, 56.5232614 ], [ 53.0042995, 56.5232208 ], [ 53.0036972, 56.5230063 ], [ 53.0031069, 56.5228115 ], [ 53.0010199, 56.5221943 ], [ 53.0009515, 56.522175 ] ], [ [ 53.0136557, 54.625615 ], [ 53.0141257, 54.6255313 ], [ 53.0152522, 54.6253517 ], [ 53.0167026, 54.6250627 ], [ 53.0185754, 54.6245967 ], [ 53.0200551, 54.6242286 ], [ 53.021306, 54.6239865 ], [ 53.0228978, 54.6237591 ], [ 53.0248473, 54.6235643 ], [ 53.0266004, 54.6234912 ], [ 53.0286551, 54.6235034 ], [ 53.030843, 54.623682 ], [ 53.0327013, 54.6239499 ], [ 53.0341599, 54.6243437 ], [ 53.0356817, 54.6249405 ], [ 53.0366962, 54.6255238 ], [ 53.0374499, 54.6260836 ], [ 53.038159, 54.6267266 ], [ 53.0386003, 54.6272548 ], [ 53.0397309, 54.6286699 ], [ 53.0403854, 54.6292009 ], [ 53.0411391, 54.6297032 ], [ 53.0418433, 54.6300907 ], [ 53.0421656, 54.6302228 ], [ 53.0427985, 54.6304923 ], [ 53.0443904, 54.6309835 ], [ 53.0465362, 54.6313285 ], [ 53.0505964, 54.6316857 ], [ 53.0517717, 54.6318063 ], [ 53.0528685, 54.6319982 ], [ 53.0539984, 54.6322539 ], [ 53.0552394, 54.6327115 ], [ 53.0563636, 54.633204 ], [ 53.0575494, 54.6338746 ], [ 53.0581858, 54.6342233 ], [ 53.0592099, 54.6349518 ], [ 53.059433, 54.6351527 ], [ 53.061156, 54.6371565 ], [ 53.0615836, 54.6375471 ], [ 53.0625093, 54.6382411 ], [ 53.0635331, 54.6387362 ], [ 53.0652021, 54.6394018 ], [ 53.0667308, 54.6397711 ], [ 53.0679861, 54.6399294 ], [ 53.0690807, 54.6400232 ], [ 53.0702932, 54.6400836 ], [ 53.0729159, 54.6402946 ], [ 53.0739194, 54.6404817 ], [ 53.07469, 54.6406436 ], [ 53.0760925, 54.6411225 ], [ 53.0771522, 54.6415977 ], [ 53.0781192, 54.6421614 ], [ 53.0789684, 54.6428151 ], [ 53.0796202, 54.6435857 ], [ 53.0799504, 54.6440826 ], [ 53.0801983, 54.6446393 ], [ 53.080357, 54.6451385 ], [ 53.0804165, 54.6455746 ], [ 53.0804562, 54.6460394 ], [ 53.0803868, 54.6464583 ], [ 53.0803074, 54.6469002 ], [ 53.0800793, 54.6474568 ], [ 53.0796926, 54.648088 ], [ 53.079286, 54.6486274 ], [ 53.078919, 54.6490864 ], [ 53.0781755, 54.6501551 ], [ 53.0778812, 54.6513665 ], [ 53.0778882, 54.6520683 ], [ 53.0781546, 54.6529406 ], [ 53.0785403, 54.6536424 ], [ 53.0790312, 54.6543686 ], [ 53.0793012, 54.6546282 ], [ 53.0807001, 54.6557221 ], [ 53.081233, 54.6559554 ], [ 53.0827495, 54.6565836 ], [ 53.0834338, 54.6568217 ], [ 53.0852734, 54.6572146 ], [ 53.0913022, 54.6584664 ], [ 53.0933007, 54.6588883 ], [ 53.0945139, 54.6591925 ], [ 53.0963512, 54.6598334 ], [ 53.0979921, 54.6605757 ], [ 53.0992537, 54.6612245 ], [ 53.1000513, 54.6617319 ], [ 53.1011295, 54.6624471 ], [ 53.101564, 54.6627061 ], [ 53.102189, 54.6630335 ], [ 53.1026155, 54.6632289 ], [ 53.1031358, 54.6634375 ], [ 53.1036897, 54.6636324 ], [ 53.1043509, 54.66382 ], [ 53.1050302, 54.6639816 ], [ 53.1057254, 54.664131 ], [ 53.1100922, 54.6649945 ], [ 53.1133014, 54.6656367 ], [ 53.1173444, 54.6664469 ], [ 53.1213398, 54.6672437 ], [ 53.1254071, 54.6680428 ], [ 53.1273805, 54.6684346 ], [ 53.127511, 54.6684605 ], [ 53.1281313, 54.6685668 ], [ 53.128809, 54.6686668 ], [ 53.1294912, 54.6687358 ], [ 53.1302074, 54.6687746 ], [ 53.1308145, 54.6687851 ], [ 53.1314036, 54.6687738 ], [ 53.1319508, 54.6687451 ], [ 53.132506, 54.6686955 ], [ 53.1330592, 54.6686307 ], [ 53.1335977, 54.6685466 ], [ 53.1341609, 54.6684396 ], [ 53.1349087, 54.6682657 ], [ 53.1355932, 54.6680626 ], [ 53.136245, 54.6678315 ], [ 53.1368602, 54.667577 ], [ 53.1378007, 54.6671567 ], [ 53.1386943, 54.6667743 ], [ 53.1391793, 54.6665937 ], [ 53.1396079, 54.666449 ], [ 53.1400457, 54.6663191 ], [ 53.1405289, 54.6661914 ], [ 53.1411843, 54.6660505 ], [ 53.141945, 54.6659188 ], [ 53.1456754, 54.6653435 ], [ 53.1468478, 54.6651541 ], [ 53.1474432, 54.6650455 ], [ 53.1479609, 54.6649322 ], [ 53.1485295, 54.6647834 ], [ 53.1490878, 54.6646116 ], [ 53.150575, 54.6641116 ], [ 53.15126, 54.6639022 ], [ 53.1516865, 54.6637843 ], [ 53.1522411, 54.6636549 ], [ 53.152754, 54.6635547 ], [ 53.1533047, 54.6634664 ], [ 53.153961, 54.6633887 ], [ 53.154558, 54.6633368 ], [ 53.1551546, 54.6633112 ], [ 53.1557459, 54.6633064 ], [ 53.1563777, 54.6633174 ], [ 53.1569632, 54.6633533 ], [ 53.1577349, 54.6634291 ], [ 53.1605502, 54.6637643 ], [ 53.1612774, 54.6638472 ], [ 53.1621042, 54.6639177 ], [ 53.1628394, 54.6639543 ], [ 53.1635311, 54.6639751 ], [ 53.1641829, 54.6639798 ], [ 53.1648784, 54.6639639 ], [ 53.1677237, 54.663812 ], [ 53.1708026, 54.6636078 ], [ 53.1740783, 54.6634413 ], [ 53.1753322, 54.6634447 ], [ 53.1766221, 54.663528 ], [ 53.1778913, 54.6636805 ], [ 53.1791542, 54.6638939 ], [ 53.1876115, 54.6654273 ], [ 53.1886375, 54.6655747 ], [ 53.1898044, 54.6656736 ], [ 53.1911744, 54.665754 ], [ 53.2065953, 54.6661361 ], [ 53.207858, 54.666098 ], [ 53.2091189, 54.6659854 ], [ 53.2103461, 54.6657726 ], [ 53.2114858, 54.6654465 ], [ 53.2124888, 54.6650939 ], [ 53.2136696, 54.6645305 ], [ 53.2146353, 54.6639235 ], [ 53.2153905, 54.663261 ], [ 53.2160098, 54.6625323 ], [ 53.2165486, 54.6615287 ], [ 53.2167904, 54.6604122 ], [ 53.2165953, 54.6593841 ], [ 53.2162079, 54.6581966 ], [ 53.2161227, 54.657485 ], [ 53.2162043, 54.6566659 ], [ 53.2163351, 54.6562076 ], [ 53.2166833, 54.6554696 ], [ 53.217642, 54.6542685 ], [ 53.2185012, 54.6529741 ], [ 53.2191668, 54.6517893 ], [ 53.2198027, 54.6509666 ], [ 53.2202559, 54.6505143 ], [ 53.220642, 54.6501706 ], [ 53.221153, 54.6497956 ], [ 53.2224373, 54.6490959 ], [ 53.2231989, 54.6487786 ], [ 53.225176, 54.6480549 ], [ 53.2258757, 54.6477934 ], [ 53.2265161, 54.6475473 ], [ 53.2271358, 54.6472888 ], [ 53.2283994, 54.646695 ], [ 53.2290312, 54.6463059 ], [ 53.2300331, 54.6456012 ], [ 53.2311851, 54.644643 ], [ 53.231725, 54.6440563 ], [ 53.2324389, 54.6431398 ], [ 53.2328729, 54.6424286 ], [ 53.2331469, 54.6417511 ], [ 53.2332971, 54.6411791 ], [ 53.2333149, 54.6408935 ], [ 53.2333449, 54.6403797 ], [ 53.2332718, 54.6400205 ], [ 53.2331912, 54.6395589 ], [ 53.2328476, 54.6388666 ], [ 53.2324653, 54.6382356 ], [ 53.2319907, 54.637752 ], [ 53.2316787, 54.6372823 ] ], [ [ 53.2316787, 54.6372823 ], [ 53.2327414, 54.638467 ], [ 53.233277, 54.6395632 ], [ 53.2334226, 54.6403709 ], [ 53.2333871, 54.6411876 ], [ 53.2332427, 54.6417492 ], [ 53.2329412, 54.6424633 ], [ 53.2324687, 54.6432351 ], [ 53.2319156, 54.643992 ], [ 53.2312568, 54.6446967 ], [ 53.2304933, 54.6453588 ], [ 53.2292087, 54.646299 ], [ 53.2284532, 54.6467309 ], [ 53.2271839, 54.6473285 ], [ 53.2265652, 54.6475904 ], [ 53.2259393, 54.6478322 ], [ 53.2246144, 54.6483167 ], [ 53.2232663, 54.6488192 ], [ 53.2224737, 54.6491572 ], [ 53.221909, 54.6494416 ], [ 53.221279, 54.6498234 ], [ 53.2207332, 54.6501988 ], [ 53.2203059, 54.6505587 ], [ 53.2198752, 54.6509828 ], [ 53.2192336, 54.6518018 ], [ 53.2185981, 54.652941 ], [ 53.2176996, 54.6542783 ], [ 53.216767, 54.6554721 ], [ 53.2164199, 54.6562059 ], [ 53.2162829, 54.656683 ], [ 53.2161962, 54.6574751 ], [ 53.2163068, 54.6581881 ], [ 53.216671, 54.6593814 ], [ 53.2168482, 54.6604086 ], [ 53.2166154, 54.6615249 ], [ 53.2160711, 54.6625455 ], [ 53.2154907, 54.6632712 ], [ 53.2146794, 54.6639411 ], [ 53.2137176, 54.6645513 ], [ 53.2125238, 54.6651251 ], [ 53.2115098, 54.6654882 ], [ 53.210374, 54.6658128 ], [ 53.2091432, 54.6660218 ], [ 53.207864, 54.6661327 ], [ 53.2065802, 54.6661751 ], [ 53.1994264, 54.6659806 ], [ 53.1938289, 54.6658641 ], [ 53.1911752, 54.6658075 ], [ 53.1897976, 54.6657378 ], [ 53.1886207, 54.6656283 ], [ 53.1875886, 54.6654761 ], [ 53.179121, 54.6639383 ], [ 53.1778666, 54.6637373 ], [ 53.1765768, 54.6636055 ], [ 53.1753409, 54.6635118 ], [ 53.1740663, 54.6635044 ], [ 53.1708327, 54.6636609 ], [ 53.1677335, 54.6638588 ], [ 53.1648914, 54.6640049 ], [ 53.1641749, 54.6640201 ], [ 53.1635231, 54.6640155 ], [ 53.1628295, 54.6639976 ], [ 53.1620935, 54.6639565 ], [ 53.1612618, 54.6638855 ], [ 53.1605303, 54.6638086 ], [ 53.1577188, 54.663471 ], [ 53.1569424, 54.6633935 ], [ 53.1563911, 54.6633639 ], [ 53.1557315, 54.6633487 ], [ 53.1551492, 54.6633593 ], [ 53.1545481, 54.6633828 ], [ 53.1539771, 54.6634306 ], [ 53.1533268, 54.6635107 ], [ 53.1527621, 54.6636044 ], [ 53.1522663, 54.6637047 ], [ 53.1517187, 54.6638278 ], [ 53.1513002, 54.6639441 ], [ 53.1506139, 54.6641534 ], [ 53.149129, 54.6646515 ], [ 53.1485617, 54.6648206 ], [ 53.1480113, 54.6649684 ], [ 53.1474754, 54.6650859 ], [ 53.1468639, 54.6651944 ], [ 53.1456894, 54.6653789 ], [ 53.1419641, 54.6659555 ], [ 53.1412124, 54.6660858 ], [ 53.1405485, 54.6662297 ], [ 53.1400806, 54.6663532 ], [ 53.1396341, 54.6664838 ], [ 53.1392142, 54.6666231 ], [ 53.1387406, 54.6668043 ], [ 53.1378585, 54.6671868 ], [ 53.1369128, 54.6676039 ], [ 53.1362933, 54.6678625 ], [ 53.1356308, 54.668103 ], [ 53.1349524, 54.6682997 ], [ 53.1342012, 54.6684768 ], [ 53.1336191, 54.6685885 ], [ 53.1330736, 54.6686739 ], [ 53.1325194, 54.6687374 ], [ 53.1319562, 54.6687886 ], [ 53.1313956, 54.6688149 ], [ 53.1308217, 54.668823 ], [ 53.1301939, 54.6688165 ], [ 53.1294724, 54.6687824 ], [ 53.1287976, 54.6687139 ], [ 53.1280965, 54.6686148 ], [ 53.1274836, 54.6685105 ], [ 53.127349, 54.6684837 ], [ 53.1253615, 54.6680881 ], [ 53.1213078, 54.6672793 ], [ 53.1173192, 54.6664839 ], [ 53.113269, 54.6656821 ], [ 53.1100552, 54.6650392 ], [ 53.1056936, 54.6641771 ], [ 53.1049705, 54.6640201 ], [ 53.1043161, 54.6638561 ], [ 53.1036651, 54.663668 ], [ 53.1030768, 54.6634663 ], [ 53.1025726, 54.6632662 ], [ 53.102138, 54.6630676 ], [ 53.1015208, 54.6627351 ], [ 53.1010786, 54.6624781 ], [ 53.0999908, 54.6617651 ], [ 53.0991903, 54.6612509 ], [ 53.0983343, 54.6608516 ], [ 53.0963866, 54.6599204 ], [ 53.094685, 54.659317 ], [ 53.0933371, 54.658954 ], [ 53.0919985, 54.658672 ], [ 53.0831576, 54.6568172 ], [ 53.0818381, 54.6563238 ], [ 53.0806991, 54.6557776 ], [ 53.0796601, 54.6550413 ], [ 53.0789558, 54.6544533 ], [ 53.0785486, 54.6538054 ], [ 53.0780615, 54.653072 ], [ 53.0778133, 54.6522247 ], [ 53.077712, 54.651483 ], [ 53.077876, 54.6508034 ], [ 53.0781144, 54.6500809 ], [ 53.0790699, 54.6486895 ], [ 53.0796458, 54.6479813 ], [ 53.0800298, 54.6472783 ], [ 53.0802349, 54.6468184 ], [ 53.0803387, 54.646361 ], [ 53.0803152, 54.6453351 ], [ 53.079904, 54.6441141 ], [ 53.0794418, 54.6435344 ], [ 53.0790478, 54.6429938 ], [ 53.0781816, 54.6422839 ], [ 53.0770349, 54.6416072 ], [ 53.075483, 54.6409637 ], [ 53.0748661, 54.6407617 ], [ 53.0741201, 54.6405792 ], [ 53.0729737, 54.640366 ], [ 53.0710653, 54.6402017 ], [ 53.0691618, 54.640114 ], [ 53.0682818, 54.6400475 ], [ 53.0674679, 54.6399582 ], [ 53.066635, 54.6398274 ], [ 53.0650003, 54.6394208 ], [ 53.0638569, 54.6389637 ], [ 53.0626667, 54.6384182 ], [ 53.0617884, 54.6378477 ], [ 53.0610602, 54.6371919 ], [ 53.0592447, 54.6350938 ], [ 53.0586233, 54.6346363 ], [ 53.0574461, 54.6339285 ], [ 53.0562839, 54.6332701 ], [ 53.0551802, 54.632749 ], [ 53.0539326, 54.6323242 ], [ 53.0521193, 54.6319358 ], [ 53.0505028, 54.6317423 ], [ 53.046523, 54.6313991 ], [ 53.0443759, 54.6310543 ], [ 53.0427761, 54.6305457 ], [ 53.0419264, 54.630186 ], [ 53.0410824, 54.629737 ], [ 53.0403325, 54.6292386 ], [ 53.0396668, 54.6286902 ], [ 53.0380559, 54.626749 ], [ 53.0373761, 54.6261329 ], [ 53.0366211, 54.6255506 ], [ 53.035654, 54.6250098 ], [ 53.0341295, 54.624402 ], [ 53.0327194, 54.6240223 ], [ 53.0308739, 54.6237411 ], [ 53.0286529, 54.623561 ], [ 53.0266061, 54.6235465 ], [ 53.024852, 54.6236201 ], [ 53.0240374, 54.6236891 ], [ 53.022909, 54.623827 ], [ 53.0213486, 54.6240587 ], [ 53.020132, 54.6242894 ], [ 53.0186076, 54.6246538 ], [ 53.0164429, 54.6251642 ], [ 53.0153298, 54.6253907 ], [ 53.0149048, 54.6254551 ], [ 53.0136557, 54.625615 ] ], [ [ 53.0220682, 56.52803 ], [ 53.023324, 56.5283974 ], [ 53.0239141, 56.528557 ], [ 53.0244207, 56.5286772 ], [ 53.0250847, 56.5288073 ], [ 53.0259518, 56.5289578 ], [ 53.026685, 56.5290822 ], [ 53.0274552, 56.5291905 ], [ 53.0279267, 56.5292416 ], [ 53.028043, 56.529255 ], [ 53.0297551, 56.5294273 ], [ 53.0301019, 56.5294567 ], [ 53.0317761, 56.5295368 ], [ 53.0333799, 56.5296034 ], [ 53.0349394, 56.5296553 ], [ 53.0366733, 56.5297306 ], [ 53.0382718, 56.5298062 ], [ 53.0384064, 56.5298119 ] ], [ [ 53.0220682, 56.52803 ], [ 53.0232397, 56.5284144 ], [ 53.0237956, 56.5285707 ], [ 53.025088, 56.5289148 ], [ 53.0254315, 56.5289864 ], [ 53.0263545, 56.5291842 ], [ 53.0299334, 56.5299143 ], [ 53.0309095, 56.5301207 ], [ 53.0319012, 56.5303378 ], [ 53.0323837, 56.5304624 ], [ 53.0328795, 56.5305991 ], [ 53.0333148, 56.5307488 ], [ 53.0338291, 56.5309391 ], [ 53.0341899, 56.5310973 ], [ 53.0345842, 56.5312846 ], [ 53.0348606, 56.5314281 ], [ 53.0352357, 56.5316426 ], [ 53.0355556, 56.5318439 ], [ 53.0360055, 56.5321739 ], [ 53.0370453, 56.5329922 ], [ 53.037367, 56.5332325 ], [ 53.0377998, 56.5335465 ], [ 53.0381493, 56.5337676 ], [ 53.0394076, 56.5345167 ], [ 53.0419472, 56.5359165 ], [ 53.043502, 56.5372858 ], [ 53.0515272, 56.5444152 ] ], [ [ 53.065932, 56.5316936 ], [ 53.0597558, 56.5307872 ], [ 53.0588368, 56.5306706 ], [ 53.0581706, 56.5306127 ], [ 53.0574039, 56.5305654 ], [ 53.04854, 56.530217 ], [ 53.0384064, 56.5298119 ] ], [ [ 53.0384064, 56.5298119 ], [ 53.0398349, 56.5299152 ], [ 53.0403158, 56.5299405 ], [ 53.0435982, 56.5300907 ], [ 53.0452437, 56.5301616 ], [ 53.0567016, 56.5306013 ], [ 53.0574258, 56.5306374 ], [ 53.0581507, 56.5306887 ], [ 53.0588316, 56.5307494 ], [ 53.0597447, 56.5308598 ], [ 53.0603237, 56.5309477 ], [ 53.064121, 56.5315214 ], [ 53.065932, 56.5316936 ] ], [ [ 53.0681213, 56.5320179 ], [ 53.067315, 56.5319109 ], [ 53.065932, 56.5316936 ] ], [ [ 53.2316787, 54.6372823 ], [ 53.2306553, 54.6364212 ], [ 53.2300794, 54.6358552 ], [ 53.2296311, 54.6352986 ], [ 53.2291636, 54.6344471 ], [ 53.229029, 54.6338462 ], [ 53.2289412, 54.63324 ], [ 53.2290556, 54.6322872 ], [ 53.2293203, 54.6316278 ], [ 53.2298415, 54.6308183 ], [ 53.230409, 54.6301983 ], [ 53.2309334, 54.629773 ], [ 53.2314522, 54.6293904 ], [ 53.2328475, 54.6286406 ], [ 53.2353979, 54.6276989 ], [ 53.238121, 54.6265694 ], [ 53.2391831, 54.6259398 ], [ 53.2400202, 54.6252773 ], [ 53.241374, 54.6234738 ], [ 53.2423112, 54.6209767 ], [ 53.2427816, 54.6196769 ], [ 53.2432383, 54.6181238 ], [ 53.2436168, 54.6173869 ], [ 53.2442076, 54.6166457 ], [ 53.2458026, 54.6151256 ], [ 53.247495, 54.6129906 ], [ 53.2504675, 54.6091474 ], [ 53.2520874, 54.6070736 ], [ 53.253184, 54.6056661 ], [ 53.2536947, 54.6048774 ], [ 53.2539993, 54.6043021 ], [ 53.2544495, 54.6033732 ], [ 53.25504, 54.6024812 ], [ 53.2557191, 54.6016319 ], [ 53.2563356, 54.6010643 ], [ 53.2570088, 54.6005065 ], [ 53.2575701, 54.6001001 ], [ 53.2626948, 54.5969837 ], [ 53.2629422, 54.596841 ], [ 53.2635917, 54.5964604 ] ], [ [ 53.2654926, 54.5954488 ], [ 53.2645163, 54.5960299 ], [ 53.2633871, 54.596681 ] ], [ [ 53.2635917, 54.5964604 ], [ 53.2639745, 54.5962164 ] ], [ [ 53.2655929, 54.5953191 ], [ 53.2644653, 54.5959892 ], [ 53.2639986, 54.596249 ], [ 53.2635917, 54.5964604 ] ], [ [ 53.2639745, 54.5962164 ], [ 53.2643956, 54.5959336 ], [ 53.2650501, 54.595486 ], [ 53.2654524, 54.5952359 ], [ 53.2667345, 54.5944822 ], [ 53.2674828, 54.5940378 ], [ 53.2706022, 54.5921652 ], [ 53.2734963, 54.590437 ], [ 53.2745075, 54.589848 ], [ 53.2752237, 54.5894097 ] ], [ [ 53.2639745, 54.5962164 ], [ 53.2644185, 54.5959519 ], [ 53.265536, 54.5952854 ], [ 53.266785, 54.5945136 ], [ 53.2675323, 54.5940677 ], [ 53.2706545, 54.5921963 ], [ 53.2735533, 54.5904678 ], [ 53.2745614, 54.5898822 ], [ 53.2755026, 54.5893185 ], [ 53.2764579, 54.5887522 ] ], [ [ 53.2662141, 54.5950168 ], [ 53.2654926, 54.5954488 ] ], [ [ 53.2654926, 54.5954488 ], [ 53.2660103, 54.5951908 ], [ 53.2664153, 54.5950043 ] ], [ [ 53.2765918, 54.5887383 ], [ 53.2755634, 54.5893543 ], [ 53.2746212, 54.5899202 ], [ 53.2736323, 54.5905105 ], [ 53.2707306, 54.5922417 ], [ 53.2676099, 54.5941146 ], [ 53.2668627, 54.5945619 ], [ 53.2655929, 54.5953191 ] ], [ [ 53.2662141, 54.5950168 ], [ 53.2655929, 54.5953191 ] ], [ [ 53.2760739, 54.589116 ], [ 53.2756206, 54.589388 ], [ 53.2746738, 54.5899537 ], [ 53.2736948, 54.5905443 ], [ 53.27079, 54.5922771 ], [ 53.2676679, 54.5941496 ], [ 53.2669196, 54.5945972 ], [ 53.2662141, 54.5950168 ] ], [ [ 53.2664153, 54.5950043 ], [ 53.2668847, 54.594793 ], [ 53.2673031, 54.5945972 ], [ 53.267759, 54.594336 ], [ 53.2684162, 54.593957 ], [ 53.2700899, 54.5930448 ], [ 53.2706451, 54.5927246 ], [ 53.2710904, 54.5924542 ] ], [ [ 53.2664153, 54.5950043 ], [ 53.2669115, 54.5948194 ], [ 53.2673192, 54.5946889 ], [ 53.2680291, 54.5944995 ], [ 53.2683733, 54.5944061 ] ], [ [ 53.2683733, 54.5944061 ], [ 53.2688025, 54.5942848 ], [ 53.2690787, 54.5942056 ], [ 53.2693282, 54.5941201 ], [ 53.2695642, 54.5940207 ], [ 53.2699156, 54.5938295 ], [ 53.2719058, 54.5926438 ], [ 53.2740194, 54.5913571 ], [ 53.2743573, 54.5911348 ] ], [ [ 53.2683733, 54.5944061 ], [ 53.2688159, 54.5943144 ], [ 53.2691056, 54.5942367 ], [ 53.2693711, 54.5941512 ], [ 53.2696179, 54.5940533 ], [ 53.2699719, 54.5938637 ], [ 53.2719621, 54.5926718 ], [ 53.2740998, 54.5914083 ], [ 53.2746282, 54.5911364 ] ], [ [ 53.2752237, 54.5894097 ], [ 53.274537, 54.5897594 ] ], [ [ 53.2752237, 54.5894097 ], [ 53.2756394, 54.5891642 ] ], [ [ 53.2756394, 54.5891642 ], [ 53.276495, 54.5886529 ] ], [ [ 53.2756394, 54.5891642 ], [ 53.2764579, 54.5887522 ] ], [ [ 53.2765918, 54.5887383 ], [ 53.2760739, 54.589116 ] ], [ [ 53.2760739, 54.589116 ], [ 53.2779434, 54.5879892 ] ], [ [ 53.2764579, 54.5887522 ], [ 53.277575, 54.5880761 ] ], [ [ 53.2768475, 54.5885858 ], [ 53.2765918, 54.5887383 ] ], [ [ 53.277575, 54.5880761 ], [ 53.2768475, 54.5885858 ] ], [ [ 53.278683, 54.5874806 ], [ 53.2780754, 54.587845 ], [ 53.2776377, 54.5881073 ], [ 53.2768475, 54.5885858 ] ], [ [ 53.277575, 54.5880761 ], [ 53.2780213, 54.587809 ] ], [ [ 53.2780213, 54.587809 ], [ 53.2784594, 54.5875406 ] ], [ [ 53.2780213, 54.587809 ], [ 53.278683, 54.5874806 ] ], [ [ 53.2784594, 54.5875406 ], [ 53.2789627, 54.5871748 ], [ 53.2792443, 54.5870069 ], [ 53.2807812, 54.5860822 ] ], [ [ 53.2784594, 54.5875406 ], [ 53.2792952, 54.5870392 ], [ 53.2800704, 54.5865951 ], [ 53.2808887, 54.5861444 ], [ 53.2820928, 54.5855467 ], [ 53.2831548, 54.5850728 ], [ 53.2841179, 54.5846615 ], [ 53.2849789, 54.5843242 ], [ 53.2859015, 54.5839854 ], [ 53.2869208, 54.5836434 ], [ 53.2880699, 54.5832785 ], [ 53.289367, 54.582916 ], [ 53.2907778, 54.5825771 ], [ 53.2935048, 54.5819753 ], [ 53.297237, 54.581155 ], [ 53.3053113, 54.5793654 ], [ 53.3065599, 54.5790951 ], [ 53.3073163, 54.5789458 ], [ 53.3079289, 54.578848 ], [ 53.308931, 54.5787344 ], [ 53.3129925, 54.5783168 ], [ 53.3173664, 54.5778699 ], [ 53.3177297, 54.5778356 ], [ 53.3202231, 54.5775685 ], [ 53.3227819, 54.5772948 ], [ 53.3283993, 54.5767279 ], [ 53.3475441, 54.5747751 ], [ 53.3484587, 54.5747266 ], [ 53.3495106, 54.5747286 ], [ 53.3509441, 54.5748642 ], [ 53.3518307, 54.5750029 ], [ 53.3526934, 54.5751914 ], [ 53.3540013, 54.5755793 ], [ 53.3547651, 54.5758441 ], [ 53.3554312, 54.5760718 ], [ 53.3626386, 54.5784419 ], [ 53.3647347, 54.5788647 ], [ 53.3690306, 54.5794993 ], [ 53.3699965, 54.5796256 ], [ 53.3710305, 54.5798144 ], [ 53.3730984, 54.5803029 ], [ 53.377298, 54.5813125 ], [ 53.3856123, 54.5832621 ], [ 53.4021397, 54.5871041 ], [ 53.4106857, 54.5890922 ], [ 53.4111172, 54.589201 ], [ 53.4221927, 54.5917552 ], [ 53.4277829, 54.5930686 ], [ 53.43069, 54.5938911 ], [ 53.4333507, 54.5947045 ] ], [ [ 53.4322697, 54.5944278 ], [ 53.4307571, 54.5939681 ], [ 53.4277741, 54.5931096 ], [ 53.4221359, 54.5917908 ], [ 53.411102, 54.5892868 ], [ 53.4106188, 54.5891745 ], [ 53.402207, 54.5872055 ], [ 53.3856796, 54.5833635 ], [ 53.3773654, 54.5814139 ], [ 53.3731658, 54.5804043 ], [ 53.3710978, 54.5799158 ], [ 53.3700639, 54.579727 ], [ 53.3690979, 54.5796007 ], [ 53.3647426, 54.5789728 ], [ 53.3626386, 54.578549 ], [ 53.3607938, 54.5780624 ], [ 53.3553531, 54.5761776 ], [ 53.354687, 54.5759499 ], [ 53.3539232, 54.5756852 ], [ 53.3526154, 54.5752973 ], [ 53.3517685, 54.5750884 ], [ 53.3508628, 54.5749367 ], [ 53.3494325, 54.5748067 ], [ 53.3483583, 54.5747881 ], [ 53.3474214, 54.5748366 ], [ 53.3284087, 54.5767616 ], [ 53.3228034, 54.5773477 ], [ 53.3202392, 54.5776742 ], [ 53.3177696, 54.5779426 ], [ 53.3173955, 54.5779814 ], [ 53.3130083, 54.5784205 ], [ 53.3089578, 54.5788401 ], [ 53.307958, 54.578944 ], [ 53.3073324, 54.5790298 ], [ 53.3065599, 54.5791572 ], [ 53.3053405, 54.5794054 ], [ 53.2972635, 54.5811919 ], [ 53.2935098, 54.5820277 ], [ 53.2907993, 54.5826206 ], [ 53.2893938, 54.5829657 ], [ 53.2880963, 54.5833342 ], [ 53.286953, 54.5836869 ], [ 53.2859445, 54.5840351 ], [ 53.2850218, 54.5843677 ], [ 53.2841554, 54.5847113 ], [ 53.2832039, 54.5851098 ], [ 53.2821548, 54.5855946 ], [ 53.2809582, 54.5861847 ], [ 53.2801267, 54.586637 ], [ 53.279357, 54.5870784 ], [ 53.278683, 54.5874806 ] ], [ [ 53.3883461, 54.5484028 ], [ 53.3897881, 54.5499758 ] ], [ [ 53.3897881, 54.5499758 ], [ 53.3900794, 54.5502324 ], [ 53.3904916, 54.5505031 ], [ 53.3910057, 54.5507129 ], [ 53.3913612, 54.5507952 ], [ 53.3920475, 54.5508869 ], [ 53.3926659, 54.5509012 ], [ 53.3933789, 54.5508655 ], [ 53.3941062, 54.5507368 ], [ 53.3948377, 54.5504734 ], [ 53.3951541, 54.5502839 ], [ 53.3957732, 54.5498618 ], [ 53.3959414, 54.5496396 ], [ 53.3959746, 54.5494018 ], [ 53.3959335, 54.5486772 ], [ 53.3958678, 54.5480909 ], [ 53.3959089, 54.5473544 ], [ 53.3961842, 54.5454928 ], [ 53.3961061, 54.5439863 ], [ 53.3961472, 54.5426395 ], [ 53.3962253, 54.5418695 ], [ 53.3960486, 54.5411282 ], [ 53.3958595, 54.5403439 ], [ 53.3954877, 54.5397205 ], [ 53.3950829, 54.5391781 ], [ 53.3947665, 54.5388157 ], [ 53.3941521, 54.5382912 ], [ 53.393394, 54.5377894 ], [ 53.3929871, 54.5374449 ], [ 53.3926666, 54.5370634 ], [ 53.3920467, 54.5360914 ], [ 53.3919479, 54.5354103 ], [ 53.3919654, 54.5348203 ], [ 53.392099, 54.5341998 ], [ 53.3925872, 54.533512 ] ], [ [ 53.3897881, 54.5499758 ], [ 53.3906248, 54.5508885 ] ], [ [ 53.3906248, 54.5508885 ], [ 53.3911808, 54.5513582 ], [ 53.3916646, 54.5516551 ], [ 53.3924188, 54.551889 ] ], [ [ 53.3906248, 54.5508885 ], [ 53.3908567, 54.5511408 ] ], [ [ 53.3908567, 54.5511408 ], [ 53.3920067, 54.5523917 ] ], [ [ 53.3913252, 54.5517407 ], [ 53.3908567, 54.5511408 ] ], [ [ 53.3914089, 54.5518314 ], [ 53.3913252, 54.5517407 ] ], [ [ 53.3913252, 54.5517407 ], [ 53.3851067, 54.5449933 ], [ 53.3819612, 54.5416458 ], [ 53.3794794, 54.5389414 ], [ 53.3789422, 54.5375038 ], [ 53.3788219, 54.5366892 ], [ 53.3789033, 54.5358791 ], [ 53.3790629, 54.5350395 ], [ 53.3804236, 54.5324838 ], [ 53.3811021, 54.5311783 ], [ 53.3818388, 54.5300692 ], [ 53.382153, 54.5294937 ], [ 53.3828856, 54.5280815 ], [ 53.3830404, 54.5277937 ], [ 53.3831316, 54.5275618 ], [ 53.3833891, 54.5268847 ], [ 53.3835983, 54.526424 ], [ 53.3838665, 54.5259165 ], [ 53.3861947, 54.521533 ], [ 53.3896404, 54.5149918 ], [ 53.3916843, 54.5110796 ], [ 53.3946367, 54.5055208 ], [ 53.3954305, 54.5039929 ], [ 53.3956334, 54.503642 ], [ 53.3959338, 54.5031951 ], [ 53.396312, 54.5027699 ], [ 53.3967465, 54.5023649 ], [ 53.3972454, 54.5019787 ], [ 53.3977497, 54.5016485 ], [ 53.3982915, 54.5013619 ], [ 53.398844, 54.501108 ], [ 53.3995467, 54.5008292 ], [ 53.4002387, 54.5006081 ], [ 53.4009415, 54.5004274 ], [ 53.4016711, 54.500284 ], [ 53.4024006, 54.5001719 ], [ 53.4031302, 54.5000972 ], [ 53.4038168, 54.5000598 ], [ 53.4045476, 54.5000514 ], [ 53.411209, 54.5001408 ], [ 53.4122926, 54.5001906 ], [ 53.4147817, 54.5003121 ], [ 53.4159899, 54.5003394 ] ], [ [ 53.3914089, 54.5518314 ], [ 53.3920067, 54.5523917 ] ], [ [ 53.3916064, 54.5520457 ], [ 53.3914089, 54.5518314 ] ], [ [ 53.3976615, 54.5586512 ], [ 53.3944008, 54.5551153 ], [ 53.3916064, 54.5520457 ] ], [ [ 53.3978914, 54.5588993 ], [ 53.3975297, 54.5585807 ], [ 53.3971681, 54.5582255 ], [ 53.3943484, 54.5551391 ], [ 53.3921063, 54.5527 ], [ 53.3918864, 54.5524367 ], [ 53.3916064, 54.5520457 ] ], [ [ 53.3920067, 54.5523917 ], [ 53.3944908, 54.5550935 ], [ 53.3973199, 54.5581726 ], [ 53.3976615, 54.5586512 ] ], [ [ 53.3924188, 54.551889 ], [ 53.3929541, 54.5519883 ] ], [ [ 53.3924188, 54.551889 ], [ 53.3930129, 54.5520416 ], [ 53.3932891, 54.552124 ], [ 53.393552, 54.5522204 ], [ 53.3940214, 54.5524476 ], [ 53.3960971, 54.5535104 ] ], [ [ 53.3987917, 54.5521982 ], [ 53.3982775, 54.5519755 ], [ 53.3974804, 54.551775 ], [ 53.3966412, 54.551704 ], [ 53.3956552, 54.5518232 ], [ 53.3946636, 54.5519931 ], [ 53.3942172, 54.5520493 ], [ 53.3938014, 54.552068 ], [ 53.3933669, 54.5520431 ], [ 53.3929541, 54.5519883 ] ], [ [ 53.3929541, 54.5519883 ], [ 53.3945525, 54.5522562 ], [ 53.3948368, 54.5523169 ], [ 53.395097, 54.5524009 ], [ 53.395341, 54.5524958 ], [ 53.3955556, 54.5526047 ], [ 53.3992115, 54.5544822 ] ], [ [ 53.3960971, 54.5535104 ], [ 53.3983505, 54.5546642 ] ], [ [ 53.3960971, 54.5535104 ], [ 53.3965319, 54.5537713 ], [ 53.3969638, 54.55407 ], [ 53.3972561, 54.5542551 ], [ 53.3986777, 54.5549831 ], [ 53.3989057, 54.5551433 ], [ 53.3991069, 54.5553315 ], [ 53.3992302, 54.5555104 ], [ 53.3993107, 54.555697 ], [ 53.3994555, 54.5560205 ], [ 53.3995816, 54.5562227 ], [ 53.399772, 54.5563892 ], [ 53.3999893, 54.5565369 ], [ 53.4005064, 54.5568399 ], [ 53.4005788, 54.556899 ] ], [ [ 53.3978914, 54.5588993 ], [ 53.3976615, 54.5586512 ] ], [ [ 53.4328431, 54.5944824 ], [ 53.4317083, 54.5940983 ], [ 53.4303293, 54.5935276 ], [ 53.4295157, 54.593041 ], [ 53.428897, 54.5925768 ], [ 53.4287733, 54.592484 ], [ 53.4273964, 54.5909626 ], [ 53.4265976, 54.59008 ], [ 53.4219043, 54.5850392 ], [ 53.4196238, 54.5825393 ], [ 53.4191967, 54.58212 ], [ 53.4175747, 54.5803396 ], [ 53.4105307, 54.5725541 ], [ 53.3993316, 54.5604669 ], [ 53.3978914, 54.5588993 ] ], [ [ 53.4001715, 54.55285 ], [ 53.3987917, 54.5521982 ] ], [ [ 53.3987917, 54.5521982 ], [ 53.3995682, 54.55267 ], [ 53.4020787, 54.5539658 ] ], [ [ 53.410524, 54.5565427 ], [ 53.4096583, 54.556304 ], [ 53.4073633, 54.555671 ], [ 53.4032681, 54.5544206 ], [ 53.4024058, 54.5539922 ], [ 53.4001715, 54.55285 ] ], [ [ 53.4001715, 54.55285 ], [ 53.4008235, 54.5532424 ], [ 53.4021405, 54.5539409 ] ], [ [ 53.410524, 54.5565427 ], [ 53.4114987, 54.556778 ], [ 53.4122846, 54.5569196 ], [ 53.4133413, 54.5570658 ], [ 53.4144652, 54.5572011 ], [ 53.4150928, 54.5572415 ], [ 53.416332, 54.5571638 ] ], [ [ 53.4114551, 54.5567996 ], [ 53.410524, 54.5565427 ] ], [ [ 53.4156764, 54.5587018 ], [ 53.4141361, 54.5577217 ], [ 53.4136219, 54.5574811 ], [ 53.4126632, 54.5571532 ], [ 53.4114551, 54.5567996 ] ], [ [ 53.4144353, 54.5582077 ], [ 53.4133105, 54.5574987 ], [ 53.4129273, 54.5573273 ], [ 53.4124615, 54.557183 ], [ 53.4118688, 54.5569725 ], [ 53.4114551, 54.5567996 ] ], [ [ 53.4322697, 54.5944278 ], [ 53.4333507, 54.5947045 ] ], [ [ 53.4404674, 54.5969578 ], [ 53.4322697, 54.5944278 ] ], [ [ 53.4352519, 54.5952347 ], [ 53.4328431, 54.5944824 ] ], [ [ 53.4339336, 54.5948827 ], [ 53.4328431, 54.5944824 ] ], [ [ 53.4333507, 54.5947045 ], [ 53.4339336, 54.5948827 ] ], [ [ 53.4453866, 54.5959243 ], [ 53.4440994, 54.5954338 ], [ 53.4431665, 54.5951385 ], [ 53.4422734, 54.5948947 ], [ 53.4421753, 54.5948659 ], [ 53.4408097, 54.5944666 ], [ 53.4376269, 54.5935509 ], [ 53.4373252, 54.5934697 ], [ 53.4362287, 54.5931567 ], [ 53.4339147, 54.5925035 ] ], [ [ 53.4339336, 54.5948827 ], [ 53.434241, 54.5949718 ] ], [ [ 53.4352519, 54.5952347 ], [ 53.434241, 54.5949718 ] ], [ [ 53.434241, 54.5949718 ], [ 53.4378523, 54.5960922 ] ], [ [ 53.4363495, 54.5955732 ], [ 53.4352519, 54.5952347 ] ], [ [ 53.4374303, 54.5958528 ], [ 53.4363495, 54.5955732 ] ], [ [ 53.4390798, 54.5964199 ], [ 53.4363495, 54.5955732 ] ], [ [ 53.4365934, 54.5955886 ], [ 53.4374303, 54.5958528 ] ], [ [ 53.4374303, 54.5958528 ], [ 53.4379456, 54.5960133 ] ], [ [ 53.4378523, 54.5960922 ], [ 53.4390798, 54.5964199 ] ], [ [ 53.4378523, 54.5960922 ], [ 53.4394074, 54.5965747 ] ], [ [ 53.4379456, 54.5960133 ], [ 53.4385796, 54.5961721 ] ], [ [ 53.4385431, 54.5962009 ], [ 53.4379456, 54.5960133 ] ], [ [ 53.4527124, 54.6004108 ], [ 53.4519644, 54.6001726 ], [ 53.4477803, 54.5988807 ], [ 53.4413449, 54.5969005 ], [ 53.4407991, 54.5967432 ], [ 53.4402332, 54.5966018 ], [ 53.4385431, 54.5962009 ] ], [ [ 53.4385431, 54.5962009 ], [ 53.4392978, 54.5964318 ] ], [ [ 53.4385796, 54.5961721 ], [ 53.4395868, 54.5963236 ] ], [ [ 53.4385796, 54.5961721 ], [ 53.4392316, 54.5963188 ] ], [ [ 53.455939, 54.6016126 ], [ 53.44762, 54.5990459 ], [ 53.4390798, 54.5964199 ] ], [ [ 53.4399397, 54.5964354 ], [ 53.4392316, 54.5963188 ] ], [ [ 53.4392316, 54.5963188 ], [ 53.4402466, 54.5965489 ], [ 53.440819, 54.5966959 ], [ 53.4413813, 54.5968509 ], [ 53.4428459, 54.5973038 ], [ 53.4478299, 54.5988448 ], [ 53.4511819, 54.5998754 ], [ 53.4522084, 54.6002201 ], [ 53.4527124, 54.6004108 ] ], [ [ 53.4399743, 54.5966017 ], [ 53.4392978, 54.5964318 ] ], [ [ 53.4392978, 54.5964318 ], [ 53.4476543, 54.5989997 ], [ 53.453522, 54.6008126 ] ], [ [ 53.4394074, 54.5965747 ], [ 53.4432837, 54.5977773 ], [ 53.4475771, 54.5990863 ], [ 53.4564719, 54.6018337 ] ], [ [ 53.4404674, 54.5969578 ], [ 53.4394074, 54.5965747 ] ], [ [ 53.4395868, 54.5963236 ], [ 53.4400521, 54.5963617 ], [ 53.4402841, 54.5963625 ], [ 53.4405228, 54.5963485 ], [ 53.4407575, 54.5963166 ], [ 53.4409855, 54.5962739 ], [ 53.4413897, 54.5961755 ], [ 53.4421483, 54.5959274 ], [ 53.4425586, 54.5958108 ], [ 53.4429905, 54.5957269 ], [ 53.4434116, 54.5956787 ], [ 53.4438166, 54.5956756 ], [ 53.4442297, 54.5956865 ], [ 53.4446213, 54.59573 ], [ 53.4449941, 54.5958077 ], [ 53.4453866, 54.5959243 ] ], [ [ 53.4395868, 54.5963236 ], [ 53.4406301, 54.596437 ], [ 53.4412122, 54.5965225 ] ], [ [ 53.452991, 54.6004546 ], [ 53.4521288, 54.6000745 ], [ 53.4512664, 54.5997647 ], [ 53.4479289, 54.59875 ], [ 53.4412796, 54.5967018 ], [ 53.440901, 54.5965893 ], [ 53.4404933, 54.5965085 ], [ 53.4399397, 54.5964354 ] ], [ [ 53.4399397, 54.5964354 ], [ 53.4404735, 54.5965317 ], [ 53.4408548, 54.5966341 ], [ 53.4414034, 54.5968 ], [ 53.442741, 54.5972074 ], [ 53.4478867, 54.598798 ], [ 53.4512386, 54.5998282 ], [ 53.4520724, 54.6001196 ], [ 53.452991, 54.6004546 ] ], [ [ 53.453435, 54.600696 ], [ 53.4527902, 54.6004813 ], [ 53.4477389, 54.5989148 ], [ 53.441294, 54.5969366 ], [ 53.4408715, 54.5968084 ], [ 53.4404347, 54.596702 ], [ 53.4399743, 54.5966017 ] ], [ [ 53.4399743, 54.5966017 ], [ 53.4408072, 54.5968395 ], [ 53.4476951, 54.5989574 ], [ 53.4523192, 54.6003915 ], [ 53.4529093, 54.6005857 ], [ 53.453522, 54.6008126 ] ], [ [ 53.4406329, 54.5970086 ], [ 53.4404674, 54.5969578 ] ], [ [ 53.4550651, 54.6014533 ], [ 53.4475159, 54.5991474 ], [ 53.4406329, 54.5970086 ] ], [ [ 53.4542611, 54.6012538 ], [ 53.4536764, 54.601086 ], [ 53.4474698, 54.5991935 ], [ 53.4420785, 54.5975263 ], [ 53.441408, 54.5972886 ], [ 53.4406329, 54.5970086 ] ], [ [ 53.4443445, 54.5967436 ], [ 53.4467021, 54.5974504 ], [ 53.4478885, 54.5977943 ], [ 53.4501839, 54.5985422 ], [ 53.4526671, 54.5993601 ], [ 53.4530308, 54.5995 ], [ 53.4532391, 54.5996111 ], [ 53.4534044, 54.599726 ], [ 53.4535896, 54.5998907 ], [ 53.4537543, 54.6000774 ], [ 53.4539672, 54.6003267 ] ], [ [ 53.4523295, 54.5986549 ], [ 53.4520098, 54.5985117 ], [ 53.4508142, 54.598031 ], [ 53.4489035, 54.5972901 ], [ 53.4459582, 54.5961422 ], [ 53.4453866, 54.5959243 ] ], [ [ 53.4529073, 54.5990182 ], [ 53.4522858, 54.5985188 ], [ 53.4504805, 54.5972125 ], [ 53.4502391, 54.5971109 ], [ 53.4481069, 54.5962695 ], [ 53.4467022, 54.5957153 ] ], [ [ 53.454439, 54.6007909 ], [ 53.4540036, 54.6004707 ], [ 53.4536844, 54.6002439 ], [ 53.4534299, 54.6001174 ], [ 53.4530219, 54.5998974 ], [ 53.4525713, 54.5996923 ], [ 53.4520215, 54.5995059 ], [ 53.4481725, 54.59837 ] ], [ [ 53.4542611, 54.6012538 ], [ 53.4538186, 54.6011419 ], [ 53.4534095, 54.6010705 ], [ 53.4528744, 54.6009974 ], [ 53.4525096, 54.6009213 ], [ 53.4522253, 54.6008328 ], [ 53.451536, 54.6006137 ], [ 53.4510827, 54.6005018 ], [ 53.4496772, 54.6002113 ] ], [ [ 53.4523295, 54.5986549 ], [ 53.4519873, 54.5985215 ], [ 53.4503961, 54.5979179 ] ], [ [ 53.4534806, 54.6006805 ], [ 53.4530139, 54.6004257 ], [ 53.4521744, 54.6000372 ], [ 53.4516647, 54.5998415 ] ], [ [ 53.4529073, 54.5990182 ], [ 53.4523295, 54.5986549 ] ], [ [ 53.4527124, 54.6004108 ], [ 53.453435, 54.600696 ] ], [ [ 53.4537405, 54.5999873 ], [ 53.4535368, 54.5996732 ], [ 53.4533153, 54.5994012 ], [ 53.4529073, 54.5990182 ] ], [ [ 53.4534806, 54.6006805 ], [ 53.452991, 54.6004546 ] ], [ [ 53.453435, 54.600696 ], [ 53.4540277, 54.6009324 ] ], [ [ 53.4540277, 54.6009324 ], [ 53.4534806, 54.6006805 ] ], [ [ 53.453522, 54.6008126 ], [ 53.4546317, 54.6011633 ] ], [ [ 53.4539672, 54.6003267 ], [ 53.4537939, 54.6000718 ], [ 53.4537405, 54.5999873 ] ], [ [ 53.4537405, 54.5999873 ], [ 53.4535828, 54.5996784 ], [ 53.453508, 54.5994539 ], [ 53.453474, 54.5992405 ], [ 53.4534912, 54.5987798 ], [ 53.4537009, 54.5982734 ], [ 53.4538952, 54.597954 ], [ 53.4540336, 54.5978274 ], [ 53.4542208, 54.5976488 ], [ 53.4546137, 54.5973611 ], [ 53.4548677, 54.5972203 ], [ 53.4552059, 54.5970671 ], [ 53.4552713, 54.5970482 ], [ 53.455365, 54.5970212 ], [ 53.4558381, 54.5968727 ], [ 53.4562251, 54.5967421 ], [ 53.4563979, 54.5966937 ], [ 53.4569105, 54.5965922 ], [ 53.4574788, 54.5965274 ], [ 53.458453, 54.5965009 ], [ 53.4591134, 54.5965431 ], [ 53.4597496, 54.5966652 ], [ 53.4607402, 54.596935 ], [ 53.4625309, 54.5974884 ], [ 53.4633255, 54.5977295 ], [ 53.4663478, 54.5986397 ], [ 53.4680297, 54.5991698 ], [ 53.4683615, 54.5992747 ], [ 53.4686112, 54.5993511 ], [ 53.46961, 54.5996748 ] ], [ [ 53.4539672, 54.6003267 ], [ 53.4541847, 54.6005678 ], [ 53.454439, 54.6007909 ] ], [ [ 53.4540277, 54.6009324 ], [ 53.4546317, 54.6011633 ] ], [ [ 53.4550651, 54.6014533 ], [ 53.4542611, 54.6012538 ] ], [ [ 53.4560112, 54.6015838 ], [ 53.4553156, 54.6013342 ], [ 53.4547506, 54.6010155 ], [ 53.454439, 54.6007909 ] ], [ [ 53.4546317, 54.6011633 ], [ 53.4547573, 54.6011979 ] ], [ [ 53.4547573, 54.6011979 ], [ 53.4560112, 54.6015838 ] ], [ [ 53.4547573, 54.6011979 ], [ 53.455939, 54.6016126 ] ], [ [ 53.4564719, 54.6018337 ], [ 53.4550651, 54.6014533 ] ], [ [ 53.4561709, 54.6016842 ], [ 53.455939, 54.6016126 ] ], [ [ 53.4560112, 54.6015838 ], [ 53.4575296, 54.6020463 ] ], [ [ 53.4561709, 54.6016842 ], [ 53.4565571, 54.6017976 ] ], [ [ 53.4570032, 54.6019956 ], [ 53.4561709, 54.6016842 ] ], [ [ 53.4570032, 54.6019956 ], [ 53.4564719, 54.6018337 ] ], [ [ 53.4565571, 54.6017976 ], [ 53.4575296, 54.6020463 ] ], [ [ 53.4565571, 54.6017976 ], [ 53.4585896, 54.6024251 ], [ 53.4593359, 54.602635 ] ], [ [ 53.5052138, 54.6241909 ], [ 53.504688, 54.6239145 ], [ 53.5036594, 54.6234331 ], [ 53.5025819, 54.6230046 ], [ 53.4945533, 54.6201556 ], [ 53.4928945, 54.6195287 ], [ 53.4914705, 54.6188057 ], [ 53.491213, 54.6186512 ], [ 53.4894778, 54.6175922 ], [ 53.4879508, 54.6166139 ], [ 53.4875163, 54.6163426 ], [ 53.4839999, 54.6141627 ], [ 53.473503, 54.607618 ], [ 53.4715383, 54.6066086 ], [ 53.4703146, 54.6061333 ], [ 53.4690519, 54.6057001 ], [ 53.4647209, 54.604373 ], [ 53.4585478, 54.6024662 ], [ 53.4570032, 54.6019956 ] ], [ [ 53.4575296, 54.6020463 ], [ 53.4581315, 54.6022342 ], [ 53.458657, 54.6023587 ], [ 53.4592787, 54.6024781 ], [ 53.4598796, 54.6025662 ], [ 53.4605482, 54.6026325 ], [ 53.4615817, 54.6026962 ], [ 53.4630929, 54.6027969 ], [ 53.4642357, 54.6028925 ], [ 53.4648263, 54.6029551 ], [ 53.465395, 54.6030452 ], [ 53.4659743, 54.6031757 ], [ 53.4665222, 54.6033222 ], [ 53.4672347, 54.6035403 ] ], [ [ 53.4672347, 54.6035403 ], [ 53.4751636, 54.6059861 ], [ 53.4762277, 54.606359 ] ], [ [ 53.4672347, 54.6035403 ], [ 53.4680176, 54.6038443 ] ], [ [ 53.4680176, 54.6038443 ], [ 53.4685734, 54.6040255 ], [ 53.4689409, 54.6041327 ] ], [ [ 53.4680176, 54.6038443 ], [ 53.4701542, 54.6046739 ], [ 53.4748427, 54.6063342 ] ], [ [ 53.4689409, 54.6041327 ], [ 53.4752038, 54.6060638 ], [ 53.4762277, 54.606359 ] ], [ [ 53.4689409, 54.6041327 ], [ 53.4694263, 54.6043083 ], [ 53.469943, 54.6045109 ] ], [ [ 53.46961, 54.5996748 ], [ 53.4701854, 54.5997824 ], [ 53.4707004, 54.5998384 ], [ 53.4712931, 54.5998508 ], [ 53.4717894, 54.5998353 ], [ 53.4721863, 54.5998182 ] ], [ [ 53.46961, 54.5996748 ], [ 53.469845, 54.599751 ], [ 53.4702395, 54.5998612 ] ], [ [ 53.4702395, 54.5998612 ], [ 53.470982, 54.6000264 ], [ 53.4721997, 54.6001848 ] ], [ [ 53.4702395, 54.5998612 ], [ 53.4706088, 54.5999644 ], [ 53.4716051, 54.6002718 ] ], [ [ 53.4716051, 54.6002718 ], [ 53.4725315, 54.600561 ], [ 53.4733428, 54.6008089 ], [ 53.4737949, 54.6009325 ], [ 53.4740559, 54.6010039 ], [ 53.4747831, 54.6011285 ], [ 53.4753185, 54.6011719 ], [ 53.4814034, 54.6012107 ] ], [ [ 53.4716051, 54.6002718 ], [ 53.4723706, 54.6005507 ], [ 53.4727377, 54.6007826 ], [ 53.4728084, 54.6008273 ], [ 53.4732144, 54.601063 ], [ 53.4760231, 54.6019355 ] ], [ [ 53.4762277, 54.606359 ], [ 53.4772202, 54.6066739 ] ], [ [ 53.5052138, 54.6241909 ], [ 53.5060432, 54.6245488 ], [ 53.5064912, 54.624791 ] ], [ [ 53.5058709, 54.6245527 ], [ 53.5052138, 54.6241909 ] ], [ [ 53.5058709, 54.6245527 ], [ 53.5107015, 54.6270884 ], [ 53.5171898, 54.6305585 ] ], [ [ 53.5171898, 54.6305585 ], [ 53.5163724, 54.6301742 ], [ 53.5158574, 54.6299181 ], [ 53.5106379, 54.6271171 ], [ 53.5065582, 54.6249572 ], [ 53.5058709, 54.6245527 ] ], [ [ 53.5064912, 54.624791 ], [ 53.5070277, 54.6250287 ], [ 53.5074648, 54.6252492 ], [ 53.5108122, 54.627013 ], [ 53.5187248, 54.63123 ], [ 53.5197359, 54.6318355 ] ], [ [ 53.5064912, 54.624791 ], [ 53.5107559, 54.6270519 ], [ 53.5197359, 54.6318355 ] ], [ [ 53.5207096, 54.632424 ], [ 53.5171898, 54.6305585 ] ], [ [ 53.5197359, 54.6318355 ], [ 53.5201168, 54.6320497 ], [ 53.5207096, 54.632424 ] ], [ [ 53.521028, 54.6325971 ], [ 53.5207096, 54.632424 ] ], [ [ 53.5222323, 54.6333578 ], [ 53.5209207, 54.6326405 ] ], [ [ 53.5688542, 54.6519803 ], [ 53.5670936, 54.6524131 ], [ 53.5653716, 54.65268 ], [ 53.5635853, 54.6527948 ], [ 53.5617828, 54.6527328 ], [ 53.5600072, 54.6524845 ], [ 53.5583872, 54.6520841 ], [ 53.5568207, 54.6515131 ], [ 53.5554578, 54.6508249 ], [ 53.521028, 54.6325971 ] ], [ [ 53.521028, 54.6325971 ], [ 53.5218622, 54.6331125 ], [ 53.5222323, 54.6333578 ] ], [ [ 53.5222323, 54.6333578 ], [ 53.5285194, 54.6366722 ] ] ] } },
{ "type": "Feature", "properties": { }, "geometry": null }
]
}
