{
"type": "FeatureCollection",
"name": "roads",
"features": [
{ "type": "Feature", "properties": { "ref": "А-151", "fclass": "trunk" }, "geometry": { "type": "MultiLineString", "coordinates": [ [ [ 47.709703503951552, 54.726847145737281 ], [ 47.7073797, 54.7282843 ], [ 47.7026679, 54.7304587 ], [ 47.700342, 54.731708 ], [ 47.6980576, 54.7335276 ], [ 47.6927676, 54.7383212 ], [ 47.6861905, 54.7438036 ], [ 47.6738844, 54.7567832 ], [ 47.661872, 54.7692446 ], [ 47.6603498, 54.7710303 ], [ 47.6591611, 54.7724224 ], [ 47.6578687, 54.7739142 ], [ 47.6512249, 54.7815447 ], [ 47.6236425, 54.8129191 ], [ 47.6142637, 54.8208426 ], [ 47.6016163, 54.8316206 ] ] ] } },
{ "type": "Feature", "properties": { "ref": "А-295", "fclass": "trunk" }, "geometry": { "type": "MultiLineString", "coordinates": [ [ [ 48.4000118, 55.8924427 ], [ 48.4025842, 55.8917993 ], [ 48.4130011, 55.8906368 ], [ 48.4177498, 55.8901259 ], [ 48.4382174, 55.888213 ], [ 48.4587601, 55.8863166 ], [ 48.4738094, 55.8849134 ], [ 48.4798681, 55.8843625 ], [ 48.4942117, 55.8830746 ], [ 48.5031184, 55.8821819 ], [ 48.5081447, 55.8819375 ], [ 48.51086, 55.8823449 ], [ 48.5214763, 55.8855172 ], [ 48.5223244, 55.885767 ], [ 48.525907, 55.8867653 ], [ 48.5327363, 55.8870376 ], [ 48.5365134, 55.8875932 ], [ 48.5381233, 55.8882242 ] ], [ [ 48.5381233, 55.8882242 ], [ 48.5409484, 55.8897098 ] ], [ [ 48.5400739, 55.8900414 ], [ 48.5394149, 55.8892174 ], [ 48.5386051, 55.8885323 ] ], [ [ 48.5409484, 55.8897098 ], [ 48.5404597, 55.8896282 ], [ 48.5401072, 55.8897657 ], [ 48.5400739, 55.8900414 ] ], [ [ 48.5409484, 55.8897098 ], [ 48.5420784, 55.8910453 ] ], [ [ 48.5410623, 55.8911765 ], [ 48.5414993, 55.8913804 ], [ 48.5418891, 55.8913477 ], [ 48.5420807, 55.8911507 ] ], [ [ 48.5427033, 55.8923766 ], [ 48.5412512, 55.8913781 ] ], [ [ 48.5420784, 55.8910453 ], [ 48.5423661, 55.8918297 ] ], [ [ 48.5427033, 55.8923766 ], [ 48.5442713, 55.8939237 ], [ 48.5453183, 55.894803 ], [ 48.5485901, 55.8969965 ], [ 48.5507051, 55.8978831 ], [ 48.5535592, 55.8984519 ], [ 48.5562133, 55.8984642 ], [ 48.5589952, 55.8980713 ], [ 48.5677522, 55.8947069 ], [ 48.5838864, 55.8924568 ], [ 48.5954885, 55.8892879 ], [ 48.6143904, 55.8841147 ], [ 48.6208446, 55.88217 ], [ 48.6233804, 55.8818858 ], [ 48.6265661, 55.8821136 ], [ 48.6295059, 55.8826006 ], [ 48.6323757, 55.8830198 ], [ 48.6365937, 55.8831764 ], [ 48.643393, 55.8827972 ], [ 48.6480388, 55.8818347 ], [ 48.6533532, 55.8801274 ], [ 48.6563496, 55.8784411 ], [ 48.6581643, 55.8770839 ], [ 48.6590645, 55.8762688 ], [ 48.6596621, 55.8754198 ], [ 48.6600595, 55.8744177 ], [ 48.6602432, 55.8734736 ] ], [ [ 48.6602432, 55.8734736 ], [ 48.6603638, 55.871813 ], [ 48.6605234, 55.8704875 ], [ 48.6609037, 55.8700248 ], [ 48.6616789, 55.8698096 ], [ 48.6624172, 55.8699175 ], [ 48.6633417, 55.8705048 ], [ 48.6641566, 55.8709269 ], [ 48.665156, 55.871088 ], [ 48.6690092, 55.8711757 ], [ 48.6711124, 55.8712141 ], [ 48.6747471, 55.8712208 ], [ 48.6804415, 55.8711907 ], [ 48.6852182, 55.8713948 ], [ 48.6970444, 55.8715525 ], [ 48.7049254, 55.871298 ], [ 48.7087391, 55.871089 ], [ 48.7134753, 55.8707188 ], [ 48.7187416, 55.8701242 ], [ 48.7205259, 55.8699323 ], [ 48.7323709, 55.86863 ], [ 48.7343533, 55.8684177 ], [ 48.7407968, 55.8677062 ], [ 48.7478456, 55.8668538 ], [ 48.7546337, 55.8662137 ], [ 48.7636486, 55.8652809 ], [ 48.7710146, 55.8645079 ], [ 48.7734163, 55.8643819 ], [ 48.7852083, 55.8638652 ], [ 48.7881629, 55.863741 ], [ 48.7912194, 55.8636786 ], [ 48.8032973, 55.8633451 ], [ 48.8142461, 55.862317 ], [ 48.8220953, 55.8615136 ], [ 48.8324863, 55.860507 ], [ 48.8349634, 55.8602548 ], [ 48.8440682, 55.859413 ], [ 48.8481701, 55.8590073 ], [ 48.8518264, 55.8585757 ], [ 48.8559675, 55.8579247 ] ], [ [ 48.848499, 55.8591344 ], [ 48.8422157, 55.8597054 ], [ 48.83493, 55.8603942 ], [ 48.8203043, 55.8618391 ], [ 48.8143133, 55.8624366 ], [ 48.8048755, 55.8633563 ], [ 48.8033347, 55.8634736 ], [ 48.7963728, 55.8637496 ], [ 48.7875251, 55.8641756 ], [ 48.7824213, 55.8642494 ], [ 48.7732619, 55.8645335 ], [ 48.7695568, 55.8647591 ], [ 48.7650078, 55.8652603 ], [ 48.7605055, 55.8657549 ], [ 48.7491354, 55.8670927 ], [ 48.7456231, 55.8673974 ], [ 48.733263, 55.8687021 ], [ 48.7193652, 55.8702102 ], [ 48.7180702, 55.8703521 ], [ 48.7093923, 55.8712841 ], [ 48.7050198, 55.8716727 ], [ 48.703376, 55.8717474 ], [ 48.6835049, 55.8715492 ], [ 48.6790258, 55.871585 ], [ 48.6733738, 55.8713698 ], [ 48.6696105, 55.8713289 ], [ 48.6657102, 55.8712969 ], [ 48.6636986, 55.8713533 ], [ 48.6625654, 55.8716044 ], [ 48.6614402, 55.8720425 ], [ 48.6607173, 55.872736 ] ], [ [ 48.8558825, 55.8581107 ], [ 48.8538425, 55.8584283 ], [ 48.848499, 55.8591344 ] ], [ [ 48.8557118, 55.8627454 ], [ 48.8550073, 55.8613301 ], [ 48.8540777, 55.8604217 ], [ 48.8530832, 55.8598143 ], [ 48.8517651, 55.8593704 ], [ 48.8502598, 55.8591375 ] ] ] } },
{ "type": "Feature", "properties": { "ref": null, "fclass": "primary" }, "geometry": { "type": "MultiLineString", "coordinates": [ [ [ 47.671719007533405, 55.328038259213756 ], [ 47.6742308, 55.3281961 ], [ 47.6827233, 55.3287271 ], [ 47.6870631, 55.3289949 ], [ 47.6895113, 55.3291261 ], [ 47.6923411, 55.3292482 ], [ 47.6948167, 55.3293275 ], [ 47.6974319, 55.329384 ], [ 47.6995924, 55.3294099 ], [ 47.702575, 55.3294267 ], [ 47.7066936, 55.3294465 ], [ 47.7089748, 55.3294557 ], [ 47.7115484, 55.3294671 ], [ 47.7143821, 55.3295251 ], [ 47.7165252, 55.3296304 ], [ 47.7183652, 55.3297685 ], [ 47.7208677, 55.3300233 ], [ 47.7230698, 55.3303139 ], [ 47.7250734, 55.3306328 ], [ 47.7269952, 55.3309914 ], [ 47.7291155, 55.3314506 ], [ 47.7307664, 55.3318397 ], [ 47.732774, 55.3323141 ], [ 47.7348152, 55.3327963 ], [ 47.7365988, 55.333215 ], [ 47.7393441, 55.3338657 ], [ 47.7422433, 55.3345614 ], [ 47.7443732, 55.3350511 ], [ 47.7464399, 55.3355385 ], [ 47.7485615, 55.3360397 ], [ 47.7511713, 55.3366529 ], [ 47.7536014, 55.3372273 ], [ 47.7556948, 55.33772 ] ], [ [ 47.75612093415738, 55.337923693774343 ], [ 47.7535571, 55.3373204 ], [ 47.7505785, 55.3366171 ], [ 47.7470943, 55.3357964 ], [ 47.7440608, 55.3350786 ], [ 47.7392368, 55.3339412 ], [ 47.7366002, 55.333318 ], [ 47.7345255, 55.3328283 ], [ 47.7327526, 55.3324103 ], [ 47.7296104, 55.3316672 ], [ 47.7276912, 55.3312362 ], [ 47.7255522, 55.3308167 ], [ 47.722996, 55.3304001 ], [ 47.7203648, 55.3300606 ], [ 47.7174465, 55.3297898 ], [ 47.7147831, 55.3296334 ], [ 47.7121384, 55.329564 ], [ 47.7075237, 55.3295426 ], [ 47.7032992, 55.329522 ], [ 47.7000242, 55.3295068 ], [ 47.6975801, 55.3294801 ], [ 47.6942904, 55.3294068 ], [ 47.6913547, 55.3293039 ], [ 47.6883446, 55.3291623 ], [ 47.685722, 55.3290086 ], [ 47.6826643, 55.3288175 ], [ 47.6796911, 55.3286325 ], [ 47.6768728, 55.3284559 ], [ 47.6742482, 55.3282922 ], [ 47.671740180177601, 55.328135931851151 ] ], [ [ 47.789942395730229, 55.345038676866373 ], [ 47.7920374, 55.3456067 ], [ 47.7942502, 55.3462183 ], [ 47.7968989, 55.3469435 ], [ 47.8003187, 55.3478891 ], [ 47.803359, 55.3486996 ], [ 47.8059661, 55.3492921 ], [ 47.8080824, 55.3497161 ], [ 47.8108612, 55.3501675 ], [ 47.8127132, 55.3504092 ], [ 47.8148724, 55.3506372 ], [ 47.8197004, 55.3511183 ], [ 47.8247631, 55.3516269 ], [ 47.8273286, 55.3518998 ], [ 47.8294837, 55.3521835 ], [ 47.832241, 55.3526562 ], [ 47.834698, 55.3531609 ], [ 47.8365152, 55.3535894 ], [ 47.8383578, 55.3540819 ], [ 47.8403923, 55.354682 ], [ 47.8432462, 55.3555747 ], [ 47.8448769, 55.3560749 ], [ 47.8473808, 55.356854 ], [ 47.8493804, 55.3574753 ], [ 47.8510246, 55.3579854 ], [ 47.8533286, 55.3587012 ], [ 47.8556044, 55.3594063 ], [ 47.8577489, 55.3600779 ], [ 47.8599308, 55.360748 ], [ 47.8628008, 55.3616429 ], [ 47.864736, 55.3622428 ], [ 47.8671151, 55.3629578 ], [ 47.8691107, 55.3634906 ], [ 47.8709252, 55.3639167 ], [ 47.8730039, 55.3643466 ], [ 47.8748882, 55.3646835 ], [ 47.8769454, 55.3649968 ], [ 47.8787962, 55.3652255 ], [ 47.8809902, 55.3654511 ], [ 47.8834686, 55.3656287 ], [ 47.8856479, 55.3657544 ], [ 47.8884655, 55.3659168 ], [ 47.8908004, 55.3660524 ], [ 47.8926887, 55.3661653 ], [ 47.8949176, 55.3662971 ], [ 47.8971183, 55.3664488 ], [ 47.8987183, 55.3665951 ], [ 47.9008681, 55.3668459 ], [ 47.9027858, 55.3671195 ], [ 47.9043885, 55.3673855 ], [ 47.9058462, 55.3676591 ], [ 47.9080778, 55.3681339 ], [ 47.9103765, 55.3686606 ], [ 47.9124391, 55.3691308 ], [ 47.9141168, 55.3695149 ], [ 47.9167441, 55.3701147 ], [ 47.9200512, 55.3708707 ], [ 47.9227991, 55.3715002 ], [ 47.9254559, 55.3721045 ], [ 47.9276995, 55.3726159 ], [ 47.9329003, 55.3738055 ], [ 47.9367936, 55.3746909 ], [ 47.9431256, 55.3761395 ], [ 47.946074, 55.3768131 ], [ 47.9485839, 55.3773858 ], [ 47.9511856, 55.3779805 ], [ 47.9547282, 55.3787881 ], [ 47.9575391, 55.3794305 ], [ 47.9609281, 55.3801886 ], [ 47.9630242, 55.380632 ], [ 47.9668853, 55.3814031 ], [ 47.9702635, 55.382024 ], [ 47.973965, 55.3826533 ], [ 47.9777026, 55.3832826 ], [ 47.9816025, 55.383934 ], [ 47.9854301, 55.3845739 ], [ 47.9883403, 55.38506 ], [ 47.9920243, 55.3856763 ], [ 47.9942854, 55.3860549 ], [ 47.997508, 55.3865935 ], [ 48.001581, 55.3872738 ], [ 48.0047621, 55.3878063 ], [ 48.0085118, 55.3884317 ], [ 48.0124909, 55.3890959 ], [ 48.0169125, 55.3898348 ], [ 48.0212349, 55.3905569 ], [ 48.0253454, 55.3912432 ], [ 48.0298307, 55.391992 ], [ 48.0362914, 55.393069 ], [ 48.0410162, 55.393849 ], [ 48.0435817, 55.3941902 ], [ 48.0464436, 55.3944743 ], [ 48.0491889, 55.3946487 ], [ 48.0511549, 55.3947188 ], [ 48.0546673, 55.3947249 ], [ 48.0593692, 55.3946258 ], [ 48.0634019, 55.3945375 ], [ 48.0679482, 55.3944362 ], [ 48.0720171, 55.3943494 ], [ 48.0756877, 55.3942702 ], [ 48.078547, 55.3942047 ], [ 48.08229, 55.3940409 ], [ 48.0868766, 55.393702 ], [ 48.09081, 55.3933272 ], [ 48.0946094, 55.3929685 ], [ 48.0980895, 55.3926402 ], [ 48.1018835, 55.3922814 ], [ 48.104728, 55.3920575 ], [ 48.107547, 55.3919341 ], [ 48.1100455, 55.3919052 ], [ 48.112949, 55.3919653 ], [ 48.1155507, 55.392107 ], [ 48.1179728, 55.3923127 ], [ 48.1199522, 55.3925336 ], [ 48.1218673, 55.3927979 ], [ 48.1238173, 55.393117 ], [ 48.12566, 55.3934666 ], [ 48.1282926, 55.3940493 ], [ 48.130158, 55.3945253 ], [ 48.1318787, 55.3950166 ], [ 48.1338756, 55.3956518 ], [ 48.135725, 55.396306 ], [ 48.1379217, 55.3971757 ], [ 48.1398381, 55.3980211 ], [ 48.1415749, 55.3988733 ], [ 48.1432512, 55.3997757 ], [ 48.1446996, 55.400634 ], [ 48.1457014, 55.4012744 ], [ 48.1481148, 55.4028514 ], [ 48.149596, 55.4038216 ], [ 48.1510377, 55.4047627 ], [ 48.1535442, 55.4063975 ], [ 48.1543033, 55.4068947 ], [ 48.1564128, 55.4082462 ], [ 48.1580396, 55.409188 ], [ 48.1596623, 55.4100407 ], [ 48.1612609, 55.4108089 ], [ 48.1635757, 55.4118085 ], [ 48.1648725, 55.412314 ], [ 48.166565, 55.4129193 ], [ 48.1688395, 55.4136524 ], [ 48.1709303, 55.4142447 ], [ 48.17352, 55.414878 ], [ 48.1757006, 55.4153371 ], [ 48.177731, 55.4157017 ], [ 48.1798232, 55.4160168 ], [ 48.182327, 55.4163198 ], [ 48.1839108, 55.4164759 ], [ 48.186577, 55.4167354 ], [ 48.1889467, 55.4169623 ], [ 48.191409, 55.4172005 ], [ 48.1937854, 55.4174304 ], [ 48.1966312, 55.4177052 ], [ 48.1988829, 55.4179206 ], [ 48.2014002, 55.4181642 ], [ 48.2040502, 55.4184207 ], [ 48.2078509, 55.4187899 ], [ 48.2114799, 55.419137 ], [ 48.2156548, 55.4195404 ], [ 48.218223, 55.4197878 ], [ 48.2229115, 55.4202399 ], [ 48.2247046, 55.4204104 ], [ 48.228284, 55.4207552 ], [ 48.2317105, 55.4210863 ], [ 48.2358183, 55.4214821 ], [ 48.2391362, 55.4218002 ], [ 48.242725, 55.4221465 ], [ 48.2460214, 55.4224639 ], [ 48.2490242, 55.4227501 ], [ 48.2522146, 55.4229761 ], [ 48.2555312, 55.4230827 ], [ 48.2587659, 55.4230583 ], [ 48.2615688, 55.422932 ], [ 48.2639305, 55.4227547 ], [ 48.2665162, 55.4224769 ], [ 48.2694492, 55.4220613 ], [ 48.271894, 55.4216206 ], [ 48.2748377, 55.4209828 ], [ 48.2791024, 55.4199804 ], [ 48.2831083, 55.419035 ], [ 48.2877056, 55.4179518 ], [ 48.2919328, 55.4169577 ], [ 48.2954961, 55.4161249 ], [ 48.2976459, 55.4156857 ], [ 48.3008324, 55.415149 ], [ 48.3033644, 55.4148209 ], [ 48.3064006, 55.4145332 ], [ 48.3084217, 55.4144076 ], [ 48.3107418, 55.41432 ], [ 48.3139162, 55.4142995 ], [ 48.3163986, 55.4143025 ], [ 48.3204447, 55.4143002 ], [ 48.3247469, 55.4143048 ], [ 48.3294408, 55.4143071 ], [ 48.3337699, 55.4143056 ], [ 48.3392791, 55.4143071 ], [ 48.3427687, 55.414317 ], [ 48.3445255, 55.4143619 ], [ 48.3463548, 55.4144502 ], [ 48.3480822, 55.414569 ], [ 48.3499892, 55.414744 ], [ 48.3520545, 55.4149854 ], [ 48.3540729, 55.4152739 ], [ 48.3561288, 55.4156263 ], [ 48.3581726, 55.4160298 ], [ 48.3601105, 55.4164743 ], [ 48.3620296, 55.4169653 ], [ 48.3640426, 55.4175492 ], [ 48.3659363, 55.4181132 ], [ 48.3680083, 55.4187282 ], [ 48.3703713, 55.4194308 ], [ 48.3727665, 55.4201425 ], [ 48.3748198, 55.4207407 ], [ 48.3770487, 55.4213192 ], [ 48.3793715, 55.4218398 ], [ 48.3813053, 55.4222105 ], [ 48.3841163, 55.422693 ], [ 48.3866, 55.4231154 ], [ 48.3884293, 55.4234275 ], [ 48.3921428, 55.4240599 ], [ 48.3951952, 55.424579 ], [ 48.3978559, 55.4250333 ], [ 48.4010008, 55.4255699 ], [ 48.4035449, 55.4260014 ], [ 48.4062418, 55.4264603 ], [ 48.4097233, 55.4270539 ], [ 48.412144, 55.4274648 ], [ 48.4154378, 55.4280249 ], [ 48.417365, 55.4283331 ], [ 48.4197347, 55.428639 ], [ 48.4232645, 55.4289655 ], [ 48.4264791, 55.4291291 ], [ 48.4293222, 55.4291695 ], [ 48.4330679, 55.429072 ], [ 48.4351748, 55.4289472 ], [ 48.437216, 55.4288095 ], [ 48.4397212, 55.4286451 ], [ 48.4420131, 55.4284929 ], [ 48.4443761, 55.4283369 ], [ 48.4467606, 55.4281764 ], [ 48.4494656, 55.4279983 ], [ 48.4517576, 55.4278461 ], [ 48.4549038, 55.4276361 ], [ 48.4583531, 55.4274085 ], [ 48.4612633, 55.4272114 ], [ 48.4666881, 55.4268545 ], [ 48.4695849, 55.4266597 ], [ 48.4740561, 55.4264329 ], [ 48.4759551, 55.4264063 ], [ 48.4784268, 55.4264382 ], [ 48.4817031, 55.4265919 ], [ 48.4833661, 55.4267213 ], [ 48.4853576, 55.4269192 ], [ 48.4871332, 55.4271399 ], [ 48.489043, 55.4274199 ], [ 48.4912518, 55.4277715 ], [ 48.4935786, 55.4281414 ], [ 48.4961937, 55.4285561 ], [ 48.5008541, 55.4292859 ], [ 48.5034129, 55.4296131 ], [ 48.5054916, 55.4298178 ], [ 48.5072565, 55.4299441 ], [ 48.5090093, 55.4300377 ], [ 48.5110411, 55.4300978 ], [ 48.5136147, 55.4301496 ], [ 48.5159777, 55.4301975 ], [ 48.5182656, 55.4302424 ], [ 48.5208593, 55.4302942 ], [ 48.526386, 55.4304022 ], [ 48.5305515, 55.4304852 ], [ 48.5337084, 55.4305483 ], [ 48.5358234, 55.4305898 ], [ 48.5384895, 55.4306465 ], [ 48.5413232, 55.4307728 ], [ 48.5441221, 55.430995 ], [ 48.5471798, 55.4313503 ], [ 48.5488164, 55.4315867 ], [ 48.5513534, 55.4320154 ], [ 48.5534978, 55.4323844 ], [ 48.5558608, 55.43279 ], [ 48.5585618, 55.4332534 ], [ 48.5613124, 55.4337259 ], [ 48.5632691, 55.4340622 ], [ 48.5652928, 55.4344099 ], [ 48.5693242, 55.4351023 ], [ 48.572292, 55.4356669 ], [ 48.5746966, 55.4362215 ], [ 48.5772447, 55.4369048 ], [ 48.5790405, 55.4374594 ], [ 48.5809207, 55.4380985 ], [ 48.582994, 55.4388867 ], [ 48.5848072, 55.4396182 ], [ 48.5863088, 55.4402265 ], [ 48.5881915, 55.440994 ], [ 48.5918889, 55.4424957 ], [ 48.5940414, 55.4433697 ], [ 48.5960745, 55.4441947 ], [ 48.5980654, 55.4450014 ], [ 48.5999617, 55.4457161 ], [ 48.6020759, 55.4464299 ], [ 48.6042599, 55.4470818 ], [ 48.6063192, 55.4476245 ], [ 48.608068, 55.4480326 ], [ 48.6103747, 55.4485023 ], [ 48.6121081, 55.4488282 ], [ 48.6165304, 55.4496584 ], [ 48.6186869, 55.4500637 ], [ 48.6207991, 55.45046 ], [ 48.6231561, 55.4509023 ], [ 48.6256412, 55.4513689 ], [ 48.6278198, 55.451778 ], [ 48.6301372, 55.4522127 ], [ 48.6319263, 55.4525481 ], [ 48.634982, 55.4531211 ], [ 48.6376722, 55.4536307 ], [ 48.6403269, 55.4541862 ], [ 48.6424479, 55.4546763 ], [ 48.644711, 55.4552482 ], [ 48.6470707, 55.4558973 ], [ 48.6491152, 55.4565087 ], [ 48.6510873, 55.4571395 ], [ 48.6528723, 55.4577516 ], [ 48.6548068, 55.4584592 ], [ 48.656671, 55.4591858 ], [ 48.6583413, 55.4598777 ], [ 48.6601411, 55.4606677 ], [ 48.6617725, 55.4614277 ], [ 48.6633383, 55.4621995 ], [ 48.6650126, 55.4630746 ], [ 48.6663879, 55.4638334 ], [ 48.6677264, 55.4646112 ], [ 48.6691258, 55.4654665 ], [ 48.6703771, 55.466272 ], [ 48.672205, 55.4675291 ], [ 48.6734381, 55.4684322 ], [ 48.67456, 55.4693004 ], [ 48.6756449, 55.4701845 ], [ 48.6767989, 55.4711807 ], [ 48.6777156, 55.4720173 ], [ 48.6787509, 55.4730138 ], [ 48.6797386, 55.474029 ], [ 48.6806405, 55.4750159 ], [ 48.681413, 55.4759151 ], [ 48.6821171, 55.4767808 ], [ 48.6828453, 55.4777328 ], [ 48.6835876, 55.4787778 ], [ 48.6841938, 55.4796895 ], [ 48.6847343, 55.4805695 ], [ 48.6853022, 55.4815568 ], [ 48.6857897, 55.4824786 ], [ 48.6863027, 55.4835417 ], [ 48.6868177, 55.4847337 ], [ 48.6875512, 55.4867664 ], [ 48.6880562, 55.4885801 ], [ 48.6884424, 55.4905081 ], [ 48.6888742, 55.4932114 ], [ 48.6892658, 55.4956394 ], [ 48.6898532, 55.4992934 ], [ 48.6902435, 55.5017021 ], [ 48.6905814, 55.5038927 ], [ 48.6908267, 55.5053573 ], [ 48.6912426, 55.5079537 ], [ 48.6917772, 55.5106763 ], [ 48.6924123, 55.5126898 ], [ 48.6930321, 55.5141894 ], [ 48.6942183, 55.5164651 ], [ 48.6952492, 55.518082 ], [ 48.6967446, 55.5200635 ], [ 48.6980606, 55.5215693 ], [ 48.6994008, 55.5229368 ], [ 48.7011851, 55.5245542 ], [ 48.7030217, 55.5260858 ], [ 48.7052731, 55.527958 ], [ 48.7063651, 55.528865 ], [ 48.7078529, 55.5301004 ], [ 48.7098244, 55.5318561 ], [ 48.7112563, 55.5333425 ], [ 48.7124576, 55.5347872 ], [ 48.7138436, 55.5367945 ], [ 48.7157706, 55.5405632 ], [ 48.7178907, 55.5467211 ], [ 48.7222443, 55.5521747 ], [ 48.7370467, 55.5619664 ], [ 48.745242, 55.5664595 ], [ 48.7487039, 55.5680084 ], [ 48.7562338, 55.571083 ], [ 48.7649631, 55.575294 ], [ 48.7707353, 55.5780232 ], [ 48.7790394, 55.5795819 ], [ 48.8050032, 55.5826141 ], [ 48.811198877290032, 55.583242848592363 ] ], [ [ 48.811198877290032, 55.583242848592363 ], [ 48.7869787, 55.5810616 ], [ 48.7704563, 55.5782719 ], [ 48.7644911, 55.5754031 ], [ 48.7559877, 55.5712456 ], [ 48.7484253, 55.5680717 ], [ 48.7451208, 55.5665368 ], [ 48.7365961, 55.5621484 ], [ 48.7218046, 55.5522599 ], [ 48.7175122, 55.5467437 ], [ 48.7154592, 55.5406034 ], [ 48.7137469, 55.5369234 ], [ 48.7128853, 55.5356169 ], [ 48.7116762, 55.5340439 ], [ 48.7101336, 55.5323531 ], [ 48.7089602, 55.5312305 ], [ 48.7069658, 55.529532 ], [ 48.7039597, 55.5270316 ], [ 48.7027767, 55.5260487 ], [ 48.7000371, 55.5237156 ], [ 48.6988751, 55.5226061 ], [ 48.6969228, 55.5204958 ], [ 48.6957685, 55.5190467 ], [ 48.6944372, 55.5171172 ], [ 48.6933184, 55.5151421 ], [ 48.6926401, 55.5136857 ], [ 48.6920024, 55.5119994 ], [ 48.6915659, 55.5105019 ], [ 48.6913101, 55.5093329 ], [ 48.691025, 55.5076291 ], [ 48.6907641, 55.5060029 ], [ 48.6906087, 55.5050311 ], [ 48.6901134, 55.5019664 ], [ 48.689954, 55.5009558 ], [ 48.6897827, 55.4998933 ], [ 48.6895727, 55.4985867 ], [ 48.6893834, 55.4974096 ], [ 48.689142, 55.4959013 ], [ 48.6889167, 55.4944965 ], [ 48.6887267, 55.4933136 ], [ 48.688554, 55.4922486 ], [ 48.6883494, 55.4909535 ], [ 48.6881233, 55.4896504 ], [ 48.687648, 55.487647 ], [ 48.6872707, 55.4864182 ], [ 48.6866973, 55.4848585 ], [ 48.686156, 55.4835953 ], [ 48.6853466, 55.481961 ], [ 48.684774, 55.4809308 ], [ 48.6840073, 55.4796769 ], [ 48.6829358, 55.4781037 ], [ 48.6819999, 55.4768618 ], [ 48.6805759, 55.4751524 ], [ 48.6785769, 55.4730231 ], [ 48.6773505, 55.4718582 ], [ 48.6748092, 55.4696589 ], [ 48.6730171, 55.4682727 ], [ 48.670648, 55.4665978 ], [ 48.66928, 55.4657049 ], [ 48.6683691, 55.4651367 ], [ 48.6666609, 55.4641219 ], [ 48.6649344, 55.4631615 ], [ 48.6633939, 55.4623542 ], [ 48.6619637, 55.4616443 ], [ 48.6601981, 55.4608141 ], [ 48.658405, 55.4600222 ], [ 48.6565583, 55.4592557 ], [ 48.6547002, 55.4585307 ], [ 48.6526054, 55.4577687 ], [ 48.6506481, 55.4571041 ], [ 48.6488302, 55.4565269 ], [ 48.6467931, 55.4559243 ], [ 48.6445782, 55.4553167 ], [ 48.6422984, 55.4547429 ], [ 48.6401814, 55.4542554 ], [ 48.636592, 55.4535219 ], [ 48.6325291, 55.4527557 ], [ 48.6284005, 55.451986 ], [ 48.6258423, 55.4515061 ], [ 48.6242203, 55.4512015 ], [ 48.6202861, 55.4504634 ], [ 48.6111747, 55.4487517 ], [ 48.6093997, 55.4484136 ], [ 48.6072506, 55.4479504 ], [ 48.6056896, 55.4475701 ], [ 48.6036745, 55.4470217 ], [ 48.6023194, 55.4466155 ], [ 48.6001709, 55.4459032 ], [ 48.5982612, 55.445195 ], [ 48.5963273, 55.4444172 ], [ 48.5947549, 55.443776 ], [ 48.5930731, 55.4430936 ], [ 48.589542, 55.4416581 ], [ 48.5881526, 55.4410944 ], [ 48.5862114, 55.4403048 ], [ 48.5850647, 55.4398396 ], [ 48.5838939, 55.4393629 ], [ 48.5814893, 55.4384234 ], [ 48.5800959, 55.4379205 ], [ 48.5782962, 55.4373407 ], [ 48.5765688, 55.4368256 ], [ 48.5744271, 55.4362619 ], [ 48.5711601, 55.4355368 ], [ 48.5688829, 55.4351252 ], [ 48.5659137, 55.4346146 ], [ 48.5637827, 55.4342479 ], [ 48.5616329, 55.4338804 ], [ 48.5595006, 55.4335144 ], [ 48.5572904, 55.4331324 ], [ 48.5552131, 55.4327771 ], [ 48.5531706, 55.4324255 ], [ 48.55088, 55.4320314 ], [ 48.5483117, 55.4316068 ], [ 48.5464919, 55.4313542 ], [ 48.544672, 55.4311457 ], [ 48.5428078, 55.4309744 ], [ 48.5405575, 55.4308291 ], [ 48.5365912, 55.4307062 ], [ 48.5347333, 55.4306633 ], [ 48.5327509, 55.4306237 ], [ 48.529897, 55.4305681 ], [ 48.5266086, 55.4305027 ], [ 48.5236448, 55.4304433 ], [ 48.520284, 55.4303763 ], [ 48.5169031, 55.4303079 ], [ 48.5132298, 55.4302363 ], [ 48.5098261, 55.430161 ], [ 48.5075435, 55.4300583 ], [ 48.5049149, 55.4298589 ], [ 48.5022649, 55.4295751 ], [ 48.5000548, 55.4292661 ], [ 48.4965518, 55.4287091 ], [ 48.4931508, 55.4281703 ], [ 48.4908253, 55.4278035 ], [ 48.488414, 55.4274207 ], [ 48.4861945, 55.4271148 ], [ 48.4842928, 55.4269024 ], [ 48.481864, 55.426697 ], [ 48.4789512, 55.4265486 ], [ 48.4768765, 55.4265044 ], [ 48.4745215, 55.4265174 ], [ 48.4722121, 55.4265935 ], [ 48.4687762, 55.4268081 ], [ 48.4652156, 55.4270455 ], [ 48.4621672, 55.4272487 ], [ 48.4598672, 55.4274017 ], [ 48.4561229, 55.4276536 ], [ 48.4522833, 55.4279047 ], [ 48.4498076, 55.4280691 ], [ 48.4476873, 55.4282106 ], [ 48.4454919, 55.4283575 ], [ 48.443373, 55.4284975 ], [ 48.4414405, 55.4286261 ], [ 48.4393778, 55.4287623 ], [ 48.4374078, 55.4288932 ], [ 48.4356603, 55.4290089 ], [ 48.4340818, 55.4291116 ], [ 48.4321077, 55.4292083 ], [ 48.4295355, 55.4292623 ], [ 48.4275198, 55.4292501 ], [ 48.4259467, 55.429206 ], [ 48.4242059, 55.4291223 ], [ 48.4222184, 55.42898 ], [ 48.4201384, 55.4287791 ], [ 48.4181468, 55.4285386 ], [ 48.4164517, 55.4282905 ], [ 48.4110591, 55.4273796 ], [ 48.408865, 55.4270044 ], [ 48.4061882, 55.4265516 ], [ 48.402421, 55.4259085 ], [ 48.3984742, 55.425235 ], [ 48.3955586, 55.4247388 ], [ 48.3921763, 55.424168 ], [ 48.3888504, 55.423598 ], [ 48.3863506, 55.423171 ], [ 48.3823246, 55.422486 ], [ 48.3798744, 55.4220415 ], [ 48.3777608, 55.4215871 ], [ 48.3750102, 55.4208998 ], [ 48.3728228, 55.4202681 ], [ 48.3682001, 55.4188911 ], [ 48.365263, 55.4180181 ], [ 48.3636564, 55.41754 ], [ 48.3615603, 55.4169455 ], [ 48.3601052, 55.4165741 ], [ 48.3578762, 55.4160694 ], [ 48.3553397, 55.4155799 ], [ 48.3523683, 55.4151239 ], [ 48.3503245, 55.414875 ], [ 48.3483973, 55.4146915 ], [ 48.3462059, 55.4145362 ], [ 48.3439261, 55.4144365 ], [ 48.3418714, 55.414399 ], [ 48.3386005, 55.4143984 ], [ 48.3343332, 55.4144 ], [ 48.331089, 55.4143977 ], [ 48.3286026, 55.4143984 ], [ 48.3251037, 55.4143984 ], [ 48.3211099, 55.4143984 ], [ 48.3179274, 55.4143946 ], [ 48.3141093, 55.4143939 ], [ 48.3120923, 55.4143954 ], [ 48.3103797, 55.4144236 ], [ 48.3084686, 55.4144989 ], [ 48.3064891, 55.4146222 ], [ 48.3042026, 55.4148255 ], [ 48.3021399, 55.4150661 ], [ 48.2998064, 55.4154048 ], [ 48.2977116, 55.415771 ], [ 48.2953969, 55.4162483 ], [ 48.2922707, 55.4169798 ], [ 48.2886779, 55.4178247 ], [ 48.2849228, 55.41871 ], [ 48.2809183, 55.4196538 ], [ 48.2772289, 55.4205208 ], [ 48.2738306, 55.4213177 ], [ 48.2710464, 55.4218824 ], [ 48.2680812, 55.4223657 ], [ 48.2661071, 55.422623 ], [ 48.2638755, 55.4228536 ], [ 48.2628496, 55.4229396 ], [ 48.2611236, 55.4230507 ], [ 48.2576327, 55.423174 ], [ 48.2554494, 55.4231763 ], [ 48.2524694, 55.4230842 ], [ 48.2498664, 55.4229175 ], [ 48.246869, 55.4226413 ], [ 48.2434599, 55.4223117 ], [ 48.2408085, 55.4220575 ], [ 48.2383423, 55.42182 ], [ 48.2345778, 55.4214593 ], [ 48.2309353, 55.4211061 ], [ 48.2275584, 55.4207811 ], [ 48.2238449, 55.4204249 ], [ 48.2212767, 55.4201767 ], [ 48.2181492, 55.4198776 ], [ 48.21575, 55.4196455 ], [ 48.2131965, 55.4193981 ], [ 48.2103708, 55.4191256 ], [ 48.2075545, 55.4188546 ], [ 48.2051218, 55.4186202 ], [ 48.2023591, 55.4183553 ], [ 48.1999625, 55.4181239 ], [ 48.1978758, 55.4179206 ], [ 48.1960411, 55.4177448 ], [ 48.1936714, 55.4175142 ], [ 48.1905895, 55.4172173 ], [ 48.1876633, 55.4169364 ], [ 48.1852292, 55.4167004 ], [ 48.183125, 55.4164979 ], [ 48.1813869, 55.4163114 ], [ 48.1799962, 55.4161379 ], [ 48.1784083, 55.4159065 ], [ 48.1764838, 55.4155822 ], [ 48.1748302, 55.4152625 ], [ 48.1734087, 55.4149557 ], [ 48.1716545, 55.4145339 ], [ 48.1699607, 55.4140833 ], [ 48.1683178, 55.4135991 ], [ 48.1668466, 55.4131279 ], [ 48.1650563, 55.4124937 ], [ 48.1631371, 55.4117446 ], [ 48.1614085, 55.4109985 ], [ 48.1599024, 55.4102882 ], [ 48.1585224, 55.4095809 ], [ 48.1570606, 55.4087662 ], [ 48.155576, 55.4078648 ], [ 48.1541786, 55.4069564 ], [ 48.1522769, 55.4057107 ], [ 48.1508338, 55.4047673 ], [ 48.148625, 55.4033266 ], [ 48.1471418, 55.4023596 ], [ 48.1453662, 55.4011975 ], [ 48.1443094, 55.4005304 ], [ 48.1432003, 55.3998785 ], [ 48.1419571, 55.3991985 ], [ 48.1406455, 55.3985306 ], [ 48.1392306, 55.3978634 ], [ 48.1377245, 55.3972085 ], [ 48.1361702, 55.3965878 ], [ 48.1344978, 55.3959747 ], [ 48.1329301, 55.3954515 ], [ 48.1313771, 55.3949747 ], [ 48.1294781, 55.3944499 ], [ 48.1273001, 55.3939175 ], [ 48.1250833, 55.3934506 ], [ 48.1230918, 55.3930919 ], [ 48.1208427, 55.3927491 ], [ 48.118481, 55.3924612 ], [ 48.1163608, 55.3922632 ], [ 48.1142472, 55.3921222 ], [ 48.1123897, 55.3920415 ], [ 48.1093039, 55.3920011 ], [ 48.1066874, 55.392056 ], [ 48.1038885, 55.3922091 ], [ 48.1008361, 55.3924757 ], [ 48.0971642, 55.392823 ], [ 48.0934668, 55.3931718 ], [ 48.0895494, 55.3935428 ], [ 48.0860867, 55.393865 ], [ 48.0820379, 55.3941483 ], [ 48.0785778, 55.3942976 ], [ 48.0755255, 55.3943692 ], [ 48.0722934, 55.3944377 ], [ 48.0695669, 55.3944971 ], [ 48.0659835, 55.3945756 ], [ 48.0623987, 55.3946533 ], [ 48.0583218, 55.3947416 ], [ 48.0544849, 55.3948239 ], [ 48.0511254, 55.3948117 ], [ 48.0484767, 55.3947073 ], [ 48.0448383, 55.3944232 ], [ 48.0421025, 55.3941018 ], [ 48.0395342, 55.3937103 ], [ 48.035924, 55.3931079 ], [ 48.0316874, 55.3924003 ], [ 48.0279444, 55.3917742 ], [ 48.0243422, 55.3911739 ], [ 48.0214736, 55.3906941 ], [ 48.0181839, 55.3901456 ], [ 48.0139004, 55.3894303 ], [ 48.0100165, 55.3887806 ], [ 48.00589, 55.3880919 ], [ 48.001691, 55.3873911 ], [ 47.9974034, 55.3866743 ], [ 47.9934163, 55.3860077 ], [ 47.9892495, 55.3853106 ], [ 47.9858337, 55.3847393 ], [ 47.9821376, 55.3841207 ], [ 47.9783088, 55.3834807 ], [ 47.9746556, 55.3828674 ], [ 47.9707718, 55.3822129 ], [ 47.9675773, 55.3816339 ], [ 47.9651445, 55.3811623 ], [ 47.9623416, 55.3805916 ], [ 47.9592356, 55.3799173 ], [ 47.9556334, 55.3790967 ], [ 47.9521707, 55.3783051 ], [ 47.9481474, 55.3773892 ], [ 47.9441509, 55.3764771 ], [ 47.9407123, 55.3756922 ], [ 47.9384176, 55.375168 ], [ 47.935608, 55.3745256 ], [ 47.9327475, 55.3738718 ], [ 47.9299003, 55.3732225 ], [ 47.9262954, 55.3723987 ], [ 47.9237111, 55.3718089 ], [ 47.9201464, 55.370995 ], [ 47.9169881, 55.3702725 ], [ 47.914212, 55.3696392 ], [ 47.9111516, 55.368938 ], [ 47.906443, 55.3678794 ], [ 47.9039231, 55.3674038 ], [ 47.9008198, 55.3669366 ], [ 47.8981818, 55.3666378 ], [ 47.8951187, 55.3664031 ], [ 47.8915031, 55.3661904 ], [ 47.8881477, 55.3659922 ], [ 47.8858973, 55.3658627 ], [ 47.8835437, 55.3657262 ], [ 47.8814529, 55.3655845 ], [ 47.8794399, 55.365397 ], [ 47.877899, 55.3652201 ], [ 47.8756995, 55.3649114 ], [ 47.8727867, 55.3644053 ], [ 47.8706669, 55.363955 ], [ 47.8684857, 55.3634335 ], [ 47.8649291, 55.3624098 ], [ 47.8623703, 55.3616155 ], [ 47.8593542, 55.3606771 ], [ 47.8555843, 55.35951 ], [ 47.8510635, 55.358105 ], [ 47.8481345, 55.3571971 ], [ 47.8449078, 55.3561953 ], [ 47.8418846, 55.3552618 ], [ 47.839479, 55.3545051 ], [ 47.8370382, 55.3538281 ], [ 47.8343694, 55.3531937 ], [ 47.8308785, 55.3525151 ], [ 47.8269812, 55.3519547 ], [ 47.8235628, 55.3516021 ], [ 47.8221425, 55.3514591 ], [ 47.8190815, 55.351156 ], [ 47.8161183, 55.3508568 ], [ 47.8126033, 55.3504923 ], [ 47.8096998, 55.3500905 ], [ 47.8073542, 55.3496848 ], [ 47.8048396, 55.3491602 ], [ 47.8004287, 55.348024 ], [ 47.797658, 55.3472607 ], [ 47.7950683, 55.3465462 ], [ 47.7914648, 55.3455549 ] ], [ [ 48.812855379879501, 55.583410953485924 ], [ 48.8122532, 55.5833378 ], [ 48.811198877290032, 55.583242848592363 ] ], [ [ 48.811198877290032, 55.583242848592363 ], [ 48.812855379879501, 55.583410953485924 ] ], [ [ 48.812855379879501, 55.583410953485924 ], [ 48.8180075, 55.5839338 ], [ 48.8323832, 55.585549 ], [ 48.8489245, 55.5865924 ], [ 48.8547906, 55.5869364 ], [ 48.8633086, 55.5872884 ], [ 48.8752014, 55.5868121 ], [ 48.8866185, 55.5862212 ], [ 48.8924707, 55.5859531 ], [ 48.9003917, 55.5855548 ], [ 48.9073831, 55.5849517 ], [ 48.9120018, 55.5842149 ], [ 48.924513948718904, 55.581521868838855 ] ], [ [ 48.924513948718904, 55.581521868838855 ], [ 48.9146738, 55.5837707 ], [ 48.9087797, 55.5848576 ], [ 48.9025015, 55.5855368 ], [ 48.8990512, 55.5857204 ], [ 48.8872149, 55.5863204 ], [ 48.8817422, 55.5866057 ], [ 48.8632954, 55.5873703 ], [ 48.8547671, 55.5870391 ], [ 48.8489086, 55.5866901 ], [ 48.8378797, 55.5860067 ], [ 48.826988, 55.5851278 ], [ 48.812855379879501, 55.583410953485924 ] ], [ [ 48.924915033337008, 55.581430206444999 ], [ 48.924513948718904, 55.581521868838855 ] ], [ [ 48.924513948718904, 55.581521868838855 ], [ 48.9248539, 55.5814487 ], [ 48.924915033337008, 55.581430206444999 ] ], [ [ 48.924915033337008, 55.581430206444999 ], [ 48.932196196900435, 55.579227568646154 ] ], [ [ 48.932196196900435, 55.579227568646154 ], [ 48.9281745, 55.5806853 ], [ 48.924915033337008, 55.581430206444999 ] ], [ [ 48.932315891243391, 55.579184183428197 ], [ 48.932196196900435, 55.579227568646154 ] ], [ [ 48.932196196900435, 55.579227568646154 ], [ 48.9322351, 55.5792158 ], [ 48.932315891243391, 55.579184183428197 ] ], [ [ 48.932315891243391, 55.579184183428197 ], [ 48.9407237, 55.5758939 ], [ 48.9486458, 55.5736602 ], [ 48.9566355, 55.5723091 ], [ 48.9661717, 55.5717305 ], [ 48.9758353, 55.5722768 ], [ 49.0353873, 55.577617 ], [ 49.0387265, 55.5775712 ], [ 49.0421077, 55.5772226 ], [ 49.0470291, 55.5763335 ], [ 49.0562566, 55.574548 ], [ 49.0641632, 55.5730355 ], [ 49.0708181, 55.5717837 ], [ 49.0766384, 55.5707077 ], [ 49.0827781, 55.5699834 ], [ 49.0880325, 55.5697227 ], [ 49.0912271, 55.5697302 ], [ 49.0954703, 55.5699076 ], [ 49.1047843, 55.5703655 ], [ 49.1125473, 55.570745 ], [ 49.125311, 55.5713805 ], [ 49.1337775, 55.5718503 ], [ 49.1401881, 55.5726403 ], [ 49.1457045, 55.5734311 ], [ 49.1544628, 55.5746905 ], [ 49.1683728, 55.5766768 ], [ 49.1764891, 55.5777655 ], [ 49.1814351, 55.5781475 ], [ 49.1865368, 55.5782021 ], [ 49.1923705, 55.5779171 ], [ 49.1965574, 55.577444 ], [ 49.2005002, 55.5767951 ], [ 49.2100301, 55.5749013 ], [ 49.2180472, 55.573253 ], [ 49.225316, 55.5717456 ], [ 49.2301815, 55.5704839 ], [ 49.2364055, 55.5691899 ], [ 49.2410354, 55.5685833 ], [ 49.2427845, 55.5683927 ], [ 49.2465326, 55.5681445 ], [ 49.2535061, 55.5677268 ], [ 49.2585593, 55.5672506 ], [ 49.2630118, 55.5665621 ], [ 49.2675716, 55.5655611 ], [ 49.2721528, 55.5642415 ], [ 49.2769593, 55.5624548 ], [ 49.281047, 55.560495 ], [ 49.2863846, 55.5571425 ], [ 49.287143306580056, 55.556643500258495 ] ], [ [ 49.287143306580056, 55.556643500258495 ], [ 49.2826563, 55.5597395 ], [ 49.2783969, 55.561939 ], [ 49.2739552, 55.5637531 ], [ 49.2691111, 55.5652789 ], [ 49.2648357, 55.5663133 ], [ 49.2600537, 55.5671524 ], [ 49.2550628, 55.5677294 ], [ 49.2475415, 55.5681928 ], [ 49.2427625, 55.5684959 ], [ 49.237917, 55.5690614 ], [ 49.2316641, 55.5702317 ], [ 49.226572, 55.571551 ], [ 49.2208903, 55.5727768 ], [ 49.2129189, 55.5744023 ], [ 49.203338, 55.5763553 ], [ 49.1978287, 55.5773743 ], [ 49.1936499, 55.5778929 ], [ 49.188071, 55.5782629 ], [ 49.182921, 55.5782991 ], [ 49.1782808, 55.5780535 ], [ 49.1736458, 55.577544 ], [ 49.1575098, 55.5752304 ], [ 49.1474461, 55.5737836 ], [ 49.1419398, 55.5729885 ], [ 49.1359931, 55.5721733 ], [ 49.1293707, 55.5716759 ], [ 49.1188795, 55.5711617 ], [ 49.1065127, 55.5705446 ], [ 49.0975971, 55.5701001 ], [ 49.0923642, 55.5698575 ], [ 49.0890357, 55.569803 ], [ 49.08424, 55.5699698 ], [ 49.07861, 55.5705248 ], [ 49.0727278, 55.5715121 ], [ 49.0664086, 55.5727116 ], [ 49.0601745, 55.5738809 ], [ 49.0493774, 55.5759956 ], [ 49.0441752, 55.5769872 ], [ 49.0397786, 55.5776116 ], [ 49.0364053, 55.5777594 ], [ 49.0283704, 55.5771543 ], [ 48.9680878, 55.5718445 ], [ 48.9612321, 55.5720313 ], [ 48.9508695, 55.5733374 ], [ 48.9430962, 55.5752356 ], [ 48.9359159, 55.5778793 ], [ 48.932315891243391, 55.579184183428197 ] ], [ [ 49.289294506433926, 55.555228660583694 ], [ 49.2888455, 55.555469 ], [ 49.287143306580056, 55.556643500258495 ] ], [ [ 49.287143306580056, 55.556643500258495 ], [ 49.289294506433926, 55.555228660583694 ] ], [ [ 49.289294506433926, 55.555228660583694 ], [ 49.2908371, 55.5542141 ], [ 49.2932403, 55.5532193 ], [ 49.2964858, 55.5523242 ], [ 49.2995405, 55.5518267 ], [ 49.3067594, 55.5511752 ], [ 49.312537, 55.5509011 ], [ 49.3174473, 55.5509782 ], [ 49.3225849, 55.5513617 ], [ 49.3279069, 55.5520902 ], [ 49.3332961, 55.5531914 ], [ 49.3461066, 55.5560867 ], [ 49.3525815, 55.557898 ], [ 49.3575248, 55.5598551 ], [ 49.3618619, 55.5619936 ], [ 49.3698668, 55.5668555 ], [ 49.3743862, 55.569522 ], [ 49.3766972, 55.5705158 ], [ 49.3792976, 55.5713028 ], [ 49.3812972, 55.5717335 ], [ 49.3837864, 55.5720596 ], [ 49.3864015, 55.5722081 ], [ 49.3891829, 55.5721263 ], [ 49.3913521, 55.571914 ], [ 49.393217, 55.5715963 ], [ 49.3951696, 55.571139 ], [ 49.3970928, 55.5705461 ], [ 49.3993271, 55.5696478 ], [ 49.4062103, 55.5666135 ], [ 49.4086917, 55.5656194 ], [ 49.4129466, 55.564274 ], [ 49.4167507, 55.5633087 ], [ 49.4201985, 55.5625989 ], [ 49.4270381, 55.5616126 ], [ 49.4310012, 55.5609683 ], [ 49.4372535, 55.5593209 ], [ 49.4426125, 55.5580406 ], [ 49.4474083, 55.5572093 ], [ 49.4510604, 55.5566207 ], [ 49.4546315, 55.5559077 ], [ 49.4585394, 55.5549185 ], [ 49.4631583, 55.5536806 ], [ 49.4671011, 55.5528476 ], [ 49.4717467, 55.5522089 ], [ 49.4761669, 55.5517932 ], [ 49.4816762, 55.5515216 ], [ 49.4899629, 55.5510824 ], [ 49.494524, 55.5508919 ], [ 49.4966885, 55.550942 ], [ 49.5001513, 55.5513319 ], [ 49.5025492, 55.5518326 ], [ 49.5060253, 55.5528947 ], [ 49.509033, 55.5540264 ], [ 49.512374, 55.5552013 ], [ 49.5228254, 55.5591385 ], [ 49.5508504, 55.5696407 ], [ 49.551668214564792, 55.570369628634303 ] ], [ [ 49.551668214564792, 55.570369628634303 ], [ 49.5496219, 55.5692449 ], [ 49.522722, 55.5592259 ], [ 49.5122072, 55.5553564 ], [ 49.5078402, 55.5537566 ], [ 49.5050222, 55.5527156 ], [ 49.5011706, 55.5516566 ], [ 49.4975898, 55.5511059 ], [ 49.4953019, 55.5509815 ], [ 49.491992, 55.5510726 ], [ 49.4851819, 55.5514351 ], [ 49.4778567, 55.5517992 ], [ 49.4731522, 55.5521482 ], [ 49.4689186, 55.5526535 ], [ 49.4646388, 55.5534378 ], [ 49.4606503, 55.5544239 ], [ 49.4558573, 55.5557226 ], [ 49.4522899, 55.5564826 ], [ 49.4493583, 55.557006 ], [ 49.4438746, 55.5578984 ], [ 49.4385076, 55.5590771 ], [ 49.4319629, 55.5608598 ], [ 49.4292578, 55.5613824 ], [ 49.4210824, 55.5625549 ], [ 49.4182473, 55.5630812 ], [ 49.4142321, 55.5640201 ], [ 49.4099647, 55.5652668 ], [ 49.4072305, 55.5663016 ], [ 49.4008293, 55.5691015 ], [ 49.3977901, 55.570396 ], [ 49.3959002, 55.5710348 ], [ 49.3939278, 55.571553 ], [ 49.3920985, 55.5719033 ], [ 49.3899259, 55.5721718 ], [ 49.3872534, 55.5723015 ], [ 49.3846178, 55.5722248 ], [ 49.3819704, 55.5719397 ], [ 49.3798596, 55.5715379 ], [ 49.3775134, 55.570901 ], [ 49.3750074, 55.5699365 ], [ 49.3720481, 55.5683243 ], [ 49.3633519, 55.5630551 ], [ 49.3590992, 55.5607498 ], [ 49.3543716, 55.5587022 ], [ 49.3480229, 55.5566847 ], [ 49.3357522, 55.5538478 ], [ 49.3289669, 55.5523764 ], [ 49.3246417, 55.5516993 ], [ 49.3188855, 55.5511496 ], [ 49.3143241, 55.5509977 ], [ 49.3085017, 55.5511445 ], [ 49.3014568, 55.5517606 ], [ 49.2975888, 55.5522343 ], [ 49.2942863, 55.5530038 ], [ 49.2917758, 55.5539005 ], [ 49.289294506433926, 55.555228660583694 ] ], [ [ 49.554021440958131, 55.572467089568526 ], [ 49.5526046, 55.5708843 ], [ 49.551668214564792, 55.570369628634303 ] ], [ [ 49.551668214564792, 55.570369628634303 ], [ 49.554021440958131, 55.572467089568526 ] ], [ [ 49.554021440958131, 55.572467089568526 ], [ 49.5569836, 55.5751073 ], [ 49.561881803656945, 55.580327936001524 ] ], [ [ 49.561881803656945, 55.580327936001524 ], [ 49.5590481, 55.5780825 ], [ 49.554021440958131, 55.572467089568526 ] ], [ [ 49.56252750654059, 55.580839593068298 ], [ 49.561881803656945, 55.580327936001524 ] ], [ [ 49.561881803656945, 55.580327936001524 ], [ 49.5622216, 55.5806901 ], [ 49.56252750654059, 55.580839593068298 ] ], [ [ 49.56252750654059, 55.580839593068298 ], [ 49.579114567900902, 55.58894550244851 ] ], [ [ 49.579114567900902, 55.58894550244851 ], [ 49.5668883, 55.5842951 ], [ 49.56252750654059, 55.580839593068298 ] ], [ [ 49.579884868617377, 55.589238495238057 ], [ 49.579114567900902, 55.58894550244851 ] ], [ [ 49.579114567900902, 55.58894550244851 ], [ 49.5795715, 55.5891688 ], [ 49.579884868617377, 55.589238495238057 ] ], [ [ 49.579884868617377, 55.589238495238057 ], [ 49.5931934, 55.5921984 ], [ 49.6077172, 55.5932874 ], [ 49.616904, 55.5947766 ], [ 49.622259509238532, 55.596918551631909 ] ], [ [ 49.622259509238532, 55.596918551631909 ], [ 49.6204691, 55.5963068 ], [ 49.6104603, 55.5937967 ], [ 49.5988061, 55.5931662 ], [ 49.5831452, 55.5904786 ], [ 49.579884868617377, 55.589238495238057 ] ], [ [ 49.624039146537548, 55.59752662267983 ], [ 49.622259509238532, 55.596918551631909 ] ], [ [ 49.622259509238532, 55.596918551631909 ], [ 49.623278, 55.5973259 ], [ 49.624039146537548, 55.59752662267983 ] ], [ [ 49.624039146537548, 55.59752662267983 ], [ 49.6295303, 55.5989747 ], [ 49.6334302, 55.5993687 ], [ 49.6373838, 55.5999839 ], [ 49.6404201, 55.6007901 ], [ 49.645219324422904, 55.602174221913955 ] ], [ [ 49.645219324422904, 55.602174221913955 ], [ 49.6416217, 55.6013204 ], [ 49.636783, 55.6000203 ], [ 49.6315527, 55.5992929 ], [ 49.6276474, 55.5987595 ], [ 49.624039146537548, 55.59752662267983 ] ], [ [ 49.648431896750552, 55.602936659659278 ], [ 49.645219324422904, 55.602174221913955 ] ], [ [ 49.645219324422904, 55.602174221913955 ], [ 49.6460313, 55.6024084 ], [ 49.648431896750552, 55.602936659659278 ] ], [ [ 49.648431896750552, 55.602936659659278 ], [ 49.6617393, 55.605865 ], [ 49.681624, 55.6110442 ], [ 49.6935295, 55.615155 ], [ 49.7001511, 55.6167104 ] ], [ [ 49.7000609, 55.6169302 ], [ 49.693538, 55.6154404 ], [ 49.6813149, 55.6113322 ], [ 49.6614372, 55.6060232 ], [ 49.648431896750552, 55.602936659659278 ] ], [ [ 49.8103593, 55.6800606 ], [ 49.8214609, 55.6807904 ], [ 49.8242205, 55.6807892 ], [ 49.8290537, 55.6805677 ], [ 49.8370994, 55.6795457 ], [ 49.8449757, 55.677697 ], [ 49.8607465, 55.6725391 ], [ 49.8715107, 55.6689091 ], [ 49.8876025, 55.6634562 ], [ 49.892119656931648, 55.66224967479468 ] ], [ [ 49.892119656931648, 55.66224967479468 ], [ 49.8892546, 55.6630545 ], [ 49.8814391, 55.6657261 ], [ 49.8746688, 55.6685055 ], [ 49.8672415, 55.6710333 ], [ 49.8533551, 55.6757109 ], [ 49.8456634, 55.677941 ], [ 49.8330616, 55.680316 ], [ 49.8274822, 55.6808108 ], [ 49.820637, 55.6809055 ] ], [ [ 49.894204260318588, 55.661692880650158 ], [ 49.8939981, 55.661722 ], [ 49.892119656931648, 55.66224967479468 ] ], [ [ 49.892119656931648, 55.66224967479468 ], [ 49.894204260318588, 55.661692880650158 ] ], [ [ 49.894204260318588, 55.661692880650158 ], [ 49.8963124, 55.6611298 ], [ 49.9005643, 55.6605962 ], [ 49.90265, 55.6604594 ], [ 49.90948, 55.6605155 ], [ 49.9238813, 55.6617105 ], [ 49.9291233, 55.661748 ], [ 49.9341288, 55.6612575 ], [ 49.9405034, 55.6599638 ], [ 49.953729, 55.6559704 ], [ 49.9709973, 55.6507431 ], [ 49.9735824, 55.6499745 ], [ 49.9744149, 55.6497143 ], [ 49.9765518, 55.6490382 ], [ 49.9838725, 55.6468546 ], [ 49.9928083, 55.6449885 ], [ 49.9982842, 55.6443246 ], [ 50.0031825, 55.6440991 ], [ 50.0052037, 55.6440893 ], [ 50.0091454, 55.6441935 ], [ 50.0151088, 55.644694 ], [ 50.0238262, 55.6458202 ], [ 50.0544666, 55.6497152 ], [ 50.0677221, 55.6513672 ], [ 50.0863818, 55.6537378 ], [ 50.0923739, 55.6549315 ], [ 50.1004084, 55.6570203 ], [ 50.114476, 55.6608242 ], [ 50.1277412, 55.6643086 ], [ 50.1438857, 55.6682979 ], [ 50.1528808, 55.6704497 ], [ 50.1572575, 55.671331 ], [ 50.1679256, 55.672354 ], [ 50.1861309, 55.6739227 ], [ 50.208244, 55.6756707 ], [ 50.2153166, 55.6766538 ], [ 50.2208833, 55.6778546 ], [ 50.2325047, 55.6812576 ], [ 50.2428717, 55.6842525 ], [ 50.2539242, 55.6874765 ], [ 50.2682187, 55.6914029 ], [ 50.2739388, 55.6924143 ], [ 50.2876415, 55.693928 ], [ 50.2958662, 55.6947955 ], [ 50.3086542, 55.6961184 ], [ 50.3140342, 55.6967007 ], [ 50.3224137, 55.6973729 ], [ 50.3289553, 55.69767 ], [ 50.3347789, 55.6972393 ], [ 50.3442311, 55.6963535 ], [ 50.3563381, 55.6952085 ], [ 50.4063724, 55.6905203 ], [ 50.4335494, 55.6879882 ], [ 50.4409709, 55.6873369 ], [ 50.4564934, 55.6866703 ], [ 50.4827757, 55.6862046 ], [ 50.4924308, 55.6860518 ], [ 50.5299034, 55.6854362 ], [ 50.533388, 55.6853731 ], [ 50.5406445, 55.6853522 ], [ 50.546362, 55.6855817 ], [ 50.5582135, 55.6876208 ], [ 50.5647472, 55.6883979 ], [ 50.568424, 55.6885091 ], [ 50.5712311, 55.6885141 ], [ 50.5780454, 55.6880506 ], [ 50.5884093, 55.6867304 ], [ 50.5936093, 55.6859585 ], [ 50.5968993, 55.6851697 ], [ 50.6027509, 55.6832334 ], [ 50.608057, 55.6812855 ], [ 50.61418, 55.6795822 ], [ 50.6202907, 55.6785389 ], [ 50.6415467, 55.676005 ], [ 50.6526893, 55.6749021 ], [ 50.659554, 55.6748656 ], [ 50.6674178, 55.6755255 ], [ 50.6760474, 55.6769752 ], [ 50.6803608, 55.6777444 ], [ 50.6845063, 55.6783361 ], [ 50.6878483, 55.6787096 ], [ 50.6903394, 55.6789474 ], [ 50.6994651, 55.6792954 ], [ 50.7202745, 55.678581 ], [ 50.7405928, 55.6779202 ], [ 50.7485884, 55.6776114 ], [ 50.7526034, 55.6772638 ], [ 50.7570327, 55.6766302 ], [ 50.7607349, 55.6758916 ], [ 50.7645714, 55.6749286 ], [ 50.7686752, 55.6736188 ], [ 50.7720598, 55.6722735 ], [ 50.7747223, 55.6709805 ], [ 50.782679, 55.6668012 ], [ 50.7855264, 55.6652709 ], [ 50.7888448, 55.6635117 ], [ 50.7966185, 55.6593774 ], [ 50.8069434, 55.6539003 ], [ 50.8120028, 55.6512906 ], [ 50.8151323, 55.6500882 ], [ 50.8205067, 55.6486097 ], [ 50.8291007, 55.6475308 ], [ 50.8366409, 55.6472286 ], [ 50.8447614, 55.6469469 ], [ 50.8566775, 55.6464964 ], [ 50.8755979, 55.645766 ], [ 50.8798433, 55.6454257 ], [ 50.883657, 55.6448092 ], [ 50.8878693, 55.6440593 ], [ 50.8907264, 55.6434162 ], [ 50.894671, 55.642303 ], [ 50.8979733, 55.6412205 ], [ 50.9025946, 55.639798 ], [ 50.9053994, 55.6390392 ], [ 50.9090754, 55.6382432 ], [ 50.9118754, 55.6377969 ], [ 50.9151017, 55.6374446 ], [ 50.9199527, 55.6371039 ], [ 50.9246457, 55.6368323 ], [ 50.930892, 55.6364579 ], [ 50.9340328, 55.6362815 ], [ 50.9432192, 55.635753 ], [ 50.9499712, 55.6357949 ], [ 50.9557571, 55.6362412 ], [ 50.9726381, 55.6390435 ], [ 50.9776926, 55.6399144 ], [ 50.9889091, 55.6418621 ], [ 50.9982829, 55.6433707 ], [ 51.003324, 55.643798 ], [ 51.0055045, 55.6439039 ], [ 51.0087707, 55.64395 ], [ 51.0304803, 55.6440012 ], [ 51.0397648, 55.6440544 ], [ 51.0434375, 55.6442285 ], [ 51.0448149, 55.6443359 ], [ 51.049676, 55.6447974 ], [ 51.0532511, 55.6449363 ], [ 51.0592323, 55.6444917 ], [ 51.0657513, 55.6440016 ], [ 51.0696576, 55.6440967 ], [ 51.0731971, 55.644598 ], [ 51.0785037, 55.6463291 ], [ 51.0928205, 55.6495955 ], [ 51.1167991, 55.6530916 ], [ 51.1228073, 55.6534306 ], [ 51.1290378, 55.6530982 ], [ 51.1383612, 55.6518634 ], [ 51.1410624, 55.6519324 ], [ 51.1459093, 55.6524253 ], [ 51.1502752, 55.652913 ], [ 51.1546719, 55.6534245 ], [ 51.1580367, 55.6540604 ], [ 51.1613237, 55.6549097 ], [ 51.1654825, 55.6562046 ], [ 51.1791097, 55.6612157 ], [ 51.1886213, 55.6641814 ], [ 51.1952383, 55.6657458 ], [ 51.2048792, 55.6674981 ], [ 51.2077235, 55.6678915 ], [ 51.221362, 55.6696435 ], [ 51.2316645, 55.6709354 ], [ 51.2382971, 55.6716969 ], [ 51.2431907, 55.6719247 ], [ 51.2479188, 55.6716317 ], [ 51.2518877, 55.6708077 ], [ 51.2563129, 55.6692642 ], [ 51.2637517, 55.6658987 ], [ 51.2676291, 55.6642765 ], [ 51.2702028, 55.6633896 ], [ 51.273173, 55.6625557 ], [ 51.2758811, 55.6620137 ], [ 51.2784548, 55.6616649 ], [ 51.2815795, 55.6614148 ], [ 51.2863682, 55.6612646 ], [ 51.2924353, 55.6612718 ], [ 51.29686, 55.6613105 ], [ 51.3044788, 55.6613012 ], [ 51.3070436, 55.6610873 ], [ 51.3097667, 55.6607062 ], [ 51.314184, 55.6598737 ], [ 51.3162315, 55.6596215 ], [ 51.3209018, 55.6592973 ], [ 51.3233417, 55.659041 ], [ 51.3263683, 55.6585366 ], [ 51.339727, 55.6563054 ], [ 51.3426559, 55.6558107 ], [ 51.3568967, 55.6533724 ], [ 51.360231, 55.6527859 ], [ 51.3655579, 55.6518386 ], [ 51.3713863, 55.6508458 ], [ 51.3793924, 55.6494951 ], [ 51.3824191, 55.6490053 ], [ 51.3840437, 55.6488254 ], [ 51.3854295, 55.6487626 ], [ 51.3866874, 55.648773 ], [ 51.3879811, 55.6488587 ], [ 51.3898188, 55.649095 ], [ 51.3939097, 55.6499711 ], [ 51.3959662, 55.6507081 ], [ 51.3973551, 55.6513724 ], [ 51.3986593, 55.6522032 ], [ 51.3999508, 55.6533158 ], [ 51.4024009, 55.6560523 ], [ 51.4037231, 55.6578265 ], [ 51.4050078, 55.6598933 ], [ 51.4059493, 55.6613776 ], [ 51.4070399, 55.6624736 ], [ 51.4081457, 55.6633361 ], [ 51.4091399, 55.6639685 ], [ 51.4102693, 55.6645645 ], [ 51.4133913, 55.6657187 ], [ 51.4244302, 55.6690726 ], [ 51.4279438, 55.670155 ], [ 51.4335139, 55.6718759 ], [ 51.4517013, 55.6774531 ], [ 51.4562287, 55.6789842 ], [ 51.4589363, 55.6800102 ], [ 51.4617929, 55.6811927 ], [ 51.4651451, 55.6827254 ], [ 51.4769099, 55.688664 ], [ 51.4808069, 55.6904343 ], [ 51.4845263, 55.6919506 ], [ 51.4937097, 55.6949324 ], [ 51.4967654, 55.6957477 ], [ 51.5004569, 55.6966053 ], [ 51.504845, 55.6975606 ], [ 51.5121282, 55.6991132 ], [ 51.5176013, 55.7003064 ], [ 51.5265655, 55.7022629 ], [ 51.5344647, 55.7039753 ], [ 51.5391891, 55.7049976 ], [ 51.5477791, 55.7068089 ], [ 51.552819, 55.7077383 ], [ 51.5594886, 55.708821 ], [ 51.5669685, 55.7098195 ], [ 51.5710351, 55.7102797 ], [ 51.5771147, 55.710825 ], [ 51.5852143, 55.7115728 ], [ 51.5939024, 55.7123457 ] ], [ [ 51.6005084, 55.7129463 ], [ 51.5960268, 55.7129087 ], [ 51.593019, 55.7128058 ], [ 51.5880902, 55.7124015 ], [ 51.578878, 55.711617 ], [ 51.5739199, 55.7111716 ], [ 51.5693226, 55.7106941 ], [ 51.566646, 55.7103423 ], [ 51.5592992, 55.709047 ], [ 51.5527385, 55.7078608 ], [ 51.5476745, 55.7069178 ], [ 51.5391022, 55.7051088 ], [ 51.5343486, 55.7041232 ], [ 51.5307109, 55.7035453 ], [ 51.5241658, 55.7023699 ], [ 51.5151849, 55.7004431 ], [ 51.5095124, 55.6992137 ], [ 51.5043837, 55.6980791 ], [ 51.5011114, 55.6973702 ], [ 51.4975555, 55.6964524 ], [ 51.4945131, 55.6955169 ], [ 51.4887894, 55.6935843 ], [ 51.4843082, 55.6920344 ], [ 51.478673, 55.6896782 ], [ 51.470789, 55.6857296 ], [ 51.4642149, 55.6824131 ], [ 51.4607955, 55.6808966 ], [ 51.4579305, 55.6797531 ], [ 51.4550096, 55.6786869 ], [ 51.4345455, 55.6723304 ], [ 51.4282731, 55.6704146 ], [ 51.4141569, 55.6661326 ], [ 51.4107546, 55.6650079 ], [ 51.4093226, 55.6643154 ], [ 51.4080988, 55.6635436 ], [ 51.4070998, 55.6627845 ], [ 51.4061285, 55.6618689 ], [ 51.4052237, 55.6606262 ], [ 51.4038481, 55.6583351 ], [ 51.402677, 55.6567234 ], [ 51.4001155, 55.6537333 ], [ 51.39898, 55.6526454 ], [ 51.3976923, 55.6517339 ], [ 51.3963479, 55.6510203 ], [ 51.3944533, 55.6502705 ], [ 51.3918905, 55.6496178 ], [ 51.389738, 55.6492022 ], [ 51.3877692, 55.6489487 ], [ 51.3865553, 55.6488807 ], [ 51.3854223, 55.6488728 ], [ 51.3840575, 55.6489343 ], [ 51.3824746, 55.649116 ], [ 51.3803315, 55.6494625 ], [ 51.3757078, 55.6502404 ], [ 51.3682159, 55.6514897 ], [ 51.3616338, 55.6526618 ], [ 51.3573329, 55.6534279 ], [ 51.3527243, 55.6542283 ], [ 51.3468346, 55.6555663 ], [ 51.3428197, 55.6564121 ], [ 51.3376856, 55.6571072 ], [ 51.3320666, 55.6577284 ], [ 51.3259506, 55.6587468 ], [ 51.316666, 55.6601689 ], [ 51.3142982, 55.6605561 ], [ 51.3075961, 55.6612519 ], [ 51.3023031, 55.661481 ], [ 51.2960595, 55.6614452 ], [ 51.2920763, 55.6614224 ], [ 51.2884488, 55.6614462 ], [ 51.286494, 55.6615401 ], [ 51.2823807, 55.6619202 ], [ 51.2785455, 55.6623452 ], [ 51.2731361, 55.6629749 ], [ 51.2702064, 55.6636199 ], [ 51.2671143, 55.6646552 ], [ 51.2646858, 55.6656626 ], [ 51.2552402, 55.6698352 ], [ 51.2521976, 55.6708504 ], [ 51.2491267, 55.671579 ], [ 51.24643, 55.6719532 ], [ 51.2437262, 55.6720925 ], [ 51.2387422, 55.6718975 ], [ 51.2214486, 55.6697841 ], [ 51.2139617, 55.6689974 ], [ 51.207549, 55.6685272 ], [ 51.2053962, 55.6681992 ], [ 51.1986397, 55.6666236 ], [ 51.1923172, 55.6653374 ], [ 51.184535, 55.6632415 ], [ 51.1730601, 55.6592674 ], [ 51.1706696, 55.6583011 ], [ 51.1630329, 55.6555583 ], [ 51.1596868, 55.6546267 ], [ 51.1574255, 55.654051 ], [ 51.1557072, 55.6537423 ], [ 51.1514949, 55.6531894 ], [ 51.1462224, 55.6526107 ], [ 51.1410356, 55.6520716 ], [ 51.1383533, 55.6519899 ], [ 51.129089, 55.6532369 ], [ 51.1227912, 55.6535668 ], [ 51.1167723, 55.6532218 ], [ 51.0927462, 55.6496981 ], [ 51.0787883, 55.6465397 ], [ 51.0743666, 55.6450582 ], [ 51.0706208, 55.6442981 ], [ 51.0671237, 55.6441177 ], [ 51.0606873, 55.6444588 ], [ 51.0546492, 55.6449959 ], [ 51.0493952, 55.6449176 ], [ 51.046695, 55.6446669 ], [ 51.0447581, 55.6444891 ], [ 51.0421442, 55.6442969 ], [ 51.0385982, 55.6441616 ], [ 51.0087059, 55.644095 ], [ 51.0045707, 55.6440121 ], [ 51.0009058, 55.6437614 ], [ 50.9992516, 55.6436063 ], [ 50.9955974, 55.6431447 ], [ 50.9888227, 55.6420447 ], [ 50.984877, 55.6417206 ], [ 50.9816474, 55.6412064 ], [ 50.9770536, 55.6401416 ], [ 50.9733745, 55.6393111 ], [ 50.9699442, 55.6389128 ], [ 50.9641001, 55.6382037 ], [ 50.9573312, 55.636646 ], [ 50.9517167, 55.6360331 ], [ 50.9455183, 55.6358408 ], [ 50.9356318, 55.6363017 ], [ 50.928945, 55.6367755 ], [ 50.9247959, 55.6372865 ], [ 50.9201798, 55.6376816 ], [ 50.9152767, 55.6380177 ], [ 50.9121305, 55.6383765 ], [ 50.9094213, 55.6388053 ], [ 50.9058322, 55.6395986 ], [ 50.9029866, 55.6403723 ], [ 50.8985388, 55.6417505 ], [ 50.8949912, 55.6427544 ], [ 50.8908733, 55.6436928 ], [ 50.8879445, 55.6442075 ], [ 50.8837109, 55.6449271 ], [ 50.8798963, 55.6455441 ], [ 50.8756222, 55.6458736 ], [ 50.8459011, 55.6475069 ], [ 50.8340707, 55.6479451 ], [ 50.8288121, 55.6481374 ], [ 50.8242325, 55.6485788 ], [ 50.8206634, 55.6492087 ], [ 50.8141899, 55.6507513 ], [ 50.8095588, 55.6527318 ], [ 50.803143, 55.6560813 ], [ 50.7983082, 55.6589204 ], [ 50.7922196, 55.6623368 ], [ 50.7876197, 55.6647811 ], [ 50.7831416, 55.6671389 ], [ 50.7770544, 55.6702942 ], [ 50.7743669, 55.6714982 ], [ 50.7721832, 55.6723745 ], [ 50.7687557, 55.6737247 ], [ 50.7646626, 55.6750284 ], [ 50.7608019, 55.6760019 ], [ 50.7570763, 55.6767333 ], [ 50.7526141, 55.6773818 ], [ 50.7485709, 55.6777263 ], [ 50.7405935, 55.678029 ], [ 50.699445, 55.6794411 ], [ 50.6902839, 55.6790913 ], [ 50.6877826, 55.6788518 ], [ 50.6839099, 55.6783784 ], [ 50.6793498, 55.6776846 ], [ 50.6759694, 55.6771017 ], [ 50.6648948, 55.675403 ], [ 50.6574597, 55.6749729 ], [ 50.6502745, 55.6751578 ], [ 50.6415855, 55.6761436 ], [ 50.6163944, 55.6792685 ], [ 50.6101644, 55.6807206 ], [ 50.6028365, 55.6833162 ], [ 50.5969733, 55.6852736 ], [ 50.5936575, 55.6860907 ], [ 50.5884621, 55.6868609 ], [ 50.5794904, 55.6880599 ], [ 50.5711345, 55.688717 ], [ 50.5679652, 55.6887085 ], [ 50.5662561, 55.688682 ], [ 50.5581366, 55.6877734 ], [ 50.546288, 55.6857407 ], [ 50.5406353, 55.6854695 ], [ 50.5329937, 55.6855774 ], [ 50.5290945, 55.6856611 ], [ 50.5264861, 55.6857004 ], [ 50.492436, 55.6861842 ], [ 50.4870373, 55.6863292 ], [ 50.4826056, 55.6863921 ], [ 50.4506777, 55.686948 ], [ 50.4373438, 55.6877779 ], [ 50.433559, 55.688104 ], [ 50.3593229, 55.695055 ], [ 50.3448293, 55.6964626 ], [ 50.3373651, 55.6975911 ], [ 50.3345661, 55.6978306 ], [ 50.3289369, 55.6978742 ], [ 50.3187313, 55.6972866 ], [ 50.309645, 55.6963724 ], [ 50.2979022, 55.6951517 ], [ 50.2925137, 55.6949139 ], [ 50.2896287, 55.6947181 ], [ 50.2877896, 55.6945128 ], [ 50.2823972, 55.6935731 ], [ 50.2759713, 55.6928028 ], [ 50.2680141, 55.6915047 ], [ 50.2611706, 55.6896864 ], [ 50.2530961, 55.6878573 ], [ 50.2510808, 55.6872634 ], [ 50.2453544, 55.6851349 ], [ 50.2345584, 55.6820832 ], [ 50.2298195, 55.681044 ], [ 50.2269405, 55.6802835 ], [ 50.2241039, 55.6793339 ], [ 50.2202505, 55.6780676 ], [ 50.2169688, 55.6772184 ], [ 50.2152696, 55.6768499 ], [ 50.2105156, 55.6761228 ], [ 50.1977821, 55.6750279 ], [ 50.188814, 55.6743528 ], [ 50.1827737, 55.6741866 ], [ 50.1779041, 55.6737368 ], [ 50.1668626, 55.6724632 ], [ 50.157194, 55.6714776 ], [ 50.1528664, 55.6706448 ], [ 50.1297537, 55.6649325 ], [ 50.1215472, 55.662961 ], [ 50.1158049, 55.6617974 ], [ 50.1083665, 55.6598188 ], [ 50.0998713, 55.6576078 ], [ 50.090795, 55.6551901 ], [ 50.084077, 55.6536772 ], [ 50.0586708, 55.6503565 ], [ 50.0268522, 55.646438 ], [ 50.0208743, 55.6460055 ], [ 50.0168091, 55.6455212 ], [ 50.0079947, 55.6447883 ], [ 50.0060455, 55.6447594 ], [ 50.0024292, 55.644783 ], [ 49.9964488, 55.6451439 ], [ 49.9869377, 55.6467173 ], [ 49.977958, 55.6491952 ], [ 49.9766416, 55.6495637 ], [ 49.9755035, 55.6498822 ], [ 49.9718276, 55.6510388 ], [ 49.9700713, 55.651615 ], [ 49.9661968, 55.6529382 ], [ 49.9620313, 55.6541787 ], [ 49.9562687, 55.6555409 ], [ 49.9422994, 55.6595931 ], [ 49.9341595, 55.661423 ], [ 49.9269497, 55.6619314 ], [ 49.9126336, 55.6609163 ], [ 49.9067977, 55.6605555 ], [ 49.9032583, 55.6605671 ], [ 49.9012252, 55.6607012 ], [ 49.894204260318588, 55.661692880650158 ] ], [ [ 52.3899194, 55.7082788 ], [ 52.3899285, 55.7079577 ], [ 52.3899207, 55.7078541 ], [ 52.3898953, 55.7077416 ], [ 52.3898405, 55.7076314 ], [ 52.3897493, 55.7075157 ], [ 52.3896155, 55.7074032 ], [ 52.3894423, 55.7072503 ], [ 52.3850573, 55.7048649 ], [ 52.3841003, 55.7043443 ], [ 52.3835088, 55.7040207 ], [ 52.3828765, 55.7036833 ], [ 52.3827791, 55.7036305 ], [ 52.3814172, 55.7028926 ], [ 52.3811826, 55.702765 ], [ 52.3805955, 55.7024457 ], [ 52.38024, 55.7022523 ], [ 52.3798831, 55.7020582 ], [ 52.3795022, 55.701851 ], [ 52.3776809, 55.7008472 ], [ 52.3765779, 55.7002573 ], [ 52.3755684, 55.6997216 ], [ 52.3711595, 55.6973078 ], [ 52.3704994, 55.6969446 ], [ 52.3703255, 55.6968498 ], [ 52.3701397, 55.6967485 ], [ 52.3696263, 55.6964707 ], [ 52.3695911, 55.6964514 ], [ 52.3689189, 55.6960832 ], [ 52.3680228, 55.6955948 ], [ 52.366818, 55.6949381 ], [ 52.3667102, 55.6948794 ], [ 52.3663482, 55.6946821 ], [ 52.3649006, 55.6938931 ], [ 52.3632775, 55.6930244 ], [ 52.3631318, 55.6929463 ], [ 52.3625277, 55.692623 ], [ 52.3614182, 55.6920123 ], [ 52.360352, 55.6914323 ], [ 52.3580678, 55.6901984 ], [ 52.356854, 55.6895223 ], [ 52.3535944, 55.6877366 ], [ 52.3533077, 55.6875815 ], [ 52.3507361, 55.6861908 ], [ 52.3496647, 55.6855878 ], [ 52.348005, 55.6846849 ], [ 52.3478027, 55.6845748 ], [ 52.3475869, 55.6844574 ], [ 52.3434011, 55.6821801 ], [ 52.3429733, 55.6819473 ], [ 52.3423104, 55.6815865 ], [ 52.3418878, 55.6813478 ], [ 52.3412161, 55.6809816 ], [ 52.3395194, 55.6800567 ], [ 52.3388226, 55.679674 ], [ 52.3354407, 55.6778444 ], [ 52.3347449, 55.6774618 ], [ 52.3340767, 55.6770944 ], [ 52.3332564, 55.6766468 ], [ 52.332706, 55.6763438 ], [ 52.3318608, 55.6758934 ], [ 52.3318019, 55.6758611 ], [ 52.3313495, 55.6756134 ], [ 52.3309888, 55.6754159 ], [ 52.3302145, 55.6749919 ], [ 52.3299028, 55.6748212 ], [ 52.3283729, 55.6739941 ], [ 52.3274605, 55.6734976 ], [ 52.3263772, 55.6729023 ], [ 52.325097, 55.6721891 ], [ 52.3249578, 55.6721136 ], [ 52.3245596, 55.6718978 ], [ 52.3238746, 55.6715264 ], [ 52.3228418, 55.6709665 ], [ 52.3219192, 55.6704627 ], [ 52.3214625, 55.6702313 ], [ 52.3196134, 55.6692035 ], [ 52.3190571, 55.6689195 ], [ 52.3186636, 55.6687364 ], [ 52.3181715, 55.6685424 ], [ 52.317706, 55.668382 ], [ 52.3170277, 55.668189 ], [ 52.3158797, 55.6678983 ], [ 52.3143282, 55.667522 ], [ 52.3122917, 55.6670224 ], [ 52.3115734, 55.6668595 ], [ 52.3110866, 55.6667597 ], [ 52.3105361, 55.6666717 ], [ 52.3098476, 55.6665846 ], [ 52.3093131, 55.6665287 ], [ 52.3086756, 55.6664971 ], [ 52.3080137, 55.6664882 ], [ 52.3073593, 55.6665065 ], [ 52.3068413, 55.6665371 ], [ 52.3063093, 55.6665899 ], [ 52.3057382, 55.6666718 ], [ 52.3052039, 55.6667536 ], [ 52.304585, 55.6668868 ], [ 52.3040228, 55.6670372 ], [ 52.3035117, 55.6671896 ], [ 52.3029093, 55.6674056 ], [ 52.3024334, 55.6675981 ], [ 52.3019019, 55.6678351 ], [ 52.3013526, 55.668126 ], [ 52.3011306, 55.6682436 ], [ 52.3001885, 55.6687436 ], [ 52.2994527, 55.6691259 ], [ 52.299137, 55.6692873 ], [ 52.2988381, 55.6694401 ], [ 52.2982496, 55.6697561 ], [ 52.2975934, 55.6701056 ], [ 52.2969694, 55.670425 ], [ 52.2964585, 55.6706906 ], [ 52.2957867, 55.6710392 ], [ 52.2952461, 55.6713286 ], [ 52.2941095, 55.6719139 ], [ 52.2935444, 55.672216 ], [ 52.2931266, 55.6724453 ], [ 52.2923253, 55.6728517 ], [ 52.2913386, 55.6733729 ], [ 52.2904129, 55.6738757 ], [ 52.2889673, 55.6746255 ], [ 52.2886998, 55.6747641 ], [ 52.2876626, 55.6753074 ], [ 52.2834243, 55.6775381 ], [ 52.2830308, 55.6777581 ], [ 52.2828177, 55.6778699 ], [ 52.2824206, 55.6781131 ], [ 52.2821499, 55.6783154 ], [ 52.2819538, 55.6785009 ], [ 52.2816878, 55.6787405 ], [ 52.2813401, 55.6791134 ], [ 52.2811577, 55.6793213 ], [ 52.2808301, 55.6796764 ], [ 52.2804329, 55.6800664 ], [ 52.2796389, 55.6809179 ], [ 52.2794523, 55.6811412 ], [ 52.2793194, 55.6813201 ], [ 52.2792554, 55.6814299 ], [ 52.2792143, 55.6815183 ], [ 52.2792053, 55.6816399 ], [ 52.2792278, 55.6817507 ], [ 52.2792646, 55.6818609 ], [ 52.2793593, 55.6820257 ], [ 52.2795198, 55.6822215 ], [ 52.2796656, 55.6823558 ], [ 52.2801739, 55.682781 ], [ 52.2803232, 55.6829486 ], [ 52.2804542, 55.6831168 ], [ 52.2805307, 55.6832553 ], [ 52.280557, 55.6834239 ], [ 52.2805982, 55.6837678 ], [ 52.2806407, 55.6839256 ], [ 52.2820364, 55.6860516 ], [ 52.2822349, 55.6863684 ], [ 52.2824755, 55.6867522 ], [ 52.282621, 55.6870081 ], [ 52.2827352, 55.6872392 ], [ 52.2828442, 55.6875677 ], [ 52.2829714, 55.687951 ], [ 52.2831054, 55.6882861 ], [ 52.2831564, 55.6885576 ], [ 52.2831962, 55.6890391 ], [ 52.2831864, 55.6895013 ], [ 52.283126, 55.6901069 ], [ 52.2830601, 55.6904731 ], [ 52.2829937, 55.6907419 ], [ 52.2828006, 55.691287 ], [ 52.2826233, 55.6916673 ], [ 52.2824358, 55.6920336 ], [ 52.2820453, 55.6926835 ], [ 52.2817325, 55.6931592 ], [ 52.2817188, 55.69318 ], [ 52.2816605, 55.6932687 ], [ 52.2816457, 55.6932912 ], [ 52.2803488, 55.6953357 ], [ 52.2801324, 55.6957128 ], [ 52.2799122, 55.69619 ], [ 52.2790264, 55.6981917 ], [ 52.2766715, 55.7037219 ], [ 52.2766227, 55.7038331 ], [ 52.2745468, 55.7085699 ], [ 52.2742167, 55.7091946 ], [ 52.2738328, 55.7097567 ], [ 52.2733375, 55.7103751 ], [ 52.272945, 55.7107879 ], [ 52.2668728, 55.7162621 ], [ 52.2654927, 55.7175062 ], [ 52.2630772, 55.7197155 ], [ 52.2624209, 55.7203199 ], [ 52.2596309, 55.7228758 ], [ 52.2593188, 55.7231445 ], [ 52.2592357, 55.7232471 ], [ 52.2590937, 55.7234225 ], [ 52.2579391, 55.7252701 ], [ 52.2576257, 55.7257353 ], [ 52.2563528, 55.7279917 ], [ 52.251685, 55.7358131 ], [ 52.2433304, 55.7497726 ], [ 52.2423945, 55.7513305 ], [ 52.2418478, 55.7522018 ], [ 52.2415438, 55.7526201 ], [ 52.240846, 55.7534883 ], [ 52.2405997, 55.7537712 ], [ 52.2399199, 55.7544443 ], [ 52.2392017, 55.7550366 ], [ 52.2387293, 55.7553781 ], [ 52.2364982, 55.7568619 ], [ 52.2352873, 55.7576407 ], [ 52.2342865, 55.7582932 ], [ 52.2318496, 55.7597283 ], [ 52.2234741, 55.764686 ], [ 52.222473, 55.7653036 ], [ 52.2218414, 55.7656768 ], [ 52.2216729, 55.7657763 ], [ 52.2209129, 55.7662252 ], [ 52.2199932, 55.7667731 ], [ 52.2194335, 55.767099 ], [ 52.2190207, 55.7673201 ], [ 52.2170136, 55.7685211 ], [ 52.216058, 55.7691049 ], [ 52.212126, 55.7714526 ], [ 52.2069635, 55.7745054 ], [ 52.2061369, 55.774997 ], [ 52.2022765, 55.7772852 ], [ 52.2019867, 55.7774584 ], [ 52.2011296, 55.7779523 ], [ 52.2003423, 55.7784216 ], [ 52.2001363, 55.7785501 ], [ 52.1988056, 55.7792792 ], [ 52.1985367, 55.779418 ], [ 52.1978599, 55.7797441 ], [ 52.1971376, 55.780041 ], [ 52.1963622, 55.7803117 ], [ 52.1956362, 55.7805496 ], [ 52.1949336, 55.7807376 ], [ 52.1938991, 55.7809951 ], [ 52.1933132, 55.7811177 ], [ 52.1927139, 55.7812239 ], [ 52.1916148, 55.7813896 ], [ 52.1909577, 55.7814483 ], [ 52.1901167, 55.7815081 ], [ 52.1888901, 55.781581 ], [ 52.1880798, 55.7816079 ], [ 52.1872615, 55.7816241 ], [ 52.1864215, 55.7816146 ], [ 52.1852976, 55.7815845 ], [ 52.1835634, 55.7815039 ], [ 52.1825868, 55.7814926 ], [ 52.1817208, 55.7815182 ], [ 52.1808792, 55.7815596 ], [ 52.1800413, 55.7816249 ], [ 52.1791905, 55.7817107 ], [ 52.1782228, 55.7818664 ], [ 52.1773825, 55.7820588 ], [ 52.1763812, 55.7823085 ], [ 52.1762231, 55.7823499 ], [ 52.1746222, 55.7827689 ], [ 52.1735898, 55.783142 ], [ 52.1728714, 55.783465 ], [ 52.1719809, 55.7839862 ], [ 52.1617008, 55.7905659 ], [ 52.1527744, 55.7962234 ], [ 52.1467935, 55.8000135 ], [ 52.1427475, 55.8025703 ], [ 52.1423498, 55.8028217 ], [ 52.1404924, 55.8039903 ], [ 52.136548, 55.8064357 ], [ 52.1339453, 55.8080549 ], [ 52.1291827, 55.8111494 ], [ 52.1266098, 55.8122879 ], [ 52.1236337, 55.81307 ], [ 52.1203402, 55.8134055 ], [ 52.1159086, 55.8134707 ], [ 52.1120388, 55.813501 ], [ 52.1034926, 55.8135493 ], [ 52.0739418, 55.8138279 ], [ 52.0553389, 55.8139787 ], [ 52.0436179, 55.8140834 ], [ 52.0405371, 55.8141093 ], [ 52.0114333, 55.8143619 ], [ 52.0037422, 55.814387 ], [ 51.9998655, 55.8144181 ], [ 51.9979687, 55.8144407 ], [ 51.9914475, 55.8145042 ], [ 51.987327, 55.8145414 ], [ 51.9850981, 55.8144918 ], [ 51.984101, 55.8144309 ], [ 51.9831597, 55.814347 ], [ 51.9826613, 55.8142851 ], [ 51.981644, 55.8141234 ], [ 51.9798302, 55.8137473 ], [ 51.973551, 55.8122549 ], [ 51.9620061, 55.8094843 ], [ 51.9598428, 55.8088529 ], [ 51.9575101, 55.8078888 ], [ 51.9433251, 55.7994669 ], [ 51.9408458, 55.7982883 ], [ 51.9391996, 55.7977941 ], [ 51.9364078, 55.7973464 ], [ 51.9320407, 55.7973398 ], [ 51.9228146, 55.797735 ], [ 51.9181071, 55.797744 ], [ 51.9142603, 55.7975521 ], [ 51.9092719, 55.797038 ], [ 51.9052296, 55.7963852 ], [ 51.8783786, 55.7913408 ], [ 51.8760849, 55.7911333 ], [ 51.8735493, 55.7908539 ], [ 51.8720583, 55.7905478 ], [ 51.8694238, 55.7897623 ], [ 51.8673953, 55.7892052 ], [ 51.8650055, 55.7887286 ], [ 51.8604368, 55.7878311 ], [ 51.8589878, 55.7874948 ], [ 51.8559113, 55.7867002 ], [ 51.8506545, 55.7852544 ], [ 51.8485334, 55.7845411 ], [ 51.8470914, 55.7840062 ], [ 51.8441261, 55.7826456 ], [ 51.8413458, 55.7810391 ], [ 51.8388746, 55.7791498 ], [ 51.8371831, 55.7774654 ], [ 51.834459, 55.7745621 ], [ 51.8325031, 55.7726884 ], [ 51.8298339, 55.7702679 ], [ 51.8253643, 55.7667017 ], [ 51.8212277, 55.7641968 ], [ 51.8180925, 55.7620257 ], [ 51.8116236, 55.759469 ], [ 51.7837919, 55.7508208 ], [ 51.7747, 55.7481734 ], [ 51.7693301, 55.7471531 ], [ 51.7630674, 55.7457114 ], [ 51.7558389, 55.743621 ], [ 51.7509995, 55.742546 ], [ 51.7405879, 55.7401764 ], [ 51.7336325, 55.7381902 ], [ 51.7282232, 55.7360033 ], [ 51.7199977, 55.7325367 ], [ 51.7132678, 55.7292612 ], [ 51.70231, 55.7234577 ], [ 51.6903594, 55.7183116 ], [ 51.6863285, 55.7167254 ], [ 51.6790936, 55.7147068 ], [ 51.6738754, 55.7137261 ], [ 51.6683837, 55.7128228 ], [ 51.6643679, 55.7122427 ], [ 51.6595282, 55.7118542 ], [ 51.6538665, 55.7117229 ], [ 51.6465581, 55.7119466 ], [ 51.6409116, 55.7120676 ], [ 51.6328512, 55.7120348 ], [ 51.6254438, 55.7122654 ], [ 51.6200141, 55.7124893 ], [ 51.614314, 55.7126993 ], [ 51.6060153, 55.7129667 ], [ 51.6022065, 55.7129588 ] ], [ [ 51.609801858229623, 55.711484349178619 ], [ 51.6050041, 55.7127068 ] ], [ [ 51.6070962, 55.7120752 ], [ 51.5990444, 55.712709 ], [ 51.5955895, 55.7124953 ], [ 51.6006803, 55.711362 ], [ 51.602397, 55.7110054 ], [ 51.6087484, 55.7112653 ] ], [ [ 51.609395482494719, 55.7113998500799 ], [ 51.6118812, 55.7096575 ], [ 51.6138426, 55.7073753 ], [ 51.6152834, 55.7038311 ], [ 51.6196489, 55.6977602 ], [ 51.6348838, 55.6875527 ], [ 51.6395945, 55.6827957 ], [ 51.643247231568168, 55.679373855420977 ] ], [ [ 51.609801858229623, 55.711484349178619 ], [ 51.6153788, 55.7123412 ], [ 51.6204928, 55.7123437 ], [ 51.6253852, 55.7121447 ], [ 51.6327919, 55.7118724 ], [ 51.6451365, 55.7114175 ], [ 51.6503194, 55.7112855 ], [ 51.6590661, 55.7115769 ], [ 51.6644865, 55.7121046 ], [ 51.66932, 55.7128092 ], [ 51.6738644, 55.7135858 ], [ 51.6795883, 55.7146918 ], [ 51.6858837, 55.7164201 ], [ 51.6899673, 55.7179017 ], [ 51.6932688, 55.7192818 ], [ 51.6987437, 55.7216 ], [ 51.7016873, 55.7229307 ], [ 51.7066559, 55.7253111 ], [ 51.7105494, 55.7272425 ], [ 51.7175326, 55.7306311 ], [ 51.7234746, 55.7335231 ], [ 51.7264198, 55.7349655 ], [ 51.7308853, 55.7369847 ], [ 51.7364433, 55.7389221 ], [ 51.7399296, 55.7398691 ], [ 51.7438482, 55.7407928 ], [ 51.7501022, 55.7421993 ], [ 51.758886, 55.7442435 ], [ 51.7734227, 55.7475596 ], [ 51.7874822, 55.7518082 ], [ 51.8104403, 55.7589476 ], [ 51.8139222, 55.7601354 ], [ 51.8188922, 55.7622578 ], [ 51.822757, 55.7644412 ], [ 51.8242381, 55.7654243 ], [ 51.8270916, 55.7675521 ], [ 51.8301226, 55.7702956 ], [ 51.8325484, 55.7724932 ], [ 51.834282, 55.7740688 ], [ 51.8370942, 55.7766517 ], [ 51.8407359, 55.7795304 ], [ 51.8449468, 55.782145 ], [ 51.8486684, 55.7839365 ], [ 51.8511702, 55.7849593 ], [ 51.8551498, 55.7862996 ], [ 51.8582471, 55.7871729 ], [ 51.8604207, 55.7876753 ], [ 51.868141, 55.7892214 ], [ 51.8732551, 55.7901848 ], [ 51.9056023, 55.7963262 ], [ 51.9104044, 55.7970503 ], [ 51.9153001, 55.7975015 ], [ 51.9188187, 55.7976395 ], [ 51.9230172, 55.7976139 ], [ 51.929231, 55.7973171 ], [ 51.9337763, 55.7971001 ], [ 51.9370142, 55.7972499 ], [ 51.9393414, 55.7976821 ], [ 51.9410024, 55.7981561 ], [ 51.942691, 55.7988741 ], [ 51.9568842, 55.8072822 ], [ 51.9587997, 55.8082801 ], [ 51.962919, 55.8095322 ], [ 51.9654849, 55.8100647 ], [ 51.9708249, 55.8109832 ], [ 51.9750033, 55.8122925 ], [ 51.9789118, 55.813331 ], [ 51.9811486, 55.8137966 ], [ 51.9827507, 55.8140744 ], [ 51.9843858, 55.814235 ], [ 51.986236, 55.814333 ], [ 51.9902195, 55.8143374 ], [ 51.9932299, 55.8143026 ], [ 51.9960605, 55.8143015 ], [ 51.9987529, 55.8142914 ], [ 52.0012455, 55.8142754 ], [ 52.0041654, 55.8142429 ], [ 52.0079173, 55.813963 ], [ 52.0111674, 55.8137819 ], [ 52.0136363, 55.8138115 ], [ 52.0181396, 55.8141103 ], [ 52.0482456, 55.8138666 ], [ 52.0685943, 55.8136885 ], [ 52.075288, 55.8136379 ], [ 52.0872856, 55.813524 ], [ 52.1140539, 55.81329 ], [ 52.1175454, 55.8132295 ], [ 52.1222072, 55.8130845 ] ], [ [ 51.643247231568168, 55.679373855420977 ], [ 51.6353994, 55.6876498 ], [ 51.6161208, 55.7028915 ], [ 51.6144515, 55.7068424 ], [ 51.6130721, 55.7090953 ], [ 51.609801858229623, 55.711484349178619 ] ], [ [ 51.64644398608236, 55.676379165857632 ], [ 51.6454944, 55.6770041 ], [ 51.643247231568168, 55.679373855420977 ] ], [ [ 51.643247231568168, 55.679373855420977 ], [ 51.64644398608236, 55.676379165857632 ] ], [ [ 51.64644398608236, 55.676379165857632 ], [ 51.647973, 55.6749468 ], [ 51.668108707743762, 55.660497651240327 ] ], [ [ 51.668108707743762, 55.660497651240327 ], [ 51.6607573, 55.6669594 ], [ 51.64644398608236, 55.676379165857632 ] ], [ [ 51.681647366376396, 55.64971403390598 ], [ 51.6787107, 55.6511787 ], [ 51.668108707743762, 55.660497651240327 ] ], [ [ 51.668108707743762, 55.660497651240327 ], [ 51.6681432, 55.6604729 ], [ 51.681647366376396, 55.64971403390598 ] ], [ [ 51.681647366376396, 55.64971403390598 ], [ 51.6833459, 55.6483608 ], [ 51.685660139676756, 55.647712658113583 ] ], [ [ 51.685660139676756, 55.647712658113583 ], [ 51.681647366376396, 55.64971403390598 ] ], [ [ 51.686930669344768, 55.64735682483321 ], [ 51.685878, 55.647604 ], [ 51.685660139676756, 55.647712658113583 ] ], [ [ 51.685660139676756, 55.647712658113583 ], [ 51.686930669344768, 55.64735682483321 ] ], [ [ 51.686930669344768, 55.64735682483321 ], [ 51.6918985, 55.6459655 ], [ 51.7062056, 55.6424908 ], [ 51.708657457521056, 55.64135068801486 ] ], [ [ 51.708657457521056, 55.64135068801486 ], [ 51.7071426, 55.6422336 ], [ 51.703012, 55.6435808 ], [ 51.686930669344768, 55.64735682483321 ] ], [ [ 51.709133168340941, 55.641073427098576 ], [ 51.708657457521056, 55.64135068801486 ] ], [ [ 51.708657457521056, 55.64135068801486 ], [ 51.7089884, 55.6411968 ], [ 51.709133168340941, 55.641073427098576 ] ], [ [ 51.709133168340941, 55.641073427098576 ], [ 51.7142235, 55.6367354 ], [ 51.715686627908632, 55.63590721725825 ] ], [ [ 51.715686627908632, 55.63590721725825 ], [ 51.7104202, 55.6403233 ], [ 51.709133168340941, 55.641073427098576 ] ], [ [ 51.720024692296839, 55.633451717614157 ], [ 51.717335, 55.634525 ], [ 51.715686627908632, 55.63590721725825 ] ], [ [ 51.715686627908632, 55.63590721725825 ], [ 51.720024692296839, 55.633451717614157 ] ], [ [ 51.720024692296839, 55.633451717614157 ], [ 51.7219269, 55.632375 ], [ 51.731209642994791, 55.628678483853705 ] ], [ [ 51.731209642994791, 55.628678483853705 ], [ 51.7274737, 55.6304793 ], [ 51.720024692296839, 55.633451717614157 ] ], [ [ 51.732704935120324, 55.627957716377644 ], [ 51.731209642994791, 55.628678483853705 ] ], [ [ 51.731209642994791, 55.628678483853705 ], [ 51.7324519, 55.6281838 ], [ 51.732704935120324, 55.627957716377644 ] ], [ [ 51.732704935120324, 55.627957716377644 ], [ 51.735974394601328, 55.62503649642332 ] ], [ [ 51.735974394601328, 55.62503649642332 ], [ 51.7339325, 55.627366 ], [ 51.732704935120324, 55.627957716377644 ] ], [ [ 51.735852702001914, 55.594856235969438 ], [ 51.735727, 55.5945626 ], [ 51.735493436482905, 55.594286683468013 ] ], [ [ 51.735493436482905, 55.594286683468013 ], [ 51.735852702001914, 55.594856235969438 ] ], [ [ 51.735493436482905, 55.594286683468013 ], [ 51.7326851, 55.5909691 ], [ 51.7312108, 55.5870391 ], [ 51.7312526, 55.5858395 ], [ 51.7321944, 55.5834933 ], [ 51.7331214, 55.5819493 ], [ 51.7459487, 55.5633497 ], [ 51.7524612, 55.5536897 ], [ 51.75347818555727, 55.552839188491447 ] ], [ [ 51.75347818555727, 55.552839188491447 ], [ 51.7485452, 55.5604374 ], [ 51.734646, 55.579879 ], [ 51.7326243, 55.5831185 ], [ 51.7323714, 55.5835237 ], [ 51.7316266, 55.585369 ], [ 51.7316261, 55.5857237 ], [ 51.7316248, 55.5866541 ], [ 51.7325965, 55.5895033 ], [ 51.7346938, 55.593019 ], [ 51.735493436482905, 55.594286683468013 ] ], [ [ 51.735852702001914, 55.594856235969438 ], [ 51.7372423, 55.5970592 ], [ 51.7376554, 55.6056813 ], [ 51.7379987, 55.6181762 ], [ 51.7380416, 55.6194909 ], [ 51.737889795037184, 55.620689162182124 ] ], [ [ 51.737889795037184, 55.620689162182124 ], [ 51.7377654, 55.6183786 ], [ 51.7374944, 55.607463 ], [ 51.7371941, 55.5979897 ], [ 51.735852702001914, 55.594856235969438 ] ], [ [ 51.736851278091322, 55.624036100406336 ], [ 51.735974394601328, 55.62503649642332 ] ], [ [ 51.735974394601328, 55.62503649642332 ], [ 51.7367434, 55.6243494 ], [ 51.736851278091322, 55.624036100406336 ] ], [ [ 51.736851278091322, 55.624036100406336 ], [ 51.737823476828623, 55.621212640465259 ] ], [ [ 51.737823476828623, 55.621212640465259 ], [ 51.7375696, 55.6232166 ], [ 51.736851278091322, 55.624036100406336 ] ], [ [ 51.737889795037184, 55.620689162182124 ], [ 51.737823476828623, 55.621212640465259 ] ], [ [ 51.737823476828623, 55.621212640465259 ], [ 51.7379052, 55.6209753 ], [ 51.737889795037184, 55.620689162182124 ] ], [ [ 51.754548400739061, 55.551944160708381 ], [ 51.7538559, 55.5522574 ], [ 51.75347818555727, 55.552839188491447 ] ], [ [ 51.75347818555727, 55.552839188491447 ], [ 51.754548400739061, 55.551944160708381 ] ], [ [ 51.754548400739061, 55.551944160708381 ], [ 51.7571926, 55.5497328 ], [ 51.7659151, 55.5454051 ], [ 51.770762205463861, 55.542444664029077 ] ], [ [ 51.770762205463861, 55.542444664029077 ], [ 51.7676109, 55.5458584 ], [ 51.7648315, 55.5472928 ], [ 51.754548400739061, 55.551944160708381 ] ], [ [ 51.771395386809374, 55.541758753392969 ], [ 51.770762205463861, 55.542444664029077 ] ], [ [ 51.770762205463861, 55.542444664029077 ], [ 51.7709041, 55.542358 ], [ 51.771395386809374, 55.541758753392969 ] ], [ [ 51.771395386809374, 55.541758753392969 ], [ 51.7753428, 55.5369439 ], [ 51.7789185, 55.5334639 ], [ 51.780048267429947, 55.532653560270646 ] ], [ [ 51.780048267429947, 55.532653560270646 ], [ 51.7765914, 55.5357491 ], [ 51.7733556, 55.5396353 ], [ 51.771395386809374, 55.541758753392969 ] ], [ [ 51.780756800865753, 55.532145355858482 ], [ 51.7802757, 55.5324499 ], [ 51.780048267429947, 55.532653560270646 ] ], [ [ 51.780048267429947, 55.532653560270646 ], [ 51.780756800865753, 55.532145355858482 ] ], [ [ 51.780756800865753, 55.532145355858482 ], [ 51.7834729, 55.5301972 ], [ 51.785205957372462, 55.529328972340423 ] ], [ [ 51.785205957372462, 55.529328972340423 ], [ 51.780756800865753, 55.532145355858482 ] ], [ [ 51.786645631222356, 55.528607724055668 ], [ 51.7856187, 55.5290677 ], [ 51.785205957372462, 55.529328972340423 ] ], [ [ 51.785205957372462, 55.529328972340423 ], [ 51.786645631222356, 55.528607724055668 ] ], [ [ 51.786645631222356, 55.528607724055668 ], [ 51.7901033, 55.5268755 ] ], [ [ 51.7914551, 55.5264535 ], [ 51.786645631222356, 55.528607724055668 ] ], [ [ 51.7918467, 55.5261681 ], [ 51.7974686, 55.5241336 ], [ 51.7996075, 55.5235469 ], [ 51.8032139, 55.5228825 ], [ 51.8115927, 55.5219338 ], [ 51.8164283, 55.5217105 ], [ 51.8321443, 55.5213523 ], [ 51.8576956, 55.5207548 ], [ 51.8770233, 55.5202591 ], [ 51.8878591, 55.5198154 ], [ 51.8939209, 55.5198488 ], [ 51.9036198, 55.5196089 ], [ 51.9282745, 55.5181684 ], [ 51.9382954, 55.5179658 ], [ 51.9515347, 55.5184092 ], [ 51.9900524, 55.5210477 ], [ 52.006783877239471, 55.521266789013538 ] ], [ [ 52.006783877239471, 55.521266789013538 ], [ 51.9942677, 55.5214036 ], [ 51.9808888, 55.520526 ], [ 51.9418091, 55.5181268 ], [ 51.9322443, 55.5181602 ], [ 51.9090807, 55.5194357 ], [ 51.8968821, 55.5199611 ], [ 51.8888385, 55.520366 ], [ 51.8800324, 55.5203407 ], [ 51.8670773, 55.5206262 ], [ 51.8364469, 55.5213561 ], [ 51.8222791, 55.5216739 ], [ 51.8133742, 55.5219229 ], [ 51.806792, 55.5225576 ], [ 51.8039381, 55.5230951 ], [ 51.8000761, 55.5240714 ], [ 51.7957467, 55.5250203 ], [ 51.7933649, 55.5257338 ] ], [ [ 52.006783877239471, 55.521266789013538 ], [ 52.008419, 55.5212882 ], [ 52.009301716529883, 55.52123926718555 ] ], [ [ 52.009301716529883, 55.52123926718555 ], [ 52.006783877239471, 55.521266789013538 ] ], [ [ 52.009301716529883, 55.52123926718555 ], [ 52.0218944, 55.5205412 ], [ 52.0277846, 55.5199581 ], [ 52.0343755, 55.5197772 ], [ 52.0435141, 55.5192791 ], [ 52.0611459, 55.5182361 ], [ 52.0736751, 55.5174473 ], [ 52.0872005, 55.5170337 ], [ 52.0983481, 55.5171975 ], [ 52.115205, 55.5182247 ], [ 52.1205823, 55.5188097 ], [ 52.1272999, 55.5196392 ], [ 52.1630913, 55.5263199 ], [ 52.2147882, 55.5365421 ], [ 52.2243047, 55.5379931 ], [ 52.2356558, 55.5393166 ], [ 52.2494841, 55.5405972 ], [ 52.2554337, 55.5409249 ], [ 52.2602157, 55.5415537 ], [ 52.2936503, 55.544991 ], [ 52.3403181, 55.5490711 ], [ 52.3567326, 55.5507722 ], [ 52.362711207949005, 55.551564727117842 ] ], [ [ 52.362711207949005, 55.551564727117842 ], [ 52.3487153, 55.5503009 ], [ 52.3434383, 55.549611 ], [ 52.3141966, 55.5470497 ], [ 52.256703, 55.5418116 ], [ 52.2439049, 55.5402027 ], [ 52.2248411, 55.5382785 ], [ 52.2219014, 55.5378232 ], [ 52.20819, 55.535504 ], [ 52.1630806, 55.5264808 ], [ 52.1273214, 55.5198093 ], [ 52.1190781, 55.5187897 ], [ 52.1107336, 55.5179733 ], [ 52.0956713, 55.5172218 ], [ 52.0832419, 55.5172248 ], [ 52.0664835, 55.5180205 ], [ 52.0600274, 55.5184108 ], [ 52.0424509, 55.5194327 ], [ 52.0306706, 55.5203407 ], [ 52.0256817, 55.5206627 ], [ 52.0137083, 55.5211911 ], [ 52.009301716529883, 55.52123926718555 ] ], [ [ 52.1215633, 55.8131503 ], [ 52.1222072, 55.8130845 ] ], [ [ 52.1222072, 55.8130845 ], [ 52.1254201, 55.8124709 ] ], [ [ 52.1222072, 55.8130845 ], [ 52.1234669, 55.8128875 ], [ 52.1242625, 55.8127389 ], [ 52.1254201, 55.8124709 ] ], [ [ 52.1254201, 55.8124709 ], [ 52.1279852, 55.8115158 ] ], [ [ 52.1254201, 55.8124709 ], [ 52.1264354, 55.8121352 ], [ 52.1272521, 55.811831 ], [ 52.1279852, 55.8115158 ] ], [ [ 52.1279852, 55.8115158 ], [ 52.1299298, 55.8104019 ] ], [ [ 52.1279852, 55.8115158 ], [ 52.1288994, 55.8110412 ], [ 52.1295716, 55.8106216 ], [ 52.1299298, 55.8104019 ] ], [ [ 52.1299298, 55.8104019 ], [ 52.1314429, 55.8094345 ], [ 52.133727, 55.80796 ], [ 52.1346004, 55.8074241 ] ], [ [ 52.1299298, 55.8104019 ], [ 52.1346004, 55.8074241 ] ], [ [ 52.1346004, 55.8074241 ], [ 52.1352527, 55.8070063 ], [ 52.1358984, 55.806602 ], [ 52.1364543, 55.8062617 ] ], [ [ 52.1346004, 55.8074241 ], [ 52.1364543, 55.8062617 ] ], [ [ 52.1364543, 55.8062617 ], [ 52.1384951, 55.8050042 ] ], [ [ 52.1364543, 55.8062617 ], [ 52.1370935, 55.8058831 ], [ 52.1376811, 55.8055185 ], [ 52.1384951, 55.8050042 ] ], [ [ 52.1384951, 55.8050042 ], [ 52.1395085, 55.8043451 ], [ 52.1402302, 55.8038852 ], [ 52.1490261, 55.7982769 ], [ 52.1499775, 55.7976736 ], [ 52.1607469, 55.7908846 ], [ 52.1717978, 55.7838822 ], [ 52.1723607, 55.7835645 ], [ 52.172902, 55.7832995 ], [ 52.1735132, 55.7830338 ], [ 52.1741859, 55.782799 ], [ 52.1751264, 55.782502 ], [ 52.1761954, 55.7822274 ], [ 52.1771019, 55.7819899 ], [ 52.1771842, 55.7819718 ], [ 52.178136, 55.7817619 ], [ 52.1791329, 55.7815641 ], [ 52.1800036, 55.7814584 ], [ 52.1808423, 55.7813873 ], [ 52.1817148, 55.7813453 ], [ 52.1825917, 55.7813203 ], [ 52.1836659, 55.7813303 ], [ 52.1853432, 55.7814081 ], [ 52.1864517, 55.7814283 ], [ 52.1886849, 55.7814098 ], [ 52.1894832, 55.7813531 ], [ 52.1901641, 55.781308 ], [ 52.1912937, 55.7812295 ], [ 52.1920438, 55.7811381 ], [ 52.1932756, 55.7809365 ], [ 52.1937884, 55.7808274 ], [ 52.1948397, 55.7805802 ], [ 52.1955192, 55.7803897 ], [ 52.1962273, 55.780167 ], [ 52.1969993, 55.7798863 ], [ 52.1976795, 55.7796027 ], [ 52.1984106, 55.7792641 ], [ 52.198977, 55.7789705 ], [ 52.1995594, 55.7786482 ], [ 52.2009983, 55.7777812 ], [ 52.2020218, 55.7771644 ], [ 52.2022101, 55.7770534 ], [ 52.2059124, 55.774871 ], [ 52.206293, 55.7746478 ], [ 52.2067403, 55.7743855 ], [ 52.2069864, 55.7742396 ], [ 52.2074512, 55.773964 ], [ 52.2119082, 55.7713216 ], [ 52.215832, 55.7689745 ], [ 52.2167548, 55.7684272 ], [ 52.2177601, 55.767809 ], [ 52.2191241, 55.7669734 ], [ 52.2197238, 55.7666215 ], [ 52.2198879, 55.76653 ], [ 52.220675, 55.7660912 ], [ 52.2215736, 55.7655283 ], [ 52.2222226, 55.7651665 ], [ 52.2316114, 55.759603 ], [ 52.2340867, 55.7581465 ], [ 52.2350148, 55.7575508 ], [ 52.2362717, 55.7567115 ], [ 52.236304, 55.7566899 ], [ 52.2367987, 55.7563238 ], [ 52.2373707, 55.755845 ], [ 52.2376475, 55.7555681 ], [ 52.2378457, 55.7553392 ], [ 52.2379883, 55.7551732 ], [ 52.2386647, 55.7542448 ], [ 52.239011, 55.7538176 ], [ 52.2392788, 55.7535555 ], [ 52.2396545, 55.7532463 ], [ 52.2402006, 55.7527876 ], [ 52.2408263, 55.7523 ], [ 52.2417876, 55.7515738 ], [ 52.2421088, 55.7512707 ], [ 52.2422956, 55.7510617 ], [ 52.2426926, 55.7505203 ], [ 52.2432106, 55.7497492 ], [ 52.2491535, 55.7398185 ], [ 52.251562, 55.7357931 ], [ 52.2561678, 55.7279639 ], [ 52.2563948, 55.7276251 ], [ 52.2574626, 55.7256991 ], [ 52.2577462, 55.7252627 ], [ 52.2587964, 55.7236178 ], [ 52.2591119, 55.7232144 ], [ 52.2592359, 55.7230559 ], [ 52.2592958, 55.7230055 ], [ 52.2600048, 55.7223975 ], [ 52.262278, 55.7202743 ], [ 52.2629446, 55.7196729 ], [ 52.2653505, 55.7174558 ], [ 52.2667215, 55.7162174 ], [ 52.2730373, 55.7105122 ], [ 52.2737069, 55.7097235 ], [ 52.2740826, 55.7091755 ], [ 52.2743952, 55.7085479 ], [ 52.276458, 55.7038133 ], [ 52.276508, 55.7036985 ], [ 52.2788839, 55.6981713 ], [ 52.279754, 55.6961877 ], [ 52.2799934, 55.695692 ], [ 52.280204, 55.6953 ], [ 52.2814965, 55.6932732 ], [ 52.2815142, 55.6932453 ], [ 52.2815862, 55.693132 ], [ 52.2822743, 55.6920115 ], [ 52.2824599, 55.6916437 ], [ 52.2826389, 55.6912592 ], [ 52.282841, 55.6907229 ], [ 52.2829093, 55.6904677 ], [ 52.2829676, 55.6900999 ], [ 52.2830246, 55.6895018 ], [ 52.2830296, 55.6890397 ], [ 52.282993, 55.6885565 ], [ 52.2829474, 55.6882984 ], [ 52.2828173, 55.6879677 ], [ 52.2826215, 55.6874403 ], [ 52.2825468, 55.6872536 ], [ 52.2824496, 55.6870264 ], [ 52.2823097, 55.6867829 ], [ 52.2818669, 55.6860657 ], [ 52.2814026, 55.6853858 ], [ 52.2801179, 55.6835043 ], [ 52.2800829, 55.6834457 ], [ 52.279978, 55.6832823 ], [ 52.2798401, 55.6831034 ], [ 52.2796317, 55.6827602 ], [ 52.2795646, 55.6826498 ], [ 52.2793291, 55.6823084 ], [ 52.2793171, 55.6822911 ], [ 52.2791944, 55.6820829 ], [ 52.27907, 55.6818612 ], [ 52.2790279, 55.6817587 ], [ 52.2789931, 55.6816188 ], [ 52.2789912, 55.6816032 ], [ 52.2789732, 55.68146 ], [ 52.2789909, 55.6812756 ], [ 52.2790626, 55.6810797 ], [ 52.2790814, 55.6809919 ], [ 52.2791889, 55.6807746 ], [ 52.2794003, 55.6805953 ], [ 52.279674, 55.6803915 ], [ 52.2797859, 55.6803235 ], [ 52.2799844, 55.6802109 ], [ 52.2803368, 55.6800109 ], [ 52.2804605, 55.6799147 ], [ 52.280644, 55.6797506 ], [ 52.2809558, 55.6794315 ], [ 52.2810966, 55.6792774 ], [ 52.2812484, 55.6790915 ], [ 52.2815991, 55.6787061 ], [ 52.2818394, 55.6784641 ], [ 52.2820113, 55.6782809 ], [ 52.2822403, 55.6780784 ], [ 52.282587, 55.6777998 ], [ 52.2829066, 55.6776308 ], [ 52.2832353, 55.677448 ], [ 52.2872728, 55.6753107 ], [ 52.2888023, 55.6745117 ], [ 52.2891001, 55.6743561 ], [ 52.2900456, 55.6738699 ], [ 52.2911664, 55.6732646 ], [ 52.2916148, 55.6730279 ], [ 52.2925431, 55.6725346 ], [ 52.2933402, 55.6721155 ], [ 52.2943204, 55.6716075 ], [ 52.294619, 55.6714527 ], [ 52.295631, 55.6709282 ], [ 52.295805, 55.6708385 ], [ 52.2962893, 55.6705889 ], [ 52.296797, 55.6703213 ], [ 52.2996146, 55.6688398 ], [ 52.3003412, 55.6684564 ], [ 52.3006017, 55.6683139 ], [ 52.3010798, 55.6680637 ], [ 52.3017729, 55.6677101 ], [ 52.3022766, 55.66748 ], [ 52.3027773, 55.6672825 ], [ 52.3033777, 55.6670686 ], [ 52.3038882, 55.6669155 ], [ 52.3039301, 55.6669042 ], [ 52.3044584, 55.6667618 ], [ 52.3050805, 55.6666288 ], [ 52.3056186, 55.6665427 ], [ 52.3062543, 55.6664516 ], [ 52.3067583, 55.6663994 ], [ 52.3074488, 55.666363 ], [ 52.3080141, 55.6663473 ], [ 52.30874, 55.666357 ], [ 52.3093736, 55.6663945 ], [ 52.3099088, 55.6664464 ], [ 52.3105863, 55.6665318 ], [ 52.3106533, 55.6665427 ], [ 52.3111131, 55.6666172 ], [ 52.3111269, 55.6666194 ], [ 52.3116105, 55.6667178 ], [ 52.3116601, 55.6667279 ], [ 52.3123691, 55.6668874 ], [ 52.3125205, 55.6669253 ], [ 52.3131075, 55.6670721 ], [ 52.3136338, 55.6672027 ], [ 52.3144044, 55.6673933 ], [ 52.3159811, 55.6677683 ], [ 52.3171792, 55.668071 ], [ 52.3177538, 55.6682343 ], [ 52.3182811, 55.6684154 ], [ 52.3184504, 55.6684847 ], [ 52.3188425, 55.6686451 ], [ 52.3192178, 55.6688117 ], [ 52.3196319, 55.6690204 ], [ 52.319803, 55.669112 ], [ 52.3202735, 55.6693641 ], [ 52.3208248, 55.6696594 ], [ 52.3212147, 55.6698721 ], [ 52.325115, 55.6719991 ], [ 52.3252772, 55.6720876 ], [ 52.3265551, 55.6727969 ], [ 52.3318903, 55.6756975 ], [ 52.3324151, 55.6759784 ], [ 52.333128, 55.6763598 ], [ 52.3339695, 55.6768199 ], [ 52.3356159, 55.6777373 ], [ 52.3359159, 55.6779014 ], [ 52.3410172, 55.6806798 ], [ 52.3445026, 55.6825753 ], [ 52.3448866, 55.6827861 ], [ 52.3484039, 55.6847065 ], [ 52.3494585, 55.6852822 ], [ 52.3511092, 55.6861656 ], [ 52.3526184, 55.6869997 ], [ 52.3535422, 55.6875008 ], [ 52.3542864, 55.6879145 ], [ 52.3543751, 55.6879628 ], [ 52.3547815, 55.6881843 ], [ 52.3557725, 55.6887242 ], [ 52.35617, 55.6889408 ], [ 52.3563854, 55.6890581 ], [ 52.3564731, 55.6891022 ], [ 52.3570396, 55.689412 ], [ 52.3578055, 55.6898309 ], [ 52.3582177, 55.6900524 ], [ 52.3587347, 55.6903365 ], [ 52.3589004, 55.6904262 ], [ 52.3596498, 55.6908359 ], [ 52.3613085, 55.6917428 ], [ 52.3614304, 55.6918094 ], [ 52.3620709, 55.6921589 ], [ 52.3628769, 55.6925987 ], [ 52.3633169, 55.6928388 ], [ 52.363464, 55.6929191 ], [ 52.3650384, 55.6937782 ], [ 52.366198, 55.6944109 ], [ 52.3671534, 55.6949322 ], [ 52.3680474, 55.6954199 ], [ 52.3691567, 55.6960252 ], [ 52.3693753, 55.6961449 ], [ 52.3694627, 55.6961933 ], [ 52.3697684, 55.6963623 ], [ 52.3701331, 55.6965641 ], [ 52.3702936, 55.6966569 ], [ 52.3709947, 55.6970363 ], [ 52.3720452, 55.6976048 ], [ 52.3731293, 55.6981914 ], [ 52.3742015, 55.6987716 ], [ 52.3751438, 55.699277 ], [ 52.3757052, 55.6995781 ], [ 52.376316, 55.6999147 ], [ 52.3765822, 55.7000601 ], [ 52.3767433, 55.7001481 ], [ 52.3777584, 55.7007025 ], [ 52.3778983, 55.7007789 ], [ 52.3780126, 55.7008413 ], [ 52.3784994, 55.7011046 ], [ 52.3786561, 55.7011863 ], [ 52.3789733, 55.701361 ], [ 52.3793299, 55.7015538 ], [ 52.3795039, 55.7016479 ], [ 52.3796854, 55.7017461 ], [ 52.3798115, 55.7018208 ], [ 52.3815196, 55.7027518 ], [ 52.3816407, 55.7028178 ], [ 52.3830254, 55.7035851 ], [ 52.3836869, 55.7039197 ], [ 52.3842811, 55.7042377 ], [ 52.3849424, 55.7046022 ], [ 52.3854165, 55.7048542 ], [ 52.3859533, 55.7051521 ], [ 52.3871905, 55.7058286 ], [ 52.3872391, 55.7058551 ], [ 52.3879797, 55.7062546 ], [ 52.3896274, 55.7071436 ], [ 52.3896752, 55.7071687 ], [ 52.3899575, 55.7072893 ], [ 52.3901267, 55.707343 ], [ 52.390309, 55.7073863 ], [ 52.3905394, 55.7074118 ], [ 52.390785, 55.7074186 ], [ 52.3912747, 55.7073949 ] ], [ [ 52.364697860599307, 55.551828078739582 ], [ 52.3635005, 55.551636 ], [ 52.362711207949005, 55.551564727117842 ] ], [ [ 52.362711207949005, 55.551564727117842 ], [ 52.364697860599307, 55.551828078739582 ] ], [ [ 52.364697860599307, 55.551828078739582 ], [ 52.3769347, 55.5534502 ], [ 52.4009126, 55.558687 ], [ 52.4052261, 55.5595828 ], [ 52.4075612, 55.5600672 ], [ 52.4227256, 55.563284 ], [ 52.446413, 55.5683972 ], [ 52.4616808, 55.5746413 ], [ 52.4676001, 55.5791938 ], [ 52.4720335, 55.5844939 ], [ 52.4764025, 55.593207 ], [ 52.4792015, 55.596579 ], [ 52.4843287, 55.6008568 ], [ 52.4871933, 55.6028085 ], [ 52.4928528, 55.6056449 ], [ 52.4968922, 55.6072479 ], [ 52.5024273, 55.6089698 ], [ 52.5129157, 55.6112142 ], [ 52.5195837, 55.6123534 ], [ 52.5238484, 55.6134017 ], [ 52.5290197, 55.6145711 ], [ 52.5339013, 55.6158102 ], [ 52.537595897481459, 55.617133401627065 ] ], [ [ 52.537595897481459, 55.617133401627065 ], [ 52.532174, 55.6154345 ], [ 52.5269437, 55.6142469 ], [ 52.5204903, 55.6131593 ], [ 52.5127655, 55.6113778 ], [ 52.5023371, 55.6090296 ], [ 52.4968278, 55.6073115 ], [ 52.4927509, 55.6057025 ], [ 52.4870914, 55.6028782 ], [ 52.4841249, 55.6009053 ], [ 52.4788999, 55.5966015 ], [ 52.4762535, 55.5936132 ], [ 52.4695015, 55.5817347 ], [ 52.4633472, 55.5764078 ], [ 52.4462333, 55.5685366 ], [ 52.4240882, 55.5637834 ], [ 52.4103531, 55.5608418 ], [ 52.4057465, 55.5598437 ], [ 52.3975929, 55.5581641 ], [ 52.3801426, 55.5543057 ], [ 52.364697860599307, 55.551828078739582 ] ], [ [ 52.3931924, 55.7080482 ], [ 52.3932396, 55.7082127 ], [ 52.3932456, 55.7083841 ], [ 52.3931997, 55.7085427 ], [ 52.3931371, 55.7086679 ], [ 52.3930305, 55.7088062 ], [ 52.3929553, 55.7088758 ], [ 52.3928644, 55.708943 ], [ 52.3927169, 55.7090375 ], [ 52.3924343, 55.7091451 ], [ 52.3921132, 55.7092294 ], [ 52.3918231, 55.709282 ], [ 52.3914619, 55.7092871 ], [ 52.3912253, 55.7092668 ], [ 52.3908992, 55.7092051 ], [ 52.3906278, 55.7091181 ], [ 52.3904047, 55.7090133 ], [ 52.390152, 55.7088337 ], [ 52.389934, 55.7085194 ], [ 52.3899194, 55.7082788 ] ], [ [ 52.3899194, 55.7082788 ], [ 52.3899635, 55.7081345 ], [ 52.390052, 55.7079641 ], [ 52.3901879, 55.7078183 ], [ 52.390293, 55.7077229 ], [ 52.3903855, 55.7076628 ], [ 52.3904655, 55.7076196 ], [ 52.3907214, 55.7075151 ], [ 52.390928, 55.7074552 ], [ 52.3912747, 55.7073949 ] ], [ [ 52.3912747, 55.7073949 ], [ 52.3915309, 55.707378 ], [ 52.3918199, 55.7073853 ], [ 52.3921409, 55.7074271 ] ], [ [ 52.3921409, 55.7074271 ], [ 52.3924718, 55.7075131 ], [ 52.392765, 55.7076382 ], [ 52.3930107, 55.7078019 ], [ 52.3931924, 55.7080482 ] ], [ [ 52.3921409, 55.7074271 ], [ 52.3927523, 55.7074084 ], [ 52.3931251, 55.7073136 ], [ 52.3934351, 55.7071843 ], [ 52.393776, 55.7069834 ], [ 52.3953984, 55.7060344 ], [ 52.3955105, 55.7059701 ], [ 52.3969763, 55.7051089 ], [ 52.3985993, 55.7041503 ], [ 52.3990718, 55.7038722 ], [ 52.4002887, 55.703156 ], [ 52.400876, 55.7028127 ], [ 52.4037316, 55.7011388 ], [ 52.4055418, 55.7000831 ], [ 52.4069411, 55.699267 ], [ 52.4099143, 55.6975119 ], [ 52.4119761, 55.6963033 ], [ 52.4151363, 55.6944507 ], [ 52.4153111, 55.6943515 ], [ 52.4201116, 55.6915383 ], [ 52.4228653, 55.6899244 ], [ 52.4257892, 55.6882107 ], [ 52.4263554, 55.687846 ], [ 52.4266505, 55.6876161 ], [ 52.4268624, 55.6873878 ], [ 52.4270408, 55.6871383 ], [ 52.4277054, 55.6860199 ], [ 52.4280205, 55.6856206 ], [ 52.4284427, 55.6852836 ] ], [ [ 52.4298254, 55.6868124 ], [ 52.4289129, 55.6869334 ], [ 52.4284921, 55.6870187 ], [ 52.4280934, 55.6871317 ], [ 52.4276737, 55.6872992 ], [ 52.4274256, 55.6874274 ], [ 52.4266389, 55.6878727 ], [ 52.4239869, 55.6894268 ], [ 52.4213627, 55.6909645 ], [ 52.4192375, 55.6922098 ], [ 52.418112, 55.6928693 ], [ 52.4178388, 55.6930299 ], [ 52.4170829, 55.6934743 ], [ 52.4154387, 55.6944409 ], [ 52.415272, 55.694541 ], [ 52.4147306, 55.6948582 ], [ 52.4141251, 55.6952128 ], [ 52.4131945, 55.6957607 ], [ 52.4126797, 55.6960637 ], [ 52.410834, 55.6971434 ], [ 52.4100324, 55.6976252 ], [ 52.4080281, 55.6987966 ], [ 52.4070899, 55.6993493 ], [ 52.4068879, 55.6994656 ], [ 52.4052542, 55.7004065 ], [ 52.4043613, 55.7009357 ], [ 52.4038732, 55.7012253 ], [ 52.4031199, 55.7016656 ], [ 52.4021367, 55.7022402 ], [ 52.4007403, 55.7030564 ], [ 52.3998651, 55.7035699 ], [ 52.3988186, 55.7041861 ], [ 52.3987478, 55.7042278 ], [ 52.3971255, 55.7051752 ], [ 52.3966188, 55.7054698 ], [ 52.3961196, 55.7057662 ], [ 52.395035, 55.7063948 ], [ 52.3940494, 55.7069704 ], [ 52.3935588, 55.7072563 ], [ 52.3933711, 55.7073867 ], [ 52.393234, 55.7075329 ], [ 52.3931714, 55.7076514 ], [ 52.3931703, 55.70784 ], [ 52.3931924, 55.7080482 ] ], [ [ 52.4284427, 55.6852836 ], [ 52.4282797, 55.6855815 ], [ 52.4282195, 55.6857725 ], [ 52.4282211, 55.6859619 ], [ 52.4282973, 55.6861353 ], [ 52.4284068, 55.6862839 ], [ 52.4285564, 55.6864177 ], [ 52.4287205, 55.6865289 ], [ 52.4290057, 55.686649 ], [ 52.4293931, 55.6867547 ], [ 52.4298254, 55.6868124 ] ], [ [ 52.4284427, 55.6852836 ], [ 52.428573, 55.6851813 ], [ 52.4287662, 55.685071 ] ], [ [ 52.4287662, 55.685071 ], [ 52.4293835, 55.6847865 ], [ 52.4300697, 55.6845726 ], [ 52.4323605, 55.6840756 ], [ 52.4329474, 55.6838918 ], [ 52.4333257, 55.6837401 ], [ 52.4337313, 55.6835188 ], [ 52.4363226, 55.6819904 ], [ 52.4429466, 55.6781394 ], [ 52.4444634, 55.6772409 ], [ 52.4449189, 55.6769694 ], [ 52.4461784, 55.6762287 ], [ 52.4480117, 55.6751622 ], [ 52.4483493, 55.6749645 ], [ 52.4500085, 55.673993 ], [ 52.4552681, 55.6708986 ] ], [ [ 52.4316464, 55.6858578 ], [ 52.4316015, 55.6856393 ], [ 52.4314979, 55.6854559 ], [ 52.4314029, 55.6853317 ], [ 52.4311709, 55.6851576 ], [ 52.43085, 55.6850249 ], [ 52.4305115, 55.6849276 ], [ 52.4301071, 55.6848788 ], [ 52.4296666, 55.6848918 ], [ 52.4292043, 55.6849738 ], [ 52.4287662, 55.685071 ] ], [ [ 52.4316464, 55.6858578 ], [ 52.431624, 55.6860226 ], [ 52.4314721, 55.6862375 ], [ 52.4313144, 55.6863937 ], [ 52.4310452, 55.6865637 ], [ 52.43071, 55.6866893 ], [ 52.4302956, 55.6867926 ], [ 52.4298254, 55.6868124 ] ], [ [ 52.4558836, 55.6712203 ], [ 52.4554078, 55.6712843 ], [ 52.4551043, 55.6713432 ], [ 52.4549012, 55.6713885 ], [ 52.4546612, 55.6714741 ], [ 52.4544143, 55.6715797 ], [ 52.4539717, 55.6718337 ], [ 52.4535771, 55.6720622 ], [ 52.4511962, 55.6734408 ], [ 52.4501408, 55.6740711 ], [ 52.4475819, 55.6755701 ], [ 52.4450537, 55.6770512 ], [ 52.4432492, 55.6781053 ], [ 52.4416451, 55.6790488 ], [ 52.4396074, 55.6802472 ], [ 52.4381687, 55.6810828 ], [ 52.4373601, 55.6815524 ], [ 52.4364698, 55.6820695 ], [ 52.4357431, 55.6825067 ], [ 52.4355884, 55.6825997 ], [ 52.4345737, 55.6832101 ], [ 52.4342485, 55.6834057 ], [ 52.433565, 55.6838063 ], [ 52.4332431, 55.6840319 ], [ 52.4331744, 55.6840769 ], [ 52.4328593, 55.6843291 ], [ 52.4325577, 55.6846358 ], [ 52.4319843, 55.6852868 ], [ 52.4317838, 55.6855783 ], [ 52.4316464, 55.6858578 ] ], [ [ 52.4341794, 55.7097783 ], [ 52.4360272, 55.7107882 ], [ 52.4370612, 55.7113533 ], [ 52.4382803, 55.7120195 ], [ 52.4397895, 55.7128443 ], [ 52.4432136, 55.7147049 ], [ 52.4465328, 55.7165057 ], [ 52.4502181, 55.7185035 ], [ 52.4503996, 55.718596 ], [ 52.4505331, 55.7186656 ], [ 52.4508899, 55.7184546 ], [ 52.4513857, 55.7181628 ], [ 52.4522975, 55.7176327 ], [ 52.4534458, 55.7169651 ], [ 52.4543702, 55.7164277 ] ], [ [ 52.4545942, 55.7165371 ], [ 52.4537625, 55.7170492 ], [ 52.4530195, 55.7175067 ], [ 52.4512553, 55.7184988 ], [ 52.4511496, 55.7185582 ], [ 52.4511078, 55.7185823 ], [ 52.4507592, 55.7187918 ] ], [ [ 52.4543702, 55.7164277 ], [ 52.4550639, 55.7160267 ], [ 52.4582312, 55.7141957 ], [ 52.4585639, 55.7140034 ], [ 52.4595494, 55.7134337 ], [ 52.4606393, 55.7127951 ], [ 52.4609131, 55.7126346 ], [ 52.462022, 55.7119848 ], [ 52.465536, 55.7099256 ], [ 52.4659892, 55.7096125 ], [ 52.4675636, 55.7082754 ], [ 52.4677424, 55.7080886 ], [ 52.4678232, 55.7077848 ], [ 52.4678347, 55.7075784 ] ], [ [ 52.4545942, 55.7165371 ], [ 52.4547349, 55.7164158 ], [ 52.4546996, 55.71636 ], [ 52.4545865, 55.7163481 ], [ 52.4543702, 55.7164277 ] ], [ [ 52.4698071, 55.7085873 ], [ 52.4691616, 55.7086202 ], [ 52.4687252, 55.7086982 ], [ 52.4681346, 55.7089171 ], [ 52.4665679, 55.7096063 ], [ 52.4656946, 55.710039 ], [ 52.4608349, 55.7129023 ], [ 52.4545942, 55.7165371 ] ], [ [ 52.4558836, 55.6712203 ], [ 52.4555529, 55.6712026 ], [ 52.4554447, 55.6711843 ], [ 52.4553312, 55.671151 ], [ 52.455242, 55.6710826 ], [ 52.455211, 55.6710052 ], [ 52.4552681, 55.6708986 ] ], [ [ 52.4552681, 55.6708986 ], [ 52.4558373, 55.6705606 ], [ 52.4559809, 55.6704992 ], [ 52.4561428, 55.670449 ], [ 52.4562681, 55.670423 ], [ 52.4564724, 55.6704117 ], [ 52.4566374, 55.6704262 ], [ 52.4567958, 55.670469 ], [ 52.4570339, 55.670572 ], [ 52.4575677, 55.6708654 ] ], [ [ 52.4572672, 55.671255 ], [ 52.4570302, 55.6712247 ], [ 52.4567013, 55.6712061 ], [ 52.45636, 55.6712002 ], [ 52.4558836, 55.6712203 ] ], [ [ 52.4814251, 55.6840115 ], [ 52.4789558, 55.6826742 ], [ 52.4704981, 55.6780638 ], [ 52.4695721, 55.6775719 ], [ 52.4676691, 55.6765463 ], [ 52.4668674, 55.6761067 ], [ 52.4653197, 55.6752581 ], [ 52.4632162, 55.6741172 ], [ 52.4615868, 55.673234 ], [ 52.4599442, 55.6723437 ], [ 52.4593044, 55.6720038 ], [ 52.4586554, 55.6716659 ], [ 52.4583479, 55.6715369 ], [ 52.4580621, 55.6714377 ], [ 52.4577136, 55.6713409 ], [ 52.4572672, 55.671255 ] ], [ [ 52.4575677, 55.6708654 ], [ 52.4576352, 55.6709479 ], [ 52.4576497, 55.6710126 ], [ 52.4576431, 55.6710635 ], [ 52.4576153, 55.6711288 ], [ 52.4575379, 55.6711906 ], [ 52.4574003, 55.6712404 ], [ 52.4572672, 55.671255 ] ], [ [ 52.4575677, 55.6708654 ], [ 52.4594599, 55.6719117 ], [ 52.4654696, 55.6751813 ], [ 52.4659618, 55.6754499 ], [ 52.467816, 55.6764616 ], [ 52.4697088, 55.6774909 ], [ 52.4718119, 55.6786263 ], [ 52.4791011, 55.68259 ], [ 52.4795431, 55.6828323 ], [ 52.4798984, 55.6830299 ] ], [ [ 52.4698071, 55.7085873 ], [ 52.4694755, 55.708537 ], [ 52.4691208, 55.7084379 ], [ 52.4685585, 55.7081828 ], [ 52.4681087, 55.7079066 ], [ 52.467927, 55.7077328 ], [ 52.4678347, 55.7075784 ] ], [ [ 52.4678347, 55.7075784 ], [ 52.4678174, 55.707351 ], [ 52.467852, 55.7071527 ], [ 52.4680596, 55.7068814 ], [ 52.4683249, 55.7066929 ], [ 52.468694, 55.706537 ], [ 52.469108, 55.7064418 ], [ 52.4694669, 55.7064184 ], [ 52.4698151, 55.7064265 ] ], [ [ 52.4716912, 55.7073892 ], [ 52.4717492, 55.7076686 ], [ 52.4717361, 55.7079144 ], [ 52.4715633, 55.7081227 ], [ 52.4713442, 55.7082994 ], [ 52.47105, 55.7084298 ], [ 52.470727, 55.7085402 ], [ 52.4702391, 55.7085943 ], [ 52.4698071, 55.7085873 ] ], [ [ 52.4698151, 55.7064265 ], [ 52.4701849, 55.7064834 ], [ 52.4705574, 55.7065909 ], [ 52.4711281, 55.7068853 ], [ 52.4714739, 55.7071267 ], [ 52.4716912, 55.7073892 ] ], [ [ 52.4698151, 55.7064265 ], [ 52.4704372, 55.7063595 ], [ 52.4708775, 55.7062768 ], [ 52.4712949, 55.7061761 ], [ 52.4730798, 55.7054225 ], [ 52.4735844, 55.7051705 ], [ 52.4739726, 55.7049766 ], [ 52.4757152, 55.703937 ], [ 52.4773638, 55.7029641 ], [ 52.4777763, 55.7027308 ], [ 52.47861, 55.7022439 ], [ 52.4799321, 55.701467 ], [ 52.4819016, 55.7003097 ], [ 52.486404, 55.697664 ], [ 52.4889066, 55.6961799 ], [ 52.4905465, 55.6952204 ] ], [ [ 52.4959537, 55.6928852 ], [ 52.4955178, 55.6928843 ], [ 52.4952236, 55.6929034 ], [ 52.4950155, 55.6929299 ], [ 52.4948039, 55.6929783 ], [ 52.4945754, 55.6930701 ], [ 52.4907881, 55.6952725 ], [ 52.4904353, 55.6954821 ], [ 52.4820853, 55.7003932 ], [ 52.4801048, 55.7015579 ], [ 52.4758601, 55.7040541 ], [ 52.4741402, 55.7050655 ], [ 52.4739424, 55.7052042 ], [ 52.4734292, 55.7055642 ], [ 52.4719315, 55.7068105 ], [ 52.4717981, 55.7070285 ], [ 52.4716912, 55.7073892 ] ], [ [ 52.4798984, 55.6830299 ], [ 52.4801494, 55.6830963 ], [ 52.4803265, 55.683126 ], [ 52.480525, 55.6831647 ], [ 52.4807772, 55.6832082 ], [ 52.4810038, 55.6832346 ], [ 52.4812835, 55.683249 ], [ 52.4816785, 55.6832486 ], [ 52.4819654, 55.6832316 ], [ 52.4824138, 55.6831729 ], [ 52.4827953, 55.6831269 ] ], [ [ 52.4798984, 55.6830299 ], [ 52.481426, 55.6838575 ], [ 52.4817202, 55.6839667 ], [ 52.482304, 55.6841537 ], [ 52.4829799, 55.6843213 ] ], [ [ 52.4806388, 55.6898567 ], [ 52.4832381, 55.6912456 ], [ 52.4873497, 55.6934756 ], [ 52.4905465, 55.6952204 ] ], [ [ 52.4881748, 55.6842492 ], [ 52.4879861, 55.6843048 ], [ 52.4877121, 55.6843816 ], [ 52.4873113, 55.6844918 ], [ 52.4865034, 55.6846113 ], [ 52.4858515, 55.6846902 ], [ 52.4852901, 55.6847034 ], [ 52.4850202, 55.6847007 ], [ 52.4844767, 55.6846724 ], [ 52.4839374, 55.6846053 ], [ 52.4834088, 55.6845459 ], [ 52.4830648, 55.6844706 ], [ 52.4824123, 55.6842963 ], [ 52.4814251, 55.6840115 ] ], [ [ 52.4884659, 55.6878844 ], [ 52.4872241, 55.6872463 ], [ 52.4855133, 55.686352 ], [ 52.485109, 55.6861305 ], [ 52.4846096, 55.6858555 ], [ 52.4844532, 55.6857731 ], [ 52.4830419, 55.6849617 ], [ 52.4814251, 55.6840115 ] ], [ [ 52.4827953, 55.6831269 ], [ 52.4826299, 55.6831719 ], [ 52.4825213, 55.6832265 ], [ 52.4822495, 55.6834284 ], [ 52.4821201, 55.6836318 ], [ 52.4821473, 55.6837828 ], [ 52.4822329, 55.683956 ], [ 52.4824448, 55.6840967 ], [ 52.4827312, 55.6842057 ], [ 52.4829799, 55.6843213 ] ], [ [ 52.4846133, 55.6844931 ], [ 52.4845267, 55.6842584 ], [ 52.4843702, 55.6838864 ], [ 52.4842412, 55.6836427 ], [ 52.4841244, 55.6834759 ], [ 52.4840015, 55.6833673 ], [ 52.4837708, 55.6832463 ], [ 52.483508, 55.6831374 ], [ 52.4830896, 55.6831162 ], [ 52.4827953, 55.6831269 ] ], [ [ 52.4829799, 55.6843213 ], [ 52.4834347, 55.6844254 ], [ 52.4841969, 55.684523 ], [ 52.4851825, 55.6846107 ], [ 52.4858897, 55.6845933 ], [ 52.4864882, 55.6845217 ], [ 52.4872874, 55.6843927 ], [ 52.4880439, 55.6841868 ], [ 52.4887973, 55.6839077 ], [ 52.4894461, 55.6835695 ], [ 52.4910731, 55.6827283 ], [ 52.4912664, 55.6826284 ], [ 52.5012341, 55.6773014 ], [ 52.5018779, 55.67694 ], [ 52.5035253, 55.6760932 ], [ 52.5050057, 55.6753157 ], [ 52.5067704, 55.6745847 ], [ 52.5088663, 55.6739233 ], [ 52.5097661, 55.6737089 ], [ 52.5110456, 55.6734801 ] ], [ [ 52.4847401, 55.6847623 ], [ 52.4848602, 55.6850623 ], [ 52.4852094, 55.6856142 ], [ 52.4853878, 55.6858483 ], [ 52.486061, 55.6863703 ] ], [ [ 52.486061, 55.6863703 ], [ 52.4864717, 55.686591 ], [ 52.4875003, 55.6871435 ] ], [ [ 52.4884659, 55.6878844 ], [ 52.48709, 55.6870331 ], [ 52.486061, 55.6863703 ] ], [ [ 52.4875003, 55.6871435 ], [ 52.4941384, 55.6907087 ], [ 52.4944374, 55.6908533 ], [ 52.4946884, 55.6909471 ], [ 52.4948899, 55.6910008 ], [ 52.4950743, 55.6910279 ], [ 52.4952587, 55.691039 ], [ 52.4958227, 55.6910547 ] ], [ [ 52.4881748, 55.6842492 ], [ 52.4880345, 55.6843201 ], [ 52.4876676, 55.6845055 ], [ 52.4872607, 55.6847119 ], [ 52.4870307, 55.684839 ], [ 52.4868382, 55.6849667 ], [ 52.4866287, 55.6851758 ], [ 52.486524, 55.6853351 ], [ 52.4864261, 55.6854842 ], [ 52.486359, 55.6857443 ], [ 52.4863572, 55.6859517 ], [ 52.4864608, 55.6862059 ], [ 52.486658, 55.6864928 ], [ 52.4870658, 55.6868424 ], [ 52.4875003, 55.6871435 ] ], [ [ 52.588447611745622, 55.657626963997608 ], [ 52.587626, 55.6578166 ], [ 52.586685, 55.658043 ], [ 52.5851458, 55.6584134 ], [ 52.5843944, 55.6586029 ], [ 52.5819695, 55.6591697 ], [ 52.5817641, 55.6592136 ], [ 52.5803938, 55.6595296 ], [ 52.5784565, 55.6599788 ], [ 52.5712093, 55.6616514 ], [ 52.5703742, 55.6619066 ], [ 52.5694779, 55.6622384 ], [ 52.5686396, 55.6625864 ], [ 52.5677347, 55.6630032 ], [ 52.5670727, 55.6633813 ], [ 52.5649596, 55.6645883 ], [ 52.5641517, 55.6649704 ], [ 52.5631483, 55.6653949 ], [ 52.5545346, 55.6679375 ], [ 52.5525378, 55.6685894 ], [ 52.5473507, 55.6704766 ], [ 52.545912, 55.6709499 ], [ 52.5445102, 55.6713539 ], [ 52.5431971, 55.6716854 ], [ 52.5419323, 55.6719564 ], [ 52.539387, 55.6724105 ], [ 52.5380011, 55.6725699 ], [ 52.5373486, 55.6726405 ], [ 52.5360027, 55.6727211 ], [ 52.5347065, 55.6727623 ], [ 52.5317759, 55.6727929 ], [ 52.5299344, 55.6728201 ], [ 52.5285048, 55.6728426 ], [ 52.5264639, 55.6728908 ], [ 52.5244238, 55.6729319 ], [ 52.5185008, 55.6730835 ], [ 52.5170487, 55.6731162 ], [ 52.5167398, 55.6731231 ], [ 52.5138139, 55.6732101 ], [ 52.5130853, 55.6732896 ], [ 52.5126804, 55.6733338 ], [ 52.5123015, 55.67338 ], [ 52.5116224, 55.6734715 ], [ 52.5108578, 55.6736061 ], [ 52.5094916, 55.6738692 ], [ 52.5086505, 55.674092 ], [ 52.507017, 55.6745874 ], [ 52.5061536, 55.6749422 ], [ 52.5053, 55.6753302 ], [ 52.5035317, 55.676219 ], [ 52.5019855, 55.6770015 ], [ 52.5008062, 55.6776549 ], [ 52.4993871, 55.6784082 ], [ 52.4946109, 55.680973 ], [ 52.4932259, 55.6817127 ], [ 52.4931965, 55.6817286 ], [ 52.4927416, 55.6819745 ], [ 52.4915896, 55.6825971 ], [ 52.4911754, 55.682821 ], [ 52.4890733, 55.683923 ], [ 52.4885805, 55.6841209 ], [ 52.4883584, 55.6841929 ], [ 52.4882836, 55.6842172 ], [ 52.4881748, 55.6842492 ] ], [ [ 52.4946755, 55.6916904 ], [ 52.4946733, 55.6915164 ], [ 52.494643, 55.6913819 ], [ 52.4945976, 55.6912669 ], [ 52.4945078, 55.6911519 ], [ 52.4943074, 55.6909787 ], [ 52.494006, 55.6907838 ], [ 52.4923717, 55.6899179 ], [ 52.4911504, 55.6892638 ], [ 52.4884659, 55.6878844 ] ], [ [ 52.4905465, 55.6952204 ], [ 52.4942204, 55.6930684 ], [ 52.4944643, 55.692908 ], [ 52.4945744, 55.6928093 ], [ 52.4946469, 55.6927057 ], [ 52.4946831, 55.692596 ], [ 52.4946928, 55.6924864 ], [ 52.494681, 55.6923436 ], [ 52.4946444, 55.6921648 ] ], [ [ 52.4959537, 55.6928852 ], [ 52.4956879, 55.6928427 ], [ 52.4954382, 55.692776 ], [ 52.4952114, 55.6926871 ], [ 52.4950137, 55.6925783 ], [ 52.4948505, 55.6924527 ], [ 52.4947263, 55.6923136 ], [ 52.4946444, 55.6921648 ] ], [ [ 52.4946444, 55.6921648 ], [ 52.4946117, 55.6920463 ], [ 52.494606, 55.6919265 ], [ 52.4946274, 55.6918072 ], [ 52.4946755, 55.6916904 ] ], [ [ 52.4946755, 55.6916904 ], [ 52.4947779, 55.6915439 ], [ 52.4949222, 55.691409 ], [ 52.4951044, 55.6912896 ], [ 52.4953193, 55.691189 ], [ 52.495561, 55.6911099 ], [ 52.4958227, 55.6910547 ] ], [ [ 52.4958227, 55.6910547 ], [ 52.4960789, 55.691026 ], [ 52.4963399, 55.6910201 ], [ 52.4965994, 55.6910373 ], [ 52.496851, 55.691077 ], [ 52.4970885, 55.6911384 ], [ 52.4973061, 55.6912199 ], [ 52.4973827, 55.6912558 ], [ 52.4975856, 55.6913766 ], [ 52.4977476, 55.6915156 ], [ 52.4978637, 55.6916685 ], [ 52.4979303, 55.6918305 ], [ 52.4979453, 55.6919966 ], [ 52.4979081, 55.6921616 ], [ 52.4978487, 55.6922785 ], [ 52.4977631, 55.6923901 ], [ 52.4976526, 55.6924945 ], [ 52.4975193, 55.6925901 ], [ 52.4973652, 55.6926751 ], [ 52.4971929, 55.6927483 ], [ 52.4970053, 55.6928083 ], [ 52.4968056, 55.6928542 ], [ 52.4966778, 55.6928752 ], [ 52.4964382, 55.6928984 ], [ 52.4961951, 55.6929018 ], [ 52.4959537, 55.6928852 ] ], [ [ 52.538039816552967, 55.617292389024378 ], [ 52.5378978, 55.617228 ], [ 52.537595897481459, 55.617133401627065 ] ], [ [ 52.537595897481459, 55.617133401627065 ], [ 52.538039816552967, 55.617292389024378 ] ], [ [ 52.538039816552967, 55.617292389024378 ], [ 52.5415563, 55.6185518 ], [ 52.545427360509116, 55.620641834831716 ] ], [ [ 52.545427360509116, 55.620641834831716 ], [ 52.538039816552967, 55.617292389024378 ] ], [ [ 52.546743063907634, 55.621352199840132 ], [ 52.5463629, 55.621066 ], [ 52.545427360509116, 55.620641834831716 ] ], [ [ 52.545427360509116, 55.620641834831716 ], [ 52.546743063907634, 55.621352199840132 ] ], [ [ 52.546743063907634, 55.621352199840132 ], [ 52.5491416, 55.6226472 ], [ 52.55267679305819, 55.625819305475765 ] ], [ [ 52.55267679305819, 55.625819305475765 ], [ 52.546743063907634, 55.621352199840132 ] ], [ [ 52.555292495589214, 55.628166358150139 ], [ 52.5540233, 55.626833 ], [ 52.55267679305819, 55.625819305475765 ] ], [ [ 52.55267679305819, 55.625819305475765 ], [ 52.555292495589214, 55.628166358150139 ] ], [ [ 52.555292495589214, 55.628166358150139 ], [ 52.5569522, 55.6296556 ], [ 52.5716258, 55.6450822 ], [ 52.5843107, 55.6556975 ], [ 52.5907803, 55.6564964 ], [ 52.5990415, 55.6548712 ], [ 52.6092325, 55.6510343 ], [ 52.6144103, 55.6489735 ], [ 52.6169895, 55.6479437 ], [ 52.6192701, 55.647031 ], [ 52.6217355, 55.6460536 ], [ 52.6242381, 55.6449371 ], [ 52.6275633, 55.6437491 ], [ 52.6289097, 55.6434404 ], [ 52.6313066, 55.6431501 ], [ 52.6342384, 55.643209 ], [ 52.645073, 55.6441069 ], [ 52.6467838, 55.6442121 ], [ 52.6571429, 55.6446962 ], [ 52.6640648, 55.6445129 ], [ 52.6748085, 55.6441712 ], [ 52.6846179, 55.6429462 ], [ 52.7123419, 55.6393171 ], [ 52.7241862, 55.6376343 ], [ 52.739787800041938, 55.638080041530614 ] ], [ [ 52.588447611745622, 55.657626963997608 ], [ 52.5874865, 55.6575889 ], [ 52.5826228, 55.6560691 ], [ 52.5714147, 55.6451036 ], [ 52.555292495589214, 55.628166358150139 ] ], [ [ 52.739787800041938, 55.638080041530614 ], [ 52.7241933, 55.6377951 ], [ 52.6827961, 55.6433105 ], [ 52.6688754, 55.6450309 ], [ 52.6627493, 55.6453155 ], [ 52.6497888, 55.6445889 ], [ 52.6341838, 55.6433356 ], [ 52.6313782, 55.6432812 ], [ 52.6290393, 55.6435535 ], [ 52.6269632, 55.6440803 ], [ 52.6215198, 55.6463113 ], [ 52.6069831, 55.6520789 ], [ 52.5998676, 55.6560183 ], [ 52.5932157, 55.6578158 ], [ 52.588447611745622, 55.657626963997608 ] ], [ [ 52.6055646, 55.652677 ], [ 52.6018509, 55.6541155 ], [ 52.5994438, 55.6549287 ], [ 52.5977486, 55.655413 ], [ 52.5960535, 55.6558246 ], [ 52.5944602, 55.6562392 ], [ 52.588447611745622, 55.657626963997608 ] ], [ [ 52.739791570385833, 55.638080149250257 ], [ 52.739791, 55.6380801 ], [ 52.739787800041938, 55.638080041530614 ] ], [ [ 52.739787800041938, 55.638080041530614 ], [ 52.739791570385833, 55.638080149250257 ] ], [ [ 52.739791570385833, 55.638080149250257 ], [ 52.743493, 55.6381859 ], [ 52.7851252, 55.6413881 ], [ 52.8036496, 55.6433407 ], [ 52.822568, 55.6448022 ], [ 52.8371576, 55.6459736 ], [ 52.8413213, 55.6462768 ], [ 52.8483153, 55.6469622 ], [ 52.853448, 55.647906 ], [ 52.8621904, 55.6498453 ], [ 52.8729264, 55.6525888 ], [ 52.884897, 55.6578141 ], [ 52.8933596, 55.6612249 ], [ 52.9215639, 55.6700479 ], [ 52.9342068, 55.6743122 ], [ 52.951624, 55.6824446 ], [ 52.9612561, 55.685727 ], [ 52.975141269646073, 55.690419145053745 ] ], [ [ 52.975141269646073, 55.690419145053745 ], [ 52.9694653, 55.6886805 ], [ 52.9610163, 55.6857654 ], [ 52.9520255, 55.6827684 ], [ 52.9393977, 55.6767859 ], [ 52.9274799, 55.6722838 ], [ 52.9149193, 55.6684008 ], [ 52.8932637, 55.6613232 ], [ 52.8848094, 55.6579263 ], [ 52.8713125, 55.6527799 ], [ 52.8576332, 55.6490388 ], [ 52.8513932, 55.6476074 ], [ 52.8467273, 55.6469017 ], [ 52.8302479, 55.6456061 ], [ 52.819637, 55.6450249 ], [ 52.8099275, 55.644038 ], [ 52.8009458, 55.6431869 ], [ 52.7603769, 55.6398576 ], [ 52.739791570385833, 55.638080149250257 ] ], [ [ 52.97757929089564, 55.691165952004951 ], [ 52.975141269646073, 55.690419145053745 ] ], [ [ 52.975141269646073, 55.690419145053745 ], [ 52.9769732, 55.6910382 ], [ 52.97757929089564, 55.691165952004951 ] ], [ [ 52.97757929089564, 55.691165952004951 ], [ 52.9844962, 55.6926239 ], [ 52.9914808, 55.6938419 ], [ 53.018844, 55.6991522 ], [ 53.0416852, 55.7049206 ], [ 53.048307792084742, 55.706027713444897 ] ], [ [ 53.048307792084742, 55.706027713444897 ], [ 53.0451893, 55.7057647 ], [ 53.0348898, 55.7033132 ], [ 53.0143332, 55.698528 ], [ 52.9909551, 55.6940234 ], [ 52.9836702, 55.6930317 ], [ 52.97757929089564, 55.691165952004951 ] ], [ [ 53.052252453734788, 55.706360405983901 ], [ 53.048307792084742, 55.706027713444897 ] ], [ [ 53.048307792084742, 55.706027713444897 ], [ 53.0496632, 55.7062543 ], [ 53.052252453734788, 55.706360405983901 ] ], [ [ 53.052252453734788, 55.706360405983901 ], [ 53.0599147, 55.7066744 ], [ 53.0648821, 55.7065204 ], [ 53.070665, 55.7058958 ], [ 53.0791193, 55.7042141 ], [ 53.091142, 55.7000334 ], [ 53.1048077, 55.6946461 ], [ 53.1126638, 55.6916447 ], [ 53.1408466, 55.6808447 ], [ 53.1486772, 55.6777675 ], [ 53.1772411, 55.6668142 ], [ 53.1837951, 55.6642592 ], [ 53.187205448294463, 55.662948737096301 ] ], [ [ 53.187205448294463, 55.662948737096301 ], [ 53.1844732, 55.664242 ], [ 53.156721, 55.6749091 ], [ 53.1179157, 55.6898211 ], [ 53.1097737, 55.6929266 ], [ 53.083182, 55.7031892 ], [ 53.0762333, 55.705009 ], [ 53.0693883, 55.7062029 ], [ 53.0634338, 55.7067137 ], [ 53.0577314, 55.7068225 ], [ 53.052252453734788, 55.706360405983901 ] ], [ [ 53.200240574960908, 55.656778783290505 ], [ 53.187205448294463, 55.662948737096301 ] ], [ [ 53.187205448294463, 55.662948737096301 ], [ 53.1942276, 55.6602504 ], [ 53.200240574960908, 55.656778783290505 ] ], [ [ 53.200240574960908, 55.656778783290505 ], [ 53.2012744, 55.6561819 ], [ 53.2143049, 55.6476039 ], [ 53.2287345, 55.6380316 ], [ 53.2377867, 55.6297787 ], [ 53.243801978730666, 55.624041088082514 ] ], [ [ 53.243801978730666, 55.624041088082514 ], [ 53.2411778, 55.6268375 ], [ 53.2363393, 55.6314263 ], [ 53.2291364, 55.6379826 ], [ 53.2014304, 55.6562156 ], [ 53.200240574960908, 55.656778783290505 ] ], [ [ 53.247900883510702, 55.619673159159987 ], [ 53.243801978730666, 55.624041088082514 ] ], [ [ 53.243801978730666, 55.624041088082514 ], [ 53.2461857, 55.6217674 ], [ 53.247900883510702, 55.619673159159987 ] ], [ [ 53.247900883510702, 55.619673159159987 ], [ 53.2514083, 55.6153906 ], [ 53.252474769665064, 55.614185982110627 ] ], [ [ 53.252474769665064, 55.614185982110627 ], [ 53.2508086, 55.6165746 ], [ 53.247900883510702, 55.619673159159987 ] ], [ [ 53.253912235371743, 55.612562310137235 ], [ 53.2530736, 55.6133275 ], [ 53.252474769665064, 55.614185982110627 ] ], [ [ 53.252474769665064, 55.614185982110627 ], [ 53.253912235371743, 55.612562310137235 ] ], [ [ 53.253912235371743, 55.612562310137235 ], [ 53.254981, 55.6113551 ], [ 53.2569981, 55.6097613 ], [ 53.258818940873958, 55.608934670805567 ] ], [ [ 53.258818940873958, 55.608934670805567 ], [ 53.2562388, 55.6104395 ], [ 53.253912235371743, 55.612562310137235 ] ], [ [ 53.268022700311626, 55.604756328612943 ], [ 53.2618482, 55.6071679 ], [ 53.258818940873958, 55.608934670805567 ] ], [ [ 53.258818940873958, 55.608934670805567 ], [ 53.268022700311626, 55.604756328612943 ] ], [ [ 53.268022700311626, 55.604756328612943 ], [ 53.2690206, 55.6043033 ], [ 53.2695615, 55.6040646 ], [ 53.2958954, 55.5936416 ], [ 53.3508351, 55.5725332 ], [ 53.3629453, 55.5678269 ], [ 53.3810903, 55.5607674 ], [ 53.3925468, 55.556316 ], [ 53.4070896, 55.5507121 ], [ 53.4097935, 55.5496752 ], [ 53.417299, 55.5473959 ], [ 53.4223271, 55.5466335 ], [ 53.4344338, 55.5470547 ], [ 53.452387531338196, 55.547910141995629 ] ], [ [ 53.452387531338196, 55.547910141995629 ], [ 53.4222758, 55.5467951 ], [ 53.4173298, 55.5475538 ], [ 53.4089456, 55.5500734 ], [ 53.4052725, 55.5515003 ], [ 53.3812247, 55.5608499 ], [ 53.3578256, 55.5699303 ], [ 53.3490764, 55.5733872 ], [ 53.323246, 55.5832565 ], [ 53.2930048, 55.5948999 ], [ 53.27085, 55.60365 ], [ 53.2690249, 55.6043649 ], [ 53.268022700311626, 55.604756328612943 ] ], [ [ 53.469148675204444, 55.548708760738876 ], [ 53.4642362, 55.5483489 ], [ 53.452387531338196, 55.547910141995629 ] ], [ [ 53.452387531338196, 55.547910141995629 ], [ 53.469148675204444, 55.548708760738876 ] ], [ [ 53.469148675204444, 55.548708760738876 ], [ 53.4747637, 55.5489763 ], [ 53.4837408, 55.549713 ], [ 53.4882152, 55.5500028 ], [ 53.4935474, 55.549672 ], [ 53.4993494, 55.5485464 ], [ 53.51750665429374, 55.544663307385207 ] ], [ [ 53.51750665429374, 55.544663307385207 ], [ 53.4994169, 55.548643 ], [ 53.4935367, 55.5497692 ], [ 53.4885296, 55.5501285 ], [ 53.469148675204444, 55.548708760738876 ] ], [ [ 53.519325463746206, 55.544274338577573 ], [ 53.5190908, 55.5443148 ], [ 53.51750665429374, 55.544663307385207 ] ], [ [ 53.51750665429374, 55.544663307385207 ], [ 53.519325463746206, 55.544274338577573 ] ], [ [ 53.519325463746206, 55.544274338577573 ], [ 53.521781, 55.5437492 ], [ 53.5318684, 55.5420691 ], [ 53.5475242, 55.5404852 ], [ 53.5659388, 55.5386532 ], [ 53.5736757, 55.5379157 ], [ 53.580923, 55.5371827 ], [ 53.5932612, 55.5342654 ], [ 53.6060937, 55.5323501 ], [ 53.6468717, 55.529319 ], [ 53.6715662, 55.5259234 ], [ 53.6825144, 55.5244099 ], [ 53.6898937, 55.5233659 ], [ 53.7002699, 55.5218193 ], [ 53.7150161, 55.5197585 ], [ 53.747015591971703, 55.515669396519804 ] ], [ [ 53.747015591971703, 55.515669396519804 ], [ 53.7375818, 55.5170024 ], [ 53.7198755, 55.5196619 ], [ 53.7139754, 55.5205601 ], [ 53.7052449, 55.5213567 ], [ 53.6911019, 55.5233962 ], [ 53.6826068, 55.5246293 ], [ 53.6718766, 55.5260638 ], [ 53.6615063, 55.5280003 ], [ 53.6554483, 55.5288024 ], [ 53.6393716, 55.5300776 ], [ 53.6222398, 55.5313448 ], [ 53.5977244, 55.5336582 ], [ 53.5824681, 55.5371129 ], [ 53.5746847, 55.5380137 ], [ 53.5701028, 55.5384655 ], [ 53.5655671, 55.5388715 ], [ 53.5545567, 55.5399407 ], [ 53.544257, 55.5409485 ], [ 53.5341183, 55.5419501 ], [ 53.5273484, 55.542891 ], [ 53.519325463746206, 55.544274338577573 ] ], [ [ 53.749491381408163, 55.515319565195888 ], [ 53.747015591971703, 55.515669396519804 ] ], [ [ 53.747015591971703, 55.515669396519804 ], [ 53.7481534, 55.515524 ], [ 53.749491381408163, 55.515319565195888 ] ], [ [ 53.749491381408163, 55.515319565195888 ], [ 53.758252, 55.513981 ], [ 53.7659665, 55.5121307 ], [ 53.7682831, 55.5113014 ], [ 53.7706531, 55.5105388 ], [ 53.7723979, 55.5099586 ], [ 53.7743573, 55.5093176 ], [ 53.7765406, 55.5086395 ], [ 53.7795675, 55.5079795 ], [ 53.7869529, 55.5064142 ], [ 53.790535, 55.5056532 ], [ 53.799385, 55.5037529 ], [ 53.8068093, 55.5021533 ], [ 53.8099127, 55.5014856 ], [ 53.8117875, 55.5010306 ], [ 53.8145207, 55.5002391 ], [ 53.822794, 55.4978 ], [ 53.8409364, 55.4925003 ], [ 53.8483594, 55.4904018 ], [ 53.8499916, 55.4900439 ], [ 53.8512388, 55.4898175 ], [ 53.853288, 55.4895371 ], [ 53.8544025, 55.48943 ], [ 53.856276, 55.4892993 ], [ 53.8593578, 55.48918 ], [ 53.8642462, 55.4890333 ], [ 53.8664657, 55.488971 ], [ 53.8692527, 55.4888413 ], [ 53.878775, 55.488212 ], [ 53.88410831799586, 55.487003519884873 ] ], [ [ 53.88410831799586, 55.487003519884873 ], [ 53.881706, 55.4878351 ], [ 53.8769821, 55.488587 ], [ 53.8688258, 55.4889424 ], [ 53.8664764, 55.4890455 ], [ 53.8642555, 55.4891093 ], [ 53.8593686, 55.4892522 ], [ 53.8562921, 55.4893798 ], [ 53.8544252, 55.4895136 ], [ 53.8533148, 55.4896199 ], [ 53.8512763, 55.4898995 ], [ 53.8500291, 55.4901214 ], [ 53.8484198, 55.4904785 ], [ 53.8409981, 55.4925755 ], [ 53.8228583, 55.4978721 ], [ 53.8145824, 55.5003158 ], [ 53.8118456, 55.5011048 ], [ 53.809965, 55.5015646 ], [ 53.806859, 55.5022338 ], [ 53.7994386, 55.5038296 ], [ 53.790582, 55.5057307 ], [ 53.786964, 55.5065031 ], [ 53.7796171, 55.5080539 ], [ 53.7765983, 55.50872 ], [ 53.7744284, 55.5093921 ], [ 53.7724677, 55.5100338 ], [ 53.7704211, 55.5107036 ], [ 53.7684434, 55.5114455 ], [ 53.7641233, 55.5127934 ], [ 53.7581903, 55.5140904 ], [ 53.749491381408163, 55.515319565195888 ] ], [ [ 53.885331520060788, 55.48658009945688 ], [ 53.88410831799586, 55.487003519884873 ] ], [ [ 53.88410831799586, 55.487003519884873 ], [ 53.8844597, 55.4869239 ], [ 53.885331520060788, 55.48658009945688 ] ], [ [ 53.885331520060788, 55.48658009945688 ], [ 53.8917563, 55.4840465 ], [ 53.90036025984697, 55.480066108523594 ] ], [ [ 53.90036025984697, 55.480066108523594 ], [ 53.8973945, 55.4819116 ], [ 53.8893141, 55.4852015 ], [ 53.885331520060788, 55.48658009945688 ] ], [ [ 53.900816169154673, 55.479782411668552 ], [ 53.90036025984697, 55.480066108523594 ] ], [ [ 53.90036025984697, 55.480066108523594 ], [ 53.9005425, 55.4799818 ], [ 53.900816169154673, 55.479782411668552 ] ], [ [ 53.900816169154673, 55.479782411668552 ], [ 53.9063743, 55.4757329 ], [ 53.913039281239982, 55.472291759008577 ] ], [ [ 53.913039281239982, 55.472291759008577 ], [ 53.9040971, 55.4777408 ], [ 53.900816169154673, 55.479782411668552 ] ], [ [ 53.91579480688889, 55.470869076495006 ], [ 53.9145032, 55.4713997 ], [ 53.913039281239982, 55.472291759008577 ] ], [ [ 53.913039281239982, 55.472291759008577 ], [ 53.91579480688889, 55.470869076495006 ] ], [ [ 53.91579480688889, 55.470869076495006 ], [ 53.9193975, 55.469009 ], [ 53.936339, 55.462416 ] ], [ [ 53.941961026606492, 55.460355227575207 ], [ 53.9281207, 55.4658053 ], [ 53.91579480688889, 55.470869076495006 ] ] ] } },
{ "type": "Feature", "properties": { "ref": "Р-241", "fclass": "trunk" }, "geometry": { "type": "MultiLineString", "coordinates": [ [ [ 48.170767545699519, 54.726427517229915 ], [ 48.1728535, 54.7286429 ], [ 48.1736192, 54.7291895 ], [ 48.1744207, 54.7294592 ], [ 48.1780395, 54.7303201 ], [ 48.1786698, 54.7309907 ], [ 48.1800158, 54.7347865 ], [ 48.181057, 54.7381298 ], [ 48.1808699, 54.7385912 ], [ 48.1793554, 54.7399701 ], [ 48.1773828, 54.7416318 ], [ 48.1768831, 54.7423469 ], [ 48.1766072, 54.7431729 ], [ 48.1768286, 54.7438291 ], [ 48.1796255, 54.7474744 ], [ 48.1899264, 54.7587854 ], [ 48.1914398, 54.7604257 ], [ 48.1940977, 54.7633125 ], [ 48.1956828, 54.7649988 ], [ 48.2033716, 54.773428 ], [ 48.2069922, 54.7772128 ], [ 48.2208638, 54.7920483 ], [ 48.2240065, 54.7952997 ], [ 48.2335898, 54.8053587 ], [ 48.2354025, 54.8073316 ], [ 48.2366716, 54.8086536 ], [ 48.2388104, 54.8108951 ], [ 48.2396191, 54.8113332 ], [ 48.2412511, 54.8119218 ], [ 48.2415915, 54.8122902 ], [ 48.2414499, 54.8140341 ], [ 48.2423561, 54.8185927 ], [ 48.2438254, 54.8254328 ], [ 48.2439196, 54.8258196 ], [ 48.2441236, 54.8265639 ], [ 48.2457928, 54.8338303 ], [ 48.2506518, 54.8518355 ], [ 48.2514471, 54.8536344 ], [ 48.2620475, 54.8748817 ], [ 48.2626142, 54.8759879 ], [ 48.2646952, 54.8800548 ], [ 48.2654991, 54.881641 ], [ 48.2672717, 54.8851 ], [ 48.2675451, 54.8859272 ], [ 48.2677414, 54.8869326 ], [ 48.2691487, 54.8936855 ], [ 48.2709854, 54.9028286 ], [ 48.2711748, 54.9034 ], [ 48.271544, 54.9053412 ], [ 48.2718414, 54.9065588 ], [ 48.2809845, 54.9299932 ], [ 48.2818255, 54.9359823 ], [ 48.2824842, 54.937335 ], [ 48.2830995, 54.9383851 ], [ 48.2842834, 54.9404069 ], [ 48.286372, 54.9440467 ], [ 48.2868606, 54.9455106 ], [ 48.2871527, 54.9466205 ], [ 48.2872553, 54.9472393 ], [ 48.2867871, 54.9485863 ], [ 48.2847573, 54.9528781 ], [ 48.2838699, 54.9543985 ], [ 48.2828951, 54.9558296 ], [ 48.2816753, 54.9576482 ] ], [ [ 48.281981, 54.9593149 ], [ 48.2815587, 54.9593496 ], [ 48.2811877, 54.9592063 ], [ 48.281105, 54.9589611 ] ], [ [ 48.2815153, 54.958404 ], [ 48.2812659, 54.9587841 ], [ 48.2818493, 54.9587251 ] ], [ [ 48.2815723, 54.9580185 ], [ 48.2820323, 54.9587637 ] ], [ [ 48.2821319, 54.9588268 ], [ 48.2828982, 54.9590469 ] ], [ [ 48.2822301, 54.9590462 ], [ 48.2820569, 54.9592786 ], [ 48.2833426, 54.9590773 ], [ 48.2842859, 54.9589574 ], [ 48.2917507, 54.9580034 ], [ 48.2937267, 54.9580068 ], [ 48.2962308, 54.9585868 ], [ 48.2990381, 54.9599241 ], [ 48.3007584, 54.9610938 ], [ 48.3024959, 54.96252 ], [ 48.3071465, 54.9674819 ], [ 48.3092943, 54.9691825 ], [ 48.3130046, 54.9722651 ], [ 48.3148727, 54.9758582 ], [ 48.3155338, 54.9770392 ], [ 48.3202922, 54.982555 ], [ 48.3206332, 54.9837563 ], [ 48.3201046, 54.9868957 ], [ 48.3197028, 54.9895008 ], [ 48.3198207, 54.9905474 ] ], [ [ 48.3197253, 54.9912893 ], [ 48.319256, 54.9912975 ], [ 48.3187997, 54.9910036 ], [ 48.3190152, 54.9906306 ], [ 48.3196851, 54.9905508 ] ], [ [ 48.3199278, 54.9912172 ], [ 48.3201416, 54.9908435 ], [ 48.3206217, 54.9912857 ], [ 48.3224275, 54.9918683 ], [ 48.3256266, 54.9929003 ], [ 48.327475, 54.99349 ], [ 48.3426521, 54.9984983 ], [ 48.3489916, 54.9996474 ], [ 48.3593717, 55.0013475 ], [ 48.3608507, 55.001635 ], [ 48.362656, 55.0022692 ], [ 48.3649886, 55.0031905 ], [ 48.3686233, 55.0045894 ], [ 48.376586, 55.0076588 ], [ 48.3969381, 55.0156188 ], [ 48.4057214, 55.0195556 ], [ 48.411256, 55.0237374 ], [ 48.4158469, 55.0296111 ], [ 48.4260512, 55.0443052 ], [ 48.4279096, 55.0469054 ], [ 48.4296109, 55.0494656 ], [ 48.4327424, 55.0541447 ], [ 48.4394339, 55.0631858 ], [ 48.4596266, 55.0887034 ], [ 48.4867491, 55.1237082 ], [ 48.4933461, 55.1323094 ], [ 48.5094785, 55.1532063 ], [ 48.515702, 55.1614701 ], [ 48.5172912, 55.1631078 ], [ 48.5279821, 55.1708806 ], [ 48.5306943, 55.1727595 ], [ 48.5395298, 55.1791846 ], [ 48.5415355, 55.1805691 ], [ 48.544247, 55.1825412 ], [ 48.5740694, 55.2039268 ], [ 48.5817253, 55.2086752 ], [ 48.5875792, 55.2120454 ], [ 48.5921086, 55.2135797 ], [ 48.5956842, 55.2149791 ], [ 48.5978174, 55.2164692 ], [ 48.5989997, 55.2178708 ], [ 48.5999351, 55.2203666 ], [ 48.5996612, 55.2232159 ], [ 48.5952362, 55.2341477 ], [ 48.5924833, 55.2408445 ], [ 48.588313, 55.2513903 ], [ 48.587259, 55.255746 ], [ 48.5875388, 55.2581596 ], [ 48.5889314, 55.2613269 ], [ 48.5907022, 55.2636839 ], [ 48.5983231, 55.2720936 ], [ 48.6032486, 55.2775276 ], [ 48.6059033, 55.2804891 ], [ 48.6183664, 55.2941885 ], [ 48.6203937, 55.2970445 ], [ 48.6211681, 55.3017133 ], [ 48.6225668, 55.3083549 ], [ 48.624054, 55.3109673 ], [ 48.6247643, 55.3120523 ], [ 48.6253966, 55.3130117 ], [ 48.6272147, 55.3145224 ], [ 48.6372602, 55.3176903 ], [ 48.6397416, 55.3186674 ], [ 48.6407258, 55.3192098 ], [ 48.6458649, 55.323357 ], [ 48.6503347, 55.327332 ], [ 48.6757823, 55.350587 ], [ 48.6778398, 55.3542179 ], [ 48.6796612, 55.3637486 ], [ 48.6807141, 55.3666683 ], [ 48.6831859, 55.3692135 ], [ 48.6941396, 55.3760564 ], [ 48.6970726, 55.3781639 ], [ 48.6981769, 55.3793101 ], [ 48.6986536, 55.3801375 ], [ 48.6989084, 55.3815768 ], [ 48.6988279, 55.3829002 ], [ 48.698431, 55.3840295 ], [ 48.6973206, 55.3858805 ], [ 48.6961364, 55.3875389 ], [ 48.6941931, 55.3900504 ], [ 48.6935896, 55.3911122 ], [ 48.6931764, 55.3923225 ], [ 48.6927396, 55.3945847 ], [ 48.6906734, 55.4067368 ], [ 48.6903682, 55.4086779 ], [ 48.6919974, 55.4256579 ], [ 48.6933544, 55.4278734 ], [ 48.6984908, 55.430251 ], [ 48.7139137, 55.4371127 ], [ 48.7150476, 55.4380017 ], [ 48.7172125, 55.441082 ], [ 48.718236, 55.4452578 ], [ 48.7178441, 55.4529547 ], [ 48.7167743, 55.4557662 ], [ 48.71558, 55.4599258 ], [ 48.7168055, 55.4787986 ], [ 48.717779, 55.4887778 ], [ 48.7191048, 55.4911645 ], [ 48.7291, 55.501034 ], [ 48.7325292, 55.5045254 ], [ 48.7338116, 55.5063851 ], [ 48.7344811, 55.5087732 ], [ 48.7341335, 55.5102659 ], [ 48.7331346, 55.5119946 ] ], [ [ 48.7088261, 55.5457522 ], [ 48.7115226, 55.551558 ], [ 48.7128847, 55.554524 ], [ 48.7153154, 55.5598652 ], [ 48.7158858, 55.5626067 ], [ 48.7183675, 55.5766221 ], [ 48.7188518, 55.5788635 ], [ 48.7192538, 55.5798156 ], [ 48.7195473, 55.580309 ], [ 48.7214927, 55.5823358 ], [ 48.7235616, 55.5836517 ], [ 48.7288496, 55.587302 ], [ 48.7307366, 55.5892396 ], [ 48.7323217, 55.5916009 ], [ 48.7334304, 55.5946573 ], [ 48.7339193, 55.6002676 ], [ 48.7330691, 55.6046606 ], [ 48.7331588, 55.6060797 ], [ 48.7337653, 55.6070826 ], [ 48.7354506, 55.6096611 ], [ 48.7410138, 55.6176227 ], [ 48.7458197, 55.6210884 ], [ 48.7515056, 55.6235845 ], [ 48.7878951, 55.6362398 ], [ 48.7901324, 55.6367924 ], [ 48.8013147, 55.6393422 ], [ 48.8162525, 55.6428474 ], [ 48.8220582, 55.6441462 ], [ 48.8364346, 55.6479535 ], [ 48.8452061, 55.651138 ], [ 48.8519032, 55.6548854 ], [ 48.8568198, 55.6590761 ], [ 48.857243, 55.6595202 ], [ 48.8577358, 55.6600993 ], [ 48.860334333816873, 55.663029592938109 ] ], [ [ 48.7088261, 55.5457522 ], [ 48.706582, 55.542107 ], [ 48.7064025, 55.5393029 ], [ 48.7062073, 55.5380019 ], [ 48.70636, 55.5371532 ], [ 48.7066807, 55.5361744 ], [ 48.7070187, 55.5354506 ], [ 48.7075004, 55.5346407 ], [ 48.7084435, 55.5334375 ], [ 48.7094846, 55.5324039 ], [ 48.7112282, 55.5309482 ], [ 48.7125932, 55.5298065 ], [ 48.7172155, 55.5260576 ] ], [ [ 48.7088261, 55.5457522 ], [ 48.7080921, 55.542599 ], [ 48.7068181, 55.540461 ], [ 48.7065146, 55.5388463 ], [ 48.7064058, 55.5377192 ], [ 48.70671, 55.5365305 ], [ 48.7072172, 55.5353865 ], [ 48.7076544, 55.5346648 ], [ 48.708586, 55.53348 ], [ 48.7092396, 55.5328281 ], [ 48.7101896, 55.5320027 ], [ 48.713066, 55.5295742 ], [ 48.7140364, 55.5287609 ], [ 48.7172155, 55.5260576 ] ], [ [ 48.7172155, 55.5260576 ], [ 48.7286441, 55.5165855 ], [ 48.7306879, 55.5148263 ] ], [ [ 48.7331346, 55.5119946 ], [ 48.7306879, 55.5148263 ] ], [ [ 48.7306879, 55.5148263 ], [ 48.7318939, 55.5136293 ], [ 48.7324169, 55.5129435 ], [ 48.7331346, 55.5119946 ] ], [ [ 48.8871745, 55.7106277 ], [ 48.8839834, 55.7117489 ], [ 48.8797648, 55.7124246 ], [ 48.867657, 55.7141746 ], [ 48.8479033, 55.7172151 ], [ 48.8407935, 55.7190209 ], [ 48.8259106, 55.723849 ], [ 48.8241086, 55.7244242 ], [ 48.8037707, 55.7309159 ], [ 48.7952093, 55.7331627 ], [ 48.7898493, 55.7349309 ], [ 48.784999, 55.7370655 ], [ 48.7840802, 55.7374614 ] ], [ [ 48.8585305, 55.6610151 ], [ 48.860334333816873, 55.663029592938109 ] ], [ [ 48.860334333816873, 55.663029592938109 ], [ 48.8661514, 55.669526 ], [ 48.8683004, 55.6720127 ] ], [ [ 48.860334333816873, 55.663029592938109 ], [ 48.8683004, 55.6720127 ] ], [ [ 48.8683004, 55.6720127 ], [ 48.8685516, 55.6723634 ], [ 48.8686127, 55.6724654 ], [ 48.8687491, 55.672693 ] ], [ [ 48.8683004, 55.6720127 ], [ 48.8687491, 55.672693 ] ], [ [ 48.8687491, 55.672693 ], [ 48.8691062, 55.673289 ], [ 48.8696729, 55.6743607 ], [ 48.8698109, 55.6747034 ] ], [ [ 48.8687491, 55.672693 ], [ 48.8698109, 55.6747034 ] ], [ [ 48.8698109, 55.6747034 ], [ 48.8700126, 55.6752042 ], [ 48.8703507, 55.6763774 ], [ 48.8703839, 55.6764924 ] ], [ [ 48.8698109, 55.6747034 ], [ 48.8703839, 55.6764924 ] ], [ [ 48.8703839, 55.6764924 ], [ 48.8705541, 55.677359 ], [ 48.8705902, 55.6781557 ], [ 48.8707922, 55.6826169 ] ], [ [ 48.8703839, 55.6764924 ], [ 48.8707922, 55.6826169 ] ], [ [ 48.8707922, 55.6826169 ], [ 48.8715132, 55.6855695 ] ], [ [ 48.8707922, 55.6826169 ], [ 48.8709882, 55.6837479 ], [ 48.871246, 55.6848324 ], [ 48.8715132, 55.6855695 ] ], [ [ 48.8715132, 55.6855695 ], [ 48.8725903, 55.6875652 ] ], [ [ 48.8715132, 55.6855695 ], [ 48.8718855, 55.6863703 ], [ 48.8721957, 55.6869372 ], [ 48.8725903, 55.6875652 ] ], [ [ 48.8725903, 55.6875652 ], [ 48.8739389, 55.6891713 ] ], [ [ 48.8725903, 55.6875652 ], [ 48.8729152, 55.6880405 ], [ 48.8733587, 55.6885667 ], [ 48.8739389, 55.6891713 ] ], [ [ 48.8739389, 55.6891713 ], [ 48.877867514321082, 55.692616656633724 ] ], [ [ 48.8739389, 55.6891713 ], [ 48.87514, 55.690271 ], [ 48.877867514321082, 55.692616656633724 ] ], [ [ 48.877867514321082, 55.692616656633724 ], [ 48.8818599, 55.6960501 ], [ 48.8834601, 55.6975213 ] ], [ [ 48.877867514321082, 55.692616656633724 ], [ 48.8834601, 55.6975213 ] ], [ [ 48.8834601, 55.6975213 ], [ 48.8836019, 55.6976565 ], [ 48.8846581, 55.6986632 ], [ 48.8873848, 55.7014483 ] ], [ [ 48.8834601, 55.6975213 ], [ 48.8873848, 55.7014483 ] ], [ [ 48.8871745, 55.7106277 ], [ 48.8888141, 55.7094932 ], [ 48.8899192, 55.7083243 ], [ 48.8904333, 55.7071995 ], [ 48.8904607, 55.7057783 ], [ 48.8896633, 55.7039498 ] ], [ [ 48.8871745, 55.7106277 ], [ 48.8882184, 55.7101636 ], [ 48.8903356, 55.7091668 ] ], [ [ 48.8873848, 55.7014483 ], [ 48.8879181, 55.702018 ], [ 48.8896633, 55.7039498 ] ], [ [ 48.8896633, 55.7039498 ], [ 48.891459918145287, 55.705949343251021 ] ], [ [ 48.890728660263953, 55.708948216730775 ], [ 48.8905475, 55.7090222 ], [ 48.8903893, 55.7090571 ], [ 48.8902005, 55.7090711 ], [ 48.8900189, 55.709053 ], [ 48.8898678, 55.7090044 ], [ 48.8897633, 55.7089352 ], [ 48.8897098, 55.7088438 ], [ 48.8896984, 55.7087301 ], [ 48.8897551, 55.7085477 ] ], [ [ 48.890728660263953, 55.708948216730775 ], [ 48.8903356, 55.7091668 ] ], [ [ 48.8903356, 55.7091668 ], [ 48.890786, 55.7089248 ], [ 48.890728660263953, 55.708948216730775 ] ], [ [ 48.8905497, 55.7062327 ], [ 48.890638, 55.7060513 ], [ 48.8907384, 55.7059683 ], [ 48.8908661, 55.7059202 ], [ 48.8910586, 55.7058973 ], [ 48.8912861, 55.7059117 ], [ 48.891459918145287, 55.705949343251021 ] ], [ [ 48.891459918145287, 55.705949343251021 ], [ 48.8923424, 55.7069315 ], [ 48.8924282, 55.7074699 ], [ 48.8922859, 55.7078944 ], [ 48.8916269, 55.7084487 ], [ 48.890728660263953, 55.708948216730775 ] ], [ [ 48.891459918145287, 55.705949343251021 ], [ 48.8914865, 55.7059551 ], [ 48.8916784, 55.7060553 ] ] ] } },
{ "type": "Feature", "properties": { "ref": "М-5", "fclass": "trunk" }, "geometry": { "type": "MultiLineString", "coordinates": [ [ [ 52.963516725331701, 54.268131372445708 ], [ 52.9697086, 54.2690283 ], [ 52.9733148, 54.2697859 ], [ 52.9747115, 54.2701863 ], [ 52.9761177, 54.2706728 ], [ 52.9796526, 54.2722589 ] ], [ [ 52.998549211988745, 54.288427892185936 ], [ 53.018910926092822, 54.306614692151562 ] ], [ [ 53.057505388115239, 54.352276542019652 ], [ 53.0684569, 54.3614893 ], [ 53.0842037, 54.373295 ], [ 53.1041445, 54.3878456 ], [ 53.1140345, 54.395073 ], [ 53.122378, 54.4010752 ], [ 53.1335361, 54.4079394 ], [ 53.1440908, 54.4143271 ], [ 53.1533862, 54.4199983 ], [ 53.156621, 54.4219208 ] ], [ [ 53.156621, 54.4219208 ], [ 53.1575824, 54.422359 ], [ 53.1581372, 54.4225126 ], [ 53.1583572, 54.422643 ], [ 53.1589388, 54.423248 ], [ 53.1591246, 54.4234084 ] ], [ [ 53.1593847, 54.4236147 ], [ 53.1587747, 54.4233046 ], [ 53.1583239, 54.4231326 ], [ 53.1578169, 54.4229844 ], [ 53.1576311, 54.4228794 ], [ 53.1573986, 54.4226265 ], [ 53.1568377, 54.4220602 ] ], [ [ 53.1593847, 54.4236147 ], [ 53.1657343, 54.4274592 ], [ 53.1699749, 54.4294795 ], [ 53.1898556, 54.4353429 ], [ 53.2086513, 54.4407673 ], [ 53.2159938, 54.4428779 ], [ 53.2313443, 54.4472899 ], [ 53.239482, 54.4495852 ], [ 53.2639089, 54.4555626 ], [ 53.2738113, 54.457058 ], [ 53.2759015, 54.4574791 ], [ 53.2769185, 54.4578507 ], [ 53.2830137, 54.4602375 ], [ 53.2856608, 54.4613214 ], [ 53.2870038, 54.4619152 ], [ 53.2910137, 54.4638534 ], [ 53.297223, 54.466838 ], [ 53.3023369, 54.4693344 ], [ 53.3049457, 54.4705543 ], [ 53.3094745, 54.4722609 ], [ 53.3133594, 54.4735492 ], [ 53.3151892, 54.4739384 ], [ 53.3235619, 54.4753535 ], [ 53.3256645, 54.4757182 ], [ 53.330347, 54.4763079 ], [ 53.3408663, 54.4774446 ], [ 53.3439907, 54.4778454 ], [ 53.3487051, 54.4784816 ], [ 53.3537766, 54.4791309 ], [ 53.367459, 54.4805975 ], [ 53.3727085, 54.4811666 ], [ 53.3785543, 54.4818098 ], [ 53.3817816, 54.4821388 ], [ 53.384234, 54.4821252 ], [ 53.3864784, 54.4818357 ], [ 53.3883545, 54.4813517 ], [ 53.3955767, 54.4787871 ], [ 53.4000042, 54.4772259 ], [ 53.4012002, 54.4768032 ], [ 53.4050916, 54.4752998 ], [ 53.4078958, 54.4739817 ] ] ] } },
{ "type": "Feature", "properties": { "ref": "16К-1091", "fclass": "trunk" }, "geometry": { "type": "MultiLineString", "coordinates": [ [ [ 49.7027284, 55.6100244 ], [ 49.6974785, 55.6190105 ], [ 49.6903779, 55.6317925 ], [ 49.6871616, 55.6394585 ], [ 49.686196, 55.6466395 ], [ 49.6877624, 55.6534318 ], [ 49.6886851, 55.6555866 ], [ 49.6916892, 55.6608886 ] ], [ [ 49.6990105, 55.671211 ], [ 49.6913445, 55.6609389 ], [ 49.688222, 55.6553952 ], [ 49.6864307, 55.6504069 ], [ 49.6859157, 55.644595 ], [ 49.6886837, 55.6345129 ], [ 49.6972539, 55.618978 ], [ 49.7022773, 55.6103192 ] ], [ [ 49.7027284, 55.6100244 ], [ 49.7078056, 55.6011763 ], [ 49.7176276, 55.5840608 ], [ 49.7261194, 55.5693458 ], [ 49.7305261, 55.5624866 ], [ 49.735575, 55.5562129 ], [ 49.738017, 55.553706 ], [ 49.7408962, 55.5510776 ] ], [ [ 49.7408962, 55.5510776 ], [ 49.7454178, 55.5474798 ], [ 49.7466513, 55.5464876 ], [ 49.7504058, 55.5435968 ], [ 49.7549916, 55.5415242 ], [ 49.7601706, 55.5388621 ], [ 49.7666403, 55.5355312 ], [ 49.7728042, 55.5320774 ], [ 49.7795629, 55.5294509 ] ], [ [ 49.7795629, 55.5294509 ], [ 49.7715545, 55.53344 ], [ 49.7644803, 55.5368882 ], [ 49.7531587, 55.5428451 ], [ 49.7470164, 55.5466343 ], [ 49.7422904, 55.550015 ] ], [ [ 49.9344381, 55.3822149 ], [ 49.9260672, 55.3822994 ], [ 49.915075, 55.3825062 ], [ 49.906997, 55.38296 ], [ 49.9020664, 55.3834954 ], [ 49.8993807, 55.3838736 ], [ 49.892665, 55.385225 ], [ 49.8833984, 55.388399 ], [ 49.8783476, 55.3910963 ], [ 49.8741918, 55.3939958 ], [ 49.872035, 55.395819 ], [ 49.8702382, 55.3975471 ], [ 49.8652074, 55.4033865 ], [ 49.864086, 55.4049569 ], [ 49.8583466, 55.4133269 ], [ 49.8558889, 55.4170423 ], [ 49.8548809, 55.4192808 ], [ 49.8545063, 55.4208097 ], [ 49.8543198, 55.4225166 ], [ 49.8549375, 55.4264392 ], [ 49.8574954, 55.4367617 ], [ 49.8575862, 55.4406288 ], [ 49.8530578, 55.4591174 ], [ 49.8502428, 55.4698316 ], [ 49.8487919, 55.4750786 ], [ 49.8476477, 55.4788071 ], [ 49.8450464, 55.4854265 ], [ 49.843829, 55.4878006 ], [ 49.840664, 55.4927684 ], [ 49.8351379, 55.4988798 ], [ 49.8305487, 55.5026694 ], [ 49.8196792, 55.509619 ], [ 49.8082846, 55.5155489 ], [ 49.8007592, 55.5192349 ], [ 49.7891808, 55.5248365 ] ] ] } },
{ "type": "Feature", "properties": { "ref": "16К-0747", "fclass": "trunk" }, "geometry": { "type": "MultiLineString", "coordinates": [ [ [ 49.2292012, 55.887403 ], [ 49.230085, 55.8870319 ], [ 49.2302567, 55.8866878 ], [ 49.230435, 55.8865223 ], [ 49.2307361, 55.8864354 ] ], [ [ 49.2345704, 55.8861624 ], [ 49.2335746, 55.8867194 ], [ 49.2327628, 55.8874329 ], [ 49.2321047, 55.8874678 ], [ 49.2314637, 55.8871744 ], [ 49.2309608, 55.8870706 ], [ 49.2298576, 55.8873472 ] ], [ [ 49.23102, 55.8864371 ], [ 49.2305249, 55.8865584 ], [ 49.230478, 55.8867194 ], [ 49.2306697, 55.8868066 ], [ 49.231294, 55.8866686 ] ], [ [ 49.23102, 55.8864371 ], [ 49.2318776, 55.8863552 ], [ 49.2354578, 55.8849978 ], [ 49.2360553, 55.8849928 ], [ 49.236454, 55.8852447 ], [ 49.2363638, 55.8855681 ], [ 49.2359735, 55.8857668 ], [ 49.2350263, 55.8860233 ] ], [ [ 49.2323723, 55.8865277 ], [ 49.2315535, 55.8868777 ], [ 49.2315054, 55.8869899 ], [ 49.2316391, 55.8871477 ], [ 49.2319385, 55.8871736 ], [ 49.2324765, 55.8869431 ], [ 49.23325, 55.8865463 ], [ 49.2339152, 55.8863229 ] ] ] } },
{ "type": "Feature", "properties": { "ref": null, "fclass": "motorway" }, "geometry": { "type": "MultiLineString", "coordinates": [ [ [ 52.0188153, 54.8668402 ], [ 52.01859, 54.866476 ], [ 52.0181715, 54.8661611 ], [ 52.0177424, 54.8659326 ], [ 52.0171738, 54.8656733 ], [ 52.0163584, 54.8655622 ], [ 52.01469, 54.865598 ], [ 52.013217, 54.865702 ], [ 52.011734, 54.865738 ], [ 52.010436, 54.865714 ], [ 51.9981354, 54.8650172 ], [ 51.995255, 54.864854 ], [ 51.992269, 54.864634 ], [ 51.989527, 54.864371 ], [ 51.985424, 54.863868 ], [ 51.981139, 54.863198 ], [ 51.960319, 54.859524 ], [ 51.957569, 54.858993 ], [ 51.954863, 54.858405 ], [ 51.952431, 54.857819 ], [ 51.9503544, 54.8572686 ], [ 51.949903, 54.857149 ], [ 51.911566, 54.846386 ], [ 51.907959, 54.845468 ], [ 51.904509, 54.844704 ], [ 51.874376, 54.839115 ], [ 51.85244, 54.834991 ], [ 51.8496065, 54.8346595 ], [ 51.8471114, 54.8345149 ], [ 51.8446143, 54.8343844 ], [ 51.842848, 54.8343088 ], [ 51.839816, 54.834367 ], [ 51.838001, 54.834512 ], [ 51.834649, 54.834941 ], [ 51.832528, 54.835326 ], [ 51.821969, 54.837481 ], [ 51.748319, 54.855585 ], [ 51.744903, 54.856324 ], [ 51.741649, 54.856932 ], [ 51.737909, 54.857521 ], [ 51.73457, 54.85795 ], [ 51.730789, 54.858331 ], [ 51.713371, 54.859773 ], [ 51.674339, 54.86339 ], [ 51.6499385, 54.8648979 ], [ 51.6420345, 54.8652326 ], [ 51.6245306, 54.8653752 ] ] ] } },
{ "type": "Feature", "properties": { "ref": null, "fclass": "secondary_link" }, "geometry": { "type": "MultiLineString", "coordinates": [ [ [ 48.449637577963074, 55.72347607046828 ], [ 48.4455401, 55.7235391 ], [ 48.415178, 55.7266837 ], [ 48.4030537, 55.7279481 ], [ 48.398735, 55.7281691 ], [ 48.393531, 55.7281345 ], [ 48.374766, 55.7270821 ], [ 48.3659945, 55.7266779 ], [ 48.3622839, 55.7267082 ], [ 48.3575238, 55.72697 ], [ 48.3529276, 55.7274484 ], [ 48.3498055, 55.7277143 ], [ 48.3431355, 55.72796 ], [ 48.3303219, 55.7289301 ], [ 48.3267224, 55.7295086 ], [ 48.3208216, 55.7300642 ], [ 48.2994926, 55.7315203 ], [ 48.2880127, 55.7321879 ], [ 48.2792956, 55.7323903 ], [ 48.2648921, 55.7333659 ], [ 48.2586499, 55.7338446 ], [ 48.2559087, 55.7343435 ], [ 48.2537219, 55.7348697 ], [ 48.251922305245635, 55.735472122083195 ] ], [ [ 48.2593252, 55.7336797 ], [ 48.2614903, 55.7334422 ], [ 48.264473, 55.7332645 ], [ 48.2745685, 55.7325721 ], [ 48.2890276, 55.7316077 ], [ 48.2994395, 55.7308805 ], [ 48.3125885, 55.7300043 ], [ 48.3330752, 55.7286005 ], [ 48.344247, 55.7277351 ], [ 48.3497196, 55.7271554 ], [ 48.3532559, 55.7269237 ], [ 48.3593379, 55.7267005 ], [ 48.3670437, 55.7265494 ], [ 48.3762096, 55.7269882 ], [ 48.3935377, 55.7279196 ], [ 48.404017, 55.7276923 ], [ 48.415113, 55.7265154 ], [ 48.4349015, 55.7244278 ], [ 48.4453368, 55.7233988 ], [ 48.449637577963074, 55.72347607046828 ] ], [ [ 48.449637577963074, 55.72347607046828 ], [ 48.454023960972059, 55.72355487897039 ] ], [ [ 48.454023960972059, 55.72355487897039 ], [ 48.4514104, 55.7234488 ], [ 48.449637577963074, 55.72347607046828 ] ], [ [ 48.454023960972059, 55.72355487897039 ], [ 48.4622181, 55.7237021 ], [ 48.4707424, 55.7240896 ], [ 48.4765077, 55.7243343 ], [ 48.4811378, 55.7245208 ], [ 48.4880823, 55.7248426 ], [ 48.4998003, 55.7253517 ], [ 48.5052328, 55.725604 ], [ 48.5186812, 55.7256839 ], [ 48.5340577, 55.7240831 ], [ 48.5439194, 55.7229828 ], [ 48.5465848, 55.7226673 ], [ 48.5510678, 55.7221734 ], [ 48.5532225, 55.7219211 ], [ 48.5586675, 55.7212599 ], [ 48.5626675, 55.7207537 ], [ 48.5703143, 55.7200692 ], [ 48.5797021, 55.7194965 ], [ 48.5878989, 55.7190508 ], [ 48.5958791, 55.7185273 ], [ 48.5988271, 55.7183544 ], [ 48.6012787, 55.7183456 ], [ 48.603665, 55.7185802 ], [ 48.606403, 55.7192815 ], [ 48.6077817, 55.7197132 ], [ 48.6099496, 55.7203971 ], [ 48.6122761, 55.7211111 ], [ 48.6149133, 55.7215768 ], [ 48.6167574, 55.7216996 ], [ 48.6188599, 55.7216584 ], [ 48.6211297, 55.721396 ], [ 48.6230883, 55.7209405 ], [ 48.6246589, 55.7204062 ], [ 48.6278303, 55.7190688 ], [ 48.630973, 55.717665 ], [ 48.6329215, 55.7167597 ], [ 48.6368471, 55.7149049 ], [ 48.6403445, 55.7135528 ], [ 48.6427304, 55.7128861 ], [ 48.6458472, 55.7122168 ], [ 48.6482296, 55.7117356 ], [ 48.6501566, 55.7112426 ], [ 48.6550863, 55.71025 ], [ 48.6581, 55.7097619 ], [ 48.6615848, 55.709318 ], [ 48.6638405, 55.7090851 ], [ 48.6676029, 55.7086854 ], [ 48.6730816, 55.7085137 ], [ 48.6774258, 55.7088075 ], [ 48.6857223, 55.7098737 ], [ 48.6939431, 55.7110947 ], [ 48.6983147, 55.7119623 ], [ 48.7041146, 55.7133475 ], [ 48.7091429, 55.7142679 ], [ 48.712924, 55.7148576 ], [ 48.7232606, 55.7164581 ], [ 48.7310815, 55.7179173 ], [ 48.7363306, 55.7190746 ], [ 48.7407473, 55.7201849 ], [ 48.7452485, 55.7214568 ], [ 48.7489081, 55.7224963 ], [ 48.7522477, 55.7236289 ], [ 48.7552143, 55.7248078 ], [ 48.7580515, 55.7261597 ], [ 48.7605365, 55.7272087 ], [ 48.7688824, 55.7301492 ], [ 48.7736429, 55.7319862 ] ], [ [ 48.7791546, 55.7349376 ], [ 48.7745473, 55.7326062 ], [ 48.7693169, 55.7304605 ], [ 48.7644526, 55.728836 ], [ 48.7597522, 55.727279 ], [ 48.7530627, 55.7247079 ], [ 48.7508483, 55.7238758 ], [ 48.7437605, 55.7212272 ], [ 48.7405655, 55.7202889 ], [ 48.7367889, 55.719329 ], [ 48.7287411, 55.7176388 ], [ 48.7211674, 55.7162388 ], [ 48.7150436, 55.7153093 ], [ 48.710991, 55.7146832 ], [ 48.7078773, 55.7142048 ], [ 48.7010607, 55.7131379 ], [ 48.684942, 55.7104872 ], [ 48.6759303, 55.7092888 ], [ 48.6701458, 55.709012 ], [ 48.6661072, 55.7090589 ], [ 48.6619318, 55.7094288 ], [ 48.6597149, 55.7096791 ], [ 48.6578058, 55.7099372 ], [ 48.6540372, 55.7105652 ], [ 48.6512085, 55.711165 ], [ 48.6488315, 55.7117043 ], [ 48.6459976, 55.7124438 ], [ 48.6428719, 55.7133842 ], [ 48.6334324, 55.716943 ], [ 48.628929, 55.7192851 ], [ 48.6221604, 55.7216961 ], [ 48.6186491, 55.7220662 ], [ 48.6169367, 55.7220351 ], [ 48.614988, 55.7218427 ], [ 48.6129611, 55.7214723 ], [ 48.6110513, 55.7209218 ], [ 48.6079915, 55.7199586 ], [ 48.6046837, 55.7189788 ], [ 48.6028535, 55.7186634 ], [ 48.6005404, 55.7185011 ], [ 48.5979675, 55.7185811 ], [ 48.5777906, 55.7202049 ], [ 48.5727848, 55.7205372 ], [ 48.558766, 55.7215184 ], [ 48.5541159, 55.7219609 ], [ 48.5511268, 55.7223282 ], [ 48.5483608, 55.722646 ], [ 48.5461875, 55.7228748 ], [ 48.5432897, 55.7231665 ], [ 48.5306425, 55.7246319 ], [ 48.5215884, 55.7256795 ], [ 48.5135792, 55.7260175 ], [ 48.5036427, 55.7256955 ], [ 48.4927449, 55.7252227 ], [ 48.4799829, 55.7246538 ], [ 48.4770873, 55.7245368 ], [ 48.4698501, 55.7242093 ], [ 48.4639634, 55.7239583 ], [ 48.454023960972059, 55.72355487897039 ] ], [ [ 48.7736429, 55.7319862 ], [ 48.7786509, 55.7344863 ], [ 48.7802038, 55.7353957 ] ], [ [ 48.7797718, 55.7397435 ], [ 48.7783607, 55.7405318 ] ], [ [ 48.782719878898014, 55.73720744879077 ], [ 48.7791546, 55.7349376 ] ], [ [ 48.7791546, 55.7349376 ], [ 48.7793098, 55.735164 ], [ 48.7794585, 55.7353854 ], [ 48.7795504, 55.7357124 ], [ 48.779566, 55.7359563 ], [ 48.7794843, 55.7364521 ], [ 48.7792218, 55.7374583 ], [ 48.7790179, 55.7385395 ], [ 48.7788033, 55.7394394 ], [ 48.7782884, 55.7404541 ], [ 48.779078, 55.7400024 ], [ 48.7828035, 55.7380247 ] ], [ [ 48.7797718, 55.7397435 ], [ 48.7828726, 55.7380682 ] ], [ [ 48.786637323824543, 55.73998289689748 ], [ 48.7860793, 55.7397504 ], [ 48.7856195, 55.7396261 ], [ 48.7852818, 55.7395681 ], [ 48.7848871, 55.7395284 ], [ 48.7843211, 55.7395131 ], [ 48.7833946, 55.7395095 ], [ 48.7811335, 55.7395285 ], [ 48.7806417, 55.739567 ], [ 48.7802199, 55.7396353 ], [ 48.7797718, 55.7397435 ] ], [ [ 48.7802038, 55.7353957 ], [ 48.7811061, 55.7356481 ], [ 48.7819606, 55.7357757 ], [ 48.7849752, 55.7358215 ], [ 48.7881097, 55.7355873 ] ], [ [ 48.7802038, 55.7353957 ], [ 48.7831844, 55.7372451 ] ], [ [ 48.782719878898014, 55.73720744879077 ], [ 48.7830143, 55.7373249 ] ], [ [ 48.783486051151563, 55.737695235360341 ], [ 48.782719878898014, 55.73720744879077 ] ], [ [ 48.7828035, 55.7380247 ], [ 48.7814597, 55.7384783 ], [ 48.7810312, 55.7385744 ], [ 48.7806546, 55.7385986 ], [ 48.7803643, 55.7385726 ], [ 48.7800792, 55.7384911 ], [ 48.7798511, 55.7383559 ], [ 48.779738, 55.7382345 ], [ 48.7796743, 55.7380923 ], [ 48.7796808, 55.7379183 ], [ 48.7797538, 55.7377799 ], [ 48.7798775, 55.7376358 ], [ 48.7801252, 55.7374702 ], [ 48.7809381, 55.7371006 ], [ 48.7812602, 55.7370049 ], [ 48.781502, 55.7369718 ], [ 48.7817116, 55.7369569 ], [ 48.781994, 55.7369725 ], [ 48.7822347, 55.7370139 ], [ 48.782719878898014, 55.73720744879077 ] ], [ [ 48.7828035, 55.7380247 ], [ 48.7830838, 55.7378874 ], [ 48.783486051151563, 55.737695235360341 ] ], [ [ 48.7828726, 55.7380682 ], [ 48.7825058, 55.7383185 ], [ 48.7823762, 55.7384651 ], [ 48.782313, 55.7385992 ], [ 48.782304, 55.7387358 ], [ 48.7823369, 55.738854 ], [ 48.7824177, 55.7389787 ], [ 48.7825682, 55.739099 ], [ 48.7828248, 55.7391993 ], [ 48.7831159, 55.7392512 ], [ 48.7834559, 55.7392637 ], [ 48.783776, 55.7392168 ], [ 48.7840112, 55.73913 ], [ 48.7841878, 55.738996 ], [ 48.7842902, 55.738862 ], [ 48.7843347, 55.7387115 ], [ 48.784347, 55.738561 ], [ 48.7843226, 55.7384384 ], [ 48.7842461, 55.7382949 ], [ 48.7840714, 55.7380679 ] ], [ [ 48.783532283586879, 55.737724669421574 ], [ 48.783137, 55.7379146 ], [ 48.7828726, 55.7380682 ] ], [ [ 48.7831844, 55.7372451 ], [ 48.783672743652303, 55.737606048052882 ] ], [ [ 48.783672743652303, 55.737606048052882 ], [ 48.7840377, 55.7374317 ], [ 48.7845241, 55.7371885 ], [ 48.7847863, 55.7369291 ], [ 48.7848602, 55.7367727 ], [ 48.7848731, 55.736645 ], [ 48.7848539, 55.7365294 ], [ 48.7847876, 55.736385 ], [ 48.7846608, 55.7362574 ], [ 48.7845072, 55.7361781 ], [ 48.7843067, 55.7361184 ], [ 48.7840397, 55.7360875 ], [ 48.7837996, 55.7360929 ], [ 48.7835155, 55.7361236 ], [ 48.7832359, 55.7362035 ], [ 48.7830478, 55.7362933 ], [ 48.7829187, 55.7364103 ], [ 48.7828416, 55.7365283 ], [ 48.7828001, 55.7366687 ], [ 48.7828103, 55.7368222 ], [ 48.7828741, 55.7369757 ], [ 48.7831844, 55.7372451 ] ], [ [ 48.783532283586879, 55.737724669421574 ], [ 48.783486051151563, 55.737695235360341 ] ], [ [ 48.783486051151563, 55.737695235360341 ], [ 48.783672743652303, 55.737606048052882 ] ], [ [ 48.7840714, 55.7380679 ], [ 48.783532283586879, 55.737724669421574 ] ], [ [ 48.783714667757359, 55.737637035297247 ], [ 48.783532283586879, 55.737724669421574 ] ], [ [ 48.783672743652303, 55.737606048052882 ], [ 48.783714667757359, 55.737637035297247 ] ], [ [ 48.783714667757359, 55.737637035297247 ], [ 48.7845088, 55.738224 ] ], [ [ 48.7840802, 55.7374614 ], [ 48.783714667757359, 55.737637035297247 ] ], [ [ 48.786637323824543, 55.73998289689748 ], [ 48.7840714, 55.7380679 ] ], [ [ 48.7845088, 55.738224 ], [ 48.7847208, 55.7383303 ], [ 48.7848644, 55.7383901 ], [ 48.785015, 55.7384328 ], [ 48.7851644, 55.7384591 ], [ 48.7853616, 55.738473 ], [ 48.7855465, 55.7384695 ], [ 48.7857991, 55.7384383 ], [ 48.7860087, 55.7383897 ], [ 48.7862367, 55.7383238 ], [ 48.786403, 55.7382406 ], [ 48.7865632, 55.73814 ], [ 48.7866803, 55.7380394 ], [ 48.7867604, 55.7379214 ], [ 48.7867974, 55.7378104 ], [ 48.7867912, 55.7376994 ], [ 48.7867604, 55.7375953 ], [ 48.7866826, 55.7374758 ], [ 48.7865751, 55.7373623 ], [ 48.7864702, 55.7372885 ], [ 48.7863216, 55.7372207 ], [ 48.7861375, 55.7371609 ], [ 48.7859252, 55.7371171 ], [ 48.7858072, 55.7371038 ], [ 48.7856845, 55.7370932 ], [ 48.7855385, 55.7370899 ], [ 48.7854368, 55.7370932 ], [ 48.7849311, 55.7371652 ], [ 48.7846167, 55.7372331 ] ], [ [ 48.7845088, 55.738224 ], [ 48.7936949, 55.7451117 ], [ 48.7959523, 55.7468331 ], [ 48.800969, 55.7506181 ], [ 48.8033694, 55.7523414 ], [ 48.8058102, 55.7540213 ], [ 48.8090715, 55.7562645 ], [ 48.8109352, 55.757558 ], [ 48.81374, 55.7594398 ], [ 48.8163516, 55.7610396 ], [ 48.8183128, 55.7621519 ], [ 48.8222256, 55.7640019 ], [ 48.8268927, 55.765861 ], [ 48.8284657, 55.7664694 ], [ 48.8308399, 55.7674432 ], [ 48.8333327, 55.7687007 ], [ 48.8350478, 55.7698335 ], [ 48.8371458, 55.7714629 ], [ 48.8380469, 55.772474 ], [ 48.8387417, 55.7735042 ], [ 48.8393596, 55.7747537 ], [ 48.8399703, 55.7764719 ], [ 48.8401922, 55.7776757 ], [ 48.8402629, 55.7782612 ], [ 48.840353, 55.7789314 ], [ 48.8403888, 55.7799488 ], [ 48.840921, 55.790658 ], [ 48.8412078, 55.7956432 ], [ 48.8421642, 55.8124452 ], [ 48.8430888, 55.817253 ], [ 48.8452435, 55.8220435 ], [ 48.8471756, 55.8252803 ], [ 48.848235, 55.8271725 ], [ 48.8492498, 55.8296711 ], [ 48.8512686, 55.8393543 ], [ 48.8537822, 55.8519922 ], [ 48.8551621, 55.8586851 ], [ 48.8560696, 55.8630995 ], [ 48.8567674, 55.8668727 ], [ 48.8572205, 55.86903 ], [ 48.858249, 55.8740149 ], [ 48.8589152, 55.8774132 ], [ 48.8591722, 55.8784608 ], [ 48.8594448, 55.8792984 ], [ 48.8597037, 55.8800584 ], [ 48.8600419, 55.8808791 ], [ 48.8608378, 55.8826899 ], [ 48.8618516, 55.8843147 ], [ 48.864142, 55.8864264 ], [ 48.8664908, 55.8875284 ], [ 48.8698393, 55.8889936 ], [ 48.8755943, 55.8915281 ], [ 48.8805747, 55.8936738 ], [ 48.8832316, 55.8948128 ], [ 48.8932729, 55.8991221 ], [ 48.8954653, 55.8999379 ], [ 48.8973077, 55.9004185 ], [ 48.9019845, 55.9011629 ], [ 48.9034517, 55.9012657 ], [ 48.9117819, 55.901382 ], [ 48.9342201, 55.9014937 ], [ 48.9486519, 55.9017199 ], [ 48.9595532, 55.9027661 ], [ 48.9605668, 55.9028671 ], [ 48.962004, 55.9029952 ], [ 48.9665047, 55.9034387 ], [ 48.9715679, 55.9040724 ], [ 48.9757562, 55.9046813 ], [ 48.980365, 55.9052418 ], [ 48.9890144, 55.9055552 ], [ 49.0006832, 55.9057013 ], [ 49.0110741, 55.906465 ], [ 49.021412, 55.9072961 ], [ 49.0318379, 55.9078959 ], [ 49.0486131, 55.9091427 ], [ 49.0538858, 55.90953 ], [ 49.0592673, 55.9099451 ], [ 49.0635811, 55.9102539 ], [ 49.084221, 55.911776 ], [ 49.1012519, 55.9130386 ], [ 49.1089253, 55.9137542 ], [ 49.119302, 55.9154145 ], [ 49.1283977, 55.9169472 ], [ 49.1340157, 55.9177465 ], [ 49.1387531, 55.9180555 ], [ 49.1402324, 55.9180557 ], [ 49.1424937, 55.9180447 ], [ 49.14469, 55.9179607 ], [ 49.1478918, 55.9177412 ], [ 49.1510028, 55.9173851 ], [ 49.1523164, 55.9171585 ], [ 49.1528185, 55.9170574 ], [ 49.1539179, 55.9168318 ], [ 49.1552937, 55.9164867 ], [ 49.1573362, 55.9156944 ], [ 49.1599196, 55.9144875 ], [ 49.1618098, 55.9135514 ], [ 49.1628171, 55.9130613 ], [ 49.1692329, 55.909839 ], [ 49.171949, 55.9085211 ], [ 49.1770635, 55.9062946 ], [ 49.1822705, 55.9049938 ], [ 49.1894699, 55.9032367 ], [ 49.1944042, 55.9019082 ], [ 49.1970245, 55.901182 ], [ 49.2061834, 55.8983041 ], [ 49.2083004, 55.8976046 ], [ 49.210251, 55.8969421 ], [ 49.212771, 55.8958294 ], [ 49.2220458, 55.8899751 ], [ 49.2238787, 55.8891339 ], [ 49.2259369, 55.8884661 ], [ 49.2292012, 55.887403 ], [ 49.2311319, 55.8867796 ], [ 49.2355016, 55.8853744 ], [ 49.2462326, 55.8818243 ], [ 49.2516071, 55.8801621 ], [ 49.2572015, 55.8790008 ], [ 49.2629362, 55.8777989 ], [ 49.2751732, 55.875261 ], [ 49.2771878, 55.8748792 ], [ 49.2790407, 55.8745945 ], [ 49.2829235, 55.8744073 ], [ 49.2871628, 55.8744321 ], [ 49.2890803, 55.8741473 ], [ 49.2907228, 55.873589 ], [ 49.2939325, 55.8714641 ], [ 49.2961688, 55.8698297 ], [ 49.3015493, 55.865908 ], [ 49.3040327, 55.8641145 ], [ 49.3063181, 55.8625231 ], [ 49.3094491, 55.8610834 ], [ 49.3240359, 55.8553513 ], [ 49.3295197, 55.8527693 ], [ 49.3316206, 55.8514686 ], [ 49.3344161, 55.8493891 ], [ 49.3380565, 55.8465062 ], [ 49.3408497, 55.8443063 ], [ 49.3442601, 55.841645 ], [ 49.3482946, 55.8384367 ], [ 49.3494519, 55.8370906 ], [ 49.3502466, 55.8353292 ], [ 49.350433, 55.8332817 ], [ 49.3491099, 55.8262947 ], [ 49.3473936, 55.8175242 ], [ 49.3462365, 55.8116398 ], [ 49.3452718, 55.8071998 ], [ 49.3444243, 55.8050485 ], [ 49.3427942, 55.8024393 ], [ 49.3409462, 55.7995028 ], [ 49.3405277, 55.7985534 ], [ 49.3393614, 55.7949968 ], [ 49.3385437, 55.7917172 ], [ 49.3381182, 55.7895232 ], [ 49.3380668, 55.7866802 ], [ 49.3394795, 55.7825986 ], [ 49.3413408, 55.7801254 ], [ 49.3439245, 55.777263 ], [ 49.3455867, 55.7756522 ], [ 49.3504756, 55.7705536 ], [ 49.356651, 55.7644897 ], [ 49.3586485, 55.7628727 ], [ 49.3630811, 55.7604242 ], [ 49.3678982, 55.7590106 ], [ 49.3725064, 55.7582066 ], [ 49.3741267, 55.7579691 ], [ 49.3789795, 55.7572773 ], [ 49.3807176, 55.7569695 ], [ 49.382766, 55.7565283 ], [ 49.3866416, 55.7552264 ], [ 49.3892618, 55.7537447 ], [ 49.3910094, 55.7523232 ], [ 49.3924821, 55.7508372 ], [ 49.3937628, 55.7493828 ], [ 49.3953377, 55.7475663 ], [ 49.3964633, 55.7462918 ], [ 49.3972364, 55.7454097 ], [ 49.3997892, 55.7425491 ], [ 49.4027105, 55.7392267 ], [ 49.4039268, 55.7378816 ], [ 49.4060242, 55.7360413 ], [ 49.4076402, 55.7348923 ], [ 49.4101402, 55.7334661 ], [ 49.4126308, 55.7323147 ], [ 49.4160416, 55.7310774 ], [ 49.4268993, 55.7274805 ], [ 49.4298935, 55.7266539 ], [ 49.4323063, 55.7261257 ], [ 49.4350594, 55.7256328 ], [ 49.4520825, 55.723641 ], [ 49.4549141, 55.7232955 ], [ 49.456899, 55.7230701 ], [ 49.461763, 55.7225153 ], [ 49.46872, 55.7217072 ], [ 49.4742527, 55.7210659 ], [ 49.478391, 55.7205848 ], [ 49.4904813, 55.7191794 ], [ 49.5017516, 55.7178645 ], [ 49.5197606, 55.7154247 ], [ 49.53077, 55.7138968 ], [ 49.5390279, 55.7127326 ], [ 49.5428376, 55.7121699 ], [ 49.5462474, 55.7115589 ], [ 49.5487168, 55.7110187 ], [ 49.5537672, 55.7096213 ], [ 49.5577809, 55.708201 ], [ 49.5673299, 55.704593 ], [ 49.5766885, 55.701012 ], [ 49.5828318, 55.6987308 ], [ 49.5856333, 55.6978675 ], [ 49.5876902, 55.6973844 ], [ 49.5889565, 55.6971449 ], [ 49.5917031, 55.6967776 ], [ 49.5946997, 55.6965875 ], [ 49.5977649, 55.6966159 ], [ 49.6004337, 55.6968024 ], [ 49.6166445, 55.6984272 ], [ 49.6226391, 55.6990264 ], [ 49.6262826, 55.699327 ], [ 49.6295384, 55.6994546 ], [ 49.633198, 55.69937 ], [ 49.6366803, 55.6990906 ], [ 49.6392989, 55.6987971 ], [ 49.6430728, 55.6983028 ], [ 49.6470505, 55.697742 ], [ 49.6512667, 55.6969565 ], [ 49.6550738, 55.6959186 ], [ 49.6600516, 55.6942037 ], [ 49.6655913, 55.691678 ], [ 49.6670135, 55.690815 ], [ 49.6740129, 55.6864957 ], [ 49.6765466, 55.6849536 ], [ 49.6827765, 55.6815435 ], [ 49.6864512, 55.6800379 ], [ 49.6949891, 55.6772146 ] ], [ [ 48.7867931, 55.7400478 ], [ 48.786637323824543, 55.73998289689748 ] ], [ [ 49.8103599, 55.6801506 ], [ 49.7827174, 55.6778443 ], [ 49.7707814, 55.6761996 ], [ 49.7643207, 55.6756292 ], [ 49.7598563, 55.6750279 ], [ 49.747708, 55.6732614 ], [ 49.7438894, 55.672707 ], [ 49.738572, 55.6719329 ], [ 49.7339728, 55.6712622 ], [ 49.7298208, 55.6705286 ], [ 49.7265645, 55.669978 ], [ 49.7233406, 55.6698161 ], [ 49.7205269, 55.6699599 ], [ 49.7180926, 55.6702603 ], [ 49.7160287, 55.6706392 ], [ 49.714536, 55.6710062 ], [ 49.7090411, 55.6727501 ], [ 49.7013435, 55.6752689 ], [ 49.6945488, 55.6775104 ], [ 49.6864078, 55.680206 ], [ 49.6803624, 55.6828839 ], [ 49.6780184, 55.6844866 ], [ 49.674713, 55.6868753 ], [ 49.6676744, 55.6907881 ], [ 49.6658183, 55.6917511 ], [ 49.662281, 55.6934713 ], [ 49.6551909, 55.6960161 ], [ 49.6513549, 55.6970646 ], [ 49.6470746, 55.697866 ], [ 49.64311, 55.6984506 ], [ 49.6393667, 55.6989436 ], [ 49.6374777, 55.6991644 ], [ 49.6342376, 55.699441 ], [ 49.6304816, 55.6995822 ], [ 49.6274114, 55.6995105 ], [ 49.6237453, 55.6992532 ], [ 49.6225808, 55.6991426 ], [ 49.6193624, 55.6988244 ], [ 49.6124928, 55.6981295 ], [ 49.6003933, 55.6969223 ], [ 49.5983701, 55.6967711 ], [ 49.5958096, 55.6966945 ], [ 49.5926687, 55.6968139 ], [ 49.5899185, 55.6971169 ], [ 49.5877649, 55.6974993 ], [ 49.5864484, 55.6977901 ], [ 49.5847118, 55.6982729 ], [ 49.5830134, 55.698866 ], [ 49.5768835, 55.7011574 ], [ 49.5715944, 55.7034912 ], [ 49.5667525, 55.7054824 ], [ 49.5597193, 55.7077119 ], [ 49.5582127, 55.7082175 ], [ 49.5551922, 55.7092981 ], [ 49.550181, 55.7108098 ], [ 49.5492273, 55.7110542 ], [ 49.5477426, 55.7114125 ], [ 49.5453458, 55.7118982 ], [ 49.5438198, 55.7121722 ], [ 49.5382388, 55.7130471 ], [ 49.5308391, 55.7144918 ], [ 49.526327, 55.7150458 ], [ 49.5202434, 55.7155373 ], [ 49.508984, 55.7170429 ], [ 49.4992916, 55.7182699 ], [ 49.4941754, 55.7189088 ], [ 49.4868885, 55.7199936 ], [ 49.4829369, 55.7204908 ], [ 49.4784681, 55.7208378 ], [ 49.4754346, 55.7210703 ], [ 49.4719755, 55.7214583 ], [ 49.4618065, 55.7226346 ], [ 49.4571959, 55.7231944 ], [ 49.4521306, 55.7237672 ], [ 49.4358212, 55.725654 ], [ 49.433096, 55.7261011 ], [ 49.4308403, 55.7265739 ], [ 49.4285604, 55.7271403 ], [ 49.4248087, 55.7283151 ], [ 49.4136503, 55.7320555 ], [ 49.4110163, 55.7332125 ], [ 49.408662, 55.734461 ], [ 49.4070204, 55.7355485 ], [ 49.4048472, 55.7373322 ], [ 49.4034134, 55.7388006 ], [ 49.4001942, 55.7424835 ], [ 49.3979244, 55.7450682 ], [ 49.395651, 55.7476529 ], [ 49.393149, 55.7504795 ], [ 49.3905479, 55.7533972 ], [ 49.3890964, 55.7545522 ], [ 49.3867048, 55.7557439 ], [ 49.3843645, 55.7564549 ], [ 49.3813762, 55.7570353 ], [ 49.3796978, 55.7573134 ], [ 49.3767159, 55.7577643 ], [ 49.3699046, 55.7588086 ], [ 49.3649148, 55.7599864 ], [ 49.3601917, 55.7620485 ], [ 49.3578067, 55.7637355 ], [ 49.3524608, 55.7688991 ], [ 49.3478138, 55.7736773 ], [ 49.3442099, 55.7773398 ], [ 49.340955, 55.7809508 ], [ 49.3389721, 55.7842125 ], [ 49.3383173, 55.7866765 ], [ 49.3383567, 55.7895282 ], [ 49.3386247, 55.7910399 ], [ 49.339403, 55.7941123 ], [ 49.3402325, 55.7969887 ], [ 49.3406814, 55.7982165 ], [ 49.3416167, 55.8000909 ], [ 49.3440999, 55.803936 ], [ 49.3451196, 55.8059014 ], [ 49.3456443, 55.8076203 ], [ 49.3471685, 55.8153427 ], [ 49.3489075, 55.824259 ], [ 49.3494856, 55.8271684 ], [ 49.3506258, 55.8332773 ], [ 49.3504563, 55.8353614 ], [ 49.3497194, 55.8371382 ], [ 49.3474789, 55.83943 ], [ 49.3435042, 55.8424593 ], [ 49.337764, 55.8469658 ], [ 49.3330805, 55.8506125 ], [ 49.3303335, 55.852508 ], [ 49.3296939, 55.852879 ], [ 49.3246373, 55.8552952 ], [ 49.3096258, 55.8612024 ], [ 49.3074319, 55.8621202 ], [ 49.3050276, 55.8635669 ], [ 49.3012284, 55.8663285 ], [ 49.2985204, 55.868313 ], [ 49.294828, 55.8710103 ], [ 49.2923238, 55.8728335 ], [ 49.2904233, 55.8738595 ], [ 49.2886097, 55.8743743 ], [ 49.2863381, 55.8745796 ], [ 49.2823013, 55.8745309 ], [ 49.2792358, 55.87469 ], [ 49.2762073, 55.8751785 ], [ 49.2745188, 55.8755146 ], [ 49.2611779, 55.8783114 ], [ 49.2573718, 55.8791208 ], [ 49.2515577, 55.8803353 ], [ 49.2457202, 55.8821546 ], [ 49.2416967, 55.8834554 ], [ 49.2323723, 55.8865277 ], [ 49.2292744, 55.8875389 ], [ 49.2275649, 55.8880942 ], [ 49.2239446, 55.8892764 ], [ 49.2221692, 55.8900424 ], [ 49.21293, 55.8959157 ], [ 49.2103921, 55.897067 ], [ 49.2078801, 55.8978934 ], [ 49.2015147, 55.8999737 ], [ 49.1980083, 55.9010357 ], [ 49.1898269, 55.9032804 ], [ 49.1872885, 55.9039338 ], [ 49.1779889, 55.9061801 ], [ 49.1744152, 55.9074528 ], [ 49.1697083, 55.9097692 ], [ 49.1629444, 55.9131307 ], [ 49.1598186, 55.9146768 ], [ 49.1568769, 55.9160727 ], [ 49.1558622, 55.9164927 ], [ 49.1550866, 55.9167205 ], [ 49.1545137, 55.9168602 ], [ 49.1510717, 55.9175163 ], [ 49.1496605, 55.9176813 ], [ 49.146693, 55.9179601 ], [ 49.1446409, 55.9180828 ], [ 49.1434246, 55.9181504 ], [ 49.1419046, 55.9182007 ], [ 49.1390093, 55.9181788 ], [ 49.1360287, 55.9180383 ], [ 49.1302132, 55.9174132 ], [ 49.1258124, 55.916671 ], [ 49.1194523, 55.9155988 ], [ 49.1128668, 55.914515 ], [ 49.1095877, 55.914002 ], [ 49.1012187, 55.913164 ], [ 49.0658158, 55.910547 ], [ 49.0609959, 55.9101654 ], [ 49.0574814, 55.9099221 ], [ 49.0561191, 55.9098225 ], [ 49.0485913, 55.9092545 ], [ 49.0352997, 55.9082447 ], [ 49.0279554, 55.907779 ], [ 49.0121251, 55.9066966 ], [ 49.0109214, 55.9065871 ], [ 49.0006644, 55.9058118 ], [ 48.988204, 55.9056614 ], [ 48.9825116, 55.9055251 ], [ 48.9778016, 55.9051139 ], [ 48.9708891, 55.904133 ], [ 48.9698408, 55.9039876 ], [ 48.9659951, 55.9035353 ], [ 48.9640198, 55.9033359 ], [ 48.9598123, 55.9029354 ], [ 48.9504846, 55.9020047 ], [ 48.9453085, 55.901689 ], [ 48.9285035, 55.9015827 ], [ 48.9089512, 55.9014606 ], [ 48.9021492, 55.9013433 ], [ 48.9012673, 55.9012597 ], [ 48.8967847, 55.9004354 ], [ 48.8954213, 55.90005 ], [ 48.8931249, 55.8992023 ], [ 48.8851947, 55.8958148 ], [ 48.880943, 55.8940035 ], [ 48.8685339, 55.8887123 ], [ 48.8667601, 55.887936 ], [ 48.8639728, 55.8864657 ], [ 48.8616102, 55.8843147 ], [ 48.8605803, 55.8826809 ], [ 48.8595449, 55.8802557 ], [ 48.8592338, 55.8793951 ], [ 48.8588383, 55.8780924 ], [ 48.8580256, 55.8739662 ], [ 48.85704, 55.8692006 ], [ 48.856605, 55.867037 ], [ 48.8564065, 55.8659939 ], [ 48.8557118, 55.8627454 ], [ 48.854658, 55.857574 ], [ 48.8532011, 55.8500584 ], [ 48.8516888, 55.8423787 ], [ 48.8498039, 55.8332193 ], [ 48.8484639, 55.8281602 ], [ 48.8477844, 55.8267281 ], [ 48.8469825, 55.8253143 ], [ 48.8450395, 55.8220674 ], [ 48.8428616, 55.8172858 ], [ 48.8422018, 55.814534 ], [ 48.8415741, 55.8065494 ], [ 48.8409915, 55.7959664 ], [ 48.8407334, 55.7906588 ], [ 48.8401443, 55.7804994 ], [ 48.8400169, 55.7792469 ], [ 48.839972, 55.77827 ], [ 48.8397013, 55.7764952 ], [ 48.8390914, 55.7747808 ], [ 48.8384788, 55.7735534 ], [ 48.8377822, 55.772521 ], [ 48.8365379, 55.7712264 ], [ 48.8348647, 55.7699056 ], [ 48.8331637, 55.7687912 ], [ 48.83068, 55.7675313 ], [ 48.8279316, 55.7664266 ], [ 48.8243505, 55.7650266 ], [ 48.8214055, 55.7637791 ], [ 48.8173994, 55.7618389 ], [ 48.815103, 55.7604762 ], [ 48.8128322, 55.759033 ], [ 48.8097169, 55.7569263 ], [ 48.8077734, 55.7555898 ], [ 48.8059434, 55.7543373 ], [ 48.8038863, 55.7529149 ], [ 48.8007715, 55.7506999 ], [ 48.7957767, 55.746898 ], [ 48.7935221, 55.7451843 ], [ 48.7909032, 55.7431666 ], [ 48.786637323824543, 55.73998289689748 ] ], [ [ 48.7881937, 55.735667 ], [ 48.787667, 55.7364189 ], [ 48.7873273, 55.7370345 ], [ 48.787091, 55.7374709 ], [ 48.7868369, 55.7381147 ], [ 48.7867466, 55.7385236 ], [ 48.7867415, 55.7386384 ], [ 48.7867312, 55.7387819 ], [ 48.7867178, 55.7389117 ], [ 48.7867369, 55.7390529 ], [ 48.7868068, 55.7392786 ], [ 48.7868742, 55.7394509 ], [ 48.7870027, 55.7396735 ], [ 48.7871701, 55.7399549 ], [ 48.787305, 55.7401287 ], [ 48.7874403, 55.7402676 ], [ 48.7878846, 55.7406765 ] ], [ [ 49.6990105, 55.671211 ], [ 49.7000791, 55.673269 ], [ 49.7003581, 55.6746727 ], [ 49.6990277, 55.6755559 ], [ 49.6957694, 55.6769564 ], [ 49.7084815, 55.6727532 ], [ 49.7139656, 55.6710064 ], [ 49.7166806, 55.6703834 ], [ 49.7186896, 55.670046 ], [ 49.7214174, 55.6697648 ], [ 49.7243624, 55.669674 ], [ 49.7276133, 55.6698162 ], [ 49.7329764, 55.6704998 ], [ 49.7387943, 55.6713579 ], [ 49.748683, 55.6727865 ], [ 49.7620684, 55.6747287 ], [ 49.7780964, 55.6770726 ], [ 49.8060887, 55.6797122 ] ], [ [ 52.1395054, 55.803856 ], [ 52.1412365, 55.8050274 ], [ 52.1430954, 55.8063024 ], [ 52.1456556, 55.8079688 ] ], [ [ 52.140219, 55.8045097 ], [ 52.1417785, 55.8055102 ], [ 52.1439014, 55.8069038 ], [ 52.1467783, 55.8087395 ], [ 52.1540042, 55.8135483 ], [ 52.1565214, 55.8152038 ], [ 52.1582495, 55.8163646 ], [ 52.1602388, 55.8177921 ], [ 52.1621201, 55.8191227 ], [ 52.1664602, 55.8221099 ], [ 52.1681729, 55.8232259 ], [ 52.1699415, 55.8242437 ], [ 52.1743895, 55.8267907 ] ], [ [ 52.1743895, 55.8267907 ], [ 52.1787879, 55.8292845 ], [ 52.1861496, 55.833442 ], [ 52.1939558, 55.8379196 ], [ 52.202104, 55.8425922 ], [ 52.2035672, 55.843486 ], [ 52.2051202, 55.8445876 ], [ 52.2063111, 55.8455657 ], [ 52.207498, 55.8467094 ], [ 52.208477, 55.8478432 ], [ 52.2092266, 55.8488822 ], [ 52.2099709, 55.8501703 ], [ 52.2104806, 55.8512559 ], [ 52.2108366, 55.8518336 ], [ 52.2111686, 55.85255 ], [ 52.2112765, 55.8528887 ], [ 52.2113764, 55.8533675 ], [ 52.2114247, 55.8539539 ], [ 52.2114623, 55.8545426 ], [ 52.2118539, 55.8560986 ] ], [ [ 52.1743895, 55.8267907 ], [ 52.1770478, 55.8283727 ], [ 52.1817085, 55.8310487 ], [ 52.1937329, 55.8378978 ], [ 52.2008541, 55.8419733 ], [ 52.2029717, 55.8432172 ], [ 52.2045676, 55.8442985 ], [ 52.2059087, 55.8453601 ], [ 52.2068743, 55.8462448 ], [ 52.2080384, 55.8474901 ], [ 52.2088726, 55.8485697 ], [ 52.2096263, 55.8497788 ], [ 52.2101399, 55.8509307 ], [ 52.2103332, 55.8515584 ], [ 52.210441, 55.8522801 ], [ 52.2105347, 55.8528268 ], [ 52.2106568, 55.8532194 ], [ 52.210841, 55.8536677 ], [ 52.2112152, 55.8543721 ], [ 52.2113952, 55.8548493 ], [ 52.2120392, 55.8572864 ], [ 52.2122197, 55.8581736 ], [ 52.2123325, 55.8591017 ], [ 52.2125673, 55.8604054 ], [ 52.2127068, 55.8610601 ], [ 52.2130863, 55.8620762 ], [ 52.2135638, 55.863044 ], [ 52.214001, 55.8638094 ], [ 52.2146568, 55.8647629 ], [ 52.2154547, 55.8657164 ], [ 52.2162057, 55.8665096 ], [ 52.2168307, 55.8670928 ], [ 52.217453, 55.8675992 ], [ 52.2182818, 55.8681937 ], [ 52.2201338, 55.8694413 ], [ 52.2215272, 55.8703277 ], [ 52.2230132, 55.871193 ], [ 52.2246654, 55.8720696 ], [ 52.2254875, 55.8724894 ], [ 52.2277932, 55.8736547 ], [ 52.2289288, 55.874241 ], [ 52.2301733, 55.8749708 ], [ 52.231198, 55.875696 ], [ 52.2318672, 55.8762475 ], [ 52.2330366, 55.8773301 ], [ 52.2348793, 55.8790927 ], [ 52.2365315, 55.8807891 ], [ 52.2374901, 55.8817488 ], [ 52.2396464, 55.8838553 ], [ 52.241337, 55.8855124 ], [ 52.2427824, 55.8869514 ], [ 52.2451374, 55.8892923 ], [ 52.2470234, 55.8911673 ], [ 52.2485116, 55.8926532 ], [ 52.2493169, 55.8933921 ], [ 52.2500968, 55.8939948 ], [ 52.2522117, 55.8954503 ], [ 52.2546344, 55.8970873 ], [ 52.2579288, 55.899287 ], [ 52.2605198, 55.9011762 ], [ 52.2632942, 55.9034786 ], [ 52.2657983, 55.9058664 ], [ 52.2669555, 55.9071445 ], [ 52.268412, 55.9088919 ], [ 52.2698062, 55.9108493 ], [ 52.2710747, 55.9123772 ] ], [ [ 52.2708327, 55.9131235 ], [ 52.2696771, 55.9109666 ], [ 52.2684624, 55.9091858 ], [ 52.2679479, 55.9085566 ], [ 52.2668222, 55.9071811 ], [ 52.265612, 55.905919 ], [ 52.2636205, 55.9039544 ], [ 52.262138, 55.902711 ], [ 52.2602811, 55.9016117 ], [ 52.259209, 55.9008331 ], [ 52.2576172, 55.8992044 ], [ 52.2554249, 55.8977057 ], [ 52.2540682, 55.8968195 ], [ 52.2508264, 55.8946235 ], [ 52.2496469, 55.8937858 ], [ 52.2490128, 55.8932683 ], [ 52.247939, 55.8922329 ], [ 52.2464289, 55.8907269 ], [ 52.2443998, 55.8887121 ], [ 52.2411924, 55.8855216 ], [ 52.2391349, 55.8835194 ], [ 52.2371407, 55.8815509 ], [ 52.2361123, 55.8805133 ], [ 52.2341833, 55.8785616 ], [ 52.2324532, 55.8769261 ], [ 52.2315265, 55.876091 ], [ 52.230804, 55.8755556 ], [ 52.2301009, 55.8751468 ], [ 52.2291434, 55.8747285 ], [ 52.2279244, 55.8742441 ], [ 52.2272992, 55.8739344 ], [ 52.2266409, 55.873527 ], [ 52.2259918, 55.8730402 ], [ 52.2251308, 55.8724255 ], [ 52.2238407, 55.8717453 ], [ 52.2224835, 55.8710034 ], [ 52.2210377, 55.8701343 ], [ 52.2194351, 55.8690831 ], [ 52.2178593, 55.8680191 ], [ 52.2170922, 55.8674555 ], [ 52.2165129, 55.866955 ], [ 52.2157887, 55.8662341 ], [ 52.2151007, 55.8654808 ], [ 52.2143148, 55.8644927 ], [ 52.2137287, 55.8636009 ], [ 52.2132768, 55.8627528 ], [ 52.212794, 55.8616954 ], [ 52.2125043, 55.8607779 ], [ 52.2123447, 55.8596173 ] ], [ [ 52.2720806, 55.9149183 ], [ 52.2708673, 55.9132006 ] ], [ [ 52.2711501, 55.913245 ], [ 52.2714716, 55.9130237 ], [ 52.2720806, 55.9149183 ] ], [ [ 52.2720806, 55.9149183 ], [ 52.2727028, 55.9163926 ], [ 52.273246, 55.9178298 ], [ 52.2743681, 55.9204828 ], [ 52.2772494, 55.9253976 ], [ 52.2804057, 55.9291367 ], [ 52.2860621, 55.93542 ], [ 52.2891713, 55.9388617 ], [ 52.2916888, 55.9416707 ], [ 52.2929568, 55.9430319 ], [ 52.2941816, 55.9441171 ], [ 52.2962964, 55.945804 ], [ 52.2972757, 55.9464659 ], [ 52.2993078, 55.9476366 ], [ 52.3016876, 55.9487765 ], [ 52.303988, 55.94978 ], [ 52.3052279, 55.9504278 ], [ 52.3069657, 55.9514833 ], [ 52.3089854, 55.9529226 ], [ 52.3099077, 55.9537877 ], [ 52.312093, 55.9564613 ], [ 52.3131281, 55.9582192 ], [ 52.3133272, 55.9586991 ], [ 52.3178144, 55.9702024 ], [ 52.3194225, 55.973662 ], [ 52.3211536, 55.9765622 ], [ 52.3224757, 55.9787501 ], [ 52.3234636, 55.980436 ], [ 52.3254397, 55.9836665 ], [ 52.3293602, 55.9899669 ], [ 52.3308844, 55.9922321 ], [ 52.331805, 55.9934281 ], [ 52.3376591, 56.0006291 ], [ 52.3385284, 56.0017099 ], [ 52.3470276, 56.0120051 ], [ 52.3485488, 56.0134277 ], [ 52.3561755, 56.0187512 ], [ 52.3625189, 56.0227845 ] ], [ [ 52.880958816176516, 56.502657485259476 ], [ 52.8865301, 56.5052051 ] ] ] } },
{ "type": "Feature", "properties": { "ref": "16К-0348", "fclass": "secondary" }, "geometry": { "type": "MultiLineString", "coordinates": [ [ [ 52.0188959, 54.8696672 ], [ 52.0188153, 54.8668402 ], [ 52.018645, 54.8633841 ], [ 52.018587, 54.8626253 ], [ 52.0178711, 54.8591464 ], [ 52.0185363, 54.8564476 ], [ 52.0192766, 54.8591711 ], [ 52.0190073, 54.8625608 ], [ 52.019158, 54.864866 ], [ 52.019158, 54.8656178 ], [ 52.0192689, 54.8686037 ], [ 52.0192936, 54.8696958 ], [ 52.0191408, 54.8702004 ], [ 52.0188959, 54.8696672 ] ], [ [ 52.0215984, 54.8735682 ], [ 52.0200015, 54.8718414 ], [ 52.0192881, 54.8707498 ], [ 52.0188959, 54.8696672 ] ] ] } },
{ "type": "Feature", "properties": { "ref": "", "fclass": "motorway" }, "geometry": { "type": "MultiLineString", "coordinates": [ [ [ 50.0578952, 55.2994046 ], [ 50.0609269, 55.2952121 ], [ 50.062439, 55.290332 ], [ 50.064592, 55.288167 ], [ 50.09691, 55.262455 ], [ 50.1107355, 55.252628 ], [ 50.141666, 55.229027 ], [ 50.146308, 55.226511 ], [ 50.153781, 55.223375 ], [ 50.231376, 55.2028833 ], [ 50.2490944, 55.198513 ], [ 50.2610867, 55.1955481 ], [ 50.3027025, 55.185265 ], [ 50.3605048, 55.1709865 ], [ 50.3724084, 55.1686451 ], [ 50.3866726, 55.1673403 ], [ 50.4215183, 55.166548 ], [ 50.4806007, 55.1651127 ] ], [ [ 50.4810877, 55.1651368 ], [ 50.4468473, 55.1660555 ], [ 50.4146068, 55.1667784 ], [ 50.3816159, 55.1677531 ], [ 50.3681567, 55.1694658 ], [ 50.3474661, 55.1744504 ], [ 50.2838227, 55.1901264 ], [ 50.2611333, 55.195619 ], [ 50.2491735, 55.198602 ], [ 50.1687458, 55.219241 ], [ 50.1542279, 55.2233394 ], [ 50.1465499, 55.2265236 ], [ 50.1399195, 55.2302698 ], [ 50.123134, 55.2431083 ], [ 50.0992441, 55.2610167 ], [ 50.063337, 55.2896211 ], [ 50.0606876, 55.2962378 ], [ 50.0585491, 55.2990422 ] ], [ [ 50.4810877, 55.1651368 ], [ 50.5123671, 55.1643886 ], [ 50.5205276, 55.1641934 ] ], [ [ 52.0188153, 54.8668402 ], [ 52.0177424, 54.8659326 ], [ 52.01469, 54.865598 ], [ 52.010436, 54.865714 ], [ 51.992269, 54.864634 ], [ 51.981139, 54.863198 ], [ 51.954863, 54.858405 ], [ 51.949903, 54.857149 ], [ 51.904509, 54.844704 ], [ 51.8496065, 54.8346595 ], [ 51.842848, 54.8343088 ], [ 51.834649, 54.834941 ], [ 51.748319, 54.855585 ], [ 51.737909, 54.857521 ], [ 51.713371, 54.859773 ], [ 51.6420345, 54.8652326 ], [ 51.5988413, 54.8656719 ], [ 51.5874305, 54.8658037 ], [ 51.571354, 54.866018 ], [ 51.5563553, 54.867154 ], [ 51.523041, 54.87093 ], [ 51.513725, 54.872929 ], [ 51.505021, 54.875942 ], [ 51.4978678, 54.8796385 ], [ 51.4830319, 54.8887315 ], [ 51.4743128, 54.8943232 ], [ 51.4651228, 54.9023424 ], [ 51.4591887, 54.9064759 ], [ 51.451903, 54.909773 ], [ 51.39671, 54.924705 ], [ 51.387195, 54.927791 ], [ 51.342123, 54.946448 ], [ 51.30443, 54.964781 ], [ 51.278325, 54.974485 ], [ 51.270575, 54.978154 ], [ 51.2621775, 54.982528 ], [ 51.2555822, 54.985963 ], [ 51.2372626, 54.9955027 ], [ 51.2093663, 55.0099452 ], [ 51.2055433, 55.0113928 ], [ 51.199514, 55.013153 ], [ 51.191152, 55.014672 ], [ 51.1255282, 55.0194805 ], [ 51.114531, 55.020772 ], [ 51.0865653, 55.0261864 ], [ 51.0668073, 55.0300839 ], [ 51.0545719, 55.0315948 ], [ 51.0487193, 55.0319392 ], [ 51.0363974, 55.0320808 ], [ 51.0082601, 55.0323545 ], [ 50.9655549, 55.0341265 ], [ 50.9407496, 55.035198 ], [ 50.9303346, 55.0363975 ], [ 50.9193693, 55.0389079 ], [ 50.8969056, 55.0461688 ], [ 50.86381, 55.060008 ], [ 50.8552408, 55.0619776 ], [ 50.8187005, 55.0656247 ], [ 50.8087361, 55.0669793 ], [ 50.7984609, 55.0695299 ], [ 50.7426991, 55.0871357 ], [ 50.7292016, 55.0922495 ], [ 50.7086707, 55.0998629 ], [ 50.6821203, 55.1073337 ], [ 50.66783, 55.111308 ], [ 50.660263, 55.1143577 ], [ 50.6528646, 55.1183848 ], [ 50.6268538, 55.1374118 ], [ 50.6167066, 55.1448458 ], [ 50.6132024, 55.1468748 ], [ 50.6049792, 55.1504593 ], [ 50.5951363, 55.1545369 ], [ 50.5883288, 55.1571347 ], [ 50.580986, 55.1593188 ], [ 50.5734115, 55.1610526 ], [ 50.5667898, 55.1621513 ], [ 50.5592866, 55.16293 ], [ 50.5516311, 55.1633269 ], [ 50.5424094, 55.1635918 ], [ 50.5205276, 55.1641934 ] ], [ [ 50.5205276, 55.1641934 ], [ 50.538611, 55.1635857 ], [ 50.5479593, 55.163317 ], [ 50.5569385, 55.1629692 ], [ 50.563969, 55.1623231 ], [ 50.5718021, 55.1611562 ], [ 50.577954, 55.159896 ], [ 50.5844917, 55.1581483 ], [ 50.5919921, 55.1556344 ], [ 50.5993804, 55.1526202 ], [ 50.6096685, 55.148402 ], [ 50.6153692, 55.1455465 ], [ 50.6207947, 55.1417194 ], [ 50.6501354, 55.1200488 ], [ 50.6568453, 55.1158724 ], [ 50.6650132, 55.112188 ], [ 50.6729218, 55.1096213 ], [ 50.7061357, 55.1005288 ], [ 50.7210691, 55.0951007 ], [ 50.7329538, 55.0905795 ], [ 50.7696396, 55.0784431 ], [ 50.8054898, 55.0675241 ], [ 50.8153225, 55.0658102 ], [ 50.84493, 55.0631628 ], [ 50.8579499, 55.0612692 ], [ 50.8753597, 55.0554491 ], [ 50.9035269, 55.0436462 ], [ 50.9267378, 55.0369748 ], [ 50.9378871, 55.0352834 ], [ 50.9632206, 55.0340374 ], [ 51.0031378, 55.0324065 ], [ 51.0205963, 55.0321144 ], [ 51.0464072, 55.0318531 ], [ 51.0528123, 55.0315917 ], [ 51.062479, 55.0306356 ], [ 51.0804499, 55.0273241 ], [ 51.1108554, 55.0212756 ], [ 51.1217773, 55.0196825 ], [ 51.1369371, 55.0185385 ], [ 51.1911714, 55.0145217 ], [ 51.1993897, 55.0130083 ], [ 51.2052423, 55.0112827 ], [ 51.2091422, 55.0097847 ], [ 51.2352722, 54.9962015 ], [ 51.240959, 54.9932722 ], [ 51.2558019, 54.9855311 ], [ 51.2652814, 54.980595 ], [ 51.2878918, 54.9705692 ], [ 51.3047039, 54.9644597 ], [ 51.3189626, 54.9578441 ], [ 51.3420081, 54.9463843 ], [ 51.3531232, 54.9415129 ], [ 51.3762653, 54.9320859 ], [ 51.3971329, 54.9244354 ], [ 51.4234936, 54.9173877 ], [ 51.4438784, 54.9121027 ], [ 51.4500904, 54.910308 ], [ 51.4560878, 54.90781 ], [ 51.459108, 54.9062526 ], [ 51.4649606, 54.9022585 ], [ 51.4728033, 54.8952872 ], [ 51.48085, 54.8899128 ], [ 51.4884064, 54.8851501 ], [ 51.4977801, 54.8794707 ], [ 51.5049362, 54.8758659 ], [ 51.5136802, 54.8727856 ], [ 51.5230465, 54.8707854 ], [ 51.5373479, 54.8691243 ], [ 51.5620136, 54.8665068 ], [ 51.5714764, 54.8658585 ], [ 51.5866151, 54.8656511 ], [ 51.5971517, 54.8655433 ], [ 51.6311502, 54.8651608 ], [ 51.6743874, 54.8630985 ], [ 51.7139125, 54.8595787 ], [ 51.7308211, 54.8581892 ], [ 51.7411208, 54.8568615 ], [ 51.7553687, 54.8537117 ], [ 51.7756891, 54.8486778 ], [ 51.7976296, 54.8432355 ], [ 51.8239903, 54.8369398 ], [ 51.8359101, 54.8346288 ], [ 51.8430233, 54.8341283 ], [ 51.8693197, 54.8378913 ], [ 51.9153035, 54.8470964 ], [ 51.9375443, 54.8534894 ], [ 51.9589054, 54.8590044 ], [ 51.9801378, 54.8627342 ], [ 51.9950509, 54.8645804 ], [ 52.0117342, 54.8655622 ], [ 52.0169027, 54.865015 ], [ 52.0184063, 54.8639653 ] ] ] } },
{ "type": "Feature", "properties": { "ref": "", "fclass": "trunk" }, "geometry": { "type": "MultiLineString", "coordinates": [ [ [ 52.8996437, 54.4949292 ], [ 52.8988592, 54.4950074 ], [ 52.898222, 54.4947844 ], [ 52.8979888, 54.4943908 ] ] ] } },
{ "type": "Feature", "properties": { "ref": "", "fclass": "trunk" }, "geometry": { "type": "MultiLineString", "coordinates": [ [ [ 52.8980022, 54.4942709 ], [ 52.8978987, 54.4939284 ], [ 52.8973388, 54.4934236 ] ] ] } },
{ "type": "Feature", "properties": { "ref": "", "fclass": "trunk" }, "geometry": { "type": "MultiLineString", "coordinates": [ [ [ 52.8973388, 54.4934236 ], [ 52.89896, 54.493793 ] ] ] } },
{ "type": "Feature", "properties": { "ref": "", "fclass": "trunk" }, "geometry": { "type": "MultiLineString", "coordinates": [ [ [ 52.8999287, 54.4940741 ], [ 52.9004572, 54.4944242 ], [ 52.9018461, 54.4947465 ] ] ] } },
{ "type": "Feature", "properties": { "ref": "", "fclass": "trunk" }, "geometry": { "type": "MultiLineString", "coordinates": [ [ [ 52.9018461, 54.4947465 ], [ 52.9005217, 54.4947435 ] ] ] } },
{ "type": "Feature", "properties": { "ref": "", "fclass": "trunk" }, "geometry": { "type": "MultiLineString", "coordinates": [ [ [ 53.1560066, 54.4229834 ], [ 53.1569156, 54.4227765 ] ] ] } },
{ "type": "Feature", "properties": { "ref": "", "fclass": "trunk" }, "geometry": { "type": "MultiLineString", "coordinates": [ [ [ 49.6993281, 55.6711333 ], [ 49.7013022, 55.6730512 ], [ 49.7026755, 55.673741 ], [ 49.7047569, 55.6737047 ], [ 49.7070958, 55.6730875 ] ] ] } },
{ "type": "Feature", "properties": { "ref": "", "fclass": "trunk" }, "geometry": { "type": "MultiLineString", "coordinates": [ [ [ 49.6966207, 55.667623 ], [ 49.6993281, 55.6711333 ], [ 49.7012807, 55.6738075 ], [ 49.7027291, 55.6757253 ], [ 49.7028918, 55.6763405 ], [ 49.7025336, 55.6767388 ], [ 49.7016482, 55.6770113 ], [ 49.6994998, 55.6770381 ], [ 49.6958436, 55.6770833 ] ] ] } },
{ "type": "Feature", "properties": { "ref": "", "fclass": "trunk" }, "geometry": { "type": "MultiLineString", "coordinates": [ [ [ 53.1583572, 54.422643 ], [ 53.1584081, 54.4227851 ], [ 53.1583436, 54.4229008 ], [ 53.1581926, 54.4229801 ] ] ] } },
{ "type": "Feature", "properties": { "ref": "", "fclass": "trunk" }, "geometry": { "type": "MultiLineString", "coordinates": [ [ [ 53.1575931, 54.4228466 ], [ 53.1575899, 54.4226326 ], [ 53.157762, 54.4225261 ] ] ] } },
{ "type": "Feature", "properties": { "ref": "", "fclass": "trunk" }, "geometry": { "type": "MultiLineString", "coordinates": [ [ [ 48.3205329, 54.9912571 ], [ 48.3197816, 54.9912816 ] ] ] } },
{ "type": "Feature", "properties": { "ref": "", "fclass": "trunk" }, "geometry": { "type": "MultiLineString", "coordinates": [ [ [ 51.0464841, 55.644487 ], [ 51.0478533, 55.6445063 ], [ 51.0480772, 55.6442796 ] ] ] } },
{ "type": "Feature", "properties": { "ref": "", "fclass": "trunk" }, "geometry": { "type": "MultiLineString", "coordinates": [ [ [ 49.7007277, 55.6754721 ], [ 49.7001649, 55.6761367 ], [ 49.7005512, 55.6766933 ], [ 49.7016884, 55.6768989 ], [ 49.702654, 55.6763787 ], [ 49.7021605, 55.6752171 ], [ 49.6990105, 55.671211 ] ] ] } },
{ "type": "Feature", "properties": { "ref": "", "fclass": "trunk" }, "geometry": { "type": "MultiLineString", "coordinates": [ [ [ 48.7881937, 55.735667 ], [ 48.787091, 55.7374709 ], [ 48.7867415, 55.7386384 ], [ 48.7867369, 55.7390529 ], [ 48.7870027, 55.7396735 ], [ 48.7874403, 55.7402676 ] ] ] } },
{ "type": "Feature", "properties": { "ref": "", "fclass": "trunk" }, "geometry": { "type": "MultiLineString", "coordinates": [ [ [ 48.2555733, 55.7343866 ], [ 48.2572895, 55.7340212 ] ] ] } },
{ "type": "Feature", "properties": { "ref": "", "fclass": "trunk" }, "geometry": { "type": "MultiLineString", "coordinates": [ [ [ 52.8999287, 54.4940741 ], [ 52.9000868, 54.4945548 ], [ 52.8996437, 54.4949292 ] ] ] } },
{ "type": "Feature", "properties": { "ref": "", "fclass": "trunk" }, "geometry": { "type": "MultiLineString", "coordinates": [ [ [ 52.89896, 54.493793 ], [ 52.8996847, 54.4939379 ] ] ] } },
{ "type": "Feature", "properties": { "ref": "", "fclass": "trunk" }, "geometry": { "type": "MultiLineString", "coordinates": [ [ [ 52.8980022, 54.4942709 ], [ 52.8983126, 54.4939701 ], [ 52.89896, 54.493793 ] ] ] } },
{ "type": "Feature", "properties": { "ref": "", "fclass": "trunk" }, "geometry": { "type": "MultiLineString", "coordinates": [ [ [ 53.157762, 54.4225261 ], [ 53.1580771, 54.4225033 ] ] ] } },
{ "type": "Feature", "properties": { "ref": "", "fclass": "trunk" }, "geometry": { "type": "MultiLineString", "coordinates": [ [ [ 53.1581233, 54.4229982 ], [ 53.1579005, 54.4230018 ] ] ] } },
{ "type": "Feature", "properties": { "ref": "", "fclass": "trunk" }, "geometry": { "type": "MultiLineString", "coordinates": [ [ [ 49.2917518, 55.6366082 ], [ 49.2914841, 55.6369 ], [ 49.2912031, 55.6369336 ], [ 49.2909009, 55.6368314 ], [ 49.2907659, 55.6365718 ] ] ] } },
{ "type": "Feature", "properties": { "ref": "", "fclass": "trunk" }, "geometry": { "type": "MultiLineString", "coordinates": [ [ [ 49.2906181, 55.6373664 ], [ 49.2909615, 55.6371129 ], [ 49.2913277, 55.6371085 ], [ 49.2915353, 55.6372448 ] ] ] } },
{ "type": "Feature", "properties": { "ref": "", "fclass": "trunk" }, "geometry": { "type": "MultiLineString", "coordinates": [ [ [ 51.0480772, 55.6442796 ], [ 51.0481935, 55.6445545 ] ] ] } },
{ "type": "Feature", "properties": { "ref": "", "fclass": "trunk" }, "geometry": { "type": "MultiLineString", "coordinates": [ [ [ 51.0480772, 55.6442796 ], [ 51.0482955, 55.6440746 ], [ 51.05101, 55.6437502 ], [ 51.0547694, 55.643895 ], [ 51.0572009, 55.6444946 ], [ 51.0574117, 55.6447341 ], [ 51.0572009, 55.6450472 ], [ 51.0559229, 55.645657 ], [ 51.0535341, 55.6459764 ], [ 51.0515078, 55.645909 ] ] ] } },
{ "type": "Feature", "properties": { "ref": "", "fclass": "trunk" }, "geometry": { "type": "MultiLineString", "coordinates": [ [ [ 51.0519319, 55.6450733 ], [ 51.0507392, 55.6451257 ] ] ] } },
{ "type": "Feature", "properties": { "ref": "", "fclass": "trunk" }, "geometry": { "type": "MultiLineString", "coordinates": [ [ [ 51.0504401, 55.645453 ], [ 51.0503841, 55.6450873 ] ] ] } },
{ "type": "Feature", "properties": { "ref": "", "fclass": "trunk" }, "geometry": { "type": "MultiLineString", "coordinates": [ [ [ 48.7845241, 55.7371885 ], [ 48.7898654, 55.7348456 ], [ 48.7932651, 55.7337098 ] ] ] } },
{ "type": "Feature", "properties": { "ref": "", "fclass": "trunk" }, "geometry": { "type": "MultiLineString", "coordinates": [ [ [ 49.4580902, 55.5896212 ], [ 49.458689, 55.5882134 ], [ 49.458958, 55.5878934 ], [ 49.4596943, 55.5875855 ], [ 49.4606821, 55.587878 ], [ 49.4607276, 55.5882134 ], [ 49.4604303, 55.5884934 ] ] ] } },
{ "type": "Feature", "properties": { "ref": "", "fclass": "trunk" }, "geometry": { "type": "MultiLineString", "coordinates": [ [ [ 49.4633634, 55.5843813 ], [ 49.4615143, 55.5874514 ], [ 49.4603424, 55.5874637 ], [ 49.4597942, 55.587018 ], [ 49.4630549, 55.5843266 ] ] ] } },
{ "type": "Feature", "properties": { "ref": "", "fclass": "trunk" }, "geometry": { "type": "MultiLineString", "coordinates": [ [ [ 53.9005425, 55.4799818 ], [ 53.9004815, 55.4793642 ], [ 53.899167, 55.4792898 ] ] ] } },
{ "type": "Feature", "properties": { "ref": null, "fclass": "residential" }, "geometry": { "type": "MultiLineString", "coordinates": [ [ [ 49.1989905, 55.722964 ], [ 49.2018958, 55.7205465 ], [ 49.2031795, 55.7194706 ], [ 49.2116665, 55.7123687 ], [ 49.2149667, 55.7096104 ], [ 49.2279946, 55.6992114 ], [ 49.2307968, 55.6970631 ], [ 49.2388705, 55.6906888 ], [ 49.2519974, 55.6803414 ], [ 49.2565102, 55.6777055 ], [ 49.2595324813392, 55.676470243264788 ] ], [ [ 49.2595324813392, 55.676470243264788 ], [ 49.2529047, 55.6799839 ], [ 49.2390203, 55.690748 ], [ 49.2309679, 55.697134 ], [ 49.2302206, 55.6977171 ], [ 49.2210224, 55.7050061 ], [ 49.2134629, 55.7110736 ], [ 49.205009, 55.7181765 ], [ 49.2021088, 55.7206149 ], [ 49.1992551, 55.7230597 ] ], [ [ 49.262085650712109, 55.675426720405703 ], [ 49.2598123, 55.6763219 ], [ 49.2595324813392, 55.676470243264788 ] ], [ [ 49.2595324813392, 55.676470243264788 ], [ 49.262085650712109, 55.675426720405703 ] ], [ [ 49.262085650712109, 55.675426720405703 ], [ 49.2720322, 55.6713614 ], [ 49.2878805, 55.6651782 ], [ 49.296670127337237, 55.661752091245049 ], [ 49.2947806, 55.6584356 ], [ 49.2924885, 55.6546268 ], [ 49.2913838, 55.652085 ], [ 49.2908773, 55.6497865 ], [ 49.2906954, 55.6472556 ], [ 49.2905558, 55.6450709 ], [ 49.2904817, 55.6430994 ], [ 49.2904612, 55.6404504 ], [ 49.2904508, 55.6390062 ], [ 49.2907659, 55.6365718 ], [ 49.2918644, 55.6324392 ], [ 49.2932968, 55.6243428 ], [ 49.2933713, 55.6224644 ], [ 49.2929694, 55.6212137 ], [ 49.2922184, 55.6200942 ], [ 49.290358, 55.6183961 ], [ 49.2872336, 55.6157779 ], [ 49.2864863, 55.6151296 ], [ 49.2860698, 55.6147745 ], [ 49.285837, 55.6145896 ], [ 49.2854257, 55.6143833 ] ], [ [ 49.2918318, 55.6637979 ], [ 49.2879712, 55.6652983 ], [ 49.2825784, 55.6674012 ], [ 49.2710597, 55.671893 ], [ 49.262085650712109, 55.675426720405703 ] ], [ [ 49.2851775, 55.6143118 ], [ 49.2848833, 55.614216 ], [ 49.2847844, 55.6140076 ], [ 49.28496, 55.6138184 ] ], [ [ 49.2852898, 55.6143115 ], [ 49.2855472, 55.6142401 ], [ 49.2856893, 55.6140881 ], [ 49.2858718, 55.6144547 ], [ 49.2860359, 55.6146029 ], [ 49.2870069, 55.6154057 ], [ 49.2893932, 55.6173684 ], [ 49.2912383, 55.6188891 ], [ 49.2924075, 55.6200555 ], [ 49.292677, 55.6203916 ], [ 49.2932084, 55.6213672 ], [ 49.2935777, 55.6225971 ], [ 49.2934497, 55.6243482 ], [ 49.2920767, 55.6324422 ], [ 49.2919394, 55.6350307 ], [ 49.291284, 55.6387351 ], [ 49.2908899, 55.6405999 ], [ 49.2907114, 55.6422441 ], [ 49.290719, 55.6437254 ], [ 49.2908777, 55.6466002 ], [ 49.2909838, 55.6485426 ], [ 49.2913681, 55.651206 ], [ 49.2918477, 55.6528054 ], [ 49.2938571, 55.6566152 ] ], [ [ 49.2856682, 55.6139609 ], [ 49.2854194, 55.6138091 ], [ 49.2850598, 55.6137882 ], [ 49.286549, 55.6132433 ] ], [ [ 49.286549, 55.6132433 ], [ 49.2860475, 55.6135924 ], [ 49.2856937, 55.6140175 ] ], [ [ 49.286549, 55.6132433 ], [ 49.2900996, 55.6118602 ], [ 49.2929168, 55.6107218 ], [ 49.2940681, 55.6102693 ], [ 49.2954701, 55.6097187 ] ], [ [ 49.2950704, 55.6104178 ], [ 49.2933092, 55.6109961 ], [ 49.2916473, 55.611395 ], [ 49.2906848, 55.6116944 ] ], [ [ 49.296982166721214, 55.66179521294454 ], [ 49.2974528, 55.6627121 ], [ 49.2973884, 55.6631137 ], [ 49.2969497, 55.6634448 ], [ 49.296323, 55.6635709 ], [ 49.2951144, 55.6634538 ], [ 49.2939436, 55.6633534 ], [ 49.2931814, 55.6634365 ] ], [ [ 49.2952296, 55.658905 ], [ 49.2967885, 55.6614551 ] ], [ [ 49.296752093125335, 55.661889051368384 ], [ 49.2972331, 55.662758 ], [ 49.2971847, 55.663084 ], [ 49.2968384, 55.6633592 ], [ 49.2962352, 55.6634758 ], [ 49.2956298, 55.6633948 ], [ 49.2953025, 55.6631878 ], [ 49.2951769, 55.6629637 ], [ 49.2952711, 55.662721 ], [ 49.2956816, 55.6623918 ] ], [ [ 49.296910222803163, 55.661658263239808 ], [ 49.3012911, 55.6599072 ], [ 49.3114309, 55.6559631 ], [ 49.3122313, 55.6556459 ], [ 49.3140952, 55.6549255 ], [ 49.320266, 55.6525155 ], [ 49.3226742, 55.651571 ], [ 49.3283024, 55.6493716 ], [ 49.3475238, 55.6418837 ], [ 49.3500495, 55.6408977 ], [ 49.352011886414289, 55.640027915237809 ] ], [ [ 49.352011886414289, 55.640027915237809 ], [ 49.3501407, 55.6409439 ], [ 49.3218564, 55.6519703 ], [ 49.3062611, 55.6580446 ], [ 49.2974527, 55.6616033 ] ], [ [ 49.353139573553854, 55.639475888871821 ], [ 49.352011886414289, 55.640027915237809 ] ], [ [ 49.352011886414289, 55.640027915237809 ], [ 49.3529726, 55.6396021 ], [ 49.353139573553854, 55.639475888871821 ] ], [ [ 49.353139573553854, 55.639475888871821 ], [ 49.3548024, 55.638219 ], [ 49.3560898, 55.6368686 ], [ 49.3572574, 55.6348002 ], [ 49.3589736, 55.6293887 ], [ 49.3605367, 55.6248396 ], [ 49.3622042, 55.6223141 ], [ 49.3649948, 55.6199452 ], [ 49.3685882, 55.6180966 ], [ 49.3809085, 55.6128039 ], [ 49.3813758, 55.6126053 ], [ 49.3828739, 55.6119359 ], [ 49.383956, 55.6114892 ] ], [ [ 49.3857577, 55.610854 ], [ 49.3840921, 55.6115716 ], [ 49.3830415, 55.6120252 ], [ 49.3813277, 55.6127576 ], [ 49.3686871, 55.6181702 ], [ 49.3651396, 55.6200179 ], [ 49.3623595, 55.6223566 ], [ 49.360698, 55.6248629 ], [ 49.359283, 55.6294033 ], [ 49.3574667, 55.6348245 ], [ 49.3563077, 55.6369383 ], [ 49.3542584, 55.6389282 ], [ 49.353139573553854, 55.639475888871821 ] ], [ [ 49.383956, 55.6114892 ], [ 49.3856435, 55.6107768 ], [ 49.3876107, 55.610079 ], [ 49.3886948, 55.6097628 ] ], [ [ 49.3899462, 55.6095602 ], [ 49.3857577, 55.610854 ] ], [ [ 49.3899462, 55.6095602 ], [ 49.3857577, 55.610854 ] ], [ [ 49.3886948, 55.6097628 ], [ 49.3898849, 55.6094941 ], [ 49.3909988, 55.6092962 ], [ 49.3921535, 55.6091467 ] ], [ [ 49.3930346, 55.6091432 ], [ 49.3899462, 55.6095602 ] ], [ [ 49.3930346, 55.6091432 ], [ 49.3899462, 55.6095602 ] ], [ [ 49.3921535, 55.6091467 ], [ 49.3930238, 55.6090614 ], [ 49.3940141, 55.6090038 ], [ 49.395035, 55.6089754 ] ], [ [ 49.3960635, 55.6090616 ], [ 49.3930346, 55.6091432 ] ], [ [ 49.3960635, 55.6090616 ], [ 49.3930346, 55.6091432 ] ], [ [ 49.395035, 55.6089754 ], [ 49.3960714, 55.6089815 ], [ 49.3968621, 55.6090205 ], [ 49.3976097, 55.6090671 ] ], [ [ 49.3983078, 55.6092053 ], [ 49.3975815, 55.6091359 ], [ 49.396854, 55.6090932 ], [ 49.3960635, 55.6090616 ] ], [ [ 49.3968307, 55.6194632 ], [ 49.3969683, 55.6193904 ], [ 49.3986335, 55.6184965 ], [ 49.3987307, 55.6184418 ], [ 49.3991874, 55.6181925 ], [ 49.3995447, 55.6180044 ], [ 49.3996659, 55.6179417 ], [ 49.399867, 55.6178376 ], [ 49.3998829, 55.6178294 ] ], [ [ 49.3976097, 55.6090671 ], [ 49.3983373, 55.6091356 ], [ 49.3992691, 55.6092576 ], [ 49.4004446, 55.6094554 ] ], [ [ 49.4021901, 55.6098943 ], [ 49.4003982, 55.60952 ], [ 49.3992323, 55.6093265 ], [ 49.3983078, 55.6092053 ] ], [ [ 49.3998829, 55.6178294 ], [ 49.4008237, 55.6184311 ], [ 49.4017108, 55.6190617 ], [ 49.4031684, 55.6199379 ], [ 49.4043428, 55.6206306 ], [ 49.4048122, 55.6208199 ], [ 49.4049758, 55.6209107 ], [ 49.4051984, 55.6210425 ], [ 49.4052682, 55.6211016 ], [ 49.405759, 55.6216786 ], [ 49.4047111, 55.622094 ], [ 49.4044447, 55.6221996 ], [ 49.4036765, 55.6225303 ], [ 49.4030232, 55.6228115 ], [ 49.4020254, 55.6232204 ], [ 49.4015372, 55.623387 ] ], [ [ 49.3998829, 55.6178294 ], [ 49.4000084, 55.6177674 ], [ 49.400616, 55.6174444 ], [ 49.4009313, 55.6172799 ], [ 49.4012013, 55.617139 ], [ 49.4012594, 55.6171087 ], [ 49.4014446, 55.6170112 ], [ 49.4018843, 55.6167806 ], [ 49.4025141, 55.6164536 ], [ 49.4030015, 55.6162005 ], [ 49.4044551, 55.6154626 ], [ 49.4058697, 55.6146938 ], [ 49.4064204, 55.6144011 ], [ 49.4066713, 55.6142659 ], [ 49.4075341, 55.6138507 ], [ 49.4081584, 55.6135503 ], [ 49.4094969, 55.6129986 ], [ 49.4113659, 55.6122541 ], [ 49.4130175, 55.6115617 ], [ 49.4143719, 55.6110087 ], [ 49.4152328, 55.6106678 ], [ 49.4182001, 55.6095013 ] ], [ [ 49.4004446, 55.6094554 ], [ 49.4048049, 55.6102673 ] ], [ [ 49.4064963, 55.6105268 ], [ 49.4047735, 55.6103393 ], [ 49.4021901, 55.6098943 ] ], [ [ 49.4064963, 55.6105268 ], [ 49.4047735, 55.6103393 ] ], [ [ 49.4048049, 55.6102673 ], [ 49.4081658, 55.6105565 ] ], [ [ 49.4089508, 55.6106491 ], [ 49.4064963, 55.6105268 ] ], [ [ 49.4081658, 55.6105565 ], [ 49.4089776, 55.6105779 ], [ 49.4097303, 55.6105769 ], [ 49.4106071, 55.6105517 ] ], [ [ 49.4114667, 55.6105764 ], [ 49.4089508, 55.6106491 ] ], [ [ 49.4106071, 55.6105517 ], [ 49.4132029, 55.6103256 ] ], [ [ 49.4148497, 55.6102231 ], [ 49.4114667, 55.6105764 ] ], [ [ 49.4132029, 55.6103256 ], [ 49.4173221, 55.6096092 ] ], [ [ 49.4182001, 55.6095013 ], [ 49.4148497, 55.6102231 ] ], [ [ 49.4173221, 55.6096092 ], [ 49.4186079, 55.609267 ], [ 49.4202084, 55.6086713 ], [ 49.4226117, 55.6077129 ], [ 49.4247732, 55.6067573 ], [ 49.4286784, 55.6049739 ], [ 49.4329644, 55.6030653 ], [ 49.4358129, 55.6019055 ], [ 49.4383615, 55.6008013 ], [ 49.4417158, 55.5993194 ], [ 49.4432363, 55.598625 ], [ 49.4528783, 55.5939372 ], [ 49.4568899, 55.5909541 ], [ 49.4598525, 55.5877581 ], [ 49.4615964, 55.5858827 ], [ 49.4708651, 55.5760255 ], [ 49.4711309, 55.5757284 ], [ 49.4752931, 55.5711507 ], [ 49.4756139, 55.5707892 ], [ 49.4788216, 55.5671787 ], [ 49.4829476, 55.5626793 ], [ 49.4844737, 55.5614855 ], [ 49.4867053, 55.5604116 ], [ 49.4912893, 55.5588631 ], [ 49.4984576, 55.5565228 ], [ 49.5059296, 55.5540693 ], [ 49.5078472, 55.5534267 ], [ 49.518970475313921, 55.549933193633549 ] ], [ [ 49.4223836, 55.6078719 ], [ 49.4182001, 55.6095013 ] ], [ [ 49.4182001, 55.6095013 ], [ 49.4182001, 55.6095013 ] ], [ [ 49.4260821, 55.606307 ], [ 49.425661, 55.6064722 ], [ 49.4243292, 55.607041 ], [ 49.4223836, 55.6078719 ] ], [ [ 49.4288625, 55.6050843 ], [ 49.4260821, 55.606307 ] ], [ [ 49.518970475313921, 55.549933193633549 ], [ 49.5088819, 55.5532922 ], [ 49.4992731, 55.5563878 ], [ 49.4950027, 55.5577885 ], [ 49.4916365, 55.55886 ], [ 49.4876848, 55.5601706 ], [ 49.4840015, 55.5620099 ], [ 49.4828614, 55.5630203 ], [ 49.4773016, 55.5691364 ], [ 49.4751307, 55.5715821 ], [ 49.4711502, 55.5759493 ], [ 49.463768, 55.5839418 ], [ 49.4601766, 55.5878424 ], [ 49.4570029, 55.5911863 ], [ 49.4516287, 55.5949489 ], [ 49.442484, 55.5991226 ], [ 49.4422001, 55.5992464 ], [ 49.439675, 55.6003473 ], [ 49.4288625, 55.6050843 ] ], [ [ 49.518970475313921, 55.549933193633549 ], [ 49.5196198, 55.549717 ], [ 49.544515, 55.5417207 ], [ 49.5468259, 55.5409733 ], [ 49.5483383, 55.5404811 ], [ 49.5487387, 55.54035 ], [ 49.5494744, 55.5401091 ], [ 49.5505112, 55.5397649 ], [ 49.5535335, 55.5387713 ], [ 49.5638864, 55.535407 ], [ 49.5697264, 55.5334948 ], [ 49.6058984, 55.5216887 ], [ 49.6179427, 55.5177312 ], [ 49.6201996, 55.5168508 ], [ 49.621595, 55.5160229 ], [ 49.6423852, 55.4999651 ], [ 49.6520791, 55.4924755 ], [ 49.6552982, 55.4899534 ], [ 49.6607638, 55.4856564 ], [ 49.6642242, 55.482923 ], [ 49.6720761, 55.4764362 ], [ 49.6754611, 55.4740062 ], [ 49.6793798, 55.4709194 ], [ 49.6864846, 55.4652253 ], [ 49.689187, 55.4632087 ], [ 49.6983068, 55.4587054 ], [ 49.7013812, 55.4564867 ], [ 49.7038141, 55.4528268 ], [ 49.7051412, 55.4479117 ], [ 49.7053704, 55.4470362 ], [ 49.7059712, 55.4442984 ], [ 49.7073263, 55.4387379 ], [ 49.7081168, 55.4354749 ], [ 49.7091753, 55.4306986 ], [ 49.7096333, 55.4295339 ], [ 49.7109949, 55.4282359 ], [ 49.7128569, 55.4272325 ], [ 49.7155711, 55.4264726 ], [ 49.7181291, 55.4257352 ], [ 49.7212994, 55.4248901 ], [ 49.7234019, 55.4243881 ], [ 49.7250315, 55.4239863 ], [ 49.7267269, 55.4233492 ], [ 49.7295671, 55.4213511 ], [ 49.7329422, 55.4189327 ], [ 49.7338214, 55.4183819 ], [ 49.7343834, 55.4180583 ], [ 49.7374571, 55.4163335 ], [ 49.7455774, 55.4117286 ], [ 49.7563383, 55.4056449 ], [ 49.7599921, 55.4027566 ], [ 49.7683666, 55.3984111 ], [ 49.7905365, 55.3918806 ], [ 49.7920339, 55.3915653 ], [ 49.7939543, 55.3914143 ], [ 49.7957978, 55.3914657 ], [ 49.7990675, 55.3918434 ], [ 49.8004455, 55.3919537 ], [ 49.8039811, 55.3918511 ], [ 49.8056092, 55.3917382 ], [ 49.809447, 55.3910777 ], [ 49.8141826, 55.3902693 ], [ 49.8346847, 55.3866698 ], [ 49.8363492, 55.3861981 ], [ 49.8377019, 55.3854813 ], [ 49.8387501, 55.3846499 ], [ 49.8411232, 55.3815387 ], [ 49.8419118, 55.3807581 ], [ 49.843765, 55.3796626 ], [ 49.8558579, 55.3749927 ], [ 49.8571206, 55.3748036 ], [ 49.8587036, 55.3749475 ], [ 49.8834713, 55.381101 ], [ 49.8873848, 55.3815019 ], [ 49.8916909, 55.3807172 ], [ 49.9061372, 55.377587 ], [ 49.908213, 55.3776155 ], [ 49.9256963, 55.3809941 ], [ 49.928152, 55.3814485 ], [ 49.9299931, 55.3816421 ], [ 49.9328478, 55.3818805 ], [ 49.935414, 55.3820798 ], [ 49.9459891, 55.3819949 ], [ 49.9504405, 55.3818533 ], [ 49.9530811, 55.3816423 ], [ 49.954716, 55.3814786 ], [ 49.9566311, 55.3812469 ], [ 49.9602678, 55.3806768 ], [ 49.9631642, 55.3800642 ], [ 49.9668723, 55.3791027 ], [ 49.969926, 55.3781532 ], [ 49.9732966, 55.3768911 ], [ 49.9966354, 55.3674881 ], [ 49.9995485, 55.3662548 ], [ 50.0028088, 55.3645467 ], [ 50.0055242, 55.3627456 ], [ 50.0076206, 55.3609216 ], [ 50.0096087, 55.3586796 ], [ 50.0110442, 55.35633 ], [ 50.011817, 55.3544119 ], [ 50.0150291, 55.345866 ], [ 50.0165088, 55.3420422 ], [ 50.0183029, 55.3388578 ], [ 50.019805, 55.3368841 ], [ 50.0224482, 55.3341484 ], [ 50.0416046, 55.3153776 ], [ 50.0463401, 55.3107581 ], [ 50.0547894, 55.3024524 ] ], [ [ 49.518970475313921, 55.549933193633549 ], [ 49.5191166, 55.5498873 ] ], [ [ 50.0549235, 55.3026256 ], [ 50.0497994, 55.3075735 ], [ 50.0446233, 55.3126444 ], [ 50.0404838, 55.3167013 ], [ 50.0225929, 55.3342012 ], [ 50.019976, 55.3369142 ], [ 50.018456, 55.3389114 ], [ 50.0166898, 55.3420695 ], [ 50.0152295, 55.3458934 ], [ 50.0120075, 55.3544379 ], [ 50.0112145, 55.3563635 ], [ 50.0097635, 55.3587148 ], [ 50.0073073, 55.3614291 ], [ 50.0046926, 55.3635048 ], [ 50.0023164, 55.3649756 ], [ 49.9987114, 55.3667678 ], [ 49.9734163, 55.3769931 ], [ 49.9690112, 55.3785776 ], [ 49.9655697, 55.3795888 ], [ 49.9625612, 55.3803246 ], [ 49.9587849, 55.3810625 ], [ 49.9558478, 55.3814763 ], [ 49.9543732, 55.3816504 ], [ 49.9523088, 55.3818351 ], [ 49.9492862, 55.382027 ], [ 49.9415623, 55.3821481 ], [ 49.9361202, 55.3821596 ] ], [ [ 52.0215984, 54.8735682 ], [ 52.0336399, 54.8703857 ], [ 52.0400262, 54.8686832 ], [ 52.0476513, 54.8666519 ], [ 52.0499599, 54.866242 ], [ 52.0517806, 54.8662006 ], [ 52.0581162, 54.8671496 ], [ 52.060764, 54.8675716 ], [ 52.0639528, 54.8683454 ], [ 52.0674135, 54.8699483 ], [ 52.0701105, 54.8711681 ], [ 52.0908132, 54.8787237 ], [ 52.0925671, 54.8791864 ], [ 52.1225955, 54.8848102 ], [ 52.1346652, 54.8861516 ], [ 52.147403, 54.8875224 ], [ 52.1487317, 54.887785 ], [ 52.1521816, 54.8885103 ], [ 52.1697074, 54.8921533 ], [ 52.1709111, 54.8925145 ], [ 52.1755678, 54.8942693 ], [ 52.1919313, 54.9005629 ], [ 52.1944767, 54.9014285 ], [ 52.1966516, 54.9017601 ], [ 52.2010818, 54.9017027 ], [ 52.201509, 54.901689 ], [ 52.2078513, 54.9014178 ], [ 52.2106519, 54.9013558 ], [ 52.2248021, 54.9016815 ] ], [ [ 52.2253549, 54.9017629 ], [ 52.2250763, 54.9017203 ], [ 52.2248021, 54.9016815 ] ], [ [ 52.2248021, 54.9016815 ], [ 52.2255439, 54.9015853 ] ], [ [ 52.2248021, 54.9016815 ], [ 52.2250342, 54.9016586 ], [ 52.2253065, 54.9016331 ], [ 52.2255439, 54.9015853 ] ], [ [ 52.2259434, 54.9020227 ], [ 52.2257962, 54.9019174 ], [ 52.2255941, 54.9018326 ], [ 52.2253549, 54.9017629 ] ], [ [ 52.2259434, 54.9020227 ], [ 52.2253549, 54.9017629 ] ], [ [ 52.2255439, 54.9015853 ], [ 52.2257866, 54.9015121 ], [ 52.2259962, 54.9014266 ] ], [ [ 52.2259434, 54.9020227 ], [ 52.2258284, 54.9016708 ] ], [ [ 52.2259434, 54.9020227 ], [ 52.2258499, 54.9018889 ], [ 52.225821, 54.9017859 ], [ 52.2258284, 54.9016708 ] ], [ [ 52.2258284, 54.9016708 ], [ 52.2258854, 54.9015454 ], [ 52.2259962, 54.9014266 ] ], [ [ 52.2264115, 54.9022641 ], [ 52.2259434, 54.9020227 ] ], [ [ 52.2264115, 54.9022641 ], [ 52.22621, 54.9021975 ], [ 52.2260627, 54.9021194 ], [ 52.2259434, 54.9020227 ] ], [ [ 52.2259962, 54.9014266 ], [ 52.2261415, 54.9013325 ], [ 52.2263177, 54.9012599 ] ], [ [ 52.247151343127868, 54.849054322380525 ], [ 52.2446697, 54.8497732 ], [ 52.2360928, 54.8533486 ], [ 52.2346104, 54.8537212 ], [ 52.2282031, 54.8552386 ], [ 52.2275423, 54.8555083 ], [ 52.22657, 54.856126 ], [ 52.2259781, 54.8569901 ], [ 52.2257915, 54.8577627 ], [ 52.2269972, 54.8630734 ], [ 52.2265363, 54.8656723 ], [ 52.2231167, 54.876719 ], [ 52.2228951, 54.8806395 ], [ 52.2235112, 54.8857149 ], [ 52.2247398, 54.8914428 ], [ 52.2280557, 54.8950524 ], [ 52.2286025, 54.8967781 ], [ 52.2277339, 54.899186 ], [ 52.226832, 54.9009934 ], [ 52.2263177, 54.9012599 ] ], [ [ 52.2263177, 54.9012599 ], [ 52.226565, 54.9012043 ], [ 52.2268026, 54.9011888 ], [ 52.2270181, 54.901204 ] ], [ [ 52.2263177, 54.9012599 ], [ 52.2270181, 54.901204 ] ], [ [ 52.2270733, 54.9022851 ], [ 52.2264115, 54.9022641 ] ], [ [ 52.2270733, 54.9022851 ], [ 52.2268218, 54.9023085 ], [ 52.2265992, 54.9022976 ], [ 52.2264115, 54.9022641 ] ], [ [ 52.2270181, 54.901204 ], [ 52.2272102, 54.9012428 ], [ 52.2273347, 54.9012767 ], [ 52.2275415, 54.9013907 ] ], [ [ 52.2270181, 54.901204 ], [ 52.2275415, 54.9013907 ] ], [ [ 52.2276194, 54.9020449 ], [ 52.2270733, 54.9022851 ] ], [ [ 52.2276194, 54.9020449 ], [ 52.2274939, 54.9021375 ], [ 52.2273069, 54.9022244 ], [ 52.2270733, 54.9022851 ] ], [ [ 52.2273313, 54.9010967 ], [ 52.2274067, 54.9012408 ], [ 52.2275415, 54.9013907 ] ], [ [ 52.2273573, 54.9005931 ], [ 52.227297, 54.9008036 ], [ 52.2272866, 54.9009525 ], [ 52.2273313, 54.9010967 ] ], [ [ 52.2273573, 54.9005931 ], [ 52.2273313, 54.9010967 ] ], [ [ 52.2287346, 54.8973677 ], [ 52.2273573, 54.9005931 ] ], [ [ 52.2287346, 54.8973677 ], [ 52.2284743, 54.8979841 ], [ 52.2279699, 54.8992014 ], [ 52.2273573, 54.9005931 ] ], [ [ 52.2275415, 54.9013907 ], [ 52.2276505, 54.9014835 ], [ 52.2277355, 54.9016081 ], [ 52.2277648, 54.9017137 ] ], [ [ 52.2275415, 54.9013907 ], [ 52.2277648, 54.9017137 ] ], [ [ 52.2277648, 54.9017137 ], [ 52.2276194, 54.9020449 ] ], [ [ 52.2277648, 54.9017137 ], [ 52.227752, 54.901846 ], [ 52.2276944, 54.9019606 ], [ 52.2276194, 54.9020449 ] ], [ [ 52.247151343127868, 54.849054322380525 ], [ 52.2445401, 54.8499505 ], [ 52.236121, 54.8534802 ], [ 52.2351062, 54.8537398 ], [ 52.2289258, 54.855118 ], [ 52.2272128, 54.8558337 ], [ 52.2264451, 54.8565324 ], [ 52.2260113, 54.8575124 ], [ 52.2260859, 54.8586766 ], [ 52.2272337, 54.8638613 ], [ 52.2262288, 54.8673829 ], [ 52.2233282, 54.8766442 ], [ 52.223154, 54.8810821 ], [ 52.2240497, 54.8881138 ], [ 52.2249578, 54.8913258 ], [ 52.2282971, 54.8950339 ], [ 52.228796, 54.896456 ], [ 52.2287346, 54.8973677 ] ], [ [ 52.2288517, 54.8968306 ], [ 52.2288178, 54.897092 ], [ 52.2287346, 54.8973677 ] ], [ [ 52.247507824139049, 54.848951057645223 ], [ 52.2474017, 54.8489684 ], [ 52.247151343127868, 54.849054322380525 ] ], [ [ 52.247151343127868, 54.849054322380525 ], [ 52.247507824139049, 54.848951057645223 ] ], [ [ 52.247507824139049, 54.848951057645223 ], [ 52.2487639, 54.8485872 ], [ 52.2514074, 54.8482018 ] ], [ [ 52.2523063, 54.8486011 ], [ 52.2509289, 54.848392 ], [ 52.247507824139049, 54.848951057645223 ] ], [ [ 52.2495803, 54.8484682 ], [ 52.2507939, 54.8482986 ], [ 52.2514074, 54.8482018 ] ], [ [ 52.2514074, 54.8482018 ], [ 52.2517737, 54.8481146 ], [ 52.2522269, 54.8479346 ] ], [ [ 52.2523063, 54.8486011 ], [ 52.2521468, 54.8480546 ] ], [ [ 52.2523063, 54.8486011 ], [ 52.2521605, 54.8484242 ], [ 52.2521099, 54.848256 ], [ 52.2521468, 54.8480546 ] ], [ [ 52.2521468, 54.8480546 ], [ 52.2522269, 54.8479346 ] ], [ [ 52.2522269, 54.8479346 ], [ 52.2522405, 54.8479149 ], [ 52.2522509, 54.8479029 ], [ 52.2524702, 54.8477372 ] ], [ [ 52.2522269, 54.8479346 ], [ 52.2524702, 54.8477372 ] ], [ [ 52.2530443, 54.8488882 ], [ 52.2523063, 54.8486011 ] ], [ [ 52.2530443, 54.8488882 ], [ 52.252702, 54.8488135 ], [ 52.2524605, 54.8487084 ], [ 52.2523063, 54.8486011 ] ], [ [ 52.2524702, 54.8477372 ], [ 52.2527583, 54.8476201 ], [ 52.2529504, 54.8475764 ], [ 52.2530958, 54.8475573 ] ], [ [ 52.2524702, 54.8477372 ], [ 52.2530958, 54.8475573 ] ], [ [ 52.2537184, 54.8488547 ], [ 52.2533677, 54.8489007 ], [ 52.2530443, 54.8488882 ] ], [ [ 52.2538504, 54.8488125 ], [ 52.2530443, 54.8488882 ] ], [ [ 52.2530958, 54.8475573 ], [ 52.2539158, 54.8476544 ] ], [ [ 52.2530958, 54.8475573 ], [ 52.253275, 54.8475486 ], [ 52.2536193, 54.8475766 ], [ 52.2539158, 54.8476544 ] ], [ [ 52.2549332, 54.8490282 ], [ 52.2544083, 54.8488938 ], [ 52.254085, 54.8488592 ], [ 52.2537184, 54.8488547 ] ], [ [ 52.2538504, 54.8488125 ], [ 52.2537184, 54.8488547 ] ], [ [ 52.2543633, 54.8484947 ], [ 52.2538504, 54.8488125 ] ], [ [ 52.2543633, 54.8484947 ], [ 52.2542118, 54.8486417 ], [ 52.2539824, 54.8487703 ], [ 52.2538504, 54.8488125 ] ], [ [ 52.2539158, 54.8476544 ], [ 52.2541672, 54.8477783 ], [ 52.2543338, 54.84792 ], [ 52.2544495, 54.848134 ] ], [ [ 52.2539158, 54.8476544 ], [ 52.2544495, 54.848134 ] ], [ [ 52.2544495, 54.848134 ], [ 52.2543633, 54.8484947 ] ], [ [ 52.254409, 54.848417 ], [ 52.2543633, 54.8484947 ] ], [ [ 52.254409, 54.848417 ], [ 52.2545667, 54.8486725 ], [ 52.2549332, 54.8490282 ] ], [ [ 52.2544495, 54.848134 ], [ 52.2544445, 54.8483384 ], [ 52.254409, 54.848417 ] ], [ [ 52.2562332, 54.8499014 ], [ 52.2549332, 54.8490282 ] ], [ [ 52.2668991, 54.8566398 ], [ 52.2562332, 54.8499014 ] ], [ [ 52.2668991, 54.8566398 ], [ 52.2664645, 54.8563653 ], [ 52.2661909, 54.8561924 ], [ 52.2562332, 54.8499014 ] ], [ [ 52.2721251, 54.859941 ], [ 52.2668991, 54.8566398 ] ], [ [ 52.2721251, 54.859941 ], [ 52.2719709, 54.8598436 ], [ 52.2716967, 54.8596704 ], [ 52.2668991, 54.8566398 ] ], [ [ 52.2736556, 54.8608017 ], [ 52.2721251, 54.859941 ] ], [ [ 52.2736556, 54.8608017 ], [ 52.2729909, 54.8604606 ], [ 52.2728492, 54.8603879 ], [ 52.2721251, 54.859941 ] ], [ [ 52.2736556, 54.8608017 ], [ 52.2762528, 54.8617482 ], [ 52.2795889, 54.8629519 ], [ 52.2810041, 54.8634635 ], [ 52.2840007, 54.8645429 ], [ 52.2868731, 54.8655771 ], [ 52.2896812, 54.8665609 ], [ 52.2922067, 54.8674321 ], [ 52.2975365, 54.8693793 ], [ 52.3033336, 54.8714419 ], [ 52.3062564, 54.8724903 ], [ 52.3096125, 54.8736864 ], [ 52.3124391, 54.8747102 ], [ 52.3138337, 54.8751997 ], [ 52.3151348, 54.8755465 ] ], [ [ 52.2752432, 54.8613858 ], [ 52.2745192, 54.861126 ], [ 52.2736556, 54.8608017 ] ], [ [ 52.3131903, 54.8749855 ], [ 52.3138222, 54.8753111 ], [ 52.3140265, 54.8754165 ], [ 52.3144224, 54.875687 ], [ 52.3147137, 54.8759928 ] ], [ [ 52.3149253, 54.8761411 ], [ 52.3146711, 54.8758723 ] ], [ [ 52.3147137, 54.8759928 ], [ 52.3146711, 54.8758723 ] ], [ [ 52.3146711, 54.8758723 ], [ 52.3147089, 54.8757513 ], [ 52.3148217, 54.8756468 ], [ 52.3149731, 54.8755824 ] ], [ [ 52.3146711, 54.8758723 ], [ 52.3149731, 54.8755824 ] ], [ [ 52.3149253, 54.8761411 ], [ 52.3148002, 54.8760761 ], [ 52.3147137, 54.8759928 ] ], [ [ 52.3153589, 54.8761883 ], [ 52.3149253, 54.8761411 ] ], [ [ 52.3153589, 54.8761883 ], [ 52.3152088, 54.8761951 ], [ 52.3150608, 54.876179 ], [ 52.3149253, 54.8761411 ] ], [ [ 52.3149731, 54.8755824 ], [ 52.3149936, 54.8755737 ], [ 52.3151348, 54.8755465 ] ], [ [ 52.3151348, 54.8755465 ], [ 52.3155011, 54.8755776 ] ], [ [ 52.3151348, 54.8755465 ], [ 52.3151672, 54.875546 ], [ 52.3153121, 54.8755439 ], [ 52.3155011, 54.8755776 ] ], [ [ 52.3157127, 54.8760496 ], [ 52.3153589, 54.8761883 ] ], [ [ 52.315624, 54.8761093 ], [ 52.3155006, 54.876159 ], [ 52.3153589, 54.8761883 ] ], [ [ 52.3155011, 54.8755776 ], [ 52.3155573, 54.8756004 ], [ 52.3156206, 54.875626 ] ], [ [ 52.3155011, 54.8755776 ], [ 52.3157435, 54.8757176 ] ], [ [ 52.3156206, 54.875626 ], [ 52.3160247, 54.8757308 ], [ 52.3164259, 54.875791 ], [ 52.3168427, 54.8758224 ], [ 52.3176042, 54.8758344 ], [ 52.3181235, 54.8758406 ] ], [ [ 52.3157435, 54.8757176 ], [ 52.3156206, 54.875626 ] ], [ [ 52.3157435, 54.8757176 ], [ 52.3157127, 54.8760496 ] ], [ [ 52.3157435, 54.8757176 ], [ 52.3158034, 54.875828 ], [ 52.3157927, 54.8759435 ], [ 52.3157127, 54.8760496 ] ], [ [ 52.3181235, 54.8758406 ], [ 52.3164833, 54.8758416 ], [ 52.3157127, 54.8760496 ] ], [ [ 52.3194734, 54.8758523 ], [ 52.3188292, 54.8758467 ], [ 52.3181235, 54.8758406 ] ], [ [ 52.8973388, 54.4934236 ], [ 52.8769512, 54.4861243 ], [ 52.8601938, 54.4801484 ], [ 52.8589732, 54.4800204 ], [ 52.8514606, 54.4802837 ], [ 52.8303554, 54.481108 ], [ 52.8271922, 54.4818141 ], [ 52.8125363, 54.4907235 ], [ 52.810303, 54.4922262 ], [ 52.8010623, 54.5026355 ], [ 52.7986025, 54.5044006 ], [ 52.7954583, 54.5057719 ], [ 52.7930483, 54.50645 ], [ 52.7900282, 54.5068533 ], [ 52.7869941, 54.50692 ], [ 52.7675884, 54.5069407 ], [ 52.7581984, 54.5069997 ], [ 52.756312, 54.5072481 ], [ 52.7544028, 54.5077644 ], [ 52.7528807, 54.5084802 ], [ 52.7512944, 54.5096221 ], [ 52.7499268, 54.5114114 ], [ 52.7433614, 54.5216285 ], [ 52.7419646, 54.5231584 ], [ 52.7372305, 54.52752 ], [ 52.7303222, 54.5379518 ], [ 52.730526, 54.5383953 ], [ 52.7312261, 54.5389679 ], [ 52.7320978, 54.5395997 ], [ 52.7346465, 54.5413945 ], [ 52.7364795, 54.5426528 ], [ 52.7393344, 54.5439178 ], [ 52.7406459, 54.5446649 ], [ 52.7509511, 54.5509479 ], [ 52.7536471, 54.5525977 ], [ 52.7534035, 54.5531731 ], [ 52.7517722, 54.5542245 ], [ 52.7501572, 54.5555128 ], [ 52.7295106, 54.5736608 ], [ 52.6982862, 54.6011838 ], [ 52.6963856, 54.6028438 ], [ 52.6948878, 54.6040376 ], [ 52.6929018, 54.6053834 ], [ 52.6762598, 54.6135682 ], [ 52.6648675, 54.6197039 ], [ 52.6559906, 54.6245334 ], [ 52.6348519, 54.6360379 ], [ 52.6202165, 54.6439991 ], [ 52.6101602, 54.6494899 ], [ 52.608281, 54.650826 ], [ 52.6066233, 54.652301 ], [ 52.6008412, 54.6582007 ], [ 52.589703, 54.6673969 ], [ 52.5741239, 54.6799894 ], [ 52.5664489, 54.6862945 ], [ 52.5638063, 54.6884611 ], [ 52.5573003, 54.6939146 ], [ 52.5524487, 54.6978621 ], [ 52.5455647, 54.7065048 ], [ 52.5429458, 54.7094112 ], [ 52.5366749, 54.7159203 ], [ 52.5337469, 54.7189549 ], [ 52.5259572, 54.7270222 ], [ 52.5179105, 54.7351663 ], [ 52.5133053, 54.7406083 ], [ 52.4968251, 54.7598287 ], [ 52.4946869, 54.7627193 ], [ 52.4930236, 54.7662244 ], [ 52.4910763, 54.7703013 ], [ 52.4905414, 54.7713925 ], [ 52.4901227, 54.7722101 ], [ 52.4889392, 54.7740078 ], [ 52.4879906, 54.7753476 ], [ 52.4874261, 54.7760924 ], [ 52.4869643, 54.7766932 ], [ 52.4840183, 54.7805183 ], [ 52.4825818, 54.7823833 ], [ 52.4716392, 54.7960722 ], [ 52.4591449, 54.8052618 ], [ 52.4566393, 54.807733 ], [ 52.4517984, 54.8189504 ], [ 52.4475488, 54.8288253 ], [ 52.4445735, 54.834811 ], [ 52.4424226, 54.8390453 ], [ 52.44099, 54.8419388 ], [ 52.4389514, 54.8458889 ], [ 52.4370651, 54.8495503 ], [ 52.4361658, 54.8506922 ], [ 52.4314045, 54.8509889 ], [ 52.4266599, 54.8512281 ], [ 52.4185735, 54.8516286 ], [ 52.4131862, 54.8527159 ], [ 52.4058242, 54.8552095 ], [ 52.4028512, 54.8562005 ], [ 52.4010073, 54.8569308 ], [ 52.3996723, 54.8595355 ], [ 52.3990187, 54.8605672 ], [ 52.3981885, 54.8613306 ], [ 52.3961268, 54.8623866 ], [ 52.3894016, 54.864946 ], [ 52.363649, 54.8747452 ], [ 52.3593551, 54.8762027 ], [ 52.3571151, 54.8764326 ], [ 52.3368055, 54.8761502 ], [ 52.3198756, 54.8758558 ], [ 52.3181235, 54.8758406 ] ], [ [ 52.9018461, 54.4947465 ], [ 52.9351588, 54.4972143 ], [ 52.9379318, 54.496819 ], [ 52.9495941, 54.4912504 ], [ 52.9619915, 54.4851706 ], [ 52.9727922, 54.4797507 ], [ 52.9984414, 54.4648474 ], [ 53.0136875, 54.4554283 ], [ 53.033993, 54.4431141 ], [ 53.0417447, 54.4387275 ], [ 53.0498838, 54.4375914 ], [ 53.0527672, 54.4373299 ], [ 53.0573829, 54.4376836 ], [ 53.0649871, 54.4382827 ], [ 53.0673027, 54.4381301 ], [ 53.0735412, 54.4364159 ], [ 53.0804351, 54.4340671 ] ], [ [ 53.12387785003699, 54.43400725522072 ], [ 53.1242467, 54.4340245 ], [ 53.124366770869443, 54.433996927395462 ] ], [ [ 53.12387785003699, 54.43400725522072 ], [ 53.1213525, 54.4340606 ], [ 53.1140051, 54.4336119 ], [ 53.0995227, 54.4331755 ], [ 53.0898891, 54.4317921 ], [ 53.0867109, 54.4318168 ], [ 53.0813918, 54.4337259 ], [ 53.08681, 54.4317048 ], [ 53.0890677, 54.4315739 ], [ 53.0996679, 54.4331063 ], [ 53.1156683, 54.4335867 ], [ 53.1192716, 54.4337919 ], [ 53.12387785003699, 54.43400725522072 ] ], [ [ 53.124366770869443, 54.433996927395462 ], [ 53.12387785003699, 54.43400725522072 ] ], [ [ 53.124366770869443, 54.433996927395462 ], [ 53.1265412, 54.4334976 ] ], [ [ 53.1265412, 54.4334976 ], [ 53.1250545, 54.4339824 ], [ 53.124366770869443, 54.433996927395462 ] ], [ [ 53.1265412, 54.4334976 ], [ 53.1331219, 54.4301891 ], [ 53.1445729, 54.4250821 ], [ 53.147586, 54.4240214 ] ], [ [ 53.1581233, 54.4229982 ], [ 53.1584026, 54.4229394 ], [ 53.1591895, 54.4226735 ], [ 53.1637224, 54.4220956 ], [ 53.1696761, 54.4214232 ], [ 53.1718178, 54.4210891 ], [ 53.1738772, 54.4205754 ], [ 53.2002275, 54.4113829 ], [ 53.2119406, 54.4072339 ], [ 53.2258492, 54.4023947 ], [ 53.2282157, 54.4015571 ], [ 53.2291031, 54.4012408 ], [ 53.2302729, 54.4008259 ], [ 53.2322023, 54.4001464 ], [ 53.2375186, 54.3982597 ], [ 53.2440531, 54.3959547 ], [ 53.2469277, 54.3949438 ], [ 53.2504173, 54.3935861 ], [ 53.2538866, 54.3921853 ], [ 53.2570778, 54.3908964 ], [ 53.2581705, 54.3904174 ], [ 53.2603056, 54.3893603 ], [ 53.26322, 54.3878214 ], [ 53.2709083, 54.3839005 ], [ 53.2713887, 54.3837015 ], [ 53.2724921, 54.3834232 ], [ 53.2742292, 54.3833484 ], [ 53.2750519, 54.3834534 ], [ 53.2808621, 54.3843198 ], [ 53.2818713, 54.3844722 ], [ 53.2855573, 54.3850232 ], [ 53.2910377, 54.3858403 ], [ 53.2959801, 54.386583 ], [ 53.3010333, 54.3873791 ], [ 53.3024794, 54.3876076 ], [ 53.3039905, 54.3874561 ], [ 53.3192171, 54.3837154 ], [ 53.3261415, 54.382048 ], [ 53.3286356, 54.3812737 ], [ 53.3460018, 54.3714051 ], [ 53.3609525, 54.3628711 ], [ 53.36197, 54.3621972 ], [ 53.3685786, 54.3532786 ], [ 53.3719279, 54.3494518 ], [ 53.3792194, 54.3457695 ], [ 53.379507, 54.3452983 ], [ 53.3796698, 54.3434035 ], [ 53.3798573, 54.3409261 ], [ 53.380139, 54.3395917 ], [ 53.3811392, 54.337273 ], [ 53.3814905, 54.3365028 ], [ 53.381833, 54.3358891 ], [ 53.3820506, 54.3354459 ], [ 53.3821142, 54.3352893 ], [ 53.3821642, 54.3350306 ], [ 53.3821009, 54.3348288 ], [ 53.3817997, 54.3341859 ], [ 53.3811901, 54.3329199 ], [ 53.3811188, 54.3323111 ], [ 53.3814908, 54.33185 ], [ 53.3822884, 54.3311914 ], [ 53.382964, 54.3306909 ], [ 53.384259, 54.3291274 ], [ 53.3858977, 54.326949 ], [ 53.386874, 54.3254909 ], [ 53.391017, 54.3193188 ], [ 53.3994734, 54.3071869 ], [ 53.4016696, 54.3038074 ], [ 53.4085715, 54.2881716 ], [ 53.4103127, 54.2810355 ], [ 53.4127927, 54.2755796 ], [ 53.4132042, 54.2741506 ], [ 53.4111622, 54.2596467 ], [ 53.4109927, 54.2587656 ], [ 53.4106139, 54.2567107 ], [ 53.410228, 54.2550164 ], [ 53.40535, 54.2342014 ], [ 53.4055439, 54.2323677 ], [ 53.4094964, 54.2098818 ], [ 53.4131397, 54.1722537 ], [ 53.4135031, 54.1717027 ], [ 53.4194078, 54.1662507 ], [ 53.4210468, 54.1641919 ], [ 53.4231642, 54.1612381 ], [ 53.4398439, 54.1367871 ], [ 53.4483703, 54.1166773 ], [ 53.4511605, 54.1044894 ], [ 53.4465241, 54.0985717 ], [ 53.4456313, 54.0968303 ], [ 53.4463683, 54.095958 ], [ 53.4508844, 54.0924689 ], [ 53.4521399, 54.0914134 ], [ 53.4531862, 54.0900201 ], [ 53.4558582, 54.0842439 ], [ 53.4638612, 54.0770773 ], [ 53.4765945, 54.0652947 ], [ 53.477616, 54.0639663 ] ] ] } },
{ "type": "Feature", "properties": { "ref": "16К-0659", "fclass": "secondary" }, "geometry": { "type": "MultiLineString", "coordinates": [ [ [ 47.5655548, 54.7174417 ], [ 47.5670895, 54.7176704 ], [ 47.5689524, 54.718024 ], [ 47.5693636, 54.7181138 ], [ 47.5705959, 54.7183769 ], [ 47.5717411, 54.7186289 ], [ 47.573314, 54.7189844 ], [ 47.5750907, 54.7193827 ], [ 47.5753214, 54.7194318 ], [ 47.575548, 54.71948 ], [ 47.5771792, 54.7198272 ], [ 47.5774187, 54.7198782 ], [ 47.5775384, 54.7199142 ], [ 47.5779918, 54.7200505 ], [ 47.5791774, 54.7204321 ], [ 47.5810514, 54.7210332 ], [ 47.5839632, 54.7219672 ], [ 47.5846589, 54.7222218 ], [ 47.5853306, 54.7225068 ], [ 47.5886577, 54.724209 ], [ 47.6024027, 54.7312147 ], [ 47.6069746, 54.73356 ], [ 47.6134261, 54.7368853 ], [ 47.6166211, 54.7386882 ], [ 47.6174525, 54.739184 ], [ 47.6182152, 54.7396799 ], [ 47.620535, 54.741419 ], [ 47.6236, 54.7440086 ], [ 47.6259911, 54.7462018 ], [ 47.6292808, 54.7492369 ], [ 47.6319359, 54.7516809 ], [ 47.6337064, 54.7532687 ], [ 47.6353899, 54.7548566 ], [ 47.6368393, 54.7561067 ], [ 47.6373954, 54.7565042 ], [ 47.6382123, 54.7569153 ], [ 47.6392935, 54.7573193 ], [ 47.6410934, 54.7578759 ], [ 47.6416123, 54.7580276 ], [ 47.6420518, 54.7581543 ], [ 47.6453046, 54.759127 ], [ 47.6459829, 54.7593638 ], [ 47.6464499, 54.7595585 ], [ 47.6468581, 54.7597487 ], [ 47.64736, 54.7600369 ], [ 47.6477724, 54.7603224 ], [ 47.6484213, 54.7608709 ], [ 47.6504534, 54.7626934 ], [ 47.6509207, 54.7631125 ], [ 47.6575648, 54.7689837 ], [ 47.6582802, 54.7697508 ], [ 47.6598971, 54.7715428 ], [ 47.6677489, 54.780321 ], [ 47.6720258, 54.7853927 ], [ 47.6721901, 54.7855648 ], [ 47.6724003, 54.7857379 ], [ 47.6727106, 54.7859132 ], [ 47.6731053, 54.7861 ], [ 47.6734513, 54.7862411 ], [ 47.6740861, 54.786469 ], [ 47.6747516, 54.7866694 ], [ 47.6752582, 54.7867869 ], [ 47.6756872, 54.7868582 ], [ 47.6761496, 54.7869062 ], [ 47.6788505, 54.7870239 ], [ 47.6815193, 54.7873365 ], [ 47.6835452, 54.7876273 ], [ 47.6871026, 54.7881049 ], [ 47.6908089, 54.7885557 ], [ 47.6969571, 54.7893999 ], [ 47.6978965, 54.7894795 ], [ 47.7015413, 54.7895151 ], [ 47.7022413, 54.7894929 ], [ 47.7028856, 54.7894278 ], [ 47.7036207, 54.7892666 ], [ 47.7085172, 54.7878716 ], [ 47.722731, 54.782618 ], [ 47.7486382, 54.7729302 ], [ 47.7580975, 54.7696705 ], [ 47.7735846, 54.7645764 ], [ 47.7816669, 54.7618353 ], [ 47.7830212, 54.7614244 ], [ 47.7843344, 54.7610982 ], [ 47.7890422, 54.7600661 ], [ 47.7896113, 54.7599633 ], [ 47.7903567, 54.7598658 ], [ 47.7944018, 54.7594147 ], [ 47.7960934, 54.7592819 ], [ 47.7973879, 54.7592234 ], [ 47.8401819, 54.7582909 ] ], [ [ 47.8515344, 54.7580026 ], [ 47.8627348, 54.7578601 ], [ 47.8634731, 54.757879 ], [ 47.8692608, 54.7582993 ], [ 47.8721403, 54.7585526 ], [ 47.8747622, 54.7588499 ], [ 47.8801054, 54.759536 ], [ 47.8931632, 54.7611608 ], [ 47.8938993, 54.7612602 ], [ 47.8945152, 54.7613745 ], [ 47.8957353, 54.7616697 ], [ 47.8964139, 54.7618831 ], [ 47.8968303, 54.7620605 ], [ 47.8973199, 54.7623235 ], [ 47.8976122, 54.7625171 ], [ 47.8981373, 54.7629395 ], [ 47.8986795, 54.7634313 ], [ 47.8990268, 54.7637916 ], [ 47.8993742, 54.7641866 ], [ 47.9004476, 54.7655448 ], [ 47.9022703, 54.7679786 ], [ 47.9026154, 54.7684571 ], [ 47.9033653, 54.7693923 ], [ 47.9037573, 54.769769 ], [ 47.9041666, 54.770106 ], [ 47.904541, 54.7703507 ], [ 47.9049154, 54.7705359 ], [ 47.9054682, 54.7707426 ], [ 47.9060552, 54.7709196 ], [ 47.9067475, 54.7711319 ], [ 47.9074311, 54.771295 ], [ 47.9081578, 54.7714063 ], [ 47.9088113, 54.7714501 ], [ 47.9102354, 54.7715038 ], [ 47.9111413, 54.77152 ], [ 47.912936, 54.771552 ], [ 47.9320371, 54.7716687 ], [ 47.9343416, 54.7716992 ], [ 47.9355982, 54.7717007 ], [ 47.9373012, 54.7716627 ], [ 47.9407776, 54.7713975 ], [ 47.9428176, 54.7711198 ], [ 47.9533549, 54.7694161 ], [ 47.9661139, 54.7672777 ], [ 47.970773, 54.7665153 ], [ 47.9850794, 54.7641743 ], [ 47.9985835, 54.7619645 ], [ 48.0023241, 54.7615466 ], [ 48.0038419, 54.7613876 ], [ 48.0045087, 54.7613608 ], [ 48.0049907, 54.761361 ], [ 48.0054257, 54.7613882 ], [ 48.0087407, 54.76171 ], [ 48.009159, 54.7617546 ], [ 48.009534, 54.7617994 ], [ 48.0099481, 54.7618667 ], [ 48.0287191, 54.7654087 ], [ 48.0505952, 54.7695537 ], [ 48.0511446, 54.7696278 ], [ 48.051611, 54.769653 ], [ 48.0520773, 54.7696545 ], [ 48.0761582, 54.7696816 ], [ 48.0859588, 54.7696867 ], [ 48.0938957, 54.7696855 ], [ 48.097624, 54.7696507 ], [ 48.1035672, 54.7695496 ], [ 48.1036929, 54.7695475 ], [ 48.1079327, 54.7694598 ], [ 48.1186533, 54.7692019 ], [ 48.119349, 54.7692226 ], [ 48.1199721, 54.7692898 ], [ 48.1492224, 54.7732197 ], [ 48.1518654, 54.773577 ], [ 48.1522654, 54.7736261 ], [ 48.1526164, 54.7736513 ], [ 48.1528063, 54.7736502 ], [ 48.1529864, 54.773632 ], [ 48.1532173, 54.7735994 ], [ 48.1534568, 54.7735421 ], [ 48.1552204, 54.7729991 ], [ 48.1685139, 54.7690096 ], [ 48.1926056, 54.7616794 ] ] ] } },
{ "type": "Feature", "properties": { "ref": null, "fclass": "tertiary" }, "geometry": { "type": "MultiLineString", "coordinates": [ [ [ 47.5575593, 54.7224722 ], [ 47.5570357, 54.722529 ], [ 47.5565013, 54.722609 ], [ 47.5562042, 54.7226188 ], [ 47.555877, 54.7225863 ], [ 47.5552159, 54.7225092 ], [ 47.554866, 54.7224615 ], [ 47.5546713, 54.7224504 ], [ 47.5544205, 54.7224701 ], [ 47.5542006, 54.7225166 ], [ 47.5540128, 54.7225491 ], [ 47.5538573, 54.7225677 ], [ 47.553758, 54.7225646 ], [ 47.5536561, 54.7225445 ], [ 47.553463, 54.7224655 ], [ 47.5530285, 54.7222811 ], [ 47.5524252, 54.7220217 ], [ 47.55202, 54.7218474 ], [ 47.5513242, 54.7215327 ], [ 47.551078, 54.7214214 ], [ 47.5507325, 54.7212727 ], [ 47.5502524, 54.7210558 ], [ 47.5499493, 54.7209257 ], [ 47.5498459, 54.7208692 ], [ 47.5498018, 54.7208451 ], [ 47.5496769, 54.7207682 ], [ 47.5495952, 54.7207088 ], [ 47.5494987, 54.7206406 ], [ 47.5493941, 54.7205818 ], [ 47.5491124, 54.7204671 ] ], [ [ 47.5575593, 54.7224722 ], [ 47.5573613, 54.7229489 ], [ 47.5572932, 54.723113 ], [ 47.5572234, 54.7232307 ], [ 47.5571483, 54.7233252 ], [ 47.5569864, 54.7234897 ], [ 47.554986, 54.7253595 ], [ 47.5547451, 54.7254752 ], [ 47.5545053, 54.7255655 ], [ 47.5540692, 54.7256859 ], [ 47.5536025, 54.7257881 ], [ 47.5531036, 54.7258842 ], [ 47.5526461, 54.7260113 ] ], [ [ 47.5655548, 54.7174417 ], [ 47.5654131, 54.7175312 ], [ 47.565277, 54.717601 ], [ 47.5651951, 54.717643 ], [ 47.5634923, 54.7182828 ], [ 47.559946, 54.7196152 ], [ 47.5595969, 54.7197354 ], [ 47.5594137, 54.7197895 ], [ 47.559326, 54.7199277 ], [ 47.559115, 54.7200826 ], [ 47.5589939, 54.7202037 ], [ 47.5587478, 54.7205774 ], [ 47.5583134, 54.7212371 ], [ 47.5577476, 54.7221239 ], [ 47.5575593, 54.7224722 ] ] ] } },
{ "type": "Feature", "properties": { "ref": null, "fclass": "residential" }, "geometry": { "type": "MultiLineString", "coordinates": [ [ [ 48.9628025, 55.9030701 ], [ 48.9627913, 55.9026801 ], [ 48.9628237, 55.902117 ], [ 48.9628293, 55.9020755 ], [ 48.9628573, 55.9015034 ], [ 48.962884, 55.9013712 ], [ 48.9629022, 55.9012213 ], [ 48.9629603, 55.9008589 ], [ 48.9629404, 55.9005826 ], [ 48.9629749, 55.9002762 ], [ 48.9629477, 55.9001306 ], [ 48.9629289, 55.9000058 ], [ 48.9633712, 55.8996789 ], [ 48.9635378, 55.8994629 ], [ 48.9637443, 55.8992464 ], [ 48.9638807, 55.8991064 ], [ 48.9649674, 55.8981321 ], [ 48.9651724, 55.8979483 ], [ 48.9654596, 55.8977694 ], [ 48.9656161, 55.8976719 ], [ 48.9661114, 55.8975824 ], [ 48.9666584, 55.897525 ], [ 48.9677707, 55.8974385 ], [ 48.9677938, 55.8974364 ], [ 48.967945, 55.8974255 ], [ 48.9694884, 55.8973147 ], [ 48.9719253, 55.8971397 ] ] ] } },
{ "type": "Feature", "properties": { "ref": "16К-0990", "fclass": "primary" }, "geometry": { "type": "MultiLineString", "coordinates": [ [ [ 50.8992689, 56.1697858 ], [ 50.8993556, 56.1694031 ], [ 50.8994653, 56.1688538 ], [ 50.8996962, 56.1677394 ], [ 50.89972, 56.1676232 ], [ 50.8998625, 56.1669068 ], [ 50.8998738, 56.1668485 ], [ 50.900049, 56.1659404 ], [ 50.900326, 56.1646072 ], [ 50.9005403, 56.1634001 ], [ 50.9005984, 56.1631679 ], [ 50.900852, 56.1620121 ], [ 50.9010499, 56.1613039 ], [ 50.901082, 56.161189 ], [ 50.9019199, 56.1580051 ], [ 50.9022675, 56.1566952 ], [ 50.9055488, 56.1442023 ], [ 50.905568, 56.1441265 ], [ 50.9056265, 56.1439297 ], [ 50.9057236, 56.1437286 ], [ 50.9058697, 56.1435299 ], [ 50.9061381, 56.1432428 ], [ 50.9117697, 56.1380767 ], [ 50.9147887, 56.1352093 ], [ 50.9151155, 56.1349041 ], [ 50.9154732, 56.1345709 ], [ 50.9165514, 56.1335709 ], [ 50.9171791, 56.1329674 ], [ 50.9176456, 56.13251 ], [ 50.9238899, 56.1266973 ], [ 50.9246135, 56.1260258 ], [ 50.9246824, 56.1259619 ], [ 50.9255647, 56.1251431 ], [ 50.9259485, 56.1247762 ], [ 50.9260057, 56.1247216 ], [ 50.9329465, 56.1180859 ], [ 50.9330286, 56.1180074 ], [ 50.9333927, 56.1176593 ], [ 50.9336737, 56.1174005 ], [ 50.9337448, 56.117335 ], [ 50.9343141, 56.116805 ], [ 50.9347259, 56.1163909 ], [ 50.9350337, 56.1159883 ], [ 50.9352693, 56.1155693 ], [ 50.9354241, 56.1151567 ], [ 50.9355168, 56.1146399 ], [ 50.9355005, 56.1141235 ], [ 50.9354016, 56.113688 ], [ 50.9352284, 56.1132652 ], [ 50.9343751, 56.1119339 ], [ 50.9302951, 56.1062049 ], [ 50.9295756, 56.1050887 ], [ 50.9292671, 56.1044549 ], [ 50.9291303, 56.1039967 ], [ 50.9289586, 56.1030514 ], [ 50.9289211, 56.1025906 ], [ 50.9289157, 56.102094 ], [ 50.9289533, 56.1016333 ], [ 50.9290928, 56.100999 ], [ 50.9292912, 56.1004844 ], [ 50.9297233, 56.0995469 ], [ 50.9299833, 56.0990101 ], [ 50.9305109, 56.0978914 ], [ 50.9322068, 56.0942914 ], [ 50.9344012, 56.0898345 ], [ 50.9344235, 56.089787 ], [ 50.9344582, 56.0897132 ], [ 50.9350248, 56.0885074 ], [ 50.9351253, 56.0882935 ], [ 50.9359701, 56.0864918 ], [ 50.9396739, 56.0786596 ], [ 50.9436636, 56.0703016 ], [ 50.9458267, 56.0657423 ], [ 50.9483553, 56.0604119 ], [ 50.9492375, 56.0586392 ], [ 50.9500086, 56.0574745 ], [ 50.9507717, 56.0564769 ], [ 50.9515745, 56.0555678 ], [ 50.9549961, 56.0525937 ], [ 50.9580556, 56.0499992 ], [ 50.9608025, 56.0476723 ], [ 50.9610003, 56.0475048 ], [ 50.9612064, 56.0473297 ], [ 50.9627885, 56.0459853 ], [ 50.974341, 56.0361817 ], [ 50.9792438, 56.0320035 ], [ 50.9804605, 56.0309818 ], [ 50.9961924, 56.0176802 ], [ 50.996419, 56.0174885 ], [ 50.9975251, 56.0165531 ], [ 50.9986544, 56.0155993 ], [ 50.9988644, 56.0154219 ], [ 51.0006578, 56.0138527 ], [ 51.0010327, 56.0134933 ], [ 51.0013738, 56.0130899 ], [ 51.0016774, 56.0126551 ], [ 51.0018548, 56.0123358 ], [ 51.0019905, 56.0119624 ], [ 51.0020887, 56.0115021 ], [ 51.0021317, 56.0110666 ], [ 51.0021279, 56.0108154 ], [ 51.0020924, 56.0100614 ], [ 51.0020136, 56.0096182 ], [ 51.0019724, 56.0094518 ], [ 51.0017811, 56.0088591 ], [ 51.0015399, 56.0081738 ], [ 51.0014636, 56.0079613 ], [ 51.0004449, 56.0051241 ], [ 50.9998386, 56.0032129 ], [ 50.9997124, 56.002657 ], [ 50.9994881, 56.0010559 ], [ 50.9994667, 56.0007631 ], [ 50.9994748, 56.000436 ], [ 50.9995195, 56.0001712 ], [ 50.999654, 55.9996761 ], [ 50.9997312, 55.9993613 ], [ 51.0002192, 55.996946 ], [ 51.0002285, 55.9969016 ], [ 51.0009077, 55.9935658 ], [ 51.0010166, 55.9931449 ], [ 51.001147, 55.9927984 ], [ 51.0012422, 55.9926219 ], [ 51.0013615, 55.9924406 ], [ 51.0015136, 55.9922484 ], [ 51.0016634, 55.9920869 ], [ 51.0017796, 55.9919754 ], [ 51.0018774, 55.9919023 ], [ 51.0027945, 55.9912166 ], [ 51.0030336, 55.9910152 ], [ 51.0046623, 55.9891529 ], [ 51.0054109, 55.9882772 ], [ 51.0057004, 55.9879613 ], [ 51.0060753, 55.9876551 ], [ 51.0073928, 55.986807 ], [ 51.0091131, 55.9857116 ], [ 51.0116717, 55.9840392 ], [ 51.0120339, 55.9838037 ], [ 51.0124639, 55.9835084 ], [ 51.0128923, 55.9832015 ], [ 51.0132933, 55.9829012 ], [ 51.0145818, 55.9818208 ], [ 51.0149514, 55.9814551 ], [ 51.0151246, 55.9812659 ], [ 51.0152534, 55.9810723 ], [ 51.0153904, 55.9808267 ], [ 51.0154779, 55.9806181 ], [ 51.0155952, 55.9801808 ], [ 51.0157722, 55.9794835 ], [ 51.015826, 55.9792666 ], [ 51.0158724, 55.9790764 ], [ 51.0159496, 55.9788364 ], [ 51.0160169, 55.9786598 ], [ 51.0161057, 55.9785086 ], [ 51.0161963, 55.9783804 ], [ 51.0163323, 55.9782369 ], [ 51.0166162, 55.9779841 ], [ 51.0168278, 55.9777954 ], [ 51.0175202, 55.9771664 ], [ 51.0179284, 55.9767969 ], [ 51.018767, 55.9760594 ], [ 51.0194125, 55.9754635 ], [ 51.0197674, 55.9751603 ], [ 51.0200709, 55.9748862 ], [ 51.020373, 55.9746196 ], [ 51.0209396, 55.9741404 ], [ 51.0213138, 55.9738372 ], [ 51.0215512, 55.9736691 ], [ 51.0220018, 55.9733915 ], [ 51.0222458, 55.9732354 ], [ 51.0224766, 55.9730658 ], [ 51.022667, 55.9728811 ], [ 51.0228681, 55.9726515 ], [ 51.0231632, 55.9723213 ], [ 51.0235763, 55.971856 ], [ 51.0247093, 55.9705461 ], [ 51.0252664, 55.9699289 ], [ 51.0262898, 55.9688462 ], [ 51.0277544, 55.9673621 ], [ 51.0283984, 55.9667371 ], [ 51.0284535, 55.9666848 ], [ 51.0287538, 55.9663715 ], [ 51.0290575, 55.9659813 ], [ 51.0292242, 55.9657042 ], [ 51.0293911, 55.965335 ], [ 51.0302067, 55.9630524 ], [ 51.0317889, 55.9585388 ], [ 51.0344977, 55.9508538 ], [ 51.0348299, 55.9498937 ], [ 51.0352581, 55.9486559 ], [ 51.0354689, 55.9481586 ], [ 51.035609, 55.9479117 ], [ 51.0358291, 55.9475543 ], [ 51.0359812, 55.9473335 ], [ 51.0355973, 55.9469973 ], [ 51.0354975, 55.9469099 ], [ 51.0339549, 55.9455587 ], [ 51.0331372, 55.9447453 ], [ 51.0329978, 55.9445709 ], [ 51.0328191, 55.9442932 ], [ 51.0325789, 55.943856 ], [ 51.032446, 55.943548 ], [ 51.0323307, 55.9431628 ], [ 51.0322153, 55.9426243 ], [ 51.0321763, 55.9424581 ], [ 51.0320788, 55.9420433 ], [ 51.0320701, 55.9418281 ], [ 51.0321196, 55.9416145 ], [ 51.032226, 55.9414073 ], [ 51.0338389, 55.939123 ], [ 51.0345669, 55.9380442 ], [ 51.0350199, 55.9373731 ], [ 51.0350963, 55.9372608 ], [ 51.0356119, 55.936518 ], [ 51.0371461, 55.9343173 ], [ 51.0375279, 55.9337845 ], [ 51.0379524, 55.9332405 ], [ 51.0387273, 55.9323159 ], [ 51.0394113, 55.931561 ], [ 51.039739, 55.931216 ], [ 51.0411246, 55.929933 ], [ 51.0419308, 55.9291896 ], [ 51.0426742, 55.9285644 ], [ 51.0440158, 55.9274841 ], [ 51.0448342, 55.9269846 ], [ 51.0478707, 55.9257089 ], [ 51.0493395, 55.9250902 ], [ 51.0495063, 55.9250213 ], [ 51.0497402, 55.9249246 ], [ 51.0510532, 55.9243818 ], [ 51.0514536, 55.9242505 ], [ 51.0518156, 55.9241575 ], [ 51.0522275, 55.9240776 ], [ 51.052748, 55.9240118 ], [ 51.0551104, 55.923785 ], [ 51.068489, 55.9224679 ], [ 51.0691872, 55.9224142 ], [ 51.0700143, 55.922376 ], [ 51.0712521, 55.9223249 ], [ 51.0716713, 55.9222869 ], [ 51.0720042, 55.9222423 ], [ 51.0723935, 55.9221733 ], [ 51.0728753, 55.9220605 ], [ 51.073295, 55.9219345 ], [ 51.0738099, 55.9217383 ], [ 51.0764278, 55.9205762 ], [ 51.0767699, 55.9204186 ], [ 51.0785409, 55.9196382 ], [ 51.0791727, 55.9193567 ], [ 51.0792294, 55.9193322 ], [ 51.0832305, 55.9175514 ], [ 51.0836137, 55.9173825 ], [ 51.0843365, 55.9170622 ], [ 51.0848758, 55.9168225 ], [ 51.0880381, 55.9154169 ], [ 51.0885303, 55.9152271 ], [ 51.0889557, 55.9151031 ], [ 51.0893325, 55.9150224 ], [ 51.0903371, 55.9148387 ], [ 51.0926322, 55.9144109 ], [ 51.0970332, 55.9135615 ], [ 51.0978772, 55.9134128 ], [ 51.0987251, 55.9132969 ], [ 51.0994597, 55.9132369 ], [ 51.099945, 55.913206 ], [ 51.1003793, 55.9131993 ], [ 51.1008766, 55.9132139 ], [ 51.1014374, 55.913248 ], [ 51.1016399, 55.9132619 ], [ 51.1019175, 55.913282 ], [ 51.1020512, 55.9132907 ], [ 51.1030102, 55.9133606 ], [ 51.1060324, 55.9135851 ], [ 51.1134907, 55.9141922 ], [ 51.1150251, 55.9143199 ], [ 51.1167081, 55.9144249 ], [ 51.1175651, 55.9144189 ], [ 51.1177393, 55.9144103 ], [ 51.1201581, 55.9142909 ], [ 51.1236511, 55.9140769 ], [ 51.129905, 55.9136556 ], [ 51.1367847, 55.9131922 ], [ 51.1384134, 55.9130629 ], [ 51.1387681, 55.9130348 ], [ 51.1397602, 55.9128988 ], [ 51.1427816, 55.9124076 ], [ 51.1443629, 55.9121381 ], [ 51.1464954, 55.9117679 ], [ 51.1465662, 55.9117563 ], [ 51.1467065, 55.9117319 ], [ 51.1473732, 55.9116155 ], [ 51.1496186, 55.9112284 ], [ 51.1517592, 55.9108581 ], [ 51.1526365, 55.9107083 ], [ 51.1536606, 55.9105304 ], [ 51.1538322, 55.9105002 ], [ 51.1538847, 55.9104907 ], [ 51.1539684, 55.9104752 ], [ 51.1540391, 55.910462 ], [ 51.1571194, 55.9099211 ], [ 51.1579708, 55.9097711 ], [ 51.1581546, 55.9097387 ], [ 51.1588401, 55.9096179 ], [ 51.1592287, 55.9094963 ], [ 51.1595837, 55.9093235 ], [ 51.1600506, 55.9090664 ], [ 51.1618361, 55.9078215 ], [ 51.162158, 55.9076035 ], [ 51.1623967, 55.9073885 ], [ 51.1625656, 55.9071998 ], [ 51.1634089, 55.9060226 ], [ 51.164335, 55.9048001 ], [ 51.1663751, 55.9022689 ], [ 51.1667043, 55.901911 ], [ 51.1671511, 55.9015739 ], [ 51.1677681, 55.9012239 ], [ 51.1689621, 55.9006455 ], [ 51.1691587, 55.9005474 ], [ 51.1704093, 55.8998986 ], [ 51.1707786, 55.8997261 ], [ 51.1711477, 55.8995801 ], [ 51.1712196, 55.8995511 ], [ 51.1718368, 55.899321 ], [ 51.1729143, 55.8989542 ], [ 51.1738583, 55.8986163 ], [ 51.1739793, 55.898573 ], [ 51.1785875, 55.8968869 ], [ 51.1790617, 55.8967314 ], [ 51.1797426, 55.8965285 ], [ 51.1800207, 55.8964148 ], [ 51.1802043, 55.8962993 ], [ 51.1804746, 55.8960656 ], [ 51.1832708, 55.8934842 ], [ 51.1844977, 55.8924839 ], [ 51.1885039, 55.8893285 ], [ 51.193204, 55.8856162 ], [ 51.1938119, 55.8851337 ], [ 51.1968931, 55.8826879 ], [ 51.1993285, 55.8806474 ], [ 51.1997324, 55.8803528 ], [ 51.2004831, 55.879934 ], [ 51.2017366, 55.87925 ], [ 51.2021249, 55.8790182 ], [ 51.2035931, 55.8778679 ], [ 51.2044376, 55.8771691 ], [ 51.20513, 55.8766861 ], [ 51.206834, 55.8756285 ], [ 51.2081679, 55.874586 ], [ 51.2091121, 55.8739565 ], [ 51.2095242, 55.873733 ], [ 51.2104521, 55.8732729 ], [ 51.2111247, 55.8730002 ], [ 51.2117439, 55.8727889 ], [ 51.21247, 55.8725938 ], [ 51.2129322, 55.8725075 ], [ 51.2134264, 55.8724337 ], [ 51.2145093, 55.8723841 ], [ 51.2157243, 55.8723555 ], [ 51.2183248, 55.8723274 ], [ 51.2247418, 55.8724023 ], [ 51.2253074, 55.8723992 ], [ 51.2259003, 55.8723747 ], [ 51.2264712, 55.8723303 ], [ 51.2271101, 55.8722557 ], [ 51.22821, 55.872055 ], [ 51.2291005, 55.8718878 ], [ 51.229693, 55.8717686 ], [ 51.23027, 55.8716452 ], [ 51.2309378, 55.871442 ], [ 51.2314314, 55.8712494 ], [ 51.2318417, 55.8710673 ], [ 51.2321931, 55.8708702 ], [ 51.2325954, 55.8705903 ], [ 51.2331828, 55.8700816 ], [ 51.2336817, 55.8696016 ], [ 51.2341967, 55.8690613 ], [ 51.2343898, 55.8687919 ], [ 51.2345535, 55.8684894 ], [ 51.2346293, 55.8681802 ], [ 51.234716, 55.8678434 ], [ 51.234754, 55.8676272 ], [ 51.2348617, 55.8670518 ], [ 51.2348882, 55.8669081 ], [ 51.2349562, 55.8667897 ], [ 51.2350499, 55.8666922 ], [ 51.2351827, 55.8665987 ], [ 51.2353574, 55.8665152 ], [ 51.2363342, 55.8661599 ], [ 51.2375199, 55.8657906 ], [ 51.2378137, 55.8657217 ], [ 51.2381652, 55.8656706 ], [ 51.2385461, 55.8656496 ], [ 51.2391074, 55.8656652 ], [ 51.2397287, 55.8656946 ], [ 51.2409611, 55.8658142 ], [ 51.2417863, 55.8659484 ], [ 51.2423785, 55.8660447 ], [ 51.2451036, 55.8665392 ], [ 51.2470858, 55.866818 ], [ 51.2480235, 55.8669238 ], [ 51.2504898, 55.8671113 ], [ 51.2505787, 55.8671181 ], [ 51.2512341, 55.8671424 ], [ 51.2517384, 55.8671394 ], [ 51.2524333, 55.8670998 ], [ 51.25312, 55.8670257 ], [ 51.2538942, 55.8668952 ], [ 51.2542854, 55.8668072 ], [ 51.2559518, 55.866373 ], [ 51.2561648, 55.8663175 ], [ 51.256361, 55.8662658 ], [ 51.2564563, 55.8662406 ], [ 51.2568566, 55.8661303 ], [ 51.2583494, 55.8657157 ], [ 51.259162, 55.8654758 ], [ 51.2600609, 55.8651266 ], [ 51.2620306, 55.8642947 ], [ 51.2621568, 55.8642416 ], [ 51.2626443, 55.8640363 ], [ 51.2642511, 55.8632841 ], [ 51.2652265, 55.8628274 ], [ 51.2658686, 55.862527 ], [ 51.2661726, 55.8621751 ], [ 51.2683858, 55.8589301 ], [ 51.2693927, 55.8577965 ], [ 51.2713239, 55.855284 ], [ 51.2717702, 55.8546579 ], [ 51.2719209, 55.8544465 ], [ 51.2727928, 55.8530345 ], [ 51.2733367, 55.8520579 ], [ 51.2738403, 55.8510559 ], [ 51.2742092, 55.8498601 ], [ 51.2750928, 55.8476146 ], [ 51.2757692, 55.8457749 ], [ 51.2758874, 55.8454915 ], [ 51.2760384, 55.8452325 ], [ 51.276206, 55.8450072 ], [ 51.2776124, 55.8435539 ], [ 51.2784237, 55.8427534 ], [ 51.2788005, 55.8424343 ], [ 51.2795003, 55.8419319 ], [ 51.2815163, 55.8406818 ], [ 51.281881, 55.8404145 ], [ 51.2821957, 55.8401495 ], [ 51.282425, 55.8399361 ], [ 51.2826897, 55.8396298 ], [ 51.2827573, 55.8395444 ], [ 51.2829021, 55.8393298 ], [ 51.2829831, 55.8391273 ], [ 51.2830152, 55.8389625 ], [ 51.2830189, 55.8388136 ], [ 51.2829937, 55.8386423 ], [ 51.2829565, 55.8385215 ], [ 51.2825274, 55.8376282 ], [ 51.2823424, 55.8374038 ], [ 51.281991, 55.8370754 ], [ 51.2818966, 55.8369626 ], [ 51.2818387, 55.8368419 ], [ 51.2818193, 55.836714 ], [ 51.2818051, 55.8362968 ], [ 51.2817454, 55.8361057 ], [ 51.2815454, 55.8357453 ], [ 51.2809996, 55.8350108 ], [ 51.2809109, 55.8348742 ], [ 51.2808438, 55.8347616 ], [ 51.2807218, 55.8345285 ], [ 51.2806571, 55.8343641 ], [ 51.2806157, 55.8342439 ], [ 51.280592, 55.8341297 ], [ 51.2805938, 55.8340239 ], [ 51.2806106, 55.8339268 ], [ 51.2806778, 55.8337462 ], [ 51.2816682, 55.8316553 ], [ 51.2819786, 55.8307399 ], [ 51.2820145, 55.8304566 ], [ 51.2820145, 55.8301162 ], [ 51.2819492, 55.8296515 ], [ 51.2818759, 55.8292898 ], [ 51.2817592, 55.828812 ], [ 51.2815889, 55.8283742 ], [ 51.281218, 55.8273412 ], [ 51.2811276, 55.8270557 ], [ 51.281101, 55.8268412 ], [ 51.2811096, 55.8266238 ], [ 51.2811433, 55.8264458 ], [ 51.2812186, 55.826227 ], [ 51.2813356, 55.8260044 ], [ 51.2814536, 55.8258357 ], [ 51.281702, 55.8256108 ], [ 51.2827924, 55.8249469 ], [ 51.2851687, 55.8235342 ], [ 51.2866618, 55.8226357 ], [ 51.2871062, 55.8223314 ], [ 51.2873877, 55.8221143 ], [ 51.2979076, 55.8119731 ], [ 51.2991452, 55.8107778 ], [ 51.2992876, 55.8106211 ], [ 51.2994047, 55.8104597 ], [ 51.2994953, 55.8102972 ], [ 51.2996019, 55.8099719 ], [ 51.2997818, 55.8089252 ], [ 51.2999537, 55.806489 ], [ 51.299943, 55.8035368 ], [ 51.3000196, 55.8032021 ], [ 51.3001794, 55.802887 ], [ 51.3005442, 55.8024696 ], [ 51.3033849, 55.8002704 ], [ 51.3070035, 55.7978091 ], [ 51.3075342, 55.7974481 ], [ 51.3265642, 55.7844991 ], [ 51.3352571, 55.778642 ], [ 51.3356343, 55.7783873 ], [ 51.3503043, 55.7685659 ], [ 51.3614849, 55.7610789 ], [ 51.3681679, 55.7566029 ], [ 51.3682765, 55.7565303 ], [ 51.3691471, 55.7559471 ], [ 51.3692811, 55.7558585 ], [ 51.3797217, 55.748885 ], [ 51.3800681, 55.7486537 ], [ 51.3898715, 55.7421055 ], [ 51.3908743, 55.741438 ], [ 51.3924988, 55.7403339 ], [ 51.3930194, 55.73998 ], [ 51.3948378, 55.7387618 ], [ 51.394868, 55.7387416 ], [ 51.3953537, 55.7384162 ], [ 51.395716, 55.7381734 ], [ 51.3959986, 55.7379992 ], [ 51.3960921, 55.7379356 ], [ 51.396382, 55.7377359 ], [ 51.3964492, 55.7376927 ] ] ] } },
{ "type": "Feature", "properties": { "ref": "16К-1236", "fclass": "primary" }, "geometry": { "type": "MultiLineString", "coordinates": [ [ [ 51.3714553, 55.4190125 ], [ 51.3703322, 55.4189827 ], [ 51.3695557, 55.4189373 ], [ 51.3656446, 55.418638 ], [ 51.3506878, 55.4174447 ], [ 51.3499937, 55.4174241 ], [ 51.3256256, 55.4177335 ], [ 51.3228571, 55.4177433 ], [ 51.3224012, 55.4177402 ], [ 51.3220577, 55.4177192 ], [ 51.3217407, 55.4176841 ], [ 51.3201315, 55.4174211 ], [ 51.3012564, 55.4142434 ], [ 51.2964143, 55.4133999 ], [ 51.2956215, 55.4132585 ], [ 51.2949141, 55.4131401 ], [ 51.2940663, 55.4129749 ], [ 51.2935849, 55.4128706 ], [ 51.2931235, 55.412751 ], [ 51.2928003, 55.4126292 ], [ 51.2925224, 55.4124977 ], [ 51.2923762, 55.4124083 ], [ 51.2920745, 55.4122238 ], [ 51.2900081, 55.4108014 ], [ 51.2897612, 55.410629 ], [ 51.2884581, 55.4097192 ], [ 51.2878673, 55.4092614 ], [ 51.2870009, 55.4085901 ], [ 51.2794058, 55.4029367 ], [ 51.2767951, 55.4009648 ], [ 51.2757289, 55.4002464 ], [ 51.275597, 55.4001576 ], [ 51.273226, 55.3985612 ], [ 51.2658084, 55.3934745 ], [ 51.265032, 55.3929332 ], [ 51.2646058, 55.3926361 ], [ 51.2643436, 55.3924533 ], [ 51.2616216, 55.3905556 ], [ 51.2610539, 55.3901834 ], [ 51.260586, 55.3899705 ], [ 51.2601827, 55.3897869 ], [ 51.2573288, 55.3887027 ], [ 51.2552108, 55.3878934 ], [ 51.2548124, 55.3877466 ], [ 51.2527658, 55.3869885 ], [ 51.2514837, 55.3864978 ], [ 51.2512468, 55.3864061 ], [ 51.2510565, 55.3863331 ], [ 51.2491471, 55.3856009 ], [ 51.2467806, 55.384681 ], [ 51.2466676, 55.3846377 ], [ 51.246155, 55.3844426 ], [ 51.2435829, 55.3834801 ], [ 51.241878, 55.382825 ], [ 51.2417015, 55.3827906 ], [ 51.2415169, 55.382779 ], [ 51.2413212, 55.3827882 ], [ 51.2411499, 55.3828159 ], [ 51.2409744, 55.3828619 ], [ 51.2408244, 55.3829308 ], [ 51.2405143, 55.3831768 ], [ 51.2398366, 55.3837393 ], [ 51.2394055, 55.3840971 ], [ 51.2389001, 55.3844639 ], [ 51.2384215, 55.3847105 ], [ 51.2379687, 55.3848918 ], [ 51.2376251, 55.3849987 ], [ 51.2372475, 55.3850926 ], [ 51.2366858, 55.3851822 ], [ 51.2331398, 55.3855774 ], [ 51.2320056, 55.3856704 ], [ 51.2293234, 55.3858242 ], [ 51.2288019, 55.3858119 ], [ 51.2283411, 55.385765 ], [ 51.2278857, 55.3856687 ], [ 51.2274799, 55.3855315 ], [ 51.2270448, 55.3853317 ], [ 51.2266415, 55.3850665 ], [ 51.2265427, 55.3850015 ], [ 51.225564, 55.3841927 ], [ 51.2250104, 55.3838346 ], [ 51.2244169, 55.3836244 ], [ 51.2240418, 55.383546 ], [ 51.2237785, 55.3835292 ], [ 51.2234785, 55.3835428 ], [ 51.2233635, 55.3835566 ], [ 51.2231762, 55.383579 ], [ 51.2229834, 55.3836181 ], [ 51.2226446, 55.3837114 ], [ 51.2219006, 55.3839704 ], [ 51.2212989, 55.3841834 ], [ 51.2208079, 55.3843561 ], [ 51.2196168, 55.3847709 ], [ 51.2192969, 55.3848829 ], [ 51.218453, 55.3851783 ], [ 51.2163361, 55.3859193 ], [ 51.2149404, 55.3864078 ], [ 51.2148391, 55.3864404 ], [ 51.2146176, 55.3865071 ], [ 51.2141709, 55.3866411 ], [ 51.2138788, 55.3867189 ], [ 51.2136697, 55.3867543 ], [ 51.2133959, 55.3867757 ], [ 51.2127343, 55.3867861 ], [ 51.2098621, 55.3867918 ], [ 51.204062, 55.3867506 ], [ 51.2032731, 55.386745 ], [ 51.1921591, 55.3866487 ], [ 51.1876184, 55.3866209 ], [ 51.1863971, 55.3866139 ], [ 51.1815664, 55.3865883 ], [ 51.1808829, 55.3865936 ], [ 51.1609866, 55.3871296 ], [ 51.1581521, 55.3871901 ], [ 51.1563108, 55.3872158 ], [ 51.1560122, 55.3872199 ], [ 51.1552049, 55.3872299 ], [ 51.1544935, 55.3872334 ], [ 51.1543442, 55.3872341 ], [ 51.153473, 55.387238 ], [ 51.1500437, 55.3872955 ], [ 51.138614, 55.3874519 ], [ 51.134743, 55.3875035 ], [ 51.123321, 55.3876556 ], [ 51.1156178, 55.3877361 ], [ 51.1142658, 55.3876701 ], [ 51.1133693, 55.387598 ], [ 51.1124142, 55.3874923 ], [ 51.1108597, 55.3872312 ], [ 51.1094606, 55.386878 ], [ 51.1079162, 55.3863943 ], [ 51.1064138, 55.3858226 ], [ 51.1054479, 55.3853555 ], [ 51.1044676, 55.3847889 ], [ 51.1037604, 55.3843153 ], [ 51.10278, 55.3834791 ], [ 51.1020642, 55.3827622 ], [ 51.0993214, 55.3796373 ], [ 51.0985487, 55.3787784 ], [ 51.0948617, 55.3745635 ], [ 51.0901526, 55.3692046 ], [ 51.0894505, 55.3684338 ], [ 51.0880454, 55.3671328 ], [ 51.0867007, 55.366062 ], [ 51.0855068, 55.365192 ], [ 51.0849147, 55.3648158 ], [ 51.0842834, 55.3644463 ], [ 51.0833044, 55.3639553 ], [ 51.0832349, 55.3639204 ], [ 51.0827359, 55.3636701 ], [ 51.0824108, 55.3635237 ], [ 51.082293, 55.3634706 ], [ 51.0808851, 55.3628365 ], [ 51.0790968, 55.3621171 ], [ 51.078362, 55.3618533 ], [ 51.0776382, 55.3615935 ], [ 51.0768421, 55.3613432 ], [ 51.0759472, 55.3610783 ], [ 51.0697186, 55.3593684 ], [ 51.0633948, 55.3576448 ], [ 51.0615715, 55.3571266 ], [ 51.0602367, 55.3567098 ], [ 51.0594189, 55.3564293 ], [ 51.0586179, 55.3561334 ], [ 51.0576312, 55.3557511 ], [ 51.0563301, 55.355194 ], [ 51.0546573, 55.3543622 ], [ 51.0489462, 55.3511786 ], [ 51.0435054, 55.3480487 ], [ 51.0403747, 55.3459419 ], [ 51.0381339, 55.3443695 ], [ 51.0342158, 55.3415976 ], [ 51.033026, 55.3407373 ], [ 51.0325161, 55.3403686 ], [ 51.0307077, 55.3390609 ], [ 51.0281428, 55.3372216 ], [ 51.0273452, 55.3366738 ], [ 51.0264767, 55.3360895 ], [ 51.025504, 55.3355203 ], [ 51.0237015, 55.3347392 ], [ 51.0225428, 55.3343974 ], [ 51.0206974, 55.3339947 ], [ 51.0188092, 55.3337872 ], [ 51.0142125, 55.3335866 ], [ 51.0107323, 55.3334348 ], [ 51.0087086, 55.3332632 ], [ 51.0052936, 55.3329139 ], [ 51.0029248, 55.3326212 ], [ 51.0017954, 55.3324369 ], [ 50.9985496, 55.3318205 ], [ 50.9924742, 55.3306604 ], [ 50.989479, 55.3300308 ], [ 50.9874607, 55.3295332 ], [ 50.9848615, 55.3288923 ], [ 50.9846797, 55.3288475 ], [ 50.9814707, 55.3280562 ], [ 50.9728734, 55.3258866 ], [ 50.9685539, 55.3248092 ], [ 50.9676415, 55.3246247 ], [ 50.9665981, 55.3245042 ], [ 50.9656593, 55.3244309 ], [ 50.9645891, 55.3243989 ], [ 50.963307, 55.3244233 ], [ 50.9600455, 55.3246491 ], [ 50.9577575, 55.3248139 ], [ 50.9554186, 55.3250322 ], [ 50.9472482, 55.3257916 ], [ 50.9458864, 55.3260121 ], [ 50.9450111, 55.3262083 ], [ 50.9441683, 55.3264631 ], [ 50.9416885, 55.327309 ], [ 50.9348518, 55.3295834 ], [ 50.9302983, 55.3310832 ], [ 50.9301542, 55.3311307 ], [ 50.9274172, 55.3320321 ], [ 50.9259393, 55.3325307 ], [ 50.9247135, 55.3329051 ], [ 50.924586, 55.3329441 ], [ 50.9168333, 55.3353121 ], [ 50.916346, 55.3355129 ], [ 50.9161073, 55.3356437 ], [ 50.9154628, 55.3360656 ], [ 50.9130568, 55.337625 ], [ 50.9094582, 55.339908 ], [ 50.9055677, 55.3423246 ], [ 50.905264, 55.3425113 ], [ 50.9022753, 55.3442983 ], [ 50.9017128, 55.344569 ], [ 50.9011823, 55.344755 ], [ 50.9003186, 55.3449952 ], [ 50.8927515, 55.3468575 ], [ 50.8905723, 55.3473817 ], [ 50.8850603, 55.3487075 ], [ 50.8846876, 55.3487745 ], [ 50.8841768, 55.3488329 ], [ 50.8836939, 55.3488546 ], [ 50.8831831, 55.3488433 ], [ 50.8826802, 55.3487971 ], [ 50.8801191, 55.3485365 ], [ 50.877887, 55.3483168 ], [ 50.8556578, 55.3461282 ], [ 50.8468515, 55.3442962 ], [ 50.8420248, 55.3433002 ], [ 50.8411508, 55.3431234 ], [ 50.8409022, 55.3430731 ], [ 50.8362031, 55.3421227 ], [ 50.8344108, 55.3416869 ], [ 50.8123263, 55.3357193 ], [ 50.8113498, 55.335523 ], [ 50.8104452, 55.3353885 ], [ 50.8096716, 55.3353173 ], [ 50.8088972, 55.3352831 ], [ 50.8072798, 55.3353326 ], [ 50.807063, 55.3353485 ], [ 50.7961301, 55.3361441 ], [ 50.7854495, 55.3369214 ], [ 50.7852001, 55.3369395 ], [ 50.7849146, 55.3369603 ], [ 50.7809287, 55.3372504 ], [ 50.7757211, 55.3376253 ], [ 50.7694188, 55.3380791 ], [ 50.7638872, 55.3384444 ], [ 50.7622135, 55.3385909 ], [ 50.7615269, 55.3387129 ], [ 50.7612283, 55.3387778 ], [ 50.7607973, 55.3389082 ], [ 50.7599819, 55.339201 ], [ 50.7565487, 55.340641 ], [ 50.738518, 55.3484324 ] ], [ [ 51.3724979, 55.4192932 ], [ 51.3722983, 55.4191703 ], [ 51.3721568, 55.4191084 ], [ 51.3719736, 55.4190595 ], [ 51.3717938, 55.4190353 ], [ 51.3714553, 55.4190125 ] ], [ [ 51.3714553, 55.4190125 ], [ 51.3719288, 55.4190029 ], [ 51.3722105, 55.4189826 ], [ 51.3724124, 55.4189512 ], [ 51.3728114, 55.4188455 ] ], [ [ 51.3739733, 55.4192218 ], [ 51.3739352, 55.419334 ], [ 51.3738301, 55.419449 ], [ 51.3736687, 55.4195407 ], [ 51.3734661, 55.4196004 ], [ 51.3732412, 55.4196227 ], [ 51.3731612, 55.4196211 ], [ 51.3729646, 55.4195958 ], [ 51.372787, 55.4195416 ], [ 51.3726415, 55.4194625 ], [ 51.3725384, 55.4193641 ], [ 51.3724979, 55.4192932 ] ], [ [ 51.3724979, 55.4192932 ], [ 51.3724812, 55.419166 ], [ 51.3725319, 55.4190417 ], [ 51.3726454, 55.4189315 ], [ 51.3728114, 55.4188455 ] ], [ [ 51.3728114, 55.4188455 ], [ 51.3729696, 55.4187999 ], [ 51.3731423, 55.4187767 ], [ 51.3733197, 55.4187773 ], [ 51.3734919, 55.4188016 ] ], [ [ 51.3734919, 55.4188016 ], [ 51.3738987, 55.4188479 ], [ 51.3740758, 55.4188458 ], [ 51.3747532, 55.418785 ] ], [ [ 51.3734919, 55.4188016 ], [ 51.3736959, 55.418868 ], [ 51.3738536, 55.4189671 ], [ 51.3739491, 55.419089 ], [ 51.3739733, 55.4192218 ] ], [ [ 51.3739733, 55.4192218 ], [ 51.3741284, 55.4190655 ], [ 51.3742644, 55.4189604 ], [ 51.3744148, 55.4188846 ], [ 51.3747532, 55.418785 ] ], [ [ 51.7323203, 55.5824445 ], [ 51.7325057, 55.5820223 ], [ 51.7326235, 55.5817192 ], [ 51.7326861, 55.5814761 ], [ 51.732696, 55.5813572 ], [ 51.7326906, 55.5812495 ], [ 51.7326665, 55.581148 ], [ 51.7326049, 55.5810478 ], [ 51.7325109, 55.5809388 ], [ 51.7323794, 55.580824 ], [ 51.7322005, 55.5807217 ], [ 51.7319055, 55.5805772 ], [ 51.7312579, 55.5802902 ], [ 51.7278297, 55.5788002 ], [ 51.7193565, 55.5751697 ], [ 51.7170016, 55.5741482 ], [ 51.716481, 55.5739224 ], [ 51.7156979, 55.5735356 ], [ 51.7154539, 55.5734151 ], [ 51.7147896, 55.5730565 ], [ 51.7145974, 55.5729457 ], [ 51.7142639, 55.5727534 ], [ 51.7138898, 55.5725167 ], [ 51.7135125, 55.5722635 ], [ 51.7124977, 55.5715663 ], [ 51.7120105, 55.5712291 ], [ 51.7107164, 55.570391 ], [ 51.7085341, 55.5689376 ], [ 51.7048717, 55.5664898 ], [ 51.7031871, 55.565372 ], [ 51.7026482, 55.5650197 ], [ 51.7015856, 55.564425 ], [ 51.7009618, 55.5641037 ], [ 51.7002138, 55.5636988 ], [ 51.6998609, 55.5634826 ], [ 51.6994727, 55.5632431 ], [ 51.6982138, 55.5625245 ], [ 51.6969433, 55.5618592 ], [ 51.6958845, 55.5612937 ], [ 51.6954356, 55.5610464 ], [ 51.694821, 55.5607079 ], [ 51.6943989, 55.5604087 ], [ 51.694166, 55.5601829 ], [ 51.6939666, 55.5599232 ], [ 51.693813, 55.5596755 ], [ 51.6937018, 55.5593732 ], [ 51.6936099, 55.5590747 ], [ 51.693407, 55.5585412 ], [ 51.6931326, 55.5577939 ], [ 51.6923667, 55.5557463 ], [ 51.6920925, 55.5549928 ], [ 51.6917161, 55.5540617 ], [ 51.6913456, 55.5529954 ], [ 51.6909852, 55.5519815 ], [ 51.6908083, 55.5515299 ], [ 51.6904267, 55.5506125 ], [ 51.6902104, 55.5501678 ], [ 51.6900399, 55.5498949 ], [ 51.6898851, 55.5497038 ], [ 51.6897687, 55.5495958 ], [ 51.6896409, 55.5494771 ], [ 51.6893788, 55.5492865 ], [ 51.6891713, 55.549167 ], [ 51.6889759, 55.5490598 ], [ 51.6886514, 55.5489073 ], [ 51.688351, 55.5487768 ], [ 51.6881794, 55.548704 ], [ 51.6870568, 55.5481835 ], [ 51.6866341, 55.5480104 ], [ 51.6861303, 55.5478041 ], [ 51.6850332, 55.5473252 ], [ 51.6845081, 55.5470983 ], [ 51.6836217, 55.5467154 ], [ 51.6826773, 55.5462949 ], [ 51.6823027, 55.5461278 ], [ 51.6818545, 55.5459183 ], [ 51.6811466, 55.5455914 ], [ 51.6807712, 55.545418 ], [ 51.6806286, 55.5453501 ], [ 51.6800712, 55.5450947 ], [ 51.6776925, 55.5439006 ], [ 51.6771575, 55.5436155 ], [ 51.6768296, 55.5434359 ], [ 51.6766191, 55.5433187 ], [ 51.6764396, 55.5432132 ], [ 51.6762118, 55.5430765 ], [ 51.67599, 55.5429274 ], [ 51.6758192, 55.5428051 ], [ 51.6750926, 55.5422849 ], [ 51.6748341, 55.5420801 ], [ 51.6743756, 55.5417213 ], [ 51.6737992, 55.541274 ], [ 51.6729508, 55.5406412 ], [ 51.6726226, 55.5403873 ], [ 51.672113, 55.5400117 ], [ 51.6711381, 55.5392508 ], [ 51.6705034, 55.5387505 ], [ 51.670062, 55.5383634 ], [ 51.6698618, 55.5381661 ], [ 51.6696795, 55.5379758 ], [ 51.6695933, 55.5378688 ], [ 51.6695211, 55.537762 ], [ 51.6694357, 55.5376364 ], [ 51.6693405, 55.5374657 ], [ 51.6692771, 55.5373215 ], [ 51.6692283, 55.5372096 ], [ 51.6691401, 55.5369834 ], [ 51.6690745, 55.536805 ], [ 51.668974, 55.5363973 ], [ 51.668677, 55.5354123 ], [ 51.668169, 55.5334675 ], [ 51.6670763, 55.5295628 ], [ 51.6661703, 55.5264695 ], [ 51.6656828, 55.5246583 ], [ 51.665401, 55.5236113 ], [ 51.6653296, 55.5233274 ], [ 51.6652731, 55.5231221 ], [ 51.6652484, 55.523032 ], [ 51.6652332, 55.5229767 ], [ 51.6651991, 55.5228425 ], [ 51.6650527, 55.5222654 ], [ 51.6646608, 55.5204839 ], [ 51.6644137, 55.5174979 ], [ 51.6643557, 55.5163077 ], [ 51.6643304, 55.5157879 ], [ 51.6643265, 55.5157085 ], [ 51.6642535, 55.5142114 ], [ 51.6642348, 55.5138278 ], [ 51.6642067, 55.5130598 ], [ 51.6641907, 55.5128139 ], [ 51.6641672, 55.5120629 ], [ 51.6639255, 55.5043334 ], [ 51.6638468, 55.5018736 ], [ 51.6638214, 55.5011917 ], [ 51.6632007, 55.4845474 ], [ 51.6631632, 55.4784375 ], [ 51.6631261, 55.4782126 ], [ 51.6630252, 55.4778531 ], [ 51.6628901, 55.4775843 ], [ 51.6627564, 55.4774068 ], [ 51.6609423, 55.4756282 ], [ 51.6404262, 55.4564367 ], [ 51.6392231, 55.4553109 ], [ 51.6376384, 55.4538281 ], [ 51.6373425, 55.4535512 ], [ 51.6364311, 55.4527383 ], [ 51.6363448, 55.4526613 ], [ 51.6354759, 55.4519627 ], [ 51.6350207, 55.4516338 ], [ 51.6345673, 55.4512848 ], [ 51.6337501, 55.4506556 ], [ 51.6336336, 55.450566 ], [ 51.630335, 55.4480253 ], [ 51.6282535, 55.446462 ], [ 51.6263752, 55.4448156 ], [ 51.625741, 55.4441377 ], [ 51.6249035, 55.4432752 ], [ 51.6227895, 55.4411029 ], [ 51.6226269, 55.4409368 ], [ 51.6224968, 55.4407708 ], [ 51.622448, 55.4406324 ], [ 51.6224399, 55.4405079 ], [ 51.6224566, 55.4355245 ], [ 51.6224805, 55.428394 ], [ 51.6224724, 55.4282694 ], [ 51.6224236, 55.4279233 ], [ 51.6223586, 55.4276973 ], [ 51.6217325, 55.4267653 ], [ 51.6215153, 55.4264834 ], [ 51.6133168, 55.4158429 ], [ 51.6132151, 55.4157109 ], [ 51.6127996, 55.4153611 ], [ 51.6109897, 55.4141642 ], [ 51.6108633, 55.4140806 ], [ 51.610389, 55.4137714 ], [ 51.6103613, 55.4137532 ], [ 51.6102878, 55.4137022 ], [ 51.6101898, 55.4136392 ], [ 51.6084528, 55.41241 ], [ 51.6060104, 55.4108022 ], [ 51.6055061, 55.4104502 ], [ 51.6001855, 55.4067366 ], [ 51.5989018, 55.4058677 ], [ 51.5908436, 55.4004133 ], [ 51.5885013, 55.3988366 ], [ 51.5877414, 55.3984095 ], [ 51.587103, 55.3981102 ], [ 51.5866202, 55.397903 ], [ 51.5859205, 55.3976343 ], [ 51.5851156, 55.3973863 ], [ 51.5849677, 55.397348 ], [ 51.5844909, 55.3972245 ], [ 51.583666, 55.3970468 ], [ 51.5821286, 55.3968293 ], [ 51.5811598, 55.3967531 ], [ 51.5798323, 55.396734 ], [ 51.5785493, 55.396801 ], [ 51.5712454, 55.3975876 ], [ 51.5678197, 55.3979089 ], [ 51.5605635, 55.3985955 ], [ 51.5518934, 55.3994158 ], [ 51.5508749, 55.3995874 ], [ 51.5499021, 55.3998315 ], [ 51.5473158, 55.4006212 ], [ 51.5464863, 55.4007893 ], [ 51.5456146, 55.4009462 ], [ 51.5445122, 55.4010604 ], [ 51.5433562, 55.4011092 ], [ 51.5415859, 55.4011031 ], [ 51.5407357, 55.4011274 ], [ 51.5398827, 55.4012143 ], [ 51.5388662, 55.401365 ], [ 51.5380535, 55.4015432 ], [ 51.5337941, 55.402722 ], [ 51.5310652, 55.4034077 ], [ 51.5299374, 55.4036178 ], [ 51.528319, 55.4038266 ], [ 51.5268613, 55.4039514 ], [ 51.5253994, 55.4040095 ], [ 51.5241107, 55.4040022 ], [ 51.5231491, 55.4039233 ], [ 51.5223252, 55.4038441 ], [ 51.5207161, 55.4035928 ], [ 51.519461, 55.403392 ], [ 51.5159015, 55.4026511 ], [ 51.5157349, 55.4026144 ], [ 51.5123724, 55.4018731 ], [ 51.5073992, 55.4008461 ], [ 51.5053641, 55.4004258 ], [ 51.4901263, 55.397279 ], [ 51.483047, 55.3958169 ], [ 51.4829417, 55.3957951 ], [ 51.4787869, 55.394937 ], [ 51.4780503, 55.3947848 ], [ 51.4776004, 55.3946919 ], [ 51.4764745, 55.3944732 ], [ 51.475424, 55.3942696 ], [ 51.4727258, 55.3937468 ], [ 51.4710099, 55.3935219 ], [ 51.4705471, 55.3934819 ], [ 51.4698774, 55.3934421 ], [ 51.4681061, 55.3934179 ], [ 51.466633, 55.3934736 ], [ 51.4654323, 55.3935799 ], [ 51.4494147, 55.3954249 ], [ 51.4462469, 55.3958384 ], [ 51.443952, 55.3962205 ], [ 51.4406097, 55.3969449 ], [ 51.4399207, 55.3971503 ], [ 51.4395744, 55.3972545 ], [ 51.4361768, 55.3982763 ], [ 51.4353533, 55.3985505 ], [ 51.4335726, 55.3991432 ], [ 51.4325066, 55.3995133 ], [ 51.4283364, 55.4009312 ], [ 51.423337, 55.4026383 ], [ 51.3957276, 55.4120362 ], [ 51.3852988, 55.4155854 ], [ 51.385136, 55.4156419 ], [ 51.3781031, 55.4180804 ], [ 51.3768975, 55.4183841 ], [ 51.3760141, 55.4185732 ], [ 51.3753321, 55.418694 ], [ 51.3747532, 55.418785 ] ] ] } },
{ "type": "Feature", "properties": { "ref": null, "fclass": "unclassified" }, "geometry": { "type": "MultiLineString", "coordinates": [ [ [ 51.722043959132783, 55.582189630844304 ], [ 51.7215086, 55.5818098 ], [ 51.7199709, 55.5799662 ], [ 51.7189258, 55.5779117 ], [ 51.7169022, 55.5749314 ], [ 51.7156508, 55.5738476 ], [ 51.7145974, 55.5729457 ] ], [ [ 51.7279369, 55.5852961 ], [ 51.7245936, 55.5839379 ], [ 51.7233968, 55.5832205 ], [ 51.7222917, 55.5823654 ], [ 51.722043959132783, 55.582189630844304 ] ], [ [ 51.722288366598718, 55.582167246564474 ], [ 51.722043959132783, 55.582189630844304 ] ], [ [ 51.722288366598718, 55.582167246564474 ], [ 51.7224848, 55.5823169 ], [ 51.7238539, 55.5833438 ], [ 51.7241151, 55.5835065 ] ], [ [ 51.7323203, 55.5824445 ], [ 51.7325057, 55.5820223 ], [ 51.7326235, 55.5817192 ], [ 51.7326861, 55.5814761 ], [ 51.732696, 55.5813572 ], [ 51.7326906, 55.5812495 ], [ 51.7326665, 55.581148 ], [ 51.7326049, 55.5810478 ], [ 51.7325109, 55.5809388 ], [ 51.7323794, 55.580824 ], [ 51.7322005, 55.5807217 ], [ 51.7319055, 55.5805772 ], [ 51.7312579, 55.5802902 ], [ 51.7278297, 55.5788002 ], [ 51.7193565, 55.5751697 ], [ 51.7170016, 55.5741482 ], [ 51.716481, 55.5739224 ], [ 51.7156979, 55.5735356 ], [ 51.7165652, 55.574306 ], [ 51.7172062, 55.5748755 ], [ 51.7191696, 55.5778534 ], [ 51.7201781, 55.5799215 ], [ 51.7217445, 55.5817529 ], [ 51.722288366598718, 55.582167246564474 ] ], [ [ 51.725259, 55.5820697 ], [ 51.7245172, 55.582048 ], [ 51.723669, 55.5820408 ], [ 51.722288366598718, 55.582167246564474 ] ], [ [ 51.7241151, 55.5835065 ], [ 51.724479, 55.583592 ], [ 51.7249124, 55.5835435 ], [ 51.7252517, 55.5832719 ], [ 51.725259, 55.5820697 ] ], [ [ 51.7241151, 55.5835065 ], [ 51.7246771, 55.5838566 ], [ 51.7252528, 55.5840883 ], [ 51.7267708, 55.5846993 ] ], [ [ 51.725259, 55.5820697 ], [ 51.7261985, 55.5821378 ], [ 51.7277814, 55.5822023 ], [ 51.7290318, 55.5822484 ], [ 51.7306657, 55.58229 ], [ 51.7316116, 55.5823424 ], [ 51.7323203, 55.5824445 ] ], [ [ 51.7267708, 55.5846993 ], [ 51.7274636, 55.5847518 ], [ 51.7285779, 55.5847186 ], [ 51.7297287, 55.5844675 ], [ 51.7307407, 55.584165 ], [ 51.731842, 55.5837306 ], [ 51.7321944, 55.5834933 ] ], [ [ 51.7267708, 55.5846993 ], [ 51.7281918, 55.5852712 ], [ 51.7292512, 55.5856014 ] ], [ [ 51.7307266, 55.5860323 ], [ 51.7296041, 55.5858224 ], [ 51.7281484, 55.585382 ], [ 51.7279369, 55.5852961 ] ], [ [ 51.7316448, 55.5882641 ], [ 51.7312605, 55.587845 ], [ 51.7306442, 55.5873073 ], [ 51.7299248, 55.586767 ], [ 51.7290402, 55.586153 ], [ 51.7284537, 55.5857033 ], [ 51.7279369, 55.5852961 ] ], [ [ 51.7292512, 55.5856014 ], [ 51.7296715, 55.5857324 ], [ 51.7310813, 55.5859905 ], [ 51.731246890926315, 55.586003341352693 ] ], [ [ 51.7312578, 55.5856907 ], [ 51.7311677, 55.5854238 ], [ 51.7310046, 55.5851303 ], [ 51.7306226, 55.5848538 ], [ 51.7300519, 55.5846792 ], [ 51.7295497, 55.5846889 ], [ 51.7290219, 55.5848174 ], [ 51.7288245, 55.5850042 ], [ 51.7287901, 55.5852201 ], [ 51.7289318, 55.5854068 ], [ 51.7292512, 55.5856014 ] ], [ [ 51.731243143017963, 55.586110900373441 ], [ 51.7310916, 55.5861006 ], [ 51.7307266, 55.5860323 ] ], [ [ 51.7307266, 55.5860323 ], [ 51.7303862, 55.5860927 ], [ 51.7301631, 55.5862722 ], [ 51.7300558, 55.5864856 ], [ 51.7300257, 55.5867015 ], [ 51.7302146, 55.5869149 ], [ 51.7304506, 55.5869998 ], [ 51.7307725, 55.5869852 ], [ 51.7310557, 55.5868252 ], [ 51.731224, 55.5866604 ] ], [ [ 51.73124, 55.5862011 ], [ 51.731243143017963, 55.586110900373441 ] ], [ [ 51.731625524414106, 55.58613689082307 ], [ 51.731243143017963, 55.586110900373441 ] ], [ [ 51.731243143017963, 55.586110900373441 ], [ 51.731246890926315, 55.586003341352693 ] ], [ [ 51.731246890926315, 55.586003341352693 ], [ 51.731625662872666, 55.586032714605579 ] ], [ [ 51.731246890926315, 55.586003341352693 ], [ 51.7312526, 55.5858395 ], [ 51.7312578, 55.5856907 ] ], [ [ 51.7316248, 55.5866541 ], [ 51.7317468, 55.5868802 ], [ 51.7320655, 55.5870419 ], [ 51.7324623, 55.5870989 ], [ 51.7328819, 55.5869997 ], [ 51.7331657, 55.5867985 ], [ 51.7332364, 55.5866302 ], [ 51.7331973, 55.5864482 ], [ 51.7330054, 55.5862846 ], [ 51.7326364, 55.5862056 ] ], [ [ 51.731625524414106, 55.58613689082307 ], [ 51.7316254, 55.5862305 ] ], [ [ 51.7326364, 55.5862056 ], [ 51.731625524414106, 55.58613689082307 ] ], [ [ 51.731625662872666, 55.586032714605579 ], [ 51.731625524414106, 55.58613689082307 ] ], [ [ 51.731625662872666, 55.586032714605579 ], [ 51.7331471, 55.5861507 ] ], [ [ 51.7316261, 55.5857237 ], [ 51.7316259, 55.5858543 ], [ 51.731625662872666, 55.586032714605579 ] ], [ [ 51.7326243, 55.5831185 ], [ 51.7323714, 55.5835237 ], [ 51.7316266, 55.585369 ], [ 51.7316261, 55.5857237 ] ], [ [ 51.7331471, 55.5861507 ], [ 51.7336321, 55.5860362 ], [ 51.7340874, 55.5858598 ], [ 51.7341428, 55.5856765 ], [ 51.7339573, 55.5854259 ], [ 51.7335801, 55.5852017 ], [ 51.7331117, 55.5851245 ], [ 51.7326174, 55.5851465 ], [ 51.7320905, 55.5852789 ], [ 51.7317783, 55.5854517 ], [ 51.7316261, 55.5857237 ] ], [ [ 51.7357087, 55.5864145 ], [ 51.7350901, 55.5864043 ], [ 51.7344721, 55.5864705 ], [ 51.7338997, 55.5866139 ], [ 51.7334077, 55.5868049 ], [ 51.7327848, 55.5872593 ], [ 51.732768, 55.5872788 ], [ 51.7324337, 55.5876658 ], [ 51.7322242, 55.5880114 ], [ 51.7321342, 55.5883388 ] ], [ [ 51.7321944, 55.5834933 ], [ 51.7324431, 55.583085 ], [ 51.732686, 55.5826727 ] ], [ [ 51.7326243, 55.5831185 ], [ 51.7326349, 55.583708 ], [ 51.7326831, 55.5839679 ], [ 51.7329148, 55.5843607 ], [ 51.7333444, 55.5848611 ], [ 51.734133, 55.5854296 ], [ 51.7348615, 55.5859039 ], [ 51.7357266, 55.5862531 ], [ 51.7363923, 55.5864334 ] ], [ [ 51.7357087, 55.5864145 ], [ 51.7326364, 55.5862056 ] ], [ [ 51.7331471, 55.5861507 ], [ 51.7356923, 55.586348 ], [ 51.7357566, 55.5863559 ], [ 51.7363923, 55.5864334 ] ] ] } },
{ "type": "Feature", "properties": { "ref": null, "fclass": "tertiary" }, "geometry": { "type": "MultiLineString", "coordinates": [ [ [ 51.2956261, 55.4462204 ], [ 51.2959835, 55.4460513 ], [ 51.2964345, 55.4458499 ], [ 51.3160164, 55.439195 ], [ 51.353304, 55.4265198 ], [ 51.3586745, 55.4246945 ], [ 51.3631883, 55.4231604 ], [ 51.3652166, 55.422471 ], [ 51.3660895, 55.4221742 ], [ 51.3712171, 55.4204522 ], [ 51.3722245, 55.4198929 ] ], [ [ 51.3722245, 55.4198929 ], [ 51.3724366, 55.4196978 ], [ 51.3724922, 55.4196153 ], [ 51.372518, 55.4195362 ], [ 51.3725384, 55.4193641 ] ], [ [ 51.3731612, 55.4196211 ], [ 51.3728167, 55.41968 ], [ 51.3726315, 55.4197341 ], [ 51.3722245, 55.4198929 ] ] ] } },
{ "type": "Feature", "properties": { "ref": null, "fclass": "secondary" }, "geometry": { "type": "MultiLineString", "coordinates": [ [ [ 51.3964492, 55.7376927 ], [ 51.3965334, 55.7376135 ], [ 51.3966176, 55.7375343 ], [ 51.3967103, 55.7373991 ], [ 51.3968022, 55.7372391 ], [ 51.3968646, 55.7370934 ], [ 51.396941, 55.7368775 ], [ 51.397114, 55.7363096 ], [ 51.3971976, 55.7359617 ], [ 51.3972398, 55.7357801 ], [ 51.3973168, 55.7355489 ], [ 51.3974615, 55.7351878 ], [ 51.3974867, 55.7351249 ], [ 51.3975582, 55.7349463 ], [ 51.3976127, 55.7348271 ], [ 51.3976566, 55.7347421 ], [ 51.397884, 55.7343013 ], [ 51.3980137, 55.73405 ], [ 51.3980446, 55.7339879 ], [ 51.398106, 55.7338642 ], [ 51.3981592, 55.7337608 ], [ 51.3982407, 55.7336027 ], [ 51.3982769, 55.7335324 ], [ 51.3983351, 55.7334194 ], [ 51.3984146, 55.7332652 ], [ 51.3984555, 55.7331851 ], [ 51.3989701, 55.7321801 ], [ 51.3991366, 55.7318018 ], [ 51.3992574, 55.7314278 ], [ 51.3993742, 55.730975 ], [ 51.3994845, 55.7304262 ], [ 51.3995114, 55.7302829 ], [ 51.3995448, 55.7301052 ], [ 51.3995761, 55.7299449 ], [ 51.3997039, 55.7293019 ], [ 51.3997576, 55.7290391 ], [ 51.3998227, 55.72872 ], [ 51.3998883, 55.7283943 ], [ 51.3999475, 55.7281 ], [ 51.3999864, 55.7279004 ], [ 51.4000129, 55.7278104 ], [ 51.4000372, 55.7277374 ], [ 51.4001082, 55.727588 ], [ 51.4004001, 55.7270665 ], [ 51.4005904, 55.7267683 ], [ 51.400955, 55.7262316 ], [ 51.4010623, 55.7260794 ], [ 51.4011755, 55.7259248 ], [ 51.4018759, 55.7249696 ], [ 51.4025464, 55.7240316 ], [ 51.4027676, 55.7237852 ], [ 51.4028779, 55.7236761 ], [ 51.40299, 55.7235752 ], [ 51.4032635, 55.7233949 ], [ 51.403768, 55.7231392 ], [ 51.4043188, 55.7229105 ], [ 51.4048017, 55.7227415 ], [ 51.4051801, 55.7226205 ], [ 51.4054682, 55.722545 ], [ 51.4056075, 55.7225107 ], [ 51.4059112, 55.722436 ], [ 51.406353, 55.722338 ], [ 51.4078018, 55.722019 ], [ 51.4079557, 55.7219851 ], [ 51.4101429, 55.7214744 ], [ 51.4102128, 55.7214581 ], [ 51.4103915, 55.721416 ], [ 51.4124156, 55.7209389 ], [ 51.4125352, 55.7209107 ], [ 51.412688, 55.7208749 ], [ 51.4146983, 55.7204031 ], [ 51.4167828, 55.7199121 ], [ 51.4188898, 55.7194352 ], [ 51.4190646, 55.7193939 ], [ 51.4215703, 55.7188025 ], [ 51.4214969, 55.7187026 ], [ 51.4205063, 55.7173533 ], [ 51.4204289, 55.7172479 ], [ 51.4203652, 55.7171597 ], [ 51.4198949, 55.7165088 ], [ 51.4194529, 55.715897 ], [ 51.4194313, 55.7158327 ], [ 51.4194278, 55.7157826 ], [ 51.4194509, 55.7157266 ], [ 51.4195358, 55.7156599 ], [ 51.4196411, 55.7155859 ], [ 51.4197167, 55.7155594 ], [ 51.419869, 55.7154675 ], [ 51.4199491, 55.7153763 ], [ 51.4199572, 55.7152775 ], [ 51.4199211, 55.7152017 ], [ 51.4198728, 55.7151532 ], [ 51.419778, 55.7151028 ], [ 51.419621, 55.7150613 ], [ 51.4193402, 55.7150127 ], [ 51.418889, 55.7149706 ], [ 51.4184997, 55.714944 ], [ 51.4183016, 55.7149082 ], [ 51.4181477, 55.7148633 ], [ 51.417953, 55.7147691 ], [ 51.4178647, 55.7146979 ], [ 51.4177797, 55.7146055 ], [ 51.4176888, 55.71446 ], [ 51.4176322, 55.7143591 ], [ 51.4175904, 55.7142791 ], [ 51.4175013, 55.7141083 ], [ 51.4170907, 55.7133177 ], [ 51.4168122, 55.7127809 ], [ 51.4167641, 55.7127064 ], [ 51.4165892, 55.7125044 ], [ 51.4163469, 55.71231 ], [ 51.4160144, 55.7120432 ], [ 51.4146927, 55.7109826 ], [ 51.4142441, 55.7106157 ], [ 51.4139991, 55.7104152 ], [ 51.4132482, 55.7098008 ], [ 51.4124964, 55.7091858 ], [ 51.4119557, 55.7087453 ], [ 51.411178, 55.7081117 ], [ 51.4110213, 55.7079841 ], [ 51.4109671, 55.7079399 ], [ 51.410853, 55.7078469 ], [ 51.410747, 55.7077605 ], [ 51.4106021, 55.7076425 ], [ 51.4103296, 55.7074205 ], [ 51.4080612, 55.7056153 ], [ 51.4069532, 55.704708 ], [ 51.4066851, 55.7044884 ], [ 51.4065891, 55.7044098 ], [ 51.4062705, 55.7041489 ], [ 51.4052528, 55.7033219 ], [ 51.4051223, 55.7032159 ], [ 51.4046877, 55.7028627 ], [ 51.4044893, 55.7027014 ], [ 51.4039188, 55.7022322 ], [ 51.4019779, 55.700636 ], [ 51.401667, 55.7003618 ], [ 51.4014827, 55.7001711 ], [ 51.401292, 55.6999208 ], [ 51.4010641, 55.6995672 ], [ 51.4010017, 55.6994623 ], [ 51.4009393, 55.6993573 ], [ 51.4008916, 55.6992752 ], [ 51.4007414, 55.6990166 ], [ 51.4006533, 55.6988648 ], [ 51.4004769, 55.698561 ], [ 51.4004093, 55.6984436 ], [ 51.3998809, 55.697526 ], [ 51.3996537, 55.6971642 ], [ 51.3994982, 55.6969271 ], [ 51.3992387, 55.6965498 ], [ 51.3989316, 55.696153 ], [ 51.3986168, 55.6957934 ], [ 51.3982233, 55.6953599 ], [ 51.3980359, 55.6951598 ], [ 51.3979393, 55.6950557 ], [ 51.3978898, 55.6950028 ], [ 51.3977715, 55.6948756 ], [ 51.3975869, 55.6946767 ], [ 51.3974204, 55.6944982 ], [ 51.3972413, 55.6943026 ], [ 51.3969126, 55.6939403 ], [ 51.396858, 55.6938802 ], [ 51.3963062, 55.6933077 ], [ 51.3959842, 55.6930052 ], [ 51.3952961, 55.6925141 ], [ 51.3950891, 55.6923664 ], [ 51.3950064, 55.6923108 ], [ 51.3945563, 55.6920079 ], [ 51.3944729, 55.6919518 ], [ 51.3944153, 55.691913 ], [ 51.3943611, 55.6918765 ], [ 51.3938763, 55.691568 ], [ 51.3936043, 55.6913946 ], [ 51.3932439, 55.6911653 ], [ 51.3918009, 55.6902472 ], [ 51.391323, 55.6899432 ], [ 51.3907942, 55.6896068 ], [ 51.3901936, 55.6892247 ], [ 51.3900849, 55.6891555 ], [ 51.3899135, 55.6890491 ], [ 51.3895505, 55.6888179 ], [ 51.3893025, 55.6886638 ], [ 51.3892223, 55.6886089 ], [ 51.3889542, 55.6884382 ], [ 51.388592, 55.6882075 ], [ 51.3885542, 55.6881838 ], [ 51.3877716, 55.6876919 ], [ 51.387553, 55.6875493 ], [ 51.3870386, 55.6872105 ], [ 51.3865878, 55.6869165 ], [ 51.386015, 55.6865429 ], [ 51.3857643, 55.6863794 ], [ 51.3852313, 55.6860443 ], [ 51.3847457, 55.6857308 ], [ 51.3845748, 55.6856217 ], [ 51.3843774, 55.6854932 ], [ 51.3842588, 55.6854166 ], [ 51.3841193, 55.6853266 ], [ 51.3840067, 55.6852539 ], [ 51.3837167, 55.6850624 ], [ 51.3830625, 55.6846305 ], [ 51.3819847, 55.6839334 ], [ 51.3807631, 55.6832074 ], [ 51.3803224, 55.6829283 ], [ 51.380105, 55.6827907 ], [ 51.3793726, 55.6822685 ], [ 51.3789514, 55.6818969 ], [ 51.3780785, 55.6810385 ], [ 51.3772464, 55.6802551 ], [ 51.3767316, 55.6796963 ], [ 51.3764933, 55.6793992 ], [ 51.376264, 55.6790599 ], [ 51.3758911, 55.6784676 ], [ 51.3747459, 55.6763776 ], [ 51.3742268, 55.6753385 ], [ 51.3738674, 55.6743705 ], [ 51.3733739, 55.6729094 ], [ 51.3728455, 55.6708841 ], [ 51.3725826, 55.6696694 ], [ 51.3725075, 55.6691914 ], [ 51.3724807, 55.6685379 ], [ 51.3726041, 55.667535 ], [ 51.372757, 55.6667045 ], [ 51.3731056, 55.6652779 ], [ 51.3733203, 55.6647408 ], [ 51.3735043, 55.6642821 ], [ 51.3736233, 55.6639693 ], [ 51.373795, 55.6636183 ], [ 51.3739184, 55.6634065 ], [ 51.3740605, 55.6632355 ], [ 51.3743126, 55.6629889 ], [ 51.3752152, 55.6622415 ], [ 51.3791653, 55.6592026 ], [ 51.3815458, 55.6573306 ], [ 51.3822354, 55.6567562 ], [ 51.3824456, 55.6565531 ], [ 51.3834333, 55.6554953 ], [ 51.3843906, 55.654473 ], [ 51.3850712, 55.6536991 ] ], [ [ 51.3850712, 55.6536991 ], [ 51.3852128, 55.6534616 ], [ 51.3852735, 55.6532218 ], [ 51.3852711, 55.6530138 ] ], [ [ 51.3858674, 55.6532327 ], [ 51.3856253, 55.6532857 ], [ 51.3854721, 55.6533375 ], [ 51.3853403, 55.6534246 ], [ 51.3850712, 55.6536991 ] ], [ [ 51.3858674, 55.6532327 ], [ 51.3856865, 55.6532268 ], [ 51.385522, 55.6531956 ], [ 51.3853756, 55.6531243 ], [ 51.3852711, 55.6530138 ] ], [ [ 51.3852711, 55.6530138 ], [ 51.3852565, 55.6529344 ], [ 51.385271, 55.6528607 ], [ 51.3853421, 55.6527414 ], [ 51.3854865, 55.6525917 ], [ 51.3856017, 55.6525269 ], [ 51.3857394, 55.6524783 ], [ 51.3858886, 55.6524564 ] ], [ [ 51.3864662, 55.6526387 ], [ 51.3864933, 55.6527188 ], [ 51.3864902, 55.6528201 ], [ 51.3864457, 55.6529061 ], [ 51.3862653, 55.6530965 ], [ 51.386175, 55.6531556 ], [ 51.3860336, 55.6532113 ], [ 51.3858674, 55.6532327 ] ], [ [ 51.3858886, 55.6524564 ], [ 51.3860391, 55.6524582 ], [ 51.3861673, 55.6524762 ], [ 51.3862875, 55.6525141 ], [ 51.3863808, 55.6525646 ], [ 51.3864662, 55.6526387 ] ], [ [ 51.3858886, 55.6524564 ], [ 51.3860761, 55.6524158 ], [ 51.3862147, 55.6523626 ], [ 51.3863426, 55.6522916 ], [ 51.3865254, 55.6521627 ] ], [ [ 51.3864662, 55.6526387 ], [ 51.3864561, 55.6524262 ], [ 51.3864759, 55.6523237 ], [ 51.3865254, 55.6521627 ] ], [ [ 51.3865254, 55.6521627 ], [ 51.3865805, 55.6521033 ], [ 51.3867719, 55.651897 ], [ 51.3870136, 55.6516357 ], [ 51.3876244, 55.6509752 ] ], [ [ 51.3876244, 55.6509752 ], [ 51.3887633, 55.6497766 ], [ 51.3890527, 55.6494615 ], [ 51.3897231, 55.6487448 ], [ 51.3899992, 55.6484376 ], [ 51.390107, 55.6482281 ], [ 51.3901351, 55.6480543 ], [ 51.390112, 55.6478925 ], [ 51.3900373, 55.6477152 ], [ 51.3898938, 55.6475598 ], [ 51.3897209, 55.6474436 ], [ 51.3895268, 55.6473396 ], [ 51.3892946, 55.6472449 ], [ 51.3889537, 55.6471332 ], [ 51.3886487, 55.6470419 ], [ 51.3883074, 55.6469641 ], [ 51.3880048, 55.6469128 ], [ 51.387705, 55.6468847 ], [ 51.3874066, 55.6468724 ], [ 51.3871105, 55.6468791 ], [ 51.3867896, 55.6469136 ], [ 51.386503, 55.6469688 ], [ 51.3862412, 55.6470374 ], [ 51.3859853, 55.6471356 ], [ 51.3857114, 55.6472734 ], [ 51.3853354, 55.647512 ], [ 51.3847002, 55.6480773 ], [ 51.3845659, 55.6481926 ], [ 51.384455, 55.6483739 ], [ 51.3844713, 55.6485079 ], [ 51.3845406, 55.6485874 ], [ 51.3846713, 55.6486535 ], [ 51.3848699, 55.6487049 ], [ 51.3854426, 55.648694 ], [ 51.3862714, 55.6487034 ], [ 51.3866874, 55.648773 ] ], [ [ 51.3876244, 55.6509752 ], [ 51.3878149, 55.65064 ], [ 51.388302, 55.6498433 ], [ 51.3884777, 55.6494179 ], [ 51.3884939, 55.6492909 ], [ 51.3884386, 55.6491969 ], [ 51.3882978, 55.6491025 ], [ 51.3881464, 55.6490433 ], [ 51.3877692, 55.6489487 ] ], [ [ 51.3918905, 55.6496178 ], [ 51.3912629, 55.6495574 ], [ 51.390913, 55.6495403 ], [ 51.3906269, 55.6495376 ], [ 51.3903181, 55.6495592 ], [ 51.3900272, 55.6496056 ], [ 51.389707, 55.6496822 ], [ 51.3894137, 55.6497839 ], [ 51.3892068, 55.6498739 ], [ 51.3889596, 55.650021 ], [ 51.3887568, 55.6501558 ], [ 51.3881288, 55.6505959 ], [ 51.3876244, 55.6509752 ] ] ] } },
{ "type": "Feature", "properties": { "ref": null, "fclass": "secondary" }, "geometry": { "type": "MultiLineString", "coordinates": [ [ [ 50.9367726, 56.1783131 ], [ 50.936417, 56.178092 ], [ 50.9357966, 56.1777062 ], [ 50.9351039, 56.1773499 ], [ 50.9338489, 56.1767669 ], [ 50.9331298, 56.1765106 ], [ 50.9311533, 56.1757724 ], [ 50.9278168, 56.1745414 ], [ 50.9274975, 56.1744236 ], [ 50.926084, 56.173902 ], [ 50.9234555, 56.1727862 ], [ 50.9232327, 56.1726934 ], [ 50.9221379, 56.1722376 ], [ 50.9215032, 56.1720022 ], [ 50.921073, 56.171856 ], [ 50.9199827, 56.1715521 ], [ 50.919731, 56.171482 ], [ 50.9189916, 56.1713204 ], [ 50.9186724, 56.1712683 ], [ 50.9184038, 56.171232 ], [ 50.9178001, 56.1711481 ], [ 50.9174823, 56.171118 ], [ 50.917197, 56.171091 ], [ 50.9168789, 56.171068 ], [ 50.913769, 56.1708461 ], [ 50.9117865, 56.1707071 ], [ 50.9116262, 56.1706949 ], [ 50.9080015, 56.1704113 ], [ 50.9074989, 56.1703768 ], [ 50.9070852, 56.1703484 ], [ 50.9066748, 56.1703245 ], [ 50.9056379, 56.1702491 ], [ 50.9032731, 56.1700874 ], [ 50.9005891, 56.1698852 ], [ 50.8992689, 56.1697858 ] ], [ [ 50.9356733, 56.1854578 ], [ 50.9358698, 56.185494 ], [ 50.9366945, 56.1856717 ], [ 50.9389572, 56.1861505 ] ], [ [ 50.9356733, 56.1854578 ], [ 50.9355742, 56.185387 ], [ 50.9355604, 56.1853405 ], [ 50.9355754, 56.185297 ], [ 50.9356544, 56.1852161 ], [ 50.9365852, 56.1848399 ], [ 50.937295, 56.1844676 ], [ 50.9377251, 56.1841428 ], [ 50.9378538, 56.1839428 ], [ 50.9378904, 56.1838243 ], [ 50.9378877, 56.1837377 ], [ 50.9378475, 56.1836631 ], [ 50.9377439, 56.1835591 ], [ 50.9373335, 56.1833622 ], [ 50.9361348, 56.1828346 ], [ 50.9348391, 56.18235 ], [ 50.9343621, 56.1821763 ], [ 50.9342308, 56.1820858 ], [ 50.934146, 56.1820031 ], [ 50.9341162, 56.1819184 ], [ 50.9341017, 56.1817694 ], [ 50.9341031, 56.1816434 ], [ 50.9341363, 56.1814947 ], [ 50.9341917, 56.1813254 ], [ 50.9342533, 56.1812209 ], [ 50.9343834, 56.1811061 ], [ 50.9356078, 56.1802766 ], [ 50.936093, 56.179888 ], [ 50.9366506, 56.1793227 ], [ 50.9368449, 56.1790444 ], [ 50.9369313, 56.1789124 ], [ 50.9369763, 56.1787413 ], [ 50.9369458, 56.1785532 ], [ 50.9368871, 56.1784428 ], [ 50.9367726, 56.1783131 ] ], [ [ 50.9389572, 56.1861505 ], [ 50.9397491, 56.18633 ], [ 50.9418141, 56.186775 ], [ 50.9434965, 56.1871375 ], [ 50.947222, 56.1879403 ], [ 50.948392, 56.188178 ], [ 50.9526146, 56.1890082 ], [ 50.9535582, 56.1879673 ], [ 50.9542932, 56.1871263 ], [ 50.954632, 56.1867387 ], [ 50.9546958, 56.1866211 ], [ 50.9546833, 56.1864856 ], [ 50.9546381, 56.1864132 ], [ 50.9545569, 56.1863396 ], [ 50.9544003, 56.1862589 ], [ 50.9517436, 56.1853035 ], [ 50.9495723, 56.1844352 ], [ 50.9474827, 56.1834371 ], [ 50.9434504, 56.1814463 ], [ 50.9421472, 56.1807853 ], [ 50.9414803, 56.180445 ], [ 50.9408546, 56.1801256 ], [ 50.9399225, 56.1796518 ], [ 50.9384771, 56.1789758 ], [ 50.937405, 56.178535 ], [ 50.9372084, 56.178466 ], [ 50.9367726, 56.1783131 ] ], [ [ 50.9389572, 56.1861505 ], [ 50.9387809, 56.1865424 ], [ 50.9388913, 56.1866569 ], [ 50.9408091, 56.1875131 ], [ 50.9420487, 56.1878718 ], [ 50.9467975, 56.1902336 ], [ 50.950382, 56.1921368 ], [ 50.9505696, 56.1922082 ], [ 50.9507864, 56.1922308 ], [ 50.9509714, 56.1922108 ], [ 50.9511592, 56.1921433 ], [ 50.9526604, 56.1909918 ] ] ] } },
{ "type": "Feature", "properties": { "ref": null, "fclass": "secondary" }, "geometry": { "type": "MultiLineString", "coordinates": [ [ [ 49.3482965, 55.7994195 ], [ 49.3505384, 55.7996005 ], [ 49.3514741, 55.7996927 ], [ 49.3521478, 55.7997584 ], [ 49.3530871, 55.7998962 ], [ 49.3542203, 55.8000885 ], [ 49.3553015, 55.8002635 ], [ 49.3563263, 55.800443 ], [ 49.3585703, 55.8008375 ], [ 49.3590308, 55.8009094 ], [ 49.3595631, 55.8009924 ], [ 49.3602289, 55.8010568 ], [ 49.3609829, 55.8010989 ], [ 49.3618922, 55.8010951 ], [ 49.3639816, 55.800992 ], [ 49.3677806, 55.8007702 ], [ 49.3690981, 55.8006908 ], [ 49.3696728, 55.8006551 ], [ 49.3709363, 55.8005956 ], [ 49.3715731, 55.8005583 ], [ 49.3729251, 55.8004792 ], [ 49.3735227, 55.8004488 ], [ 49.3750602, 55.8004307 ], [ 49.3759519, 55.8004361 ], [ 49.3766937, 55.8004956 ], [ 49.377391, 55.8005528 ], [ 49.3782288, 55.800695 ], [ 49.3797296, 55.8009875 ], [ 49.3798618, 55.8010132 ], [ 49.3816417, 55.8014288 ], [ 49.3834098, 55.8020193 ], [ 49.3849596, 55.802552 ], [ 49.3870289, 55.8030852 ], [ 49.3875395, 55.803201 ], [ 49.3902203, 55.8038088 ], [ 49.3915034, 55.8041083 ], [ 49.39364, 55.8046528 ], [ 49.395869, 55.8051444 ], [ 49.3978367, 55.805566 ], [ 49.3987795, 55.80575 ], [ 49.4000122, 55.805976 ], [ 49.4018294, 55.8063238 ], [ 49.4021423, 55.8063766 ], [ 49.4025921, 55.8064525 ], [ 49.4041841, 55.8066787 ], [ 49.4056737, 55.8068731 ], [ 49.4069477, 55.8070367 ], [ 49.4079383, 55.8071639 ], [ 49.4090109, 55.8072826 ], [ 49.4096087, 55.8073619 ], [ 49.4105737, 55.8075241 ], [ 49.4115784, 55.8077489 ], [ 49.4126675, 55.8080507 ], [ 49.4149243, 55.8086265 ], [ 49.4163239, 55.8089858 ], [ 49.4173311, 55.8092549 ], [ 49.4188083, 55.8096304 ], [ 49.4224385, 55.8105159 ], [ 49.4247641, 55.8109935 ], [ 49.4278146, 55.8115712 ], [ 49.4285288, 55.8117002 ], [ 49.4295005, 55.8118759 ], [ 49.4307648, 55.8121172 ], [ 49.4314347, 55.8122637 ], [ 49.4342457, 55.8127815 ], [ 49.4346944, 55.8128486 ], [ 49.4356718, 55.8130267 ], [ 49.4365877, 55.8131944 ], [ 49.4369579, 55.8132617 ], [ 49.4406934, 55.8139408 ] ], [ [ 49.4406934, 55.8139408 ], [ 49.4400295, 55.8138777 ], [ 49.4395189, 55.8138087 ], [ 49.438705, 55.8137307 ], [ 49.4379843, 55.8136626 ], [ 49.4376129, 55.8136595 ], [ 49.4360375, 55.8136523 ], [ 49.435556, 55.8136353 ], [ 49.4351802, 55.8136066 ], [ 49.4347025, 55.8135478 ], [ 49.4342194, 55.8134633 ], [ 49.4338918, 55.8133889 ], [ 49.4330846, 55.8132319 ], [ 49.4325481, 55.8130991 ], [ 49.4319669, 55.8129183 ], [ 49.4314096, 55.8127132 ], [ 49.4301446, 55.8122138 ], [ 49.4297953, 55.812108 ], [ 49.4293941, 55.8120094 ], [ 49.4290172, 55.8119321 ], [ 49.4284649, 55.8118074 ], [ 49.426844, 55.8114987 ], [ 49.4266668, 55.8114758 ], [ 49.4251156, 55.8111743 ], [ 49.4233302, 55.8108104 ], [ 49.420998, 55.8102858 ], [ 49.4195402, 55.8099275 ], [ 49.4183117, 55.8096079 ], [ 49.4177828, 55.809482 ], [ 49.4171865, 55.8093254 ], [ 49.4170871, 55.8092992 ], [ 49.4168358, 55.8092333 ], [ 49.4167465, 55.8092099 ], [ 49.4149697, 55.8087443 ], [ 49.4130556, 55.8082309 ], [ 49.4121076, 55.8079924 ], [ 49.4114625, 55.8078084 ], [ 49.4110917, 55.8077174 ], [ 49.4104191, 55.8075897 ], [ 49.4093716, 55.8074237 ], [ 49.4085627, 55.8073167 ], [ 49.4067318, 55.8071138 ], [ 49.4053086, 55.8069846 ], [ 49.4041703, 55.8069198 ], [ 49.4036818, 55.8068865 ], [ 49.403391, 55.8068649 ], [ 49.4024051, 55.8068095 ], [ 49.4020419, 55.8067894 ], [ 49.4015493, 55.8067621 ], [ 49.4006006, 55.8067185 ], [ 49.3998053, 55.8066985 ], [ 49.3988603, 55.8066235 ], [ 49.3978196, 55.8065089 ], [ 49.3970364, 55.8063551 ], [ 49.396162, 55.8061532 ], [ 49.3955827, 55.8059753 ], [ 49.3949175, 55.8057371 ], [ 49.3940094, 55.8053645 ], [ 49.3930989, 55.8049382 ], [ 49.3920743, 55.8045071 ], [ 49.3918303, 55.8044266 ], [ 49.3911946, 55.8042169 ], [ 49.3911102, 55.804189 ], [ 49.3910873, 55.8041814 ], [ 49.3903738, 55.8039975 ], [ 49.3897341, 55.8038354 ], [ 49.3874643, 55.8033504 ], [ 49.3872195, 55.8032981 ], [ 49.3845171, 55.8027247 ], [ 49.3833558, 55.8024932 ], [ 49.3802753, 55.801835 ], [ 49.3788363, 55.8015478 ], [ 49.377547, 55.8012951 ], [ 49.3770205, 55.8011917 ], [ 49.3762147, 55.8010288 ], [ 49.3755466, 55.8009192 ], [ 49.3750316, 55.8008468 ], [ 49.3747419, 55.8007985 ], [ 49.3741843, 55.8007079 ], [ 49.3736075, 55.8006495 ], [ 49.373486, 55.8006422 ], [ 49.3730081, 55.8006136 ], [ 49.3722821, 55.8006096 ], [ 49.3716114, 55.8006517 ], [ 49.3715692, 55.8006543 ], [ 49.3707183, 55.8007053 ], [ 49.3697208, 55.8007626 ], [ 49.3680395, 55.8008469 ], [ 49.3660353, 55.8009655 ], [ 49.3655759, 55.8009979 ], [ 49.3651335, 55.8010291 ], [ 49.3647344, 55.8010572 ], [ 49.3639541, 55.8011121 ], [ 49.362452, 55.8011935 ], [ 49.3619317, 55.8012146 ], [ 49.3609419, 55.8012056 ], [ 49.3600649, 55.8011513 ], [ 49.3589169, 55.8009915 ], [ 49.3560872, 55.8005 ], [ 49.3552315, 55.8003507 ], [ 49.3541425, 55.8001608 ], [ 49.3530307, 55.7999746 ], [ 49.3520518, 55.799842 ], [ 49.3513892, 55.7997688 ], [ 49.3505215, 55.7996852 ], [ 49.3485043, 55.7995245 ] ], [ [ 49.4406934, 55.8139408 ], [ 49.4409685, 55.8139809 ], [ 49.4412546, 55.8140352 ], [ 49.4418381, 55.8141229 ], [ 49.4421137, 55.8141516 ], [ 49.4426674, 55.8142068 ], [ 49.4437446, 55.8142809 ], [ 49.4474893, 55.8146594 ], [ 49.4485514, 55.814756 ], [ 49.4489861, 55.8147956 ], [ 49.4494574, 55.8148306 ], [ 49.4496254, 55.8148433 ], [ 49.4496863, 55.8148479 ], [ 49.4498084, 55.8148591 ], [ 49.4499363, 55.8148708 ], [ 49.4503676, 55.8149102 ], [ 49.4512454, 55.8149694 ], [ 49.4516853, 55.8149873 ], [ 49.4525111, 55.8150174 ], [ 49.4526063, 55.8150205 ], [ 49.4527889, 55.8150295 ], [ 49.4528661, 55.815034 ], [ 49.4549303, 55.8151313 ], [ 49.455004, 55.8151343 ], [ 49.4550578, 55.8151369 ], [ 49.455097, 55.8151373 ], [ 49.4555664, 55.8151542 ], [ 49.4562907, 55.8151863 ], [ 49.4563855, 55.8151902 ], [ 49.4564354, 55.8151922 ], [ 49.4564705, 55.8151937 ], [ 49.4565422, 55.8151966 ], [ 49.458892, 55.8152763 ], [ 49.459767, 55.8152959 ], [ 49.4598454, 55.8152966 ], [ 49.4599342, 55.8152994 ], [ 49.4601922, 55.8153043 ], [ 49.4604148, 55.8153087 ], [ 49.4612121, 55.8153284 ], [ 49.4621028, 55.8153383 ], [ 49.4639436, 55.815359 ], [ 49.4643016, 55.8153655 ], [ 49.4644288, 55.8153659 ], [ 49.4655023, 55.8153865 ], [ 49.4708156, 55.8154747 ], [ 49.4720748, 55.8155201 ], [ 49.4774575, 55.8157756 ], [ 49.4787444, 55.8158479 ], [ 49.4789731, 55.8158736 ], [ 49.4792803, 55.8159082 ], [ 49.4800582, 55.8160722 ], [ 49.4833133, 55.8169308 ], [ 49.488886, 55.81834 ], [ 49.4895029, 55.8185329 ], [ 49.4899535, 55.8186896 ], [ 49.4905114, 55.8189066 ], [ 49.4917859, 55.8194485 ], [ 49.4967495, 55.8214384 ], [ 49.4977727, 55.8218459 ], [ 49.4983111, 55.8220685 ], [ 49.4991852, 55.8224419 ], [ 49.4993085, 55.8224931 ], [ 49.4994337, 55.822545 ], [ 49.5013868, 55.8232982 ], [ 49.5016104, 55.823393 ], [ 49.5037134, 55.824207 ], [ 49.5062294, 55.8251124 ], [ 49.5063551, 55.8251648 ], [ 49.5068854, 55.8253659 ], [ 49.5073368, 55.82553 ], [ 49.5075964, 55.8255998 ], [ 49.5078775, 55.8256477 ], [ 49.5082487, 55.8256639 ], [ 49.5084788, 55.825658 ], [ 49.5087163, 55.8256285 ], [ 49.5091068, 55.825571 ], [ 49.5093983, 55.8255184 ], [ 49.5097028, 55.8254571 ], [ 49.5099822, 55.8254009 ], [ 49.5104256, 55.8252843 ], [ 49.5105229, 55.8252587 ], [ 49.5109516, 55.8251299 ], [ 49.5112881, 55.8249818 ], [ 49.5113424, 55.8249579 ], [ 49.5119615, 55.8246169 ], [ 49.5125332, 55.8242664 ], [ 49.5127028, 55.8241525 ], [ 49.5127619, 55.8241128 ], [ 49.5131751, 55.8238353 ], [ 49.513689, 55.8234793 ], [ 49.5141085, 55.8232399 ], [ 49.5143613, 55.8231182 ], [ 49.5147525, 55.822939 ], [ 49.5153488, 55.8226952 ], [ 49.5158618, 55.8224846 ], [ 49.516061, 55.8224146 ], [ 49.5162144, 55.8223656 ], [ 49.5164514, 55.8222904 ], [ 49.5165818, 55.8222476 ], [ 49.5170198, 55.8221038 ], [ 49.5173252, 55.8220036 ], [ 49.5177154, 55.8219017 ], [ 49.5180657, 55.8218267 ], [ 49.5184047, 55.8217812 ], [ 49.5188312, 55.8217496 ], [ 49.5194548, 55.821733 ], [ 49.5208642, 55.8217335 ], [ 49.5210829, 55.8217367 ], [ 49.5222466, 55.8217537 ], [ 49.5226631, 55.821758 ], [ 49.5253457, 55.8217404 ], [ 49.52733, 55.8217332 ], [ 49.5279539, 55.8217309 ], [ 49.5284266, 55.8217164 ], [ 49.5297821, 55.8216747 ], [ 49.5307013, 55.8216472 ], [ 49.5314157, 55.8215822 ], [ 49.5319769, 55.8214697 ], [ 49.5324887, 55.8213061 ], [ 49.5353058, 55.8202153 ], [ 49.5360764, 55.8199611 ], [ 49.5367612, 55.8197572 ], [ 49.5394426, 55.8189467 ], [ 49.5401236, 55.8187328 ], [ 49.5401993, 55.818709 ], [ 49.5408065, 55.8185362 ], [ 49.5413861, 55.8184172 ], [ 49.5418107, 55.8183564 ], [ 49.5430075, 55.8182429 ], [ 49.5432145, 55.8182186 ], [ 49.5439139, 55.8181512 ], [ 49.5460264, 55.8179247 ], [ 49.5468581, 55.8178171 ], [ 49.5474101, 55.8177588 ], [ 49.5476049, 55.8177523 ], [ 49.5478574, 55.8177526 ], [ 49.5480311, 55.8177717 ], [ 49.5482631, 55.8177921 ], [ 49.5492455, 55.8179486 ], [ 49.5504354, 55.8181476 ], [ 49.5517065, 55.818359 ], [ 49.5520375, 55.8184464 ], [ 49.5522987, 55.8185722 ], [ 49.5525889, 55.8187663 ], [ 49.5537315, 55.8198409 ], [ 49.5543718, 55.8204989 ], [ 49.5553529, 55.8217054 ], [ 49.5557402, 55.8221703 ], [ 49.5559475, 55.8224192 ], [ 49.5561008, 55.8226054 ], [ 49.5569387, 55.8236227 ], [ 49.5572671, 55.8240042 ], [ 49.5575935, 55.824334 ], [ 49.5579749, 55.8246318 ], [ 49.5582855, 55.8248222 ], [ 49.5598643, 55.8255749 ], [ 49.5607966, 55.8259607 ], [ 49.5633896, 55.8268067 ], [ 49.5653636, 55.8274488 ], [ 49.5702518, 55.8289483 ], [ 49.5745027, 55.8300434 ], [ 49.5780929, 55.8312251 ], [ 49.5785144, 55.8313424 ], [ 49.5787885, 55.8314058 ], [ 49.5790512, 55.8314428 ], [ 49.5793702, 55.8314597 ], [ 49.5797487, 55.8314414 ], [ 49.5801091, 55.8313834 ], [ 49.5804654, 55.8312796 ], [ 49.5813019, 55.8309995 ], [ 49.5853936, 55.8295774 ], [ 49.5864181, 55.8292492 ], [ 49.5935147, 55.8271613 ], [ 49.594133, 55.8270092 ], [ 49.5946745, 55.8269092 ], [ 49.5954143, 55.8268182 ], [ 49.5973415, 55.826767 ], [ 49.6047635, 55.8267849 ], [ 49.6053504, 55.826803 ], [ 49.6059073, 55.8268555 ], [ 49.6067753, 55.8270506 ], [ 49.6087062, 55.8275366 ], [ 49.618413, 55.8300263 ], [ 49.6204345, 55.8304966 ], [ 49.6352708, 55.8339479 ], [ 49.6407079, 55.8351995 ], [ 49.6460334, 55.8364253 ], [ 49.6463074, 55.836488 ], [ 49.6466941, 55.8365411 ], [ 49.6470519, 55.836557 ], [ 49.6473466, 55.836547 ], [ 49.6476871, 55.836509 ], [ 49.6577919, 55.835091 ], [ 49.6583801, 55.8350068 ], [ 49.6591861, 55.8348386 ], [ 49.6604739, 55.8344804 ], [ 49.6627646, 55.8338432 ], [ 49.6637085, 55.8335806 ], [ 49.663911, 55.8335237 ], [ 49.6655709, 55.8330447 ], [ 49.6661835, 55.8328547 ], [ 49.6678352, 55.8323179 ], [ 49.6685302, 55.8320921 ], [ 49.6700653, 55.8315197 ], [ 49.6702837, 55.8314354 ], [ 49.6713058, 55.8310204 ], [ 49.6715971, 55.830922 ], [ 49.6718846, 55.8308408 ], [ 49.6722621, 55.8307536 ], [ 49.6727718, 55.83066 ], [ 49.6732306, 55.8305938 ], [ 49.6736284, 55.83055 ], [ 49.6739286, 55.8305278 ], [ 49.6743287, 55.8305167 ], [ 49.6747028, 55.8305217 ], [ 49.6752119, 55.8305538 ], [ 49.6756728, 55.8306039 ], [ 49.6760149, 55.8306521 ], [ 49.6768359, 55.8308177 ], [ 49.6784338, 55.831201 ], [ 49.6789635, 55.8313458 ], [ 49.6795759, 55.8314859 ], [ 49.6815986, 55.8320404 ] ], [ [ 49.6815986, 55.8320404 ], [ 49.6832997, 55.8326096 ], [ 49.6844512, 55.8330657 ], [ 49.6893704, 55.8351867 ], [ 49.693855, 55.8367411 ], [ 49.6973526, 55.8376026 ], [ 49.7014832, 55.8382051 ], [ 49.704541, 55.8384762 ], [ 49.7073412, 55.8385907 ], [ 49.7093689, 55.8386148 ], [ 49.7114932, 55.8385304 ], [ 49.7136176, 55.8383918 ], [ 49.7162461, 55.8380846 ], [ 49.7171746, 55.837942 ], [ 49.7187567, 55.837699 ], [ 49.7229302, 55.8368315 ], [ 49.7253282, 55.8362637 ], [ 49.7412501, 55.8325228 ], [ 49.7442922, 55.8318259 ], [ 49.7456692, 55.8315019 ], [ 49.7464091, 55.831329 ], [ 49.7470668, 55.8311674 ], [ 49.7477694, 55.8309693 ], [ 49.7493698, 55.8304364 ], [ 49.7495854, 55.8303695 ], [ 49.7548109, 55.8287386 ], [ 49.7552776, 55.8286158 ], [ 49.7557618, 55.8285239 ], [ 49.7561775, 55.8284794 ], [ 49.7566912, 55.8284606 ], [ 49.757351, 55.8284651 ], [ 49.7612381, 55.8286183 ], [ 49.7682596, 55.8288089 ], [ 49.7691012, 55.8288508 ], [ 49.7692563, 55.8288594 ], [ 49.7695899, 55.8288779 ], [ 49.7702795, 55.8289439 ], [ 49.7712627, 55.8290545 ], [ 49.7720421, 55.829165 ], [ 49.7799063, 55.8305857 ], [ 49.780284, 55.8306485 ], [ 49.7805869, 55.830689 ], [ 49.7808673, 55.8307012 ], [ 49.7811447, 55.8306903 ], [ 49.7813927, 55.8306607 ], [ 49.7815902, 55.8306225 ], [ 49.7820944, 55.8305102 ], [ 49.7885103, 55.8289629 ], [ 49.7924678, 55.8280253 ], [ 49.7938691, 55.8276933 ], [ 49.7947241, 55.8274907 ], [ 49.795619, 55.8272741 ], [ 49.7965354, 55.827046 ], [ 49.7971895, 55.8268347 ], [ 49.7979151, 55.8265212 ], [ 49.7984123, 55.8263064 ], [ 49.798499, 55.8262691 ], [ 49.798645, 55.8262063 ], [ 49.7987816, 55.8261695 ], [ 49.7989668, 55.8261331 ], [ 49.7991052, 55.826115 ], [ 49.7992869, 55.8261022 ], [ 49.7996077, 55.8261086 ], [ 49.799885, 55.8261449 ], [ 49.8017204, 55.8263667 ], [ 49.802196, 55.8264242 ], [ 49.8041287, 55.8266593 ], [ 49.8051075, 55.8267783 ], [ 49.8062983, 55.8269199 ], [ 49.8070489, 55.8269797 ], [ 49.8080192, 55.827021 ], [ 49.8089047, 55.8270586 ], [ 49.8097992, 55.8270966 ], [ 49.8123898, 55.8271538 ], [ 49.814918, 55.8272028 ], [ 49.8154543, 55.8271922 ], [ 49.8157934, 55.8271595 ], [ 49.8162324, 55.8270673 ], [ 49.8178202, 55.8265816 ], [ 49.8184738, 55.8263988 ], [ 49.8187995, 55.8263082 ], [ 49.820875, 55.8257605 ], [ 49.8210059, 55.8257254 ], [ 49.8235094, 55.8250409 ], [ 49.8239609, 55.8249356 ], [ 49.8243221, 55.8248669 ], [ 49.8246831, 55.8248304 ], [ 49.8249901, 55.8248236 ], [ 49.8252686, 55.8248407 ], [ 49.82586, 55.8249408 ], [ 49.8258724, 55.8249433 ], [ 49.8260838, 55.824986 ], [ 49.8262302, 55.825024 ], [ 49.8266086, 55.8251223 ], [ 49.829426, 55.8257593 ], [ 49.8310327, 55.8260946 ], [ 49.8316063, 55.8261749 ], [ 49.8317947, 55.8261885 ], [ 49.8320298, 55.8262096 ], [ 49.832653, 55.826216 ], [ 49.8330484, 55.8261966 ], [ 49.833883, 55.8260902 ], [ 49.8408035, 55.8249548 ], [ 49.8414267, 55.8248526 ], [ 49.8421094, 55.8247753 ], [ 49.8429796, 55.8247388 ], [ 49.8439024, 55.82475 ], [ 49.8624868, 55.8255336 ], [ 49.8641648, 55.8256043 ], [ 49.8700319, 55.8258517 ], [ 49.8715414, 55.8258559 ], [ 49.8719153, 55.8258524 ], [ 49.8726148, 55.825833 ], [ 49.874134, 55.8257335 ], [ 49.8762692, 55.8255173 ], [ 49.8766339, 55.8254754 ], [ 49.8777854, 55.8253429 ], [ 49.8825556, 55.8248457 ], [ 49.8848786, 55.8246036 ], [ 49.8902738, 55.8240412 ], [ 49.8940175, 55.8236486 ], [ 49.9070537, 55.8222813 ], [ 49.9252425, 55.8202988 ], [ 49.9301365, 55.8197654 ], [ 49.9313136, 55.8196646 ], [ 49.9324221, 55.8195786 ], [ 49.9334883, 55.819549 ], [ 49.9343951, 55.8195684 ], [ 49.9345968, 55.8195727 ], [ 49.9358108, 55.8196409 ], [ 49.9374189, 55.8197549 ], [ 49.9390464, 55.8198702 ], [ 49.9408267, 55.8200185 ], [ 49.9428879, 55.8201902 ], [ 49.9432371, 55.8202187 ], [ 49.9445566, 55.8203172 ], [ 49.9447871, 55.8203344 ], [ 49.9468057, 55.8204851 ], [ 49.9473358, 55.8205247 ], [ 49.9486588, 55.8206175 ], [ 49.949723, 55.8206984 ], [ 49.9504697, 55.8207753 ], [ 49.9512592, 55.8208948 ], [ 49.9594608, 55.8225077 ], [ 49.9710265, 55.8247905 ], [ 49.9887101, 55.8282617 ], [ 49.9889879, 55.8283077 ], [ 49.9893314, 55.8283624 ], [ 49.9899226, 55.8284157 ], [ 49.9906957, 55.8284284 ], [ 49.9971169, 55.827999 ], [ 49.9982628, 55.8279504 ], [ 49.9994133, 55.8279369 ], [ 50.0037063, 55.8279771 ], [ 50.0043696, 55.8280141 ], [ 50.008893, 55.8284344 ], [ 50.0093479, 55.8284735 ], [ 50.0097227, 55.8285315 ], [ 50.010031, 55.8285981 ], [ 50.0103914, 55.8287005 ], [ 50.0106711, 55.8288011 ], [ 50.01092, 55.8289091 ], [ 50.0111767, 55.8290434 ], [ 50.0114088, 55.8291905 ], [ 50.0116151, 55.8293499 ], [ 50.0118536, 55.8295873 ], [ 50.012117, 55.8299909 ], [ 50.0122083, 55.8301352 ], [ 50.0137975, 55.8328663 ], [ 50.0139051, 55.8330134 ], [ 50.0140216, 55.8331386 ], [ 50.0141613, 55.8332612 ], [ 50.0144049, 55.83343 ], [ 50.0146361, 55.8335554 ], [ 50.0149087, 55.8336726 ], [ 50.0155143, 55.8338812 ], [ 50.0176897, 55.8345467 ], [ 50.0188484, 55.8349684 ], [ 50.0227, 55.836614 ], [ 50.0243201, 55.8373061 ], [ 50.0255102, 55.8377681 ], [ 50.0263134, 55.8380167 ], [ 50.0271944, 55.8382156 ], [ 50.0305944, 55.8387876 ], [ 50.0315769, 55.8390142 ], [ 50.0438478, 55.8422755 ], [ 50.0522366, 55.8444748 ], [ 50.055305, 55.845282 ], [ 50.0558872, 55.8454754 ], [ 50.056531, 55.8456892 ], [ 50.0590265, 55.8464534 ], [ 50.062476, 55.8475472 ], [ 50.0643843, 55.8481802 ], [ 50.0665728, 55.8488882 ], [ 50.0677471, 55.8492515 ], [ 50.0685144, 55.8494875 ], [ 50.0700156, 55.8499744 ], [ 50.0733518, 55.8510306 ], [ 50.0755469, 55.851701 ], [ 50.0774285, 55.8522516 ], [ 50.0782003, 55.8524432 ], [ 50.0795522, 55.8528227 ], [ 50.0954949, 55.8571743 ], [ 50.1057024, 55.8599243 ], [ 50.1094122, 55.8609237 ], [ 50.1161099, 55.8627053 ], [ 50.1163594, 55.8627653 ], [ 50.116588, 55.8628046 ], [ 50.1167992, 55.8628288 ], [ 50.1170834, 55.8628441 ], [ 50.1173015, 55.8628428 ], [ 50.118422, 55.8627764 ], [ 50.1251506, 55.8622749 ], [ 50.1256005, 55.8622631 ], [ 50.1260846, 55.8622753 ], [ 50.1353187, 55.8630034 ], [ 50.1416087, 55.8635048 ], [ 50.143884, 55.8636862 ], [ 50.1440409, 55.8636994 ], [ 50.1471622, 55.8639631 ], [ 50.1482248, 55.8640529 ], [ 50.1486241, 55.8640866 ], [ 50.1502379, 55.8643345 ], [ 50.1509149, 55.8644871 ], [ 50.1510227, 55.8645158 ], [ 50.1513196, 55.8645952 ], [ 50.1514716, 55.8646356 ], [ 50.151767, 55.8647282 ], [ 50.1521931, 55.864862 ], [ 50.1530832, 55.8652015 ], [ 50.153763, 55.8655143 ], [ 50.1575256, 55.8675711 ], [ 50.1596534, 55.8687342 ], [ 50.1607246, 55.8693143 ], [ 50.1610693, 55.869501 ], [ 50.1645886, 55.8714069 ], [ 50.1686227, 55.8731645 ], [ 50.1701996, 55.8737689 ], [ 50.1711547, 55.8740794 ], [ 50.1722572, 55.8743836 ], [ 50.1740897, 55.8748055 ], [ 50.1761696, 55.8752745 ], [ 50.1771854, 55.8755171 ], [ 50.1792749, 55.8759945 ], [ 50.1813, 55.8764277 ], [ 50.1828363, 55.8767186 ], [ 50.1839908, 55.8769118 ], [ 50.1852809, 55.8770831 ], [ 50.1860744, 55.8771584 ], [ 50.186232, 55.8771733 ], [ 50.1872944, 55.8772365 ], [ 50.1883818, 55.8772625 ], [ 50.1894177, 55.8772631 ], [ 50.1909583, 55.8772285 ], [ 50.1937301, 55.8770911 ], [ 50.1987716, 55.8768099 ], [ 50.2027083, 55.8765825 ], [ 50.2082816, 55.8762666 ], [ 50.2118371, 55.8760764 ], [ 50.2136581, 55.875979 ], [ 50.2155389, 55.8759184 ], [ 50.2173376, 55.875913 ], [ 50.2190663, 55.875981 ], [ 50.2206372, 55.8760949 ], [ 50.2223107, 55.8763239 ], [ 50.2237438, 55.8766033 ], [ 50.2243684, 55.8767424 ], [ 50.2254813, 55.8770088 ], [ 50.2267465, 55.8773811 ], [ 50.2276976, 55.8776802 ], [ 50.2285955, 55.8779871 ], [ 50.2289478, 55.8781076 ], [ 50.2306199, 55.8787065 ], [ 50.2332455, 55.879664 ], [ 50.2408658, 55.8824065 ], [ 50.2466529, 55.8843951 ], [ 50.2475306, 55.8847021 ], [ 50.2479553, 55.8848481 ], [ 50.2507336, 55.8858164 ], [ 50.2508567, 55.8858606 ], [ 50.2511259, 55.8859576 ], [ 50.2523308, 55.8863611 ], [ 50.2534769, 55.8866873 ], [ 50.2543534, 55.8869085 ], [ 50.2566483, 55.8874552 ], [ 50.2568599, 55.8875056 ], [ 50.2581345, 55.88777 ], [ 50.2590264, 55.8879153 ], [ 50.2597052, 55.8880183 ], [ 50.2603671, 55.8880957 ], [ 50.261082, 55.8881574 ], [ 50.2620307, 55.8882198 ], [ 50.2625316, 55.8882341 ], [ 50.2630575, 55.8882336 ], [ 50.2638871, 55.8882123 ], [ 50.2643502, 55.8881875 ], [ 50.2650815, 55.8881363 ], [ 50.2657181, 55.8880837 ], [ 50.2663665, 55.8880183 ], [ 50.2671128, 55.8879288 ], [ 50.2678058, 55.8878366 ], [ 50.2687845, 55.8876831 ], [ 50.2700253, 55.8874872 ], [ 50.274576, 55.8865467 ], [ 50.2773164, 55.8859766 ], [ 50.2781857, 55.8858709 ], [ 50.278787, 55.8858249 ], [ 50.279384, 55.8858033 ], [ 50.280076, 55.8858048 ], [ 50.2808351, 55.8858108 ], [ 50.2822712, 55.8858613 ], [ 50.2829816, 55.8858833 ], [ 50.2831984, 55.8858909 ], [ 50.284245, 55.8859396 ], [ 50.2847457, 55.8859732 ], [ 50.2851191, 55.8860123 ], [ 50.2857995, 55.8861118 ], [ 50.2861884, 55.8861687 ], [ 50.28705, 55.8863197 ], [ 50.2877501, 55.8864685 ], [ 50.2885848, 55.8866886 ], [ 50.2898383, 55.8871092 ], [ 50.2906807, 55.8874436 ], [ 50.292293, 55.8882074 ], [ 50.2955623, 55.8897561 ], [ 50.3028342, 55.893211 ], [ 50.3030577, 55.8933159 ], [ 50.304894, 55.8941896 ], [ 50.3056213, 55.8945272 ], [ 50.3064312, 55.8948993 ], [ 50.3068927, 55.8951072 ], [ 50.3074709, 55.8953367 ], [ 50.3079763, 55.8955243 ], [ 50.3085287, 55.8957119 ], [ 50.3097445, 55.8960901 ], [ 50.3126767, 55.8969666 ], [ 50.3320352, 55.9027062 ], [ 50.332161, 55.9027432 ], [ 50.3330266, 55.9029973 ], [ 50.3342396, 55.9033535 ], [ 50.3430117, 55.9056609 ], [ 50.3538039, 55.9087652 ], [ 50.3569588, 55.9098795 ], [ 50.3576347, 55.9101548 ], [ 50.3581349, 55.9104009 ], [ 50.3590026, 55.9108643 ], [ 50.3601957, 55.9116056 ], [ 50.3613925, 55.9124172 ], [ 50.3621944, 55.9130532 ], [ 50.3634336, 55.9142808 ], [ 50.3644421, 55.9156614 ], [ 50.3657751, 55.9181793 ], [ 50.367928, 55.9227932 ], [ 50.3697079, 55.9265357 ], [ 50.3744172, 55.9364357 ], [ 50.3817857, 55.9519208 ], [ 50.3825565, 55.9535403 ], [ 50.3840866, 55.9567549 ], [ 50.3865086, 55.9617019 ], [ 50.3885495, 55.96587 ], [ 50.3885819, 55.9659361 ], [ 50.3886665, 55.9661089 ], [ 50.3894435, 55.9676957 ], [ 50.3903357, 55.9694832 ], [ 50.3903722, 55.9695585 ], [ 50.3920375, 55.9729926 ], [ 50.3985061, 55.9861981 ], [ 50.4009172, 55.9911223 ], [ 50.4070631, 56.0036716 ], [ 50.4095573, 56.0087633 ], [ 50.4111764, 56.0120162 ], [ 50.411231, 56.0121258 ], [ 50.4120861, 56.0138438 ], [ 50.4129728, 56.0156233 ], [ 50.4130216, 56.0157212 ], [ 50.4154241, 56.0205424 ], [ 50.4174651, 56.0246375 ], [ 50.4212232, 56.0322721 ], [ 50.4222812, 56.0344212 ], [ 50.426001, 56.0419642 ], [ 50.4289317, 56.0479059 ], [ 50.4293784, 56.0488253 ], [ 50.4297943, 56.0498748 ], [ 50.4299954, 56.0504925 ], [ 50.4300705, 56.050846 ], [ 50.4301494, 56.0512257 ], [ 50.4302165, 56.0516081 ], [ 50.4303361, 56.0523564 ], [ 50.4303345, 56.0526226 ], [ 50.4301982, 56.0564727 ], [ 50.4299819, 56.0603805 ], [ 50.4298693, 56.0610005 ], [ 50.429703, 56.0615515 ], [ 50.4276405, 56.0670673 ], [ 50.4275988, 56.0671984 ], [ 50.4274304, 56.0676114 ], [ 50.4265058, 56.0700952 ], [ 50.4262912, 56.0705683 ], [ 50.4260176, 56.0710444 ], [ 50.4256421, 56.0715714 ], [ 50.4239531, 56.0737496 ], [ 50.4159764, 56.0839728 ], [ 50.413872, 56.0867199 ], [ 50.4136953, 56.0869995 ], [ 50.4131744, 56.0879996 ], [ 50.4119538, 56.0905966 ], [ 50.4100546, 56.0945495 ], [ 50.4083683, 56.0980651 ], [ 50.4082562, 56.0982937 ], [ 50.4079249, 56.0990254 ], [ 50.4079125, 56.0990527 ], [ 50.4075264, 56.0998307 ], [ 50.4073854, 56.1000771 ], [ 50.4071847, 56.1003684 ], [ 50.4067358, 56.10102 ], [ 50.406538, 56.1012658 ], [ 50.405547, 56.1023767 ], [ 50.4051286, 56.1029152 ], [ 50.4047298, 56.1034836 ], [ 50.4046521, 56.1036038 ], [ 50.4037148, 56.1054488 ], [ 50.4026518, 56.1074524 ], [ 50.4024973, 56.1077437 ], [ 50.4023962, 56.1079214 ], [ 50.4021973, 56.1082743 ], [ 50.4021388, 56.1083747 ], [ 50.401414, 56.1095808 ], [ 50.4007585, 56.1105957 ], [ 50.3974205, 56.1159208 ], [ 50.3962115, 56.1174726 ], [ 50.3949384, 56.1191034 ], [ 50.3940534, 56.1202279 ], [ 50.3930922, 56.1214493 ], [ 50.3926365, 56.1220284 ], [ 50.390197, 56.1251203 ], [ 50.389793, 56.1256428 ], [ 50.3833145, 56.1339601 ], [ 50.3831559, 56.1342874 ], [ 50.3830882, 56.1345484 ], [ 50.3830711, 56.1346696 ], [ 50.3830688, 56.1347692 ], [ 50.3830765, 56.1348082 ], [ 50.3831941, 56.1354027 ], [ 50.3840762, 56.1400992 ], [ 50.3841936, 56.1407911 ], [ 50.3844334, 56.1420653 ], [ 50.3863534, 56.1522653 ], [ 50.3865167, 56.1526987 ], [ 50.3868435, 56.1531342 ], [ 50.3871654, 56.1534397 ], [ 50.3880277, 56.1542574 ], [ 50.3881018, 56.1543325 ], [ 50.3886097, 56.1548143 ], [ 50.3927249, 56.1585976 ], [ 50.3947605, 56.1605251 ], [ 50.396092, 56.16178 ], [ 50.3981091, 56.1636857 ], [ 50.3988683, 56.164393 ], [ 50.4000492, 56.1654198 ], [ 50.4002523, 56.1656803 ], [ 50.4004391, 56.1659787 ], [ 50.4005875, 56.1664646 ], [ 50.4012072, 56.1696706 ], [ 50.4018964, 56.1730319 ], [ 50.4024605, 56.1759761 ], [ 50.4027967, 56.1775312 ], [ 50.4028425, 56.1777499 ], [ 50.4030649, 56.1788977 ], [ 50.4031094, 56.179122 ], [ 50.4032347, 56.1801612 ], [ 50.4035371, 56.1816281 ], [ 50.4037251, 56.1825453 ], [ 50.4037582, 56.1827006 ], [ 50.4038897, 56.1832871 ], [ 50.4040495, 56.1839849 ], [ 50.4041232, 56.1843371 ], [ 50.4041951, 56.184669 ] ], [ [ 50.4041951, 56.184669 ], [ 50.4046064, 56.1848573 ], [ 50.4055053, 56.1850971 ], [ 50.4069525, 56.1853235 ], [ 50.407275, 56.1853919 ], [ 50.4075648, 56.1854825 ], [ 50.4078008, 56.1856352 ], [ 50.4088538, 56.1869117 ], [ 50.4090017, 56.1869947 ], [ 50.4091963, 56.1870528 ], [ 50.4092484, 56.1870624 ], [ 50.4094657, 56.1871026 ], [ 50.4102547, 56.1872137 ], [ 50.4104233, 56.1872574 ], [ 50.4105279, 56.1873186 ], [ 50.4106319, 56.1874475 ] ], [ [ 50.4041951, 56.184669 ], [ 50.4045015, 56.1859861 ], [ 50.4045563, 56.186193 ], [ 50.4046363, 56.1864867 ] ] ] } },
{ "type": "Feature", "properties": { "ref": "16К-1429", "fclass": "tertiary" }, "geometry": { "type": "MultiLineString", "coordinates": [ [ [ 50.3538039, 55.9087652 ], [ 50.3610479, 55.9108144 ], [ 50.3696765, 55.9132493 ], [ 50.3703006, 55.9133859 ], [ 50.3712141, 55.9135272 ], [ 50.4019642, 55.9166964 ], [ 50.4133576, 55.9178437 ], [ 50.4142722, 55.9179744 ], [ 50.4149991, 55.9181473 ], [ 50.4157126, 55.9184058 ], [ 50.4162919, 55.9186944 ], [ 50.423071, 55.9233722 ], [ 50.4240631, 55.924048 ], [ 50.4246199, 55.9244273 ], [ 50.424749, 55.9245152 ], [ 50.4251835, 55.9248578 ], [ 50.4253659, 55.9250381 ], [ 50.4258272, 55.9257414 ], [ 50.4261772, 55.9261742 ], [ 50.4271757, 55.9274089 ], [ 50.4283938, 55.9289373 ], [ 50.4284232, 55.9290203 ], [ 50.4284187, 55.9291157 ], [ 50.4283958, 55.9291739 ], [ 50.4283339, 55.9292559 ], [ 50.428256, 55.929319 ], [ 50.4281222, 55.9293883 ], [ 50.427961, 55.9294368 ], [ 50.4266954, 55.9297651 ], [ 50.4259913, 55.9299036 ], [ 50.4241037, 55.9302263 ], [ 50.4239097, 55.9302738 ], [ 50.4237419, 55.9303313 ], [ 50.4236127, 55.9304014 ], [ 50.4235191, 55.9304782 ], [ 50.4234456, 55.9305792 ], [ 50.4234142, 55.930692 ], [ 50.4233904, 55.9308046 ], [ 50.4233931, 55.9309121 ], [ 50.4234266, 55.9310736 ], [ 50.4235232, 55.9312569 ], [ 50.4236546, 55.9314079 ], [ 50.4238705, 55.9315506 ], [ 50.4249032, 55.931988 ], [ 50.4252706, 55.9321764 ], [ 50.426656, 55.9330246 ], [ 50.4280239, 55.9338555 ], [ 50.4292041, 55.9346908 ], [ 50.429644, 55.9350679 ], [ 50.4308698, 55.9361616 ], [ 50.4317468, 55.9369489 ], [ 50.4324871, 55.937679 ], [ 50.4326668, 55.9379118 ], [ 50.4328573, 55.9382829 ], [ 50.4331315, 55.9392114 ], [ 50.4333698, 55.9403224 ], [ 50.4333723, 55.9406594 ], [ 50.4333474, 55.9409296 ], [ 50.4330844, 55.9423841 ], [ 50.4306818, 55.9494534 ], [ 50.4299254, 55.9536893 ], [ 50.4296279, 55.955435 ], [ 50.4296064, 55.9559035 ], [ 50.4296708, 55.9563179 ], [ 50.4297951, 55.9568959 ], [ 50.4314968, 55.9612324 ], [ 50.4320365, 55.9628462 ], [ 50.4326067, 55.9647176 ], [ 50.4326969, 55.9650137 ], [ 50.4327528, 55.9651726 ], [ 50.4339204, 55.9689796 ], [ 50.4367911, 55.9755064 ], [ 50.4395161, 55.9794319 ], [ 50.4398496, 55.9799004 ], [ 50.441435, 55.9820477 ], [ 50.4416692, 55.9824567 ], [ 50.4418266, 55.9829075 ], [ 50.4430712, 55.9879042 ], [ 50.4430741, 55.9879155 ], [ 50.4435217, 55.9896428 ], [ 50.4436022, 55.9898334 ], [ 50.4438751, 55.9903032 ], [ 50.4439982, 55.9904984 ], [ 50.4447473, 55.9916861 ], [ 50.4448263, 55.9918113 ], [ 50.4454869, 55.9928252 ], [ 50.4459275, 55.9934966 ], [ 50.4459872, 55.9935834 ], [ 50.4461416, 55.993808 ], [ 50.4463111, 55.9940384 ], [ 50.4465404, 55.9944089 ], [ 50.4470704, 55.9952413 ], [ 50.4472084, 55.9954592 ], [ 50.447483, 55.9958926 ] ], [ [ 50.4492598, 55.9963703 ], [ 50.451268, 55.9967805 ], [ 50.4520183, 55.9969519 ], [ 50.4531589, 55.997256 ], [ 50.4542188, 55.9975699 ], [ 50.4545966, 55.9977045 ], [ 50.4549657, 55.9978608 ], [ 50.4562897, 55.9985771 ], [ 50.4565868, 55.9987619 ], [ 50.4567676, 55.9988996 ], [ 50.4572477, 55.9993973 ], [ 50.4575604, 55.9996934 ], [ 50.4579373, 55.9999929 ], [ 50.4590869, 56.0010126 ], [ 50.4607105, 56.0023722 ], [ 50.4614934, 56.0030867 ], [ 50.4621677, 56.0038292 ], [ 50.4625853, 56.0044826 ], [ 50.4632835, 56.0057668 ], [ 50.464491, 56.0081239 ], [ 50.4650158, 56.0091093 ], [ 50.4653904, 56.0098125 ], [ 50.4655817, 56.0102074 ], [ 50.4658548, 56.0107588 ], [ 50.4659619, 56.0110144 ], [ 50.4660019, 56.011185 ], [ 50.4660138, 56.0113477 ], [ 50.4659947, 56.0115761 ], [ 50.4659616, 56.0118749 ], [ 50.465889, 56.0124425 ], [ 50.4658255, 56.0127123 ], [ 50.4657255, 56.013003 ], [ 50.4655626, 56.0133821 ], [ 50.4653541, 56.0137733 ], [ 50.4647806, 56.0147708 ], [ 50.464281, 56.0156718 ], [ 50.4634257, 56.0170404 ], [ 50.4628286, 56.0178254 ], [ 50.4620314, 56.0187454 ], [ 50.4615669, 56.0191016 ], [ 50.4610838, 56.0194268 ], [ 50.4604087, 56.0198025 ], [ 50.4598546, 56.0200517 ], [ 50.458988, 56.020395 ], [ 50.4581569, 56.0207322 ], [ 50.4570576, 56.0211846 ], [ 50.455401, 56.0219617 ], [ 50.4538581, 56.0226886 ], [ 50.4522952, 56.0234188 ], [ 50.4516915, 56.0237012 ], [ 50.4510951, 56.0239948 ], [ 50.450753, 56.0241832 ], [ 50.4505116, 56.0243811 ], [ 50.4500867, 56.0248386 ], [ 50.4492086, 56.0261103 ], [ 50.449141, 56.0262082 ], [ 50.4490035, 56.0264029 ], [ 50.4486689, 56.0268767 ], [ 50.4471052, 56.0289289 ], [ 50.4366711, 56.0427504 ], [ 50.4322193, 56.0486353 ], [ 50.4317397, 56.0493317 ], [ 50.4312744, 56.0499457 ], [ 50.4308648, 56.0505031 ], [ 50.4306647, 56.0508638 ], [ 50.4305318, 56.051228 ], [ 50.4304378, 56.0516122 ], [ 50.4303361, 56.0523564 ] ], [ [ 50.447483, 55.9958926 ], [ 50.4475469, 55.9959419 ], [ 50.4476121, 55.9959922 ], [ 50.4477224, 55.9960452 ], [ 50.4479191, 55.9961056 ], [ 50.4483793, 55.9962017 ] ], [ [ 50.4478887, 55.9964479 ], [ 50.4476711, 55.996167 ], [ 50.447483, 55.9958926 ] ], [ [ 50.4485394, 55.9965414 ], [ 50.448477, 55.9965729 ], [ 50.4483256, 55.9966089 ], [ 50.4481613, 55.9966056 ], [ 50.4480151, 55.9965634 ], [ 50.4479148, 55.9964905 ], [ 50.4478887, 55.9964479 ] ], [ [ 50.4478887, 55.9964479 ], [ 50.4478872, 55.9963589 ], [ 50.4479513, 55.9962775 ], [ 50.4480697, 55.9962181 ], [ 50.4482213, 55.9961912 ], [ 50.4483793, 55.9962017 ] ], [ [ 50.4483793, 55.9962017 ], [ 50.4484602, 55.9962235 ] ], [ [ 50.4484602, 55.9962235 ], [ 50.4492598, 55.9963703 ] ], [ [ 50.4484602, 55.9962235 ], [ 50.4485559, 55.9962725 ], [ 50.4486162, 55.9963367 ], [ 50.4486341, 55.9964086 ], [ 50.4486075, 55.9964796 ], [ 50.4485394, 55.9965414 ] ], [ [ 50.4492598, 55.9963703 ], [ 50.4490513, 55.9963822 ], [ 50.4488589, 55.9964209 ], [ 50.448657, 55.9964775 ], [ 50.4485394, 55.9965414 ] ] ] } },
{ "type": "Feature", "properties": { "ref": null, "fclass": "service" }, "geometry": { "type": "MultiLineString", "coordinates": [ [ [ 50.4430741, 55.9879155 ], [ 50.4449358, 55.9878501 ], [ 50.4495467, 55.9876881 ] ] ] } },
{ "type": "Feature", "properties": { "ref": "16К-1627", "fclass": "tertiary" }, "geometry": { "type": "MultiLineString", "coordinates": [ [ [ 50.1761696, 55.8752745 ], [ 50.1766521, 55.8758539 ] ], [ [ 50.1766521, 55.8758539 ], [ 50.1799771, 55.8796694 ], [ 50.1801897, 55.8798623 ], [ 50.1804702, 55.8800272 ], [ 50.1810062, 55.8801962 ], [ 50.182575, 55.8805619 ], [ 50.1831373, 55.8806706 ], [ 50.1906416, 55.8818479 ], [ 50.1951744, 55.8825676 ], [ 50.2040977, 55.883998 ], [ 50.2130634, 55.8854317 ], [ 50.2156248, 55.8858353 ], [ 50.2162761, 55.8859379 ] ], [ [ 50.1771854, 55.8755171 ], [ 50.1769147, 55.8755344 ], [ 50.1767991, 55.8755573 ], [ 50.1767139, 55.8755946 ], [ 50.1766625, 55.8756424 ], [ 50.1766345, 55.8757145 ], [ 50.1766521, 55.8758539 ] ] ] } },
{ "type": "Feature", "properties": { "ref": "16К-0143", "fclass": "secondary" }, "geometry": { "type": "MultiLineString", "coordinates": [ [ [ 53.2146495, 55.3035066 ], [ 53.2148677, 55.3035519 ], [ 53.2154024, 55.3036003 ], [ 53.2178727, 55.3038604 ], [ 53.2212918, 55.3042638 ], [ 53.2265894, 55.3049011 ], [ 53.2338205, 55.3057667 ], [ 53.241077, 55.3065842 ], [ 53.2417516, 55.3066274 ], [ 53.2424156, 55.3066001 ], [ 53.2431015, 55.3064999 ], [ 53.2436616, 55.3063469 ], [ 53.2442441, 55.306146 ], [ 53.2462306, 55.3054197 ], [ 53.2466223, 55.3052635 ], [ 53.2488682, 55.3044786 ], [ 53.2493309, 55.3043113 ], [ 53.2495527, 55.3040769 ], [ 53.2497123, 55.3038187 ], [ 53.2516169, 55.3009853 ], [ 53.2519479, 55.3004922 ], [ 53.2533524, 55.2983206 ], [ 53.2547823, 55.2961847 ], [ 53.2552218, 55.2955246 ], [ 53.2556496, 55.2948842 ], [ 53.2557946, 55.2944346 ], [ 53.2558172, 55.2940402 ], [ 53.2557537, 55.2933473 ], [ 53.2556982, 55.29249 ], [ 53.255664, 55.291858 ], [ 53.255733, 55.2912681 ], [ 53.2562073, 55.289938 ], [ 53.2565154, 55.2891088 ], [ 53.2567908, 55.2885923 ], [ 53.2570755, 55.2883018 ], [ 53.2574564, 55.2880563 ], [ 53.2580495, 55.2877812 ], [ 53.2585822, 55.2876033 ], [ 53.2590471, 55.2874917 ], [ 53.2595465, 55.2874009 ], [ 53.2603409, 55.2872971 ], [ 53.2612518, 55.2872219 ], [ 53.2638948, 55.2869845 ], [ 53.2688593, 55.2865416 ], [ 53.2775282, 55.2858289 ], [ 53.287279, 55.2849267 ], [ 53.2935368, 55.2843891 ], [ 53.2943803, 55.2842952 ], [ 53.2952992, 55.2841486 ], [ 53.2968632, 55.2838535 ], [ 53.3006518, 55.2830834 ], [ 53.3015053, 55.2829441 ], [ 53.3027283, 55.2828217 ], [ 53.3051143, 55.282608 ], [ 53.3072483, 55.2823974 ], [ 53.3135515, 55.2818417 ], [ 53.3208257, 55.2814175 ], [ 53.3228626, 55.2812423 ], [ 53.3249953, 55.2810054 ], [ 53.3330522, 55.2800404 ], [ 53.3419048, 55.2825225 ], [ 53.3456998, 55.2840169 ], [ 53.3468562, 55.284477 ], [ 53.3473425, 55.2846761 ], [ 53.3478572, 55.2848296 ], [ 53.3484842, 55.2849536 ], [ 53.3491058, 55.2849732 ], [ 53.3498579, 55.2849704 ], [ 53.3565456, 55.2849661 ], [ 53.3607078, 55.284855 ], [ 53.3615487, 55.2848419 ], [ 53.3673282, 55.2848192 ], [ 53.3730441, 55.2848233 ], [ 53.3853576, 55.2853158 ], [ 53.3880835, 55.2853923 ], [ 53.3897469, 55.2854284 ], [ 53.3929404, 55.2854305 ], [ 53.3933173, 55.2854331 ], [ 53.3973795, 55.285358 ], [ 53.4098849, 55.2846625 ], [ 53.4105358, 55.2845984 ], [ 53.4111972, 55.2844924 ], [ 53.4115497, 55.2843999 ], [ 53.4118976, 55.2842739 ], [ 53.4122942, 55.2840481 ], [ 53.4126665, 55.2837774 ], [ 53.4131442, 55.2832936 ], [ 53.4134745, 55.2828909 ], [ 53.4139181, 55.2824714 ], [ 53.414528, 55.2821015 ], [ 53.4151591, 55.2818215 ], [ 53.4183855, 55.2806443 ], [ 53.4237774, 55.2787043 ], [ 53.4255498, 55.2779619 ], [ 53.425981, 55.2778275 ], [ 53.4264663, 55.2777479 ], [ 53.4269439, 55.2777404 ], [ 53.4274592, 55.2778234 ], [ 53.428645, 55.2780578 ], [ 53.4436595, 55.2814002 ], [ 53.4520083, 55.2832499 ], [ 53.4588725, 55.284776 ], [ 53.4601069, 55.2850535 ], [ 53.4613445, 55.285385 ], [ 53.4695931, 55.288266 ], [ 53.4754411, 55.2903548 ], [ 53.4779767, 55.2912605 ], [ 53.4830621, 55.2929764 ], [ 53.4891228, 55.2951959 ], [ 53.4953002, 55.2973522 ], [ 53.5032004, 55.3001924 ], [ 53.5037774, 55.3003756 ], [ 53.5042925, 55.3004941 ], [ 53.5048607, 55.3005813 ], [ 53.5053223, 55.300623 ], [ 53.5061662, 55.3006724 ], [ 53.5076612, 55.300739 ], [ 53.509417, 55.3008 ], [ 53.5105942, 55.3008629 ], [ 53.5110016, 55.3008943 ], [ 53.5113675, 55.300951 ], [ 53.5116142, 55.3010068 ], [ 53.5118933, 55.3010958 ], [ 53.5123552, 55.301276 ], [ 53.5147629, 55.3022279 ], [ 53.5229404, 55.3053744 ], [ 53.5354434, 55.3102982 ], [ 53.5365095, 55.3106628 ], [ 53.537053, 55.310687 ], [ 53.5376373, 55.3106946 ], [ 53.539788, 55.3106212 ], [ 53.5410237, 55.3105716 ], [ 53.5441446, 55.3104947 ], [ 53.5451981, 55.3104814 ], [ 53.5464725, 55.3105146 ], [ 53.5474002, 55.3106347 ], [ 53.5481764, 55.310788 ], [ 53.5503842, 55.3112346 ], [ 53.5520717, 55.3116551 ], [ 53.554529, 55.3122674 ], [ 53.5614288, 55.3139445 ], [ 53.5653578, 55.3148663 ], [ 53.5657579, 55.314987 ], [ 53.5660793, 55.3151182 ], [ 53.56723, 55.3156982 ], [ 53.5707705, 55.3174946 ], [ 53.577535, 55.321336 ], [ 53.5806039, 55.3218267 ], [ 53.5808878, 55.3218701 ], [ 53.5830114, 55.3222149 ], [ 53.6120229, 55.3267624 ], [ 53.6188397, 55.3278181 ], [ 53.6243986, 55.3286789 ], [ 53.6250584, 55.3288468 ], [ 53.6304872, 55.3307021 ], [ 53.6327738, 55.3314896 ], [ 53.6382227, 55.333366 ], [ 53.6508881, 55.3377382 ], [ 53.6514487, 55.3379335 ], [ 53.6572635, 55.3399595 ], [ 53.6576741, 55.3401026 ], [ 53.661633, 55.3415182 ], [ 53.6626737, 55.3418293 ], [ 53.6634462, 55.3419697 ], [ 53.6641543, 55.3420124 ], [ 53.6649697, 55.3420368 ], [ 53.6678535, 55.3420443 ], [ 53.6731236, 55.3420581 ], [ 53.6738156, 55.3420947 ], [ 53.6747222, 55.3422808 ], [ 53.6758219, 55.3425645 ], [ 53.6766266, 55.3428696 ], [ 53.6837559, 55.3461427 ], [ 53.6916469, 55.3497388 ], [ 53.6981969, 55.3526027 ], [ 53.7089686, 55.3567655 ], [ 53.709312, 55.3568569 ], [ 53.7098109, 55.3569759 ], [ 53.7141399, 55.357598 ], [ 53.7154489, 55.3577504 ], [ 53.7190377, 55.3581499 ], [ 53.722267, 55.3586317 ], [ 53.7305068, 55.3599185 ], [ 53.7406241, 55.3615041 ], [ 53.7497597, 55.3629188 ], [ 53.7507843, 55.3630134 ], [ 53.7524043, 55.3631414 ], [ 53.7558107, 55.3632634 ], [ 53.7596463, 55.3633792 ], [ 53.7609552, 55.3634677 ], [ 53.7616901, 55.36355 ], [ 53.7657912, 55.3642787 ], [ 53.772017, 55.3653639 ], [ 53.7742536, 55.3657497 ], [ 53.7752782, 55.3659464 ], [ 53.7761533, 55.3661642 ], [ 53.7769358, 55.3664128 ], [ 53.7777539, 55.3667604 ], [ 53.7795107, 55.3676354 ], [ 53.78145, 55.3686277 ], [ 53.7823083, 55.369088 ], [ 53.7850227, 55.3707235 ], [ 53.7855162, 55.3709781 ], [ 53.7864067, 55.3713683 ], [ 53.7873648, 55.371672 ], [ 53.8138135, 55.3778501 ], [ 53.8154282, 55.378228 ], [ 53.819532, 55.3791835 ], [ 53.8219893, 55.3797444 ], [ 53.8242875, 55.3802868 ], [ 53.8255079, 55.3805961 ], [ 53.8261651, 55.3808109 ], [ 53.8269112, 55.3810998 ], [ 53.8281568, 55.3817059 ], [ 53.8367635, 55.3860309 ], [ 53.8402025, 55.3877679 ], [ 53.840679, 55.3880066 ], [ 53.8456044, 55.3904868 ], [ 53.849798, 55.3925304 ], [ 53.8504014, 55.3928506 ], [ 53.8510425, 55.393283 ], [ 53.8515526, 55.3936334 ], [ 53.8519812, 55.3939464 ], [ 53.8576757, 55.398337 ], [ 53.8581616, 55.3987012 ], [ 53.8584937, 55.3989219 ], [ 53.8588884, 55.3991749 ], [ 53.859293, 55.3993956 ], [ 53.8600092, 55.3997291 ], [ 53.860487, 55.3999334 ], [ 53.8608545, 55.4000826 ], [ 53.8611196, 55.400173 ], [ 53.8613856, 55.4002517 ], [ 53.8616779, 55.4003278 ], [ 53.862664, 55.4005364 ], [ 53.8625385, 55.4007534 ], [ 53.86226, 55.4011457 ], [ 53.8619193, 55.4015676 ], [ 53.8615916, 55.4018671 ], [ 53.8609839, 55.4023511 ], [ 53.8605939, 55.402619 ], [ 53.8601625, 55.4029246 ], [ 53.8593069, 55.4035155 ], [ 53.8585478, 55.4040241 ], [ 53.8577429, 55.4045737 ], [ 53.8569937, 55.4050964 ], [ 53.8566059, 55.405413 ], [ 53.8557392, 55.4060956 ], [ 53.8552789, 55.4064984 ], [ 53.8547069, 55.4069328 ], [ 53.8538539, 55.4074978 ], [ 53.853213, 55.4079057 ], [ 53.8527294, 55.4082449 ], [ 53.8513809, 55.4091469 ], [ 53.8501581, 55.4099981 ], [ 53.8498968, 55.4102394 ], [ 53.8497019, 55.4104595 ], [ 53.8483018, 55.4124603 ], [ 53.8481086, 55.4128317 ], [ 53.8479521, 55.4132462 ], [ 53.8453513, 55.4223467 ], [ 53.8430618, 55.4302169 ], [ 53.8420532, 55.4339533 ], [ 53.8414729, 55.4362482 ], [ 53.8409787, 55.4387051 ], [ 53.8407665, 55.4395436 ], [ 53.8406038, 55.4400157 ], [ 53.8403463, 55.4405421 ], [ 53.8398492, 55.4413417 ], [ 53.8365044, 55.4458557 ], [ 53.8363284, 55.4461409 ], [ 53.8362479, 55.4464239 ], [ 53.8362426, 55.446792 ], [ 53.8362951, 55.4471946 ], [ 53.8366771, 55.4486023 ], [ 53.8371009, 55.449947 ], [ 53.8373905, 55.4507024 ], [ 53.8380015, 55.4519559 ], [ 53.8384762, 55.4527302 ], [ 53.8394236, 55.4546288 ], [ 53.8400039, 55.4555751 ], [ 53.843501, 55.4596788 ], [ 53.8443089, 55.4601956 ], [ 53.8443385, 55.4602146 ], [ 53.8454035, 55.4608958 ], [ 53.8457372, 55.4611093 ], [ 53.8458053, 55.4611528 ], [ 53.8485682, 55.4629201 ], [ 53.8494511, 55.4634848 ], [ 53.8502002, 55.4641224 ], [ 53.8504666, 55.4645411 ], [ 53.8508065, 55.4652197 ], [ 53.8528919, 55.4717219 ], [ 53.8530332, 55.4721495 ], [ 53.8531297, 55.4723533 ], [ 53.8533193, 55.4726115 ], [ 53.8535911, 55.4728428 ], [ 53.8539451, 55.4730678 ], [ 53.8542885, 55.473232 ], [ 53.8546981, 55.473391 ], [ 53.8554794, 55.4736607 ], [ 53.8602424, 55.475243 ], [ 53.8612935, 55.4757519 ], [ 53.861749, 55.4763793 ], [ 53.8646114, 55.4803223 ], [ 53.8675679, 55.4832924 ], [ 53.8682712, 55.483999 ], [ 53.8685999, 55.4843292 ], [ 53.8698807, 55.4855371 ], [ 53.8709772, 55.486571 ], [ 53.8716701, 55.4872244 ], [ 53.8725493, 55.4880818 ], [ 53.8728976, 55.4884214 ] ], [ [ 53.8791289, 55.4876103 ], [ 53.8793205, 55.4878479 ], [ 53.8799285, 55.4886016 ], [ 53.8806267, 55.4894672 ], [ 53.8822611, 55.4914933 ], [ 53.8831567, 55.4926036 ], [ 53.8835739, 55.4931584 ], [ 53.8836761, 55.4935443 ], [ 53.8836676, 55.4940171 ], [ 53.8829949, 55.5000466 ], [ 53.8829438, 55.5006736 ], [ 53.8829778, 55.5012041 ], [ 53.88308, 55.5017202 ], [ 53.884337, 55.5083509 ], [ 53.8844586, 55.5088485 ], [ 53.8846208, 55.5091776 ], [ 53.8849858, 55.5096292 ], [ 53.8899197, 55.5153697 ], [ 53.8960972, 55.5225862 ], [ 53.9054969, 55.5349024 ], [ 53.9057225, 55.5352186 ], [ 53.9058696, 55.5354896 ], [ 53.9059585, 55.5357605 ], [ 53.9060076, 55.5359932 ], [ 53.9060998, 55.5367075 ], [ 53.9063555, 55.5393644 ], [ 53.9064547, 55.5402394 ], [ 53.9064547, 55.5404594 ], [ 53.9064306, 55.5406355 ], [ 53.9063787, 55.54085 ], [ 53.9062804, 55.5410923 ], [ 53.9056286, 55.5425158 ], [ 53.9050728, 55.5437918 ], [ 53.9049241, 55.5443883 ], [ 53.9045519, 55.5487725 ], [ 53.9044949, 55.5491883 ], [ 53.9044142, 55.5501401 ], [ 53.9044239, 55.5507966 ], [ 53.9044375, 55.5514084 ], [ 53.9045861, 55.5518595 ], [ 53.9051674, 55.5528459 ], [ 53.9056608, 55.5536525 ], [ 53.9057216, 55.5538819 ], [ 53.9056946, 55.554073 ], [ 53.9056405, 55.5542412 ], [ 53.9040792, 55.558515 ], [ 53.9040117, 55.5587979 ], [ 53.9040049, 55.5590043 ], [ 53.9041198, 55.5593254 ], [ 53.910234, 55.5714363 ], [ 53.9105987, 55.5722794 ], [ 53.9108133, 55.5729103 ], [ 53.9113229, 55.5746389 ], [ 53.9148054, 55.5872956 ], [ 53.9152312, 55.5886248 ], [ 53.9159417, 55.5908483 ], [ 53.919332, 55.599699 ], [ 53.9210915, 55.6041358 ], [ 53.9213383, 55.6046813 ], [ 53.9216525, 55.60518 ], [ 53.9251946, 55.6095289 ], [ 53.9253616, 55.6097689 ], [ 53.9254246, 55.6099329 ], [ 53.9254111, 55.610114 ], [ 53.9253705, 55.6102782 ], [ 53.9252856, 55.6105097 ], [ 53.9251399, 55.6107651 ], [ 53.9249384, 55.6110893 ], [ 53.9248451, 55.6112319 ], [ 53.9241317, 55.6122207 ], [ 53.9238324, 55.6128854 ], [ 53.9232752, 55.6145659 ], [ 53.92324, 55.6147438 ], [ 53.9232776, 55.6148953 ], [ 53.9233729, 55.6150221 ], [ 53.9235729, 55.6151535 ], [ 53.9243769, 55.6155567 ], [ 53.9244443, 55.6155905 ], [ 53.9250585, 55.6159071 ], [ 53.9261363, 55.6164395 ], [ 53.9279338, 55.6173183 ], [ 53.92979, 55.6182398 ], [ 53.9336673, 55.6201288 ], [ 53.9403978, 55.6226687 ], [ 53.9527537, 55.6261305 ], [ 53.9597875, 55.6278227 ], [ 53.961167, 55.6282506 ], [ 53.9623762, 55.6287025 ], [ 53.9679198, 55.6311206 ], [ 53.9684648, 55.6313609 ], [ 53.9696252, 55.6317428 ], [ 53.9703335, 55.6320087 ], [ 53.9714367, 55.6323849 ], [ 53.9718199, 55.6326204 ], [ 53.9721094, 55.6328319 ], [ 53.975192, 55.6353795 ], [ 53.9791892, 55.6385264 ], [ 53.9839338, 55.6424858 ], [ 53.987037, 55.6450637 ], [ 53.9875309, 55.6455394 ], [ 53.9878971, 55.6459526 ], [ 53.9882377, 55.6464043 ], [ 53.9897598, 55.6488324 ], [ 53.9905979, 55.6496943 ], [ 53.9913976, 55.6504508 ], [ 53.9919817, 55.6509622 ], [ 54.0031826, 55.6605417 ], [ 54.0165457, 55.6719793 ], [ 54.0201463, 55.6750583 ], [ 54.0220928, 55.6767617 ], [ 54.0224254, 55.6770475 ], [ 54.022699, 55.6772638 ], [ 54.0230155, 55.677471 ], [ 54.0233159, 55.677651 ], [ 54.0289673, 55.6808948 ], [ 54.0298873, 55.681412 ], [ 54.0315315, 55.6823435 ], [ 54.0398517, 55.6871141 ], [ 54.044469, 55.6897597 ], [ 54.0495479, 55.6929319 ], [ 54.0547155, 55.696162 ], [ 54.0584332, 55.698451 ], [ 54.0636849, 55.701493 ], [ 54.0709889, 55.7057343 ], [ 54.0713216, 55.7059249 ] ] ] } },
{ "type": "Feature", "properties": { "ref": null, "fclass": "secondary" }, "geometry": { "type": "MultiLineString", "coordinates": [ [ [ 54.0713216, 55.7059249 ], [ 54.0727477, 55.7067516 ], [ 54.0748359, 55.707962 ], [ 54.0751189, 55.708126 ], [ 54.0763314, 55.7088191 ], [ 54.0780858, 55.709831 ], [ 54.0783125, 55.7099618 ], [ 54.0786054, 55.7101307 ], [ 54.0788975, 55.7103048 ], [ 54.0805172, 55.7112699 ], [ 54.081078, 55.7116071 ], [ 54.0812455, 55.7117078 ] ], [ [ 54.0812455, 55.7117078 ], [ 54.0814041, 55.7117937 ], [ 54.0819056, 55.7120656 ], [ 54.0820818, 55.7121825 ] ], [ [ 54.0815873, 55.7122609 ], [ 54.081567, 55.7121379 ], [ 54.0815156, 55.7120223 ], [ 54.0814227, 55.7118854 ], [ 54.0812455, 55.7117078 ] ], [ [ 54.0820023, 55.7124866 ], [ 54.0819347, 55.7124933 ], [ 54.0818411, 55.7124897 ], [ 54.0817346, 55.7124645 ], [ 54.0816623, 55.7124261 ], [ 54.0816114, 55.7123728 ], [ 54.0815832, 55.7123105 ], [ 54.0815873, 55.7122609 ] ], [ [ 54.0815873, 55.7122609 ], [ 54.0816236, 55.7122252 ], [ 54.0816797, 55.7121897 ], [ 54.081763, 55.7121622 ], [ 54.0818513, 55.7121503 ], [ 54.0819414, 55.7121458 ], [ 54.0820132, 55.7121544 ], [ 54.0820818, 55.7121825 ] ], [ [ 54.0821277, 55.7122131 ], [ 54.0821652, 55.7122653 ], [ 54.0821845, 55.7123155 ], [ 54.0821793, 55.7123688 ], [ 54.082143, 55.7124193 ], [ 54.0820889, 55.7124589 ], [ 54.0820023, 55.7124866 ] ], [ [ 54.0827281, 55.7124361 ], [ 54.0820023, 55.7124866 ] ], [ [ 54.0820818, 55.7121825 ], [ 54.0821277, 55.7122131 ] ], [ [ 54.0821277, 55.7122131 ], [ 54.0823465, 55.7123309 ], [ 54.0825225, 55.7123941 ], [ 54.0827281, 55.7124361 ] ], [ [ 54.0827281, 55.7124361 ], [ 54.0828328, 55.7124213 ], [ 54.082953, 55.7123919 ], [ 54.0831403, 55.7123197 ], [ 54.0864307, 55.7107611 ], [ 54.0888204, 55.7096319 ], [ 54.0889241, 55.7095814 ], [ 54.0905267, 55.7088007 ], [ 54.0917047, 55.7082226 ], [ 54.1046464, 55.7019273 ], [ 54.1128403, 55.697941 ], [ 54.1129048, 55.6979094 ], [ 54.1288539, 55.6900839 ], [ 54.1341051, 55.6875292 ], [ 54.1420668, 55.683654 ], [ 54.1421186, 55.6836288 ], [ 54.1446242, 55.6824085 ], [ 54.1470435, 55.6812064 ], [ 54.14961, 55.679951 ] ] ] } },
{ "type": "Feature", "properties": { "ref": "16К-1274", "fclass": "tertiary" }, "geometry": { "type": "MultiLineString", "coordinates": [ [ [ 51.1002861, 55.0238262 ], [ 51.1063224, 55.0257068 ], [ 51.1074489, 55.0260757 ], [ 51.1096536, 55.0268208 ], [ 51.1147098, 55.0286103 ], [ 51.1188297, 55.0300801 ], [ 51.1197349, 55.0303724 ], [ 51.1212087, 55.0308077 ], [ 51.1238114, 55.0315597 ], [ 51.1318054, 55.0341061 ], [ 51.135493, 55.0352357 ], [ 51.14016, 55.0367431 ], [ 51.1433202, 55.0377171 ], [ 51.1480937, 55.0391155 ], [ 51.1518568, 55.0402635 ], [ 51.1572473, 55.0418743 ], [ 51.1616946, 55.0431785 ], [ 51.1657021, 55.044517 ], [ 51.1694585, 55.0457925 ], [ 51.173065, 55.0470661 ], [ 51.1746608, 55.0476842 ], [ 51.1756249, 55.0481262 ], [ 51.180277, 55.0503994 ], [ 51.1831791, 55.0517291 ], [ 51.187274, 55.0536212 ], [ 51.1910487, 55.055258 ], [ 51.195926, 55.0573456 ], [ 51.1997595, 55.0589272 ], [ 51.2004576, 55.0592949 ], [ 51.2010381, 55.0595993 ], [ 51.2014688, 55.0597648 ], [ 51.2019455, 55.0598725 ], [ 51.2020702, 55.0598938 ], [ 51.2065637, 55.0606616 ], [ 51.207768, 55.0609963 ], [ 51.2099276, 55.0616616 ], [ 51.2115133, 55.0621319 ], [ 51.2117691, 55.062179 ], [ 51.213951, 55.0624951 ], [ 51.2142143, 55.0625608 ], [ 51.2154728, 55.0629605 ], [ 51.2160846, 55.063169 ], [ 51.2174034, 55.0635474 ], [ 51.2182027, 55.063486 ], [ 51.2186077, 55.0634921 ], [ 51.2190003, 55.0636041 ] ] ] } },
{ "type": "Feature", "properties": { "ref": null, "fclass": "primary" }, "geometry": { "type": "MultiLineString", "coordinates": [ [ [ 49.2068063, 55.7942598 ], [ 49.2072581, 55.7944142 ], [ 49.2080837, 55.7946129 ], [ 49.2099415, 55.7951727 ], [ 49.2112, 55.79552 ], [ 49.2114609, 55.7955282 ] ], [ [ 49.2068063, 55.7942598 ], [ 49.2066385, 55.7945091 ], [ 49.2066338, 55.7945948 ], [ 49.2066452, 55.7946772 ], [ 49.2066841, 55.7947345 ], [ 49.2067661, 55.7948113 ], [ 49.2070192, 55.7948757 ], [ 49.2072391, 55.7949414 ], [ 49.2073591, 55.7949748 ] ], [ [ 49.2134071, 55.7926297 ], [ 49.2125515, 55.7926325 ], [ 49.2120874, 55.7926328 ], [ 49.211627, 55.792633 ], [ 49.2074759, 55.792628 ], [ 49.2071561, 55.792628 ], [ 49.2071452, 55.7930872 ], [ 49.2071345, 55.7935407 ], [ 49.2070931, 55.7936995 ], [ 49.207009, 55.7938975 ], [ 49.2068994, 55.7940899 ], [ 49.2068063, 55.7942598 ] ], [ [ 49.2073591, 55.7949748 ], [ 49.2077619, 55.7950422 ], [ 49.2080106, 55.795106 ], [ 49.2089766, 55.7953646 ], [ 49.210488, 55.7957522 ], [ 49.2110688, 55.7959053 ], [ 49.2115695, 55.7960168 ], [ 49.2124053, 55.7961655 ], [ 49.2129627, 55.7962589 ], [ 49.2134442, 55.7963182 ], [ 49.2138284, 55.7963498 ], [ 49.2144821, 55.7963767 ], [ 49.2150436, 55.7964088 ], [ 49.2188049, 55.7963681 ], [ 49.2210792, 55.796315 ], [ 49.2223416, 55.7962919 ], [ 49.2227648, 55.7962791 ], [ 49.2237282, 55.7962575 ], [ 49.2243277, 55.7962605 ], [ 49.2264454, 55.796256 ], [ 49.2321428, 55.7962266 ], [ 49.2325875, 55.7962221 ], [ 49.2343552, 55.7962499 ], [ 49.2345626, 55.7962531 ], [ 49.2354166, 55.7962661 ], [ 49.2362735, 55.7963107 ], [ 49.236595, 55.7963274 ], [ 49.2379202, 55.79647 ], [ 49.239091, 55.7966015 ], [ 49.240015, 55.796747 ], [ 49.2407434, 55.7968893 ], [ 49.2413075, 55.796996 ], [ 49.2418641, 55.7971394 ], [ 49.2427694, 55.7973809 ], [ 49.2432336, 55.7975122 ], [ 49.2436353, 55.7976274 ], [ 49.2449382, 55.7979936 ], [ 49.2455062, 55.7981573 ], [ 49.24625, 55.7983718 ], [ 49.2467404, 55.7985066 ], [ 49.2475294, 55.7987241 ], [ 49.2480309, 55.7988623 ], [ 49.2484735, 55.7989765 ], [ 49.2488846, 55.7990807 ], [ 49.2500834, 55.7993874 ], [ 49.2515935, 55.7997378 ], [ 49.2520216, 55.7998374 ], [ 49.2538071, 55.8002146 ], [ 49.2544863, 55.800344 ], [ 49.2549128, 55.8004208 ], [ 49.2555268, 55.8005247 ], [ 49.256296, 55.8006444 ], [ 49.2568445, 55.8007224 ], [ 49.2581078, 55.8008957 ], [ 49.2587183, 55.800976 ], [ 49.2597755, 55.8010988 ], [ 49.2605108, 55.8011779 ], [ 49.2620136, 55.8013196 ], [ 49.2630804, 55.8014074 ], [ 49.2635491, 55.8014397 ], [ 49.2650259, 55.8015386 ], [ 49.2658109, 55.8015795 ], [ 49.269303, 55.8016787 ], [ 49.2731693, 55.8017791 ], [ 49.2757573, 55.8018289 ], [ 49.2778172, 55.801861 ], [ 49.2790252, 55.8018832 ], [ 49.2793624, 55.8018894 ], [ 49.283769, 55.802027 ], [ 49.2844551, 55.8020465 ], [ 49.2851089, 55.8020651 ], [ 49.2863522, 55.8020558 ], [ 49.2875476, 55.8020532 ], [ 49.2887836, 55.8020375 ], [ 49.2899011, 55.8019866 ], [ 49.2908151, 55.801905 ], [ 49.292571, 55.8016894 ], [ 49.2963261, 55.8011482 ], [ 49.2990076, 55.800836 ], [ 49.2996799, 55.8007662 ], [ 49.3007746, 55.8006779 ], [ 49.3008505, 55.8006712 ], [ 49.3026813, 55.8005384 ], [ 49.3044052, 55.8004639 ], [ 49.3057174, 55.8004306 ], [ 49.3073643, 55.8004196 ], [ 49.3121057, 55.8004792 ], [ 49.3181952, 55.8005944 ], [ 49.3196117, 55.800572 ], [ 49.3211173, 55.8005454 ], [ 49.3224511, 55.8005023 ], [ 49.3229387, 55.8004855 ], [ 49.323946, 55.8004283 ], [ 49.3258955, 55.8002705 ], [ 49.328191, 55.8000589 ], [ 49.3287552, 55.8000058 ], [ 49.3351743, 55.799469 ] ], [ [ 49.3355708, 55.7995501 ], [ 49.3340855, 55.7996564 ], [ 49.328797, 55.8001514 ], [ 49.3280889, 55.8002117 ], [ 49.32583, 55.8004113 ], [ 49.3238941, 55.8005631 ], [ 49.3237106, 55.8005742 ], [ 49.3227579, 55.8006187 ], [ 49.3217854, 55.8006641 ], [ 49.3194415, 55.8007062 ], [ 49.3177768, 55.8007156 ], [ 49.3134764, 55.8006572 ], [ 49.3122109, 55.8006347 ], [ 49.3110178, 55.800616 ], [ 49.3073577, 55.8005718 ], [ 49.3057916, 55.8005855 ], [ 49.3044257, 55.8006127 ], [ 49.3033177, 55.8006652 ], [ 49.3027108, 55.8006939 ], [ 49.3008524, 55.8008287 ], [ 49.2982902, 55.8010724 ], [ 49.2964111, 55.8012978 ], [ 49.2963735, 55.8013032 ], [ 49.2931799, 55.8017599 ], [ 49.2926347, 55.8018404 ], [ 49.2925493, 55.801853 ], [ 49.291739, 55.8019504 ], [ 49.2908514, 55.8020491 ], [ 49.290044, 55.8021282 ], [ 49.2888272, 55.8021969 ], [ 49.2875403, 55.8022235 ], [ 49.2863503, 55.8022337 ], [ 49.2856421, 55.8022186 ], [ 49.2849779, 55.8022044 ], [ 49.2819341, 55.8021374 ], [ 49.2803831, 55.8020996 ], [ 49.2797457, 55.802078 ], [ 49.2787721, 55.8020492 ], [ 49.2784496, 55.8020396 ], [ 49.2781053, 55.8020326 ], [ 49.2755163, 55.8019829 ], [ 49.2737471, 55.801942 ], [ 49.2737165, 55.8019413 ], [ 49.2723024, 55.8019064 ], [ 49.2715311, 55.8018888 ], [ 49.2695576, 55.8018413 ], [ 49.2677537, 55.8017986 ], [ 49.2675643, 55.8017912 ], [ 49.2658126, 55.8017322 ], [ 49.2651749, 55.8017092 ], [ 49.2645864, 55.8016812 ], [ 49.2630315, 55.801576 ], [ 49.2629142, 55.8015665 ], [ 49.261351, 55.8014396 ], [ 49.2600747, 55.8013077 ], [ 49.2591481, 55.80121 ], [ 49.2573554, 55.8009609 ], [ 49.2566355, 55.8008545 ], [ 49.256331, 55.8008089 ], [ 49.2557542, 55.8007218 ], [ 49.2555716, 55.8006889 ], [ 49.2546332, 55.8005198 ], [ 49.2535494, 55.8003245 ], [ 49.2534533, 55.8003043 ], [ 49.2517075, 55.7999368 ], [ 49.2503388, 55.7996162 ], [ 49.2486819, 55.7991831 ], [ 49.2484326, 55.7991196 ], [ 49.2483676, 55.7991034 ], [ 49.2479369, 55.7989912 ], [ 49.246951, 55.7987179 ], [ 49.2438712, 55.7978485 ], [ 49.2434551, 55.7977326 ], [ 49.2427195, 55.7975338 ], [ 49.2411169, 55.7971116 ], [ 49.2399481, 55.7968862 ], [ 49.2390187, 55.796752 ], [ 49.2376599, 55.796582 ], [ 49.2368823, 55.796505 ], [ 49.2363765, 55.7964608 ], [ 49.2352714, 55.7963974 ], [ 49.2348645, 55.7963857 ], [ 49.2334092, 55.7963712 ], [ 49.2266518, 55.7963693 ], [ 49.2265491, 55.7963693 ], [ 49.2254318, 55.7963826 ], [ 49.2245654, 55.796393 ], [ 49.2236308, 55.7964463 ], [ 49.2224873, 55.7964852 ], [ 49.2222396, 55.7964911 ], [ 49.221917, 55.7965007 ], [ 49.2211849, 55.7965261 ], [ 49.2195168, 55.7965489 ], [ 49.2180394, 55.7965857 ], [ 49.2148521, 55.7965898 ], [ 49.2128112, 55.7964526 ], [ 49.2121719, 55.7963581 ], [ 49.2115612, 55.796239 ], [ 49.2111906, 55.7961535 ], [ 49.2099845, 55.7958751 ], [ 49.2096037, 55.7957739 ], [ 49.208607, 55.7954632 ], [ 49.207888, 55.7952261 ], [ 49.2074228, 55.7950027 ], [ 49.2073591, 55.7949748 ] ], [ [ 49.2117051, 55.7953287 ], [ 49.210605, 55.7951071 ] ], [ [ 49.2114609, 55.7955282 ], [ 49.2122035, 55.7956919 ] ], [ [ 49.2117051, 55.7953287 ], [ 49.2114609, 55.7955282 ] ], [ [ 49.214993, 55.7936444 ], [ 49.2149737, 55.7948012 ], [ 49.212546, 55.7955095 ], [ 49.2117051, 55.7953287 ] ], [ [ 49.2134071, 55.7926297 ], [ 49.2134077, 55.7927577 ], [ 49.2134353, 55.7928962 ] ], [ [ 49.2144216, 55.7925327 ], [ 49.214322, 55.7925692 ], [ 49.2139053, 55.7926215 ], [ 49.2134071, 55.7926297 ] ], [ [ 49.2134353, 55.7928962 ], [ 49.2134465, 55.7936405 ], [ 49.214993, 55.7936444 ] ], [ [ 49.2134353, 55.7928962 ], [ 49.2150207, 55.7928773 ] ], [ [ 49.215013, 55.7927502 ], [ 49.2149399, 55.792674 ], [ 49.2147951, 55.7926092 ], [ 49.2144216, 55.7925327 ] ], [ [ 49.2144216, 55.7925327 ], [ 49.2146133, 55.7924625 ], [ 49.2149046, 55.7922997 ], [ 49.2150081, 55.7921442 ], [ 49.215013, 55.7927502 ] ], [ [ 49.2150207, 55.7928773 ], [ 49.214993, 55.7936444 ] ], [ [ 49.215013, 55.7927502 ], [ 49.2150154, 55.7927756 ], [ 49.2150167, 55.7928006 ], [ 49.2150207, 55.7928773 ] ], [ [ 49.3351743, 55.799469 ], [ 49.3357937, 55.7993767 ], [ 49.3362661, 55.7992522 ], [ 49.3366068, 55.7991191 ], [ 49.3369177, 55.7989685 ], [ 49.3372036, 55.7987416 ], [ 49.3373707, 55.7985389 ], [ 49.3375408, 55.7982985 ], [ 49.337687, 55.7980361 ], [ 49.3379311, 55.7976214 ], [ 49.3381403, 55.7972475 ], [ 49.338261, 55.7970138 ], [ 49.3383791, 55.7967892 ], [ 49.3385078, 55.7965661 ], [ 49.338784, 55.7960428 ], [ 49.3389397, 55.7957337 ], [ 49.3390415, 55.7955392 ], [ 49.3391391, 55.7953095 ], [ 49.3391839, 55.7951044 ], [ 49.3391841, 55.7948157 ], [ 49.3392151, 55.7944383 ] ], [ [ 49.3351743, 55.799469 ], [ 49.3361314, 55.7994121 ], [ 49.3382292, 55.7992499 ], [ 49.3396563, 55.7991758 ] ], [ [ 49.3427942, 55.8024393 ], [ 49.3423377, 55.802049 ], [ 49.3420609, 55.8018361 ], [ 49.3415753, 55.8015713 ], [ 49.3409668, 55.8013162 ], [ 49.3378994, 55.8000319 ], [ 49.3373789, 55.7998328 ], [ 49.3369537, 55.799701 ], [ 49.3364792, 55.7996075 ], [ 49.3360744, 55.7995685 ], [ 49.3355708, 55.7995501 ] ], [ [ 49.3355708, 55.7995501 ], [ 49.338249, 55.7993433 ], [ 49.3401635, 55.7992548 ] ], [ [ 49.3395939, 55.7947776 ], [ 49.3402594, 55.7962762 ], [ 49.3404629, 55.7964664 ], [ 49.3407929, 55.7966737 ], [ 49.3410896, 55.796812 ], [ 49.3415076, 55.7969419 ], [ 49.3419578, 55.7970556 ], [ 49.3426229, 55.7972003 ], [ 49.3430736, 55.7973209 ], [ 49.3435778, 55.797532 ], [ 49.3440284, 55.7978155 ], [ 49.3442504, 55.7980482 ], [ 49.3444864, 55.7982773 ], [ 49.3449726, 55.798702 ], [ 49.3453083, 55.7989221 ], [ 49.345331, 55.7989312 ], [ 49.3456456, 55.7990573 ], [ 49.3459669, 55.7991654 ], [ 49.3463305, 55.7992646 ] ], [ [ 49.3396563, 55.7991758 ], [ 49.3392733, 55.7991395 ], [ 49.3390288, 55.7991007 ], [ 49.3387656, 55.799042 ], [ 49.3385346, 55.79893 ], [ 49.338361, 55.7987747 ], [ 49.3382874, 55.7985981 ], [ 49.3383124, 55.798417 ], [ 49.3384378, 55.7982548 ], [ 49.3386504, 55.7981198 ], [ 49.3389208, 55.7980327 ], [ 49.3392401, 55.7979913 ], [ 49.3395602, 55.7980096 ], [ 49.3398434, 55.7980774 ], [ 49.3400758, 55.798206 ], [ 49.3403022, 55.7983738 ], [ 49.3405277, 55.7985534 ] ], [ [ 49.3396563, 55.7991758 ], [ 49.3401742, 55.7991549 ], [ 49.3416911, 55.7991105 ], [ 49.3422927, 55.7990987 ] ], [ [ 49.3401635, 55.7992548 ], [ 49.3396891, 55.799337 ], [ 49.3392625, 55.7994615 ], [ 49.339029, 55.7996046 ], [ 49.3388955, 55.7997757 ], [ 49.3388918, 55.7999584 ], [ 49.3389913, 55.8001323 ], [ 49.3391839, 55.8002795 ], [ 49.3394312, 55.8003919 ], [ 49.3397736, 55.8004451 ], [ 49.3400678, 55.8004447 ], [ 49.340392, 55.8003778 ], [ 49.3406505, 55.8002539 ], [ 49.3408144, 55.8001011 ], [ 49.3408799, 55.7999101 ], [ 49.3409462, 55.7995028 ] ], [ [ 49.3425667, 55.7991895 ], [ 49.3417394, 55.7992018 ], [ 49.3401635, 55.7992548 ] ], [ [ 49.3410102, 55.7989371 ], [ 49.3409436, 55.7984982 ], [ 49.3409646, 55.798294 ], [ 49.3410314, 55.7980997 ], [ 49.34117, 55.7979365 ], [ 49.3413417, 55.7978226 ], [ 49.3415102, 55.7977216 ], [ 49.3418776, 55.7976078 ], [ 49.3422905, 55.7975659 ], [ 49.3427055, 55.7976003 ], [ 49.3430794, 55.7977074 ], [ 49.3433728, 55.7978759 ], [ 49.3435552, 55.7980883 ], [ 49.3436074, 55.7983223 ], [ 49.343524, 55.7985534 ], [ 49.3433352, 55.7987681 ], [ 49.3430173, 55.7989372 ], [ 49.3426942, 55.7990321 ], [ 49.3422927, 55.7990987 ] ], [ [ 49.3416167, 55.8000909 ], [ 49.3418944, 55.800348 ], [ 49.3421387, 55.8005043 ], [ 49.3424039, 55.8006286 ], [ 49.3426673, 55.8007022 ], [ 49.3429358, 55.8007424 ], [ 49.3431991, 55.8007516 ], [ 49.3434571, 55.8007291 ], [ 49.3437151, 55.8006765 ], [ 49.3439481, 55.800591 ], [ 49.3441439, 55.8004855 ], [ 49.3442766, 55.8003757 ], [ 49.3443846, 55.8002262 ], [ 49.3444282, 55.8001029 ], [ 49.3444248, 55.7999604 ], [ 49.3443701, 55.799812 ], [ 49.3442872, 55.7996845 ], [ 49.3441193, 55.7995549 ], [ 49.3438845, 55.799442 ], [ 49.3435273, 55.7993212 ], [ 49.3431946, 55.7992446 ], [ 49.3425667, 55.7991895 ] ], [ [ 49.3422927, 55.7990987 ], [ 49.3428758, 55.7990906 ], [ 49.3434925, 55.7990968 ], [ 49.3443172, 55.7991331 ], [ 49.3463305, 55.7992646 ] ], [ [ 49.3425667, 55.7991895 ], [ 49.3434526, 55.79918 ], [ 49.3443518, 55.7992249 ], [ 49.3458821, 55.7993289 ], [ 49.3469731, 55.7994071 ] ], [ [ 49.3469731, 55.7994071 ], [ 49.3463639, 55.7994179 ], [ 49.3460144, 55.799468 ], [ 49.3456124, 55.799589 ], [ 49.3453226, 55.7997455 ], [ 49.3450865, 55.7999727 ], [ 49.3448737, 55.8002299 ], [ 49.3446179, 55.8005594 ], [ 49.3438384, 55.8015309 ], [ 49.3436577, 55.8017529 ], [ 49.3434924, 55.8019803 ], [ 49.3434079, 55.8022304 ], [ 49.3433935, 55.8024673 ], [ 49.3435305, 55.8030545 ] ], [ [ 49.3463305, 55.7992646 ], [ 49.3475882, 55.7993687 ], [ 49.3479655, 55.7993954 ], [ 49.3482128, 55.7994129 ], [ 49.3482965, 55.7994195 ] ], [ [ 49.3485043, 55.7995245 ], [ 49.3477421, 55.7994625 ], [ 49.3469731, 55.7994071 ] ] ] } },
{ "type": "Feature", "properties": { "ref": null, "fclass": "primary" }, "geometry": { "type": "MultiLineString", "coordinates": [ [ [ 48.9170116, 55.8468487 ], [ 48.9176347, 55.8467724 ], [ 48.9196954, 55.8464983 ], [ 48.9249653, 55.8458382 ], [ 48.9256484, 55.8457387 ], [ 48.9264132, 55.845585 ], [ 48.9268214, 55.8455181 ], [ 48.9273917, 55.8454246 ], [ 48.9284759, 55.8451598 ], [ 48.9299807, 55.8447457 ], [ 48.9303187, 55.8446809 ], [ 48.9315969, 55.8445211 ], [ 48.9323539, 55.8444162 ], [ 48.9330824, 55.844304 ], [ 48.9337125, 55.8441697 ], [ 48.9369054, 55.8435325 ], [ 48.940727, 55.8427468 ], [ 48.9508355, 55.8406843 ], [ 48.9541386, 55.8399864 ], [ 48.9566311, 55.8395017 ], [ 48.9604694, 55.8386967 ], [ 48.9614177, 55.8384978 ], [ 48.9635863, 55.8380645 ], [ 48.9662828, 55.8375377 ], [ 48.9693665, 55.8369226 ], [ 48.9772832, 55.8353421 ], [ 48.9776842, 55.8352609 ], [ 48.9786372, 55.8350058 ], [ 48.9797366, 55.8346762 ], [ 48.9805233, 55.83438 ], [ 48.9812251, 55.8340734 ], [ 48.9818222, 55.8337433 ] ], [ [ 48.9822444, 55.8337608 ], [ 48.9814099, 55.8341638 ], [ 48.9806512, 55.8344975 ], [ 48.9799104, 55.8347974 ], [ 48.9788376, 55.8351409 ], [ 48.9777557, 55.8353988 ], [ 48.9694616, 55.8370478 ], [ 48.966302, 55.8376893 ], [ 48.964472, 55.8380232 ], [ 48.9640053, 55.838115 ], [ 48.9629161, 55.8383624 ], [ 48.961841, 55.8385909 ], [ 48.9544497, 55.8400702 ], [ 48.9509706, 55.840814 ], [ 48.9348423, 55.8440898 ], [ 48.9332691, 55.8444107 ], [ 48.9316574, 55.8448394 ], [ 48.9307211, 55.8450847 ], [ 48.930274, 55.845206 ], [ 48.9297505, 55.8453033 ], [ 48.9288524, 55.8454131 ], [ 48.9274046, 55.8456007 ], [ 48.9264636, 55.845731 ], [ 48.9253248, 55.845903 ], [ 48.9198528, 55.8466447 ], [ 48.9175955, 55.8469267 ] ], [ [ 48.9818222, 55.8337433 ], [ 48.982865, 55.8331437 ], [ 48.9831571, 55.8329973 ], [ 48.9843421, 55.8324624 ] ], [ [ 48.9843421, 55.8324624 ], [ 48.9831415, 55.8331138 ], [ 48.9828785, 55.8332509 ], [ 48.9818222, 55.8337433 ] ], [ [ 48.9846966, 55.8324507 ], [ 48.9833595, 55.8331344 ], [ 48.9822444, 55.8337608 ] ], [ [ 48.9846966, 55.8324507 ], [ 48.9836586, 55.8330874 ], [ 48.9834049, 55.8332179 ], [ 48.982832, 55.8335038 ], [ 48.9826747, 55.8335724 ], [ 48.9822444, 55.8337608 ] ], [ [ 48.9843421, 55.8324624 ], [ 48.9848681, 55.8322259 ], [ 48.9858842, 55.8317777 ], [ 48.9865136, 55.8315353 ], [ 48.9867306, 55.8314491 ], [ 48.9874417, 55.8312494 ], [ 48.9884486, 55.8310366 ], [ 48.9885109, 55.8310275 ], [ 48.9899164, 55.8308353 ], [ 49.0092111, 55.8286324 ], [ 49.0095976, 55.8285883 ], [ 49.0118946, 55.8283261 ], [ 49.0124406, 55.8282436 ], [ 49.0130187, 55.8281561 ], [ 49.0136201, 55.8280364 ], [ 49.0140618, 55.827943 ], [ 49.014929, 55.8278045 ], [ 49.0155643, 55.8277463 ], [ 49.0158964, 55.8277255 ], [ 49.0168224, 55.8276908 ], [ 49.0173646, 55.8276649 ], [ 49.0177397, 55.8276363 ], [ 49.0186566, 55.8275404 ], [ 49.0200893, 55.8273927 ], [ 49.0203549, 55.8273612 ], [ 49.0210631, 55.8272772 ], [ 49.0217744, 55.8271963 ], [ 49.0228206, 55.8270774 ], [ 49.0230607, 55.82705 ], [ 49.0232872, 55.8270243 ], [ 49.0245276, 55.82687 ], [ 49.0249299, 55.8268208 ], [ 49.0254486, 55.8267594 ], [ 49.0267978, 55.8266061 ], [ 49.0283423, 55.8264397 ], [ 49.0285697, 55.8264164 ], [ 49.0294834, 55.8263152 ], [ 49.0309532, 55.8261422 ], [ 49.0310446, 55.8261327 ], [ 49.0326895, 55.8259613 ], [ 49.032885, 55.8259374 ], [ 49.0334132, 55.8258727 ], [ 49.0336207, 55.8258483 ], [ 49.034252, 55.8257742 ], [ 49.0354443, 55.8256341 ], [ 49.0366849, 55.8254822 ], [ 49.0369467, 55.8254501 ], [ 49.0385203, 55.8252467 ], [ 49.0390693, 55.8251772 ], [ 49.0392575, 55.8251516 ], [ 49.0397651, 55.8250819 ], [ 49.0407245, 55.8249746 ] ], [ [ 49.0427242, 55.8264564 ], [ 49.0426578, 55.826237 ], [ 49.0426276, 55.8258744 ], [ 49.0426161, 55.8257569 ], [ 49.0425883, 55.8256696 ], [ 49.0425554, 55.8254977 ], [ 49.042443, 55.8253492 ], [ 49.0422799, 55.8252317 ], [ 49.0421023, 55.8251509 ], [ 49.0418645, 55.8250867 ], [ 49.0415877, 55.8250541 ], [ 49.04091, 55.8250742 ], [ 49.0397688, 55.8252284 ], [ 49.0385679, 55.8253584 ], [ 49.0378828, 55.8254364 ], [ 49.0372256, 55.8255299 ], [ 49.0370665, 55.8255487 ], [ 49.0355392, 55.8257203 ], [ 49.0334887, 55.8259474 ], [ 49.03291, 55.8260132 ], [ 49.0327225, 55.8260343 ], [ 49.0317159, 55.8261473 ], [ 49.0296012, 55.8263849 ], [ 49.0290324, 55.8264488 ], [ 49.0282378, 55.8265381 ], [ 49.0281658, 55.8265458 ], [ 49.0270782, 55.8266626 ], [ 49.0263579, 55.8267399 ], [ 49.0255623, 55.8268253 ], [ 49.0244775, 55.8269942 ], [ 49.0234952, 55.8271065 ], [ 49.0233395, 55.8271243 ], [ 49.0226003, 55.8271697 ], [ 49.0219123, 55.8272503 ], [ 49.0210806, 55.8273518 ], [ 49.0205975, 55.8274112 ], [ 49.0184014, 55.8276696 ], [ 49.0177624, 55.8277696 ], [ 49.0173637, 55.8278445 ], [ 49.0170041, 55.8279286 ], [ 49.0159185, 55.8281296 ], [ 49.0157148, 55.8281668 ], [ 49.0151328, 55.8282527 ], [ 49.0142669, 55.8283409 ], [ 49.0136736, 55.8283741 ], [ 49.0131397, 55.8283886 ], [ 49.0125101, 55.8283813 ], [ 49.0119746, 55.8284376 ], [ 49.0094458, 55.8287369 ], [ 48.9989159, 55.8299462 ], [ 48.9899755, 55.8309812 ], [ 48.988615, 55.8311558 ], [ 48.9875612, 55.8313623 ], [ 48.9869097, 55.8315445 ], [ 48.9860899, 55.8318479 ], [ 48.9854627, 55.8320968 ], [ 48.9850857, 55.8322725 ], [ 48.9846966, 55.8324507 ] ] ] } },
{ "type": "Feature", "properties": { "ref": "А-295", "fclass": "trunk" }, "geometry": { "type": "MultiLineString", "coordinates": [ [ [ 48.8481701, 55.8590073 ], [ 48.8491878, 55.8588399 ], [ 48.8496097, 55.8587059 ], [ 48.8502508, 55.8584159 ], [ 48.8507577, 55.8581534 ], [ 48.8512155, 55.857867 ], [ 48.8516603, 55.8575348 ], [ 48.8520528, 55.8571934 ], [ 48.8523308, 55.856896 ], [ 48.8526251, 55.8565454 ], [ 48.8528737, 55.8562095 ], [ 48.8531288, 55.8557634 ], [ 48.8533806, 55.8551962 ], [ 48.8535539, 55.8546951 ], [ 48.8536521, 55.8542894 ], [ 48.8536946, 55.8536377 ], [ 48.8536964, 55.8535255 ], [ 48.853705, 55.8529938 ] ], [ [ 48.8557118, 55.8627454 ], [ 48.8555308, 55.8623196 ], [ 48.8552228, 55.8616845 ], [ 48.8550073, 55.8613301 ], [ 48.8547529, 55.8610498 ], [ 48.8543737, 55.8606501 ], [ 48.8540777, 55.8604217 ], [ 48.8537947, 55.8602071 ], [ 48.8534125, 55.8599849 ], [ 48.8530832, 55.8598143 ], [ 48.8527086, 55.8596559 ], [ 48.8522785, 55.8595132 ], [ 48.8517651, 55.8593704 ], [ 48.851268, 55.8592584 ], [ 48.8508184, 55.859193 ], [ 48.8502598, 55.8591375 ], [ 48.8493689, 55.8591199 ], [ 48.848499, 55.8591344 ] ], [ [ 48.8538425, 55.8584283 ], [ 48.8534904, 55.8585519 ], [ 48.8532867, 55.8586334 ], [ 48.8531068, 55.8587344 ], [ 48.8529876, 55.8588438 ], [ 48.8528987, 55.8589801 ], [ 48.8528727, 55.8590908 ], [ 48.8529008, 55.8592051 ], [ 48.8529724, 55.8593317 ], [ 48.8531572, 55.8594431 ], [ 48.8533839, 55.8595132 ], [ 48.853703, 55.8595729 ], [ 48.853999, 55.8595651 ], [ 48.8542812, 55.8595106 ], [ 48.8545124, 55.8594145 ], [ 48.8546882, 55.8593107 ], [ 48.8547853, 55.8592198 ], [ 48.8548501, 55.8590745 ], [ 48.8548902, 55.8588014 ] ], [ [ 48.854658, 55.857574 ], [ 48.854517, 55.8573249 ], [ 48.8543829, 55.8571743 ], [ 48.8542025, 55.8570471 ], [ 48.8539713, 55.8569537 ], [ 48.8537123, 55.8569173 ], [ 48.8533931, 55.8569251 ], [ 48.8531757, 55.856964 ], [ 48.8528918, 55.857022 ], [ 48.8527011, 55.8570999 ], [ 48.852493, 55.8572179 ], [ 48.8523369, 55.8573481 ], [ 48.8522437, 55.8574478 ], [ 48.852157, 55.8575938 ], [ 48.8521288, 55.8577033 ], [ 48.8521332, 55.8578018 ], [ 48.8521743, 55.8579198 ], [ 48.852261, 55.8580159 ], [ 48.8523564, 55.8580877 ], [ 48.8524886, 55.8581522 ], [ 48.852675, 55.8582142 ], [ 48.8529677, 55.8582702 ], [ 48.8532798, 55.8582824 ], [ 48.8539781, 55.8582279 ] ], [ [ 48.8541892, 55.8538952 ], [ 48.8544593, 55.8544491 ], [ 48.8546003, 55.8547107 ], [ 48.8548977, 55.8551649 ], [ 48.8552011, 55.8555469 ], [ 48.855641, 55.8559231 ], [ 48.856122, 55.8562554 ], [ 48.8566446, 55.8565253 ], [ 48.8570933, 55.8566941 ], [ 48.857676, 55.8568576 ], [ 48.8583559, 55.8569822 ], [ 48.8591283, 55.8570809 ], [ 48.8596417, 55.8570964 ], [ 48.8601644, 55.8570653 ], [ 48.860458, 55.8570351 ], [ 48.8613101, 55.856959 ] ], [ [ 48.8613101, 55.856959 ], [ 48.8601998, 55.8571838 ], [ 48.858799, 55.85745 ], [ 48.8559675, 55.8579247 ], [ 48.8566254, 55.8577374 ], [ 48.8567815, 55.857662 ], [ 48.8569137, 55.8575732 ], [ 48.8570069, 55.8574686 ], [ 48.8570481, 55.8573384 ], [ 48.8570329, 55.857235 ], [ 48.8569722, 55.8571012 ], [ 48.8568595, 55.8569856 ], [ 48.8566861, 55.8568871 ], [ 48.8564607, 55.8568092 ], [ 48.8561977, 55.8567669 ], [ 48.8559147, 55.8567652 ], [ 48.8556616, 55.8568069 ], [ 48.8554525, 55.8568764 ], [ 48.8552571, 55.856964 ], [ 48.8550998, 55.8570731 ], [ 48.8549981, 55.8572158 ], [ 48.8549318, 55.8575513 ] ], [ [ 48.8551621, 55.8586851 ], [ 48.8553264, 55.8589317 ], [ 48.8555011, 55.859098 ], [ 48.8556381, 55.8592076 ], [ 48.8558352, 55.8592951 ], [ 48.8561914, 55.8593626 ], [ 48.856529, 55.859373 ], [ 48.8568528, 55.8593185 ], [ 48.8572312, 55.8591894 ], [ 48.8574133, 55.8590653 ], [ 48.8575177, 55.8589314 ], [ 48.8575603, 55.8587964 ], [ 48.857559, 55.8586952 ], [ 48.857521, 55.8585604 ], [ 48.8574249, 55.8584349 ], [ 48.8572813, 55.8583332 ], [ 48.857147, 55.8582509 ], [ 48.856959, 55.8581656 ], [ 48.8567076, 55.858107 ], [ 48.8564098, 55.8580906 ], [ 48.8558825, 55.8581107 ], [ 48.8588623, 55.8576075 ], [ 48.8603603, 55.8573231 ], [ 48.8626481, 55.8568446 ] ], [ [ 48.8626481, 55.8568446 ], [ 48.8618896, 55.857099 ], [ 48.8611965, 55.8573438 ], [ 48.8606508, 55.8575674 ], [ 48.8601634, 55.8577945 ], [ 48.8597986, 55.8579975 ], [ 48.8592682, 55.8583215 ], [ 48.859097, 55.858426 ], [ 48.8584594, 55.8588458 ], [ 48.8574386, 55.8595082 ], [ 48.856519, 55.860124 ], [ 48.8562286, 55.8603637 ], [ 48.8560434, 55.8605781 ], [ 48.8559462, 55.8607409 ], [ 48.8558537, 55.8610291 ], [ 48.8558028, 55.8612627 ], [ 48.8557652, 55.8617232 ] ], [ [ 48.8613101, 55.856959 ], [ 48.8641908, 55.8563222 ], [ 48.8660217, 55.8559207 ], [ 48.8667671, 55.8557525 ], [ 48.8722233, 55.8545615 ], [ 48.8729809, 55.8543887 ], [ 48.8768434, 55.853557 ], [ 48.8825048, 55.8522949 ], [ 48.8867097, 55.8513826 ], [ 48.8906434, 55.8505213 ], [ 48.8921972, 55.8502074 ], [ 48.8929265, 55.8500674 ], [ 48.8934915, 55.8499615 ], [ 48.8944119, 55.8498112 ], [ 48.8968494, 55.8494731 ], [ 48.9071922, 55.848133 ], [ 48.9118562, 55.8475134 ], [ 48.9142436, 55.8471858 ], [ 48.9170116, 55.8468487 ] ], [ [ 48.9175955, 55.8469267 ], [ 48.9163017, 55.8470953 ], [ 48.9146188, 55.8473069 ], [ 48.9062107, 55.8483766 ], [ 48.8990395, 55.849333 ], [ 48.8974141, 55.8495379 ], [ 48.8952636, 55.8498351 ], [ 48.894908, 55.8498908 ], [ 48.8930807, 55.8502172 ], [ 48.8912091, 55.850586 ], [ 48.889102, 55.8510442 ], [ 48.8881711, 55.8512379 ], [ 48.8863492, 55.8516343 ], [ 48.8813387, 55.8527148 ], [ 48.8768147, 55.8536938 ], [ 48.8742799, 55.8542308 ], [ 48.8673621, 55.8557693 ], [ 48.8668823, 55.8558825 ], [ 48.8662266, 55.8560372 ], [ 48.865327, 55.8562344 ], [ 48.8626481, 55.8568446 ] ] ] } },
{ "type": "Feature", "properties": { "ref": "А-295", "fclass": "trunk" }, "geometry": { "type": "MultiLineString", "coordinates": [ [ [ 48.8481701, 55.8590073 ], [ 48.8491878, 55.8588399 ], [ 48.8496097, 55.8587059 ], [ 48.8502508, 55.8584159 ], [ 48.8507577, 55.8581534 ], [ 48.8512155, 55.857867 ], [ 48.8516603, 55.8575348 ], [ 48.8520528, 55.8571934 ], [ 48.8523308, 55.856896 ], [ 48.8526251, 55.8565454 ], [ 48.8528737, 55.8562095 ], [ 48.8531288, 55.8557634 ], [ 48.8533806, 55.8551962 ], [ 48.8535539, 55.8546951 ], [ 48.8536521, 55.8542894 ], [ 48.8536946, 55.8536377 ], [ 48.8536964, 55.8535255 ], [ 48.853705, 55.8529938 ] ], [ [ 48.8557118, 55.8627454 ], [ 48.8555308, 55.8623196 ], [ 48.8552228, 55.8616845 ], [ 48.8550073, 55.8613301 ], [ 48.8547529, 55.8610498 ], [ 48.8543737, 55.8606501 ], [ 48.8540777, 55.8604217 ], [ 48.8537947, 55.8602071 ], [ 48.8534125, 55.8599849 ], [ 48.8530832, 55.8598143 ], [ 48.8527086, 55.8596559 ], [ 48.8522785, 55.8595132 ], [ 48.8517651, 55.8593704 ], [ 48.851268, 55.8592584 ], [ 48.8508184, 55.859193 ], [ 48.8502598, 55.8591375 ], [ 48.8493689, 55.8591199 ], [ 48.848499, 55.8591344 ] ], [ [ 48.8538425, 55.8584283 ], [ 48.8534904, 55.8585519 ], [ 48.8532867, 55.8586334 ], [ 48.8531068, 55.8587344 ], [ 48.8529876, 55.8588438 ], [ 48.8528987, 55.8589801 ], [ 48.8528727, 55.8590908 ], [ 48.8529008, 55.8592051 ], [ 48.8529724, 55.8593317 ], [ 48.8531572, 55.8594431 ], [ 48.8533839, 55.8595132 ], [ 48.853703, 55.8595729 ], [ 48.853999, 55.8595651 ], [ 48.8542812, 55.8595106 ], [ 48.8545124, 55.8594145 ], [ 48.8546882, 55.8593107 ], [ 48.8547853, 55.8592198 ], [ 48.8548501, 55.8590745 ], [ 48.8548902, 55.8588014 ] ], [ [ 48.854658, 55.857574 ], [ 48.854517, 55.8573249 ], [ 48.8543829, 55.8571743 ], [ 48.8542025, 55.8570471 ], [ 48.8539713, 55.8569537 ], [ 48.8537123, 55.8569173 ], [ 48.8533931, 55.8569251 ], [ 48.8531757, 55.856964 ], [ 48.8528918, 55.857022 ], [ 48.8527011, 55.8570999 ], [ 48.852493, 55.8572179 ], [ 48.8523369, 55.8573481 ], [ 48.8522437, 55.8574478 ], [ 48.852157, 55.8575938 ], [ 48.8521288, 55.8577033 ], [ 48.8521332, 55.8578018 ], [ 48.8521743, 55.8579198 ], [ 48.852261, 55.8580159 ], [ 48.8523564, 55.8580877 ], [ 48.8524886, 55.8581522 ], [ 48.852675, 55.8582142 ], [ 48.8529677, 55.8582702 ], [ 48.8532798, 55.8582824 ], [ 48.8539781, 55.8582279 ] ], [ [ 48.8541892, 55.8538952 ], [ 48.8544593, 55.8544491 ], [ 48.8546003, 55.8547107 ], [ 48.8548977, 55.8551649 ], [ 48.8552011, 55.8555469 ], [ 48.855641, 55.8559231 ], [ 48.856122, 55.8562554 ], [ 48.8566446, 55.8565253 ], [ 48.8570933, 55.8566941 ], [ 48.857676, 55.8568576 ], [ 48.8583559, 55.8569822 ], [ 48.8591283, 55.8570809 ], [ 48.8596417, 55.8570964 ], [ 48.8601644, 55.8570653 ], [ 48.860458, 55.8570351 ], [ 48.8613101, 55.856959 ] ], [ [ 48.8613101, 55.856959 ], [ 48.8601998, 55.8571838 ], [ 48.858799, 55.85745 ], [ 48.8559675, 55.8579247 ], [ 48.8566254, 55.8577374 ], [ 48.8567815, 55.857662 ], [ 48.8569137, 55.8575732 ], [ 48.8570069, 55.8574686 ], [ 48.8570481, 55.8573384 ], [ 48.8570329, 55.857235 ], [ 48.8569722, 55.8571012 ], [ 48.8568595, 55.8569856 ], [ 48.8566861, 55.8568871 ], [ 48.8564607, 55.8568092 ], [ 48.8561977, 55.8567669 ], [ 48.8559147, 55.8567652 ], [ 48.8556616, 55.8568069 ], [ 48.8554525, 55.8568764 ], [ 48.8552571, 55.856964 ], [ 48.8550998, 55.8570731 ], [ 48.8549981, 55.8572158 ], [ 48.8549318, 55.8575513 ] ], [ [ 48.8551621, 55.8586851 ], [ 48.8553264, 55.8589317 ], [ 48.8555011, 55.859098 ], [ 48.8556381, 55.8592076 ], [ 48.8558352, 55.8592951 ], [ 48.8561914, 55.8593626 ], [ 48.856529, 55.859373 ], [ 48.8568528, 55.8593185 ], [ 48.8572312, 55.8591894 ], [ 48.8574133, 55.8590653 ], [ 48.8575177, 55.8589314 ], [ 48.8575603, 55.8587964 ], [ 48.857559, 55.8586952 ], [ 48.857521, 55.8585604 ], [ 48.8574249, 55.8584349 ], [ 48.8572813, 55.8583332 ], [ 48.857147, 55.8582509 ], [ 48.856959, 55.8581656 ], [ 48.8567076, 55.858107 ], [ 48.8564098, 55.8580906 ], [ 48.8558825, 55.8581107 ], [ 48.8588623, 55.8576075 ], [ 48.8603603, 55.8573231 ], [ 48.8626481, 55.8568446 ] ], [ [ 48.8626481, 55.8568446 ], [ 48.8618896, 55.857099 ], [ 48.8611965, 55.8573438 ], [ 48.8606508, 55.8575674 ], [ 48.8601634, 55.8577945 ], [ 48.8597986, 55.8579975 ], [ 48.8592682, 55.8583215 ], [ 48.859097, 55.858426 ], [ 48.8584594, 55.8588458 ], [ 48.8574386, 55.8595082 ], [ 48.856519, 55.860124 ], [ 48.8562286, 55.8603637 ], [ 48.8560434, 55.8605781 ], [ 48.8559462, 55.8607409 ], [ 48.8558537, 55.8610291 ], [ 48.8558028, 55.8612627 ], [ 48.8557652, 55.8617232 ] ], [ [ 48.8613101, 55.856959 ], [ 48.8641908, 55.8563222 ], [ 48.8660217, 55.8559207 ], [ 48.8667671, 55.8557525 ], [ 48.8722233, 55.8545615 ], [ 48.8729809, 55.8543887 ], [ 48.8768434, 55.853557 ], [ 48.8825048, 55.8522949 ], [ 48.8867097, 55.8513826 ], [ 48.8906434, 55.8505213 ], [ 48.8921972, 55.8502074 ], [ 48.8929265, 55.8500674 ], [ 48.8934915, 55.8499615 ], [ 48.8944119, 55.8498112 ], [ 48.8968494, 55.8494731 ], [ 48.9071922, 55.848133 ], [ 48.9118562, 55.8475134 ], [ 48.9142436, 55.8471858 ], [ 48.9170116, 55.8468487 ] ], [ [ 48.9175955, 55.8469267 ], [ 48.9163017, 55.8470953 ], [ 48.9146188, 55.8473069 ], [ 48.9062107, 55.8483766 ], [ 48.8990395, 55.849333 ], [ 48.8974141, 55.8495379 ], [ 48.8952636, 55.8498351 ], [ 48.894908, 55.8498908 ], [ 48.8930807, 55.8502172 ], [ 48.8912091, 55.850586 ], [ 48.889102, 55.8510442 ], [ 48.8881711, 55.8512379 ], [ 48.8863492, 55.8516343 ], [ 48.8813387, 55.8527148 ], [ 48.8768147, 55.8536938 ], [ 48.8742799, 55.8542308 ], [ 48.8673621, 55.8557693 ], [ 48.8668823, 55.8558825 ], [ 48.8662266, 55.8560372 ], [ 48.865327, 55.8562344 ], [ 48.8626481, 55.8568446 ] ], [ [ 49.0363018, 55.8312974 ], [ 49.0362145, 55.8314162 ], [ 49.0355833, 55.8322748 ], [ 49.0352578, 55.83272 ], [ 49.0351637, 55.8328457 ], [ 49.0314429, 55.8319994 ], [ 49.0314487, 55.8318351 ], [ 49.0308205, 55.8316723 ], [ 49.0305528, 55.831594 ], [ 49.0303463, 55.831881 ] ], [ [ 49.0363018, 55.8312974 ], [ 49.0401562, 55.8322074 ], [ 49.0406289, 55.832317 ], [ 49.040701, 55.8323337 ], [ 49.0415734, 55.8325361 ] ], [ [ 49.0424542, 55.8295726 ], [ 49.0422186, 55.8295925 ], [ 49.0416112, 55.8294503 ], [ 49.0385861, 55.8287484 ], [ 49.038287, 55.8286781 ], [ 49.0376701, 55.8295068 ], [ 49.0372371, 55.8300438 ], [ 49.0371513, 55.8301688 ], [ 49.0370049, 55.8303508 ], [ 49.0369436, 55.8304324 ], [ 49.0366642, 55.8308043 ], [ 49.0363018, 55.8312974 ] ], [ [ 49.0407245, 55.8249746 ], [ 49.0421268, 55.8245973 ], [ 49.0423129, 55.8245424 ], [ 49.0425682, 55.8244799 ], [ 49.0427878, 55.8244501 ], [ 49.042988, 55.8244504 ], [ 49.0431779, 55.8244755 ], [ 49.0433012, 55.8245313 ], [ 49.0433892, 55.8246262 ], [ 49.0434096, 55.8246923 ], [ 49.0433999, 55.8247618 ], [ 49.0433536, 55.8248431 ], [ 49.0432805, 55.824964 ], [ 49.0429573, 55.8253891 ], [ 49.0429244, 55.825581 ], [ 49.0429204, 55.8256696 ], [ 49.0429213, 55.8257766 ], [ 49.0429246, 55.8258902 ], [ 49.0429275, 55.8261729 ], [ 49.0429572, 55.8262782 ], [ 49.0429738, 55.8265914 ], [ 49.0429712, 55.8266715 ], [ 49.0429594, 55.8267074 ], [ 49.0428917, 55.8268106 ], [ 49.0428836, 55.8268373 ], [ 49.0428796, 55.8269003 ] ], [ [ 49.0415734, 55.8325361 ], [ 49.0417616, 55.832581 ], [ 49.0434231, 55.832977 ], [ 49.0438183, 55.8330712 ], [ 49.0452166, 55.8334046 ], [ 49.0455465, 55.8334832 ], [ 49.0458494, 55.8335554 ], [ 49.0472064, 55.8338789 ], [ 49.0472737, 55.8338953 ], [ 49.0476485, 55.8339866 ], [ 49.0482385, 55.8341304 ], [ 49.0486953, 55.8342417 ], [ 49.0489889, 55.8343133 ], [ 49.0499872, 55.8345566 ], [ 49.0502734, 55.8346264 ] ], [ [ 49.0415734, 55.8325361 ], [ 49.0416554, 55.8324228 ], [ 49.0422845, 55.8315531 ], [ 49.0423183, 55.8315064 ], [ 49.0424864, 55.8312739 ], [ 49.0428668, 55.830748 ], [ 49.0435294, 55.8298319 ], [ 49.0424542, 55.8295726 ] ], [ [ 49.0433133, 55.828062 ], [ 49.0431576, 55.8281098 ], [ 49.0430536, 55.8281621 ], [ 49.042984, 55.8282719 ], [ 49.0427945, 55.8287883 ], [ 49.0427508, 55.828871 ], [ 49.0427105, 55.8289968 ], [ 49.0426929, 55.8290517 ], [ 49.0425876, 55.8293803 ], [ 49.0424542, 55.8295726 ] ], [ [ 49.0427242, 55.8264564 ], [ 49.0427471, 55.8266737 ], [ 49.0427684, 55.8267121 ], [ 49.0428435, 55.8267848 ], [ 49.0428578, 55.8268165 ], [ 49.0428796, 55.8269003 ] ], [ [ 49.0428796, 55.8269003 ], [ 49.0428916, 55.827248 ], [ 49.0429129, 55.827399 ], [ 49.0429534, 55.8276644 ], [ 49.0429992, 55.8278263 ], [ 49.0433133, 55.828062 ] ], [ [ 49.0433133, 55.828062 ], [ 49.0434166, 55.8281395 ], [ 49.0440203, 55.8284155 ], [ 49.0443691, 55.8285749 ], [ 49.0452776, 55.8289901 ], [ 49.0454526, 55.8290701 ], [ 49.0455038, 55.8290935 ], [ 49.0456674, 55.8291683 ], [ 49.0466546, 55.8296196 ], [ 49.0468675, 55.8297138 ], [ 49.0469586, 55.8297585 ], [ 49.0477837, 55.8301357 ], [ 49.0485796, 55.8304995 ], [ 49.0495495, 55.8309454 ], [ 49.049815, 55.8310603 ], [ 49.0502215, 55.8311871 ], [ 49.0502357, 55.8311907 ], [ 49.0503079, 55.8312088 ], [ 49.0509151, 55.8313598 ], [ 49.0513297, 55.831465 ], [ 49.0520195, 55.8316394 ], [ 49.0521514, 55.8316727 ], [ 49.052298, 55.8317097 ] ], [ [ 49.050499, 55.8346952 ], [ 49.0493565, 55.8363424 ], [ 49.0493429, 55.8363606 ], [ 49.0489828, 55.836843 ], [ 49.0483854, 55.8376439 ], [ 49.0483237, 55.8377277 ], [ 49.0477156, 55.8385537 ] ], [ [ 49.0502734, 55.8346264 ], [ 49.050499, 55.8346952 ] ], [ [ 49.0507604, 55.8339442 ], [ 49.0507309, 55.8339855 ], [ 49.0505307, 55.8342659 ], [ 49.0502734, 55.8346264 ] ], [ [ 49.050499, 55.8346952 ], [ 49.0520165, 55.835053 ] ], [ [ 49.0517436, 55.8341669 ], [ 49.0507604, 55.8339442 ] ], [ [ 49.052298, 55.8317097 ], [ 49.0522443, 55.8317881 ], [ 49.0521906, 55.8318665 ], [ 49.05216, 55.8319112 ], [ 49.052112, 55.8319814 ], [ 49.0517459, 55.8325101 ], [ 49.0516248, 55.8326837 ], [ 49.0516122, 55.8327018 ], [ 49.0513116, 55.8331431 ], [ 49.0513007, 55.833159 ], [ 49.0511655, 55.8333575 ], [ 49.0511436, 55.8333908 ], [ 49.0511176, 55.8334302 ], [ 49.0510782, 55.8334792 ], [ 49.0509129, 55.8337098 ], [ 49.0507604, 55.8339442 ] ], [ [ 49.0523565, 55.8345661 ], [ 49.0515827, 55.8343921 ], [ 49.0517436, 55.8341669 ] ], [ [ 49.0517436, 55.8341669 ], [ 49.051926, 55.8339372 ], [ 49.0522908, 55.8339379 ], [ 49.0526488, 55.8340223 ], [ 49.0526971, 55.8341202 ], [ 49.0523565, 55.8345661 ] ], [ [ 49.0520165, 55.835053 ], [ 49.0531956, 55.8353311 ], [ 49.0568383, 55.8362487 ], [ 49.0563409, 55.8369036 ], [ 49.0562671, 55.836964 ], [ 49.0561759, 55.8369442 ], [ 49.0558031, 55.8368631 ] ], [ [ 49.0520165, 55.835053 ], [ 49.0523565, 55.8345661 ] ], [ [ 49.052298, 55.8317097 ], [ 49.0524957, 55.8317598 ], [ 49.0525554, 55.8317749 ], [ 49.0527278, 55.8318186 ], [ 49.0535352, 55.8320232 ] ], [ [ 49.0569503, 55.8287149 ], [ 49.0568926, 55.8287365 ], [ 49.0564407, 55.828906 ], [ 49.0563555, 55.8289379 ], [ 49.0562704, 55.8289699 ], [ 49.0561044, 55.8290348 ], [ 49.0559846, 55.829077 ], [ 49.0557675, 55.8291584 ], [ 49.0556416, 55.8292059 ], [ 49.0545227, 55.8296251 ], [ 49.054342, 55.8296942 ], [ 49.0539928, 55.8298389 ], [ 49.0537895, 55.8299302 ], [ 49.053481, 55.8300811 ], [ 49.053401, 55.830129 ], [ 49.0533009, 55.8302141 ], [ 49.0530342, 55.8305765 ], [ 49.0529116, 55.8307701 ], [ 49.0528814, 55.8308167 ], [ 49.052662, 55.8311551 ], [ 49.0524581, 55.8314678 ], [ 49.052414, 55.8315329 ], [ 49.0523699, 55.831598 ], [ 49.052334, 55.8316539 ], [ 49.052298, 55.8317097 ] ] ] } },
{ "type": "Feature", "properties": { "ref": null, "fclass": "service" }, "geometry": { "type": "MultiLineString", "coordinates": [ [ [ 49.2630091, 55.633464 ], [ 49.2592457, 55.6329642 ], [ 49.2561649, 55.6325929 ], [ 49.2545068, 55.6323701 ], [ 49.2502404, 55.6317972 ], [ 49.2489928, 55.63162 ], [ 49.2478237, 55.6314568 ] ], [ [ 49.2899571, 55.6190158 ], [ 49.2889353, 55.6195268 ], [ 49.2884572, 55.6197749 ], [ 49.2881221, 55.6199775 ], [ 49.2877639, 55.6202303 ], [ 49.287377, 55.6205673 ], [ 49.2870974, 55.6208286 ], [ 49.2866647, 55.6212987 ], [ 49.286057, 55.6220254 ], [ 49.2834706, 55.6253397 ], [ 49.2832171, 55.6256476 ], [ 49.281345, 55.6280202 ], [ 49.2787545, 55.6313061 ], [ 49.2784591, 55.6316718 ], [ 49.27811, 55.6320601 ], [ 49.2776632, 55.6324573 ], [ 49.2772678, 55.6327505 ], [ 49.2767964, 55.6330478 ], [ 49.2762314, 55.6333376 ], [ 49.2755802, 55.6336344 ], [ 49.2750438, 55.6338224 ], [ 49.2744809, 55.6339966 ], [ 49.2739061, 55.6341429 ], [ 49.2733249, 55.6342494 ], [ 49.2728334, 55.6343186 ], [ 49.2722493, 55.6343751 ], [ 49.2716426, 55.634403 ], [ 49.2709716, 55.6344096 ], [ 49.2704415, 55.6343978 ], [ 49.2698032, 55.6343494 ], [ 49.2689164, 55.6342463 ], [ 49.2630091, 55.633464 ] ], [ [ 49.2630091, 55.633464 ], [ 49.2632053, 55.6333899 ], [ 49.2701656, 55.627483 ], [ 49.27075, 55.62704 ], [ 49.2711467, 55.6268048 ], [ 49.2723021, 55.6262087 ], [ 49.277856, 55.6226164 ] ] ] } },
{ "type": "Feature", "properties": { "ref": "16К-1699", "fclass": "tertiary" }, "geometry": { "type": "MultiLineString", "coordinates": [ [ [ 50.7093231, 55.3595045 ], [ 50.7018741, 55.3619269 ], [ 50.6959993, 55.3638299 ], [ 50.6956036, 55.3639581 ], [ 50.6946397, 55.3642837 ], [ 50.6920162, 55.3651384 ] ], [ [ 50.7093231, 55.3595045 ], [ 50.7075473, 55.3582877 ], [ 50.7071517, 55.3580167 ], [ 50.7049755, 55.3565254 ], [ 50.7045424, 55.3562287 ], [ 50.7030174, 55.3551615 ], [ 50.7029504, 55.3550777 ], [ 50.7029504, 55.3549892 ], [ 50.7032215, 55.3546486 ], [ 50.7051835, 55.3522189 ], [ 50.7080895, 55.3484495 ], [ 50.7082075, 55.3483466 ], [ 50.7085562, 55.3481605 ], [ 50.7098195, 55.3476069 ], [ 50.7123756, 55.3493554 ], [ 50.7127427, 55.3520722 ], [ 50.7127357, 55.3521566 ], [ 50.7126772, 55.3522508 ], [ 50.7125708, 55.3523294 ], [ 50.7085079, 55.3543252 ] ], [ [ 50.738518, 55.3484324 ], [ 50.7265286, 55.3534942 ], [ 50.7220759, 55.355357 ], [ 50.7093231, 55.3595045 ] ] ] } },
{ "type": "Feature", "properties": { "ref": null, "fclass": "unclassified" }, "geometry": { "type": "MultiLineString", "coordinates": [ [ [ 51.3752152, 55.6622415 ], [ 51.3782477, 55.6634696 ], [ 51.3805955, 55.6616112 ], [ 51.3903682, 55.6655956 ], [ 51.3913807, 55.6659754 ], [ 51.3921625, 55.6662232 ], [ 51.393002, 55.6664536 ], [ 51.3939422, 55.6666607 ], [ 51.3957113, 55.6669694 ], [ 51.400209, 55.667721 ], [ 51.4003849, 55.6677491 ], [ 51.4006592, 55.6677902 ], [ 51.4032065, 55.6682046 ] ] ] } },
{ "type": "Feature", "properties": { "ref": null, "fclass": "secondary" }, "geometry": { "type": "MultiLineString", "coordinates": [ [ [ 49.6815986, 55.8320404 ], [ 49.6832997, 55.8326096 ], [ 49.6844512, 55.8330657 ], [ 49.6893704, 55.8351867 ], [ 49.693855, 55.8367411 ], [ 49.6973526, 55.8376026 ], [ 49.7014832, 55.8382051 ], [ 49.704541, 55.8384762 ], [ 49.7073412, 55.8385907 ], [ 49.7093689, 55.8386148 ], [ 49.7114932, 55.8385304 ], [ 49.7136176, 55.8383918 ], [ 49.7162461, 55.8380846 ], [ 49.7171746, 55.837942 ], [ 49.7187567, 55.837699 ], [ 49.7229302, 55.8368315 ], [ 49.7253282, 55.8362637 ], [ 49.7412501, 55.8325228 ] ] ] } },
{ "type": "Feature", "properties": { "ref": "16К-1332", "fclass": "secondary" }, "geometry": { "type": "MultiLineString", "coordinates": [ [ [ 49.7412501, 55.8325228 ], [ 49.7442922, 55.8318259 ], [ 49.7456692, 55.8315019 ] ] ] } },
{ "type": "Feature", "properties": { "ref": null, "fclass": "trunk" }, "geometry": { "type": "MultiLineString", "coordinates": [ [ [ 51.7919111, 55.5262804 ], [ 51.7914551, 55.5264535 ] ] ] } },
{ "type": "Feature", "properties": { "ref": null, "fclass": "trunk" }, "geometry": { "type": "MultiLineString", "coordinates": [ [ [ 51.7913916, 55.5263445 ], [ 51.7918467, 55.5261681 ] ] ] } },
{ "type": "Feature", "properties": { "ref": "М-12", "fclass": "trunk" }, "geometry": { "type": "MultiLineString", "coordinates": [ [ [ 51.7737418, 55.5389008 ], [ 51.7753428, 55.5369439 ], [ 51.7763938, 55.5356899 ], [ 51.7776203, 55.5345507 ], [ 51.7789185, 55.5334639 ], [ 51.780163, 55.5324196 ], [ 51.7816677, 55.5313661 ], [ 51.7834729, 55.5301972 ], [ 51.7855111, 55.5290122 ], [ 51.7881238, 55.5277439 ], [ 51.7901033, 55.5268755 ], [ 51.7913916, 55.5263445 ] ], [ [ 51.8759133, 55.5204125 ], [ 51.8670773, 55.5206262 ], [ 51.8576735, 55.5208449 ], [ 51.8409741, 55.5212579 ], [ 51.8364469, 55.5213561 ], [ 51.832155, 55.5214492 ], [ 51.8259573, 55.5215902 ], [ 51.8222791, 55.5216739 ], [ 51.8164158, 55.5218045 ], [ 51.8145758, 55.5218622 ], [ 51.8133742, 55.5219229 ], [ 51.8117112, 55.5220444 ], [ 51.8097371, 55.5222144 ], [ 51.806792, 55.5225576 ], [ 51.8058854, 55.5227125 ], [ 51.8049735, 55.5228673 ], [ 51.8039381, 55.5230951 ], [ 51.8021357, 55.5235597 ], [ 51.8008321, 55.5238907 ], [ 51.8000761, 55.5240714 ], [ 51.7993838, 55.5242369 ], [ 51.7967927, 55.5247834 ], [ 51.7957467, 55.5250203 ], [ 51.7948723, 55.525245 ], [ 51.7941856, 55.5254515 ], [ 51.7933649, 55.5257338 ], [ 51.7919111, 55.5262804 ] ] ] } }
]
}
