{
"type": "FeatureCollection",
"name": "zem_uchastki",
"crs": { "type": "name", "properties": { "name": "urn:ogc:def:crs:EPSG::3857" } },
"features": [
{ "type": "Feature", "properties": { "type_zone": "Объект", "name_by_doc": "Под размещение аэропорта", "descr": "16:24:150301:132" }, "geometry": { "type": "MultiPolygon", "coordinates": [ [ [ [ 5485316.291084534488618, 7485657.140135906636715 ], [ 5484536.191561698913574, 7485621.565256988629699 ], [ 5484461.557339777238667, 7485449.831831940449774 ], [ 5484469.351502751931548, 7485087.602117544040084 ], [ 5484704.794267619028687, 7484733.648242739029229 ], [ 5484771.065283421427011, 7484733.421851792372763 ], [ 5484783.900813613086939, 7484548.270641972310841 ], [ 5484798.07231158670038, 7484532.283134664408863 ], [ 5484965.66878323815763, 7484535.993296553380787 ], [ 5484991.531063812784851, 7484553.791251011192799 ], [ 5485362.004043874330819, 7484572.871153111569583 ], [ 5485316.291084534488618, 7485657.140135906636715 ] ] ] ] } },
{ "type": "Feature", "properties": { "type_zone": "Объект", "name_by_doc": "для размещения промышленного предприятия", "descr": "16:20:080802:75" }, "geometry": { "type": "MultiPolygon", "coordinates": [ [ [ [ 5451080.40394564345479, 7538011.21738572139293 ], [ 5451079.787151721306145, 7538004.868492815643549 ], [ 5451067.909278859384358, 7537883.009944307617843 ], [ 5451209.818533974699676, 7537864.473821541294456 ], [ 5451223.400151530280709, 7537993.591185505501926 ], [ 5451080.40394564345479, 7538011.21738572139293 ] ] ] ] } },
{ "type": "Feature", "properties": { "type_zone": "Объект", "name_by_doc": "для строительства производственных объектов", "descr": "16:42:201103:369" }, "geometry": { "type": "MultiPolygon", "coordinates": [ [ [ [ 5644452.124401042237878, 7431286.304340669885278 ], [ 5644305.615634730085731, 7431112.02641137689352 ], [ 5644274.430165160447359, 7431074.929038279689848 ], [ 5644397.496157892979681, 7430799.93963837902993 ], [ 5644489.684236851520836, 7430593.951240672729909 ], [ 5644814.483450394123793, 7430980.39334209356457 ], [ 5645242.981610509566963, 7431490.158367176540196 ], [ 5644890.32924794498831, 7431691.270363406278193 ], [ 5644829.648472981527448, 7431619.059892620891333 ], [ 5644768.177174807526171, 7431662.429485523141921 ], [ 5644452.124401042237878, 7431286.304340669885278 ] ] ] ] } },
{ "type": "Feature", "properties": { "type_zone": "Объект", "name_by_doc": "коммунальное обслуживание", "descr": "16:30:150201:384" }, "geometry": { "type": "MultiPolygon", "coordinates": [ [ [ [ 5717410.588101768866181, 7444684.146324224770069 ], [ 5717501.564385294914246, 7444634.088742173276842 ], [ 5717570.244783247821033, 7444746.587634118273854 ], [ 5717483.89727923553437, 7444801.537155543453991 ], [ 5717410.588101768866181, 7444684.146324224770069 ] ] ] ] } },
{ "type": "Feature", "properties": { "type_zone": "Объект", "name_by_doc": "под промышленные объекты", "descr": "16:52:090107:14" }, "geometry": { "type": "MultiPolygon", "coordinates": [ [ [ [ 5837951.0137585029006, 7501035.508870446123183 ], [ 5837625.521159748546779, 7501404.194286719895899 ], [ 5837586.479612337425351, 7501448.404730833135545 ], [ 5837522.987559040077031, 7501387.93505344260484 ], [ 5837446.546597784385085, 7501314.70905233360827 ], [ 5837390.284913671202958, 7501260.728353881277144 ], [ 5837325.899723079055548, 7501198.417940669693053 ], [ 5837290.279975746758282, 7501164.105815848335624 ], [ 5837724.379816528409719, 7500712.229879095219076 ], [ 5837843.903774694539607, 7500827.555746617726982 ], [ 5837902.250420660711825, 7500763.409843445755541 ], [ 5837924.547881340608001, 7500784.716520171612501 ], [ 5837947.130372983403504, 7500806.287712448276579 ], [ 5837915.883543694391847, 7500838.080434094183147 ], [ 5837959.898258067667484, 7500881.300960042513907 ], [ 5837991.140683246776462, 7500848.762521962635219 ], [ 5838008.363020036369562, 7500865.254228195175529 ], [ 5838061.347644172608852, 7500915.85734726395458 ], [ 5838036.85228106379509, 7500942.339929704554379 ], [ 5838002.150194738991559, 7500979.851027806289494 ], [ 5838001.920709314756095, 7500979.976620928384364 ], [ 5837951.0137585029006, 7501035.508870446123183 ] ] ] ] } },
{ "type": "Feature", "properties": { "type_zone": "Объект", "name_by_doc": "промышленные и коммунально-складские предприятия I-II класса вредности, требующие большегрузного и железнодорожного транспорта", "descr": "16:52:090106:487" }, "geometry": { "type": "MultiPolygon", "coordinates": [ [ [ [ 5835534.406920159235597, 7497299.617538063786924 ], [ 5835589.227855709381402, 7497242.598142806440592 ], [ 5835660.75552936643362, 7497311.698403251357377 ], [ 5835655.440571434795856, 7497317.209694187156856 ], [ 5835605.952533182688057, 7497368.754192563705146 ], [ 5835534.406920159235597, 7497299.617538063786924 ] ] ] ] } },
{ "type": "Feature", "properties": { "type_zone": null, "name_by_doc": "для объектов промышленных предприятий", "descr": "16:17:130112:20" }, "geometry": { "type": "MultiPolygon", "coordinates": [ [ [ [ 5293501.209226639941335, 7308328.674666220322251 ], [ 5293458.389790889807045, 7308389.522368550300598 ], [ 5293248.727432750165462, 7308435.56287117023021 ], [ 5293171.077704530209303, 7308394.588973689824343 ], [ 5293008.654716020449996, 7308239.375034539960325 ], [ 5293078.972229219973087, 7308115.24944635014981 ], [ 5293182.893808710388839, 7307851.072390080429614 ], [ 5293224.35568345990032, 7307879.103159960359335 ], [ 5293362.392207670025527, 7307668.9700115500018 ], [ 5293536.273089510388672, 7307845.135268139652908 ], [ 5293739.623841259628534, 7307989.922095050103962 ], [ 5293730.558881499804556, 7308002.787276309914887 ], [ 5293547.051829249598086, 7307872.324711260385811 ], [ 5293436.532355709932745, 7308028.726480389945209 ], [ 5293617.747862390242517, 7308163.076721640303731 ], [ 5293608.397064429707825, 7308176.368929389864206 ], [ 5293531.317091680131853, 7308119.861459639854729 ], [ 5293424.922144260257483, 7308271.402559109963477 ], [ 5293501.209226639941335, 7308328.674666220322251 ] ], [ [ 5293199.186474359594285, 7308226.08155813999474 ], [ 5293316.23703278042376, 7308316.67165535967797 ], [ 5293492.101806740276515, 7308088.415666970424354 ], [ 5293375.035300189629197, 7307997.830489260144532 ], [ 5293199.186474359594285, 7308226.08155813999474 ] ], [ [ 5293211.589812460355461, 7308093.540749840438366 ], [ 5293262.220685189589858, 7308130.09591569006443 ], [ 5293370.054109659977257, 7307994.798513989895582 ], [ 5293319.185464750044048, 7307958.066472670063376 ], [ 5293211.589812460355461, 7308093.540749840438366 ] ] ] ] } },
{ "type": "Feature", "properties": { "type_zone": null, "name_by_doc": "для объектов промышленных предприятий", "descr": "16:17:130112:25" }, "geometry": { "type": "MultiPolygon", "coordinates": [ [ [ [ 5293436.532355709932745, 7308028.726480389945209 ], [ 5293547.051829249598086, 7307872.324711260385811 ], [ 5293642.770928939804435, 7307940.376101760193706 ], [ 5293520.879196190275252, 7308091.241058340296149 ], [ 5293436.532355709932745, 7308028.726480389945209 ] ] ] ] } },
{ "type": "Feature", "properties": { "type_zone": null, "name_by_doc": "Для объектов промышленных предприятий", "descr": "16:17:130112:34" }, "geometry": { "type": "MultiPolygon", "coordinates": [ [ [ [ 5293520.879196190275252, 7308091.241058340296149 ], [ 5293642.770928939804435, 7307940.376101760193706 ], [ 5293730.558881499804556, 7308002.787276309914887 ], [ 5293617.747862390242517, 7308163.076721640303731 ], [ 5293520.879196190275252, 7308091.241058340296149 ] ], [ [ 5293547.222847679629922, 7308089.027630220167339 ], [ 5293603.552890270017087, 7308129.060559459961951 ], [ 5293674.562258389778435, 7308036.427718919701874 ], [ 5293665.143407230265439, 7308028.332245649769902 ], [ 5293672.770867940038443, 7308016.4583959300071 ], [ 5293627.182286160066724, 7307981.623479849658906 ], [ 5293547.222847679629922, 7308089.027630220167339 ] ] ] ] } },
{ "type": "Feature", "properties": { "type_zone": null, "name_by_doc": "Для объектов промышленных предприятий", "descr": "16:17:130112:81" }, "geometry": { "type": "MultiPolygon", "coordinates": [ [ [ [ 5293547.222847679629922, 7308089.027630220167339 ], [ 5293627.182286160066724, 7307981.623479849658906 ], [ 5293672.770867940038443, 7308016.4583959300071 ], [ 5293665.143407230265439, 7308028.332245649769902 ], [ 5293674.562258389778435, 7308036.427718919701874 ], [ 5293603.552890270017087, 7308129.060559459961951 ], [ 5293547.222847679629922, 7308089.027630220167339 ] ] ] ] } },
{ "type": "Feature", "properties": { "type_zone": null, "name_by_doc": "для объектов промышленных предприятий", "descr": "16:17:130112:70" }, "geometry": { "type": "MultiPolygon", "coordinates": [ [ [ [ 5293431.347628500312567, 7308264.940721290186048 ], [ 5293524.130832489579916, 7308139.485314349643886 ], [ 5293580.62054552976042, 7308183.435681499540806 ], [ 5293488.890728089958429, 7308308.118153019808233 ], [ 5293431.347628500312567, 7308264.940721290186048 ] ] ] ] } },
{ "type": "Feature", "properties": { "type_zone": null, "name_by_doc": "для объектов промышленных предприятий", "descr": "16:17:130112:28" }, "geometry": { "type": "MultiPolygon", "coordinates": [ [ [ [ 5293424.922144260257483, 7308271.402559109963477 ], [ 5293531.317091680131853, 7308119.861459639854729 ], [ 5293608.397064429707825, 7308176.368929389864206 ], [ 5293501.209226639941335, 7308328.674666220322251 ], [ 5293424.922144260257483, 7308271.402559109963477 ] ], [ [ 5293431.347628500312567, 7308264.940721290186048 ], [ 5293488.890728089958429, 7308308.118153019808233 ], [ 5293580.62054552976042, 7308183.435681499540806 ], [ 5293524.130832489579916, 7308139.485314349643886 ], [ 5293431.347628500312567, 7308264.940721290186048 ] ] ] ] } },
{ "type": "Feature", "properties": { "type_zone": null, "name_by_doc": "Для объектов промышленных предприятий", "descr": "16:17:130112:33" }, "geometry": { "type": "MultiPolygon", "coordinates": [ [ [ [ 5293259.692763109691441, 7308147.549743239767849 ], [ 5293375.035300189629197, 7307997.830489260144532 ], [ 5293492.101806740276515, 7308088.415666970424354 ], [ 5293378.093010840006173, 7308236.382946410216391 ], [ 5293259.692763109691441, 7308147.549743239767849 ] ], [ [ 5293294.728000620380044, 7308137.122607840225101 ], [ 5293329.540124489925802, 7308165.134163550101221 ], [ 5293410.651811650022864, 7308063.902998830191791 ], [ 5293375.857110169716179, 7308035.892533370293677 ], [ 5293294.728000620380044, 7308137.122607840225101 ] ] ] ] } },
{ "type": "Feature", "properties": { "type_zone": null, "name_by_doc": "Для объектов промышленных предприятий", "descr": "16:17:130112:23" }, "geometry": { "type": "MultiPolygon", "coordinates": [ [ [ [ 5293199.186474359594285, 7308226.08155813999474 ], [ 5293259.692763109691441, 7308147.549743239767849 ], [ 5293378.093010840006173, 7308236.382946410216391 ], [ 5293316.23703278042376, 7308316.67165535967797 ], [ 5293199.186474359594285, 7308226.08155813999474 ] ], [ [ 5293217.402245409786701, 7308227.506675120443106 ], [ 5293317.436289739795029, 7308295.033151290379465 ], [ 5293348.420781910419464, 7308253.851027900353074 ], [ 5293254.31342015042901, 7308178.952624339610338 ], [ 5293217.402245409786701, 7308227.506675120443106 ] ] ] ] } },
{ "type": "Feature", "properties": { "type_zone": null, "name_by_doc": "для размещения промыщленных объектов", "descr": "16:17:130112:36" }, "geometry": { "type": "MultiPolygon", "coordinates": [ [ [ [ 5293217.402245409786701, 7308227.506675120443106 ], [ 5293254.31342015042901, 7308178.952624339610338 ], [ 5293348.420781910419464, 7308253.851027900353074 ], [ 5293317.436289739795029, 7308295.033151290379465 ], [ 5293217.402245409786701, 7308227.506675120443106 ] ] ] ] } },
{ "type": "Feature", "properties": { "type_zone": null, "name_by_doc": "для объектов промышленных предприятий", "descr": "16:17:130112:72" }, "geometry": { "type": "MultiPolygon", "coordinates": [ [ [ [ 5293294.728000620380044, 7308137.122607840225101 ], [ 5293375.857110169716179, 7308035.892533370293677 ], [ 5293410.651811650022864, 7308063.902998830191791 ], [ 5293329.540124489925802, 7308165.134163550101221 ], [ 5293294.728000620380044, 7308137.122607840225101 ] ] ] ] } },
{ "type": "Feature", "properties": { "type_zone": null, "name_by_doc": "для объектов промышленных предприятии", "descr": "16:17:130112:40" }, "geometry": { "type": "MultiPolygon", "coordinates": [ [ [ [ 5293211.589812460355461, 7308093.540749840438366 ], [ 5293319.185464750044048, 7307958.066472670063376 ], [ 5293370.054109659977257, 7307994.798513989895582 ], [ 5293262.220685189589858, 7308130.09591569006443 ], [ 5293211.589812460355461, 7308093.540749840438366 ] ] ] ] } },
{ "type": "Feature", "properties": { "type_zone": null, "name_by_doc": "Производственная деятельность", "descr": "16:17:130112:307" }, "geometry": { "type": "MultiPolygon", "coordinates": [ [ [ [ 5293135.750814789906144, 7307776.253982679918408 ], [ 5293148.768944259732962, 7307757.03209504019469 ], [ 5293153.7262221602723, 7307749.725926860235631 ], [ 5293249.808111580088735, 7307609.512358790263534 ], [ 5293265.654708540067077, 7307586.402644139714539 ], [ 5293317.244549250230193, 7307623.217865250073373 ], [ 5293214.501263899728656, 7307802.425754509866238 ], [ 5293192.943338460288942, 7307834.159640089608729 ], [ 5293174.997354189865291, 7307814.26384842954576 ], [ 5293135.750814789906144, 7307776.253982679918408 ] ] ] ] } },
{ "type": "Feature", "properties": { "type_zone": null, "name_by_doc": "для размещения промышленных объектов", "descr": "16:17:000000:672" }, "geometry": { "type": "MultiPolygon", "coordinates": [ [ [ [ 5293059.728863749653101, 7307894.972182280384004 ], [ 5293120.501574859954417, 7307798.857182140462101 ], [ 5293122.82737306971103, 7307795.079632700420916 ], [ 5293119.62417533993721, 7307792.951083960011601 ], [ 5293049.947112550027668, 7307745.395059590227902 ], [ 5293004.014562980271876, 7307713.961601640097797 ], [ 5292997.950198120437562, 7307711.512567380443215 ], [ 5292993.047238510102034, 7307712.153103269636631 ], [ 5292992.366418959572911, 7307712.484974070452154 ], [ 5292984.95699604973197, 7307707.461937899701297 ], [ 5292985.029730469919741, 7307707.290321960113943 ], [ 5292985.452884620055556, 7307698.710590929724276 ], [ 5292984.458407630212605, 7307689.356197720393538 ], [ 5292982.884090160019696, 7307679.643191199749708 ], [ 5292982.451628060080111, 7307595.444558789953589 ], [ 5293078.977609979920089, 7307473.530348289757967 ], [ 5293090.051218690350652, 7307459.65314874984324 ], [ 5293225.703109400346875, 7307289.498038509860635 ], [ 5293230.63392520043999, 7307293.256003689952195 ], [ 5293216.40385910961777, 7307311.827856319956481 ], [ 5293214.211275490000844, 7307310.119140340015292 ], [ 5293144.925740109756589, 7307400.524779880419374 ], [ 5293149.450538819655776, 7307403.875988950021565 ], [ 5293137.813750590197742, 7307419.888331119902432 ], [ 5293072.902251549996436, 7307509.244531130418181 ], [ 5293033.275219320319593, 7307563.779100890271366 ], [ 5292993.736538710072637, 7307618.194517889991403 ], [ 5293148.768944259732962, 7307757.03209504019469 ], [ 5293135.750814789906144, 7307776.253982679918408 ], [ 5293174.997354189865291, 7307814.26384842954576 ], [ 5293192.943338460288942, 7307834.159640089608729 ], [ 5293184.865592960268259, 7307846.057838059961796 ], [ 5293182.893808710388839, 7307851.072390080429614 ], [ 5293138.401617369614542, 7307964.157585109584033 ], [ 5293059.728863749653101, 7307894.972182280384004 ] ] ] ] } },
{ "type": "Feature", "properties": { "type_zone": null, "name_by_doc": "Для объектов промышленных предприятий", "descr": "16:17:130112:26" }, "geometry": { "type": "MultiPolygon", "coordinates": [ [ [ [ 5293182.893808710388839, 7307851.072390080429614 ], [ 5293184.865592960268259, 7307846.057838059961796 ], [ 5293214.501263899728656, 7307802.425754509866238 ], [ 5293317.244549250230193, 7307623.217865250073373 ], [ 5293362.392207670025527, 7307668.9700115500018 ], [ 5293224.35568345990032, 7307879.103159960359335 ], [ 5293182.893808710388839, 7307851.072390080429614 ] ] ] ] } },
{ "type": "Feature", "properties": { "type_zone": null, "name_by_doc": "для размещения промышленных объектов", "descr": "16:17:130112:66" }, "geometry": { "type": "MultiPolygon", "coordinates": [ [ [ [ 5293318.459106099791825, 7308420.242193860001862 ], [ 5293458.389790889807045, 7308389.522368550300598 ], [ 5293459.03623883984983, 7308390.003620870411396 ], [ 5293393.642323420383036, 7308470.895028660073876 ], [ 5293318.459106099791825, 7308420.242193860001862 ] ] ] ] } },
{ "type": "Feature", "properties": { "type_zone": null, "name_by_doc": "для размещения промышленных объектов", "descr": "16:17:000000:671" }, "geometry": { "type": "MultiPolygon", "coordinates": [ [ [ [ 5292977.410261300392449, 7308281.329506670124829 ], [ 5293012.226487349718809, 7308233.060811400413513 ], [ 5293008.654716020449996, 7308239.375034539960325 ], [ 5293171.077704530209303, 7308394.588973689824343 ], [ 5293248.727797909639776, 7308435.545561349950731 ], [ 5293251.013994749635458, 7308436.927458819933236 ], [ 5293247.707376440055668, 7308441.325322239659727 ], [ 5293026.353048579767346, 7308310.283588550053537 ], [ 5292977.410261300392449, 7308281.329506670124829 ] ] ] ] } },
{ "type": "Feature", "properties": { "type_zone": null, "name_by_doc": "для объектов промышленных предприятии", "descr": "16:17:130112:309" }, "geometry": { "type": "MultiPolygon", "coordinates": [ [ [ [ 5292993.736538710072637, 7307618.194517889991403 ], [ 5293033.275219320319593, 7307563.779100890271366 ], [ 5293060.395920179784298, 7307586.051005519926548 ], [ 5293104.846126579679549, 7307528.917205809615552 ], [ 5293127.851390900090337, 7307495.709043759852648 ], [ 5293142.290384819731116, 7307504.915373629890382 ], [ 5293180.364242830313742, 7307455.161424900405109 ], [ 5293137.813385260291398, 7307419.905638690106571 ], [ 5293149.450173510238528, 7307403.893296499736607 ], [ 5293182.833949600346386, 7307428.184483010321856 ], [ 5293251.44739468023181, 7307338.508500809781253 ], [ 5293216.40385910961777, 7307311.827856319956481 ], [ 5293236.247395699843764, 7307285.946808380074799 ], [ 5293363.108497169800103, 7307381.737501280382276 ], [ 5293511.001909639686346, 7307493.763941929675639 ], [ 5293502.897982089780271, 7307504.483937550336123 ], [ 5293409.518980899825692, 7307432.27643927000463 ], [ 5293369.871076160110533, 7307483.833456610329449 ], [ 5293579.993391799740493, 7307646.129045120440423 ], [ 5293619.659119250252843, 7307594.518330070190132 ], [ 5293614.769750069826841, 7307590.415033550001681 ], [ 5293623.81671314034611, 7307579.212587810121477 ], [ 5293668.405922159552574, 7307612.985699079930782 ], [ 5293658.950683689676225, 7307629.634081710129976 ], [ 5293732.645234810188413, 7307687.554449769668281 ], [ 5293731.046577240340412, 7307689.633214180357754 ], [ 5293739.597094750031829, 7307697.10386058036238 ], [ 5293736.615340040065348, 7307702.512698709964752 ], [ 5293902.041633130051196, 7307845.677471309900284 ], [ 5293826.551597570069134, 7307937.973049630410969 ], [ 5293818.696521019563079, 7307947.539030710235238 ], [ 5293669.112235950306058, 7308130.394556210376322 ], [ 5293662.780269020237029, 7308138.17453677020967 ], [ 5293642.82364097982645, 7308162.827590200118721 ], [ 5293641.005576049908996, 7308161.369167240336537 ], [ 5293630.369371689856052, 7308174.166666380129755 ], [ 5293632.288145910017192, 7308175.7657590797171 ], [ 5293614.779142630286515, 7308197.405491249635816 ], [ 5293600.951016950421035, 7308186.999971950426698 ], [ 5293600.934110839851201, 7308186.982297469861805 ], [ 5293617.783131879754364, 7308163.042833440005779 ], [ 5293730.612512060441077, 7308002.701826440170407 ], [ 5293739.623841259628534, 7307989.922095050103962 ], [ 5293536.273089510388672, 7307845.135268139652908 ], [ 5293317.244549250230193, 7307623.217865250073373 ], [ 5293265.654708540067077, 7307586.402644139714539 ], [ 5293249.808111580088735, 7307609.512358790263534 ], [ 5293128.500899840146303, 7307516.501433479599655 ], [ 5293035.550032730214298, 7307643.393149719573557 ], [ 5293153.7262221602723, 7307749.725926860235631 ], [ 5293148.768944259732962, 7307757.03209504019469 ], [ 5292993.736538710072637, 7307618.194517889991403 ] ], [ [ 5293354.606138180010021, 7307617.879337879829109 ], [ 5293395.536497579887509, 7307562.071699259802699 ], [ 5293259.024045609869063, 7307455.997316840104759 ], [ 5293218.093283260241151, 7307511.803481389768422 ], [ 5293354.606138180010021, 7307617.879337879829109 ] ] ] ] } },
{ "type": "Feature", "properties": { "type_zone": null, "name_by_doc": "Для объектов промышленных предприятий", "descr": "16:17:130112:46" }, "geometry": { "type": "MultiPolygon", "coordinates": [ [ [ [ 5293218.093283260241151, 7307511.803481389768422 ], [ 5293259.024045609869063, 7307455.997316840104759 ], [ 5293395.536497579887509, 7307562.071699259802699 ], [ 5293354.606138180010021, 7307617.879337879829109 ], [ 5293218.093283260241151, 7307511.803481389768422 ] ] ] ] } },
{ "type": "Feature", "properties": { "type_zone": null, "name_by_doc": "для объектов промышленных предприятий", "descr": "16:17:130112:87" }, "geometry": { "type": "MultiPolygon", "coordinates": [ [ [ [ 5293035.550032730214298, 7307643.393149719573557 ], [ 5293128.500899840146303, 7307516.501433479599655 ], [ 5293249.808111580088735, 7307609.512358790263534 ], [ 5293153.7262221602723, 7307749.725926860235631 ], [ 5293035.550032730214298, 7307643.393149719573557 ] ] ] ] } },
{ "type": "Feature", "properties": { "type_zone": null, "name_by_doc": "Для объектов промышленных предприятий", "descr": "16:17:130112:48" }, "geometry": { "type": "MultiPolygon", "coordinates": [ [ [ [ 5293033.275219320319593, 7307563.779100890271366 ], [ 5293072.902251549996436, 7307509.244531130418181 ], [ 5293104.846126579679549, 7307528.917205809615552 ], [ 5293060.395920179784298, 7307586.051005519926548 ], [ 5293033.275219320319593, 7307563.779100890271366 ] ] ] ] } },
{ "type": "Feature", "properties": { "type_zone": null, "name_by_doc": "для объектов промышленных предприятий", "descr": "16:17:130112:306" }, "geometry": { "type": "MultiPolygon", "coordinates": [ [ [ [ 5293369.871076160110533, 7307483.833456610329449 ], [ 5293409.518980899825692, 7307432.27643927000463 ], [ 5293502.897982089780271, 7307504.483937550336123 ], [ 5293614.769750069826841, 7307590.415033550001681 ], [ 5293619.659119250252843, 7307594.518330070190132 ], [ 5293579.993391799740493, 7307646.129045120440423 ], [ 5293369.871076160110533, 7307483.833456610329449 ] ] ] ] } },
{ "type": "Feature", "properties": { "type_zone": null, "name_by_doc": "Для объектов промышленных предприятий", "descr": "16:17:130112:49" }, "geometry": { "type": "MultiPolygon", "coordinates": [ [ [ [ 5293072.902251549996436, 7307509.244531130418181 ], [ 5293137.813385260291398, 7307419.905638690106571 ], [ 5293180.364242830313742, 7307455.161424900405109 ], [ 5293142.290384819731116, 7307504.915373629890382 ], [ 5293127.851390900090337, 7307495.709043759852648 ], [ 5293104.846126579679549, 7307528.917205809615552 ], [ 5293072.902251549996436, 7307509.244531130418181 ] ] ] ] } },
{ "type": "Feature", "properties": { "type_zone": null, "name_by_doc": "Торговые объекты: магазины розничной торговли, рынки, торговые комплексы", "descr": "16:50:060102:260" }, "geometry": { "type": "MultiPolygon", "coordinates": [ [ [ [ 5478071.521825860254467, 7517775.880797429941595 ], [ 5478080.558726330287755, 7517749.232250040397048 ], [ 5478089.208601280115545, 7517723.954278400167823 ], [ 5478164.022543139755726, 7517504.342465059831738 ], [ 5478175.402130129747093, 7517471.019268520176411 ], [ 5478297.831191999837756, 7517432.590061999857426 ], [ 5478328.820980270393193, 7517406.223515110090375 ], [ 5478423.42612455971539, 7517404.128261590376496 ], [ 5478470.643253959715366, 7517523.930718719959259 ], [ 5478553.716025260277092, 7517536.252238860353827 ], [ 5478418.574058829806745, 7517778.187152069993317 ], [ 5478353.084164509549737, 7517895.264867019839585 ], [ 5478071.521825860254467, 7517775.880797429941595 ] ] ] ] } },
{ "type": "Feature", "properties": { "type_zone": null, "name_by_doc": "Торговые объекты: магазины розничной торговли, рынки, торговые комплексы", "descr": "16:50:060102:274" }, "geometry": { "type": "MultiPolygon", "coordinates": [ [ [ [ 5478134.292973750270903, 7517489.443586009554565 ], [ 5478133.979518850333989, 7517276.362376039847732 ], [ 5478594.812759820371866, 7517275.682454950176179 ], [ 5478595.104832960292697, 7517462.13924549985677 ], [ 5478553.716025260277092, 7517536.252238860353827 ], [ 5478470.643253959715366, 7517523.930718719959259 ], [ 5478423.42612455971539, 7517404.128261590376496 ], [ 5478328.820980270393193, 7517406.223515110090375 ], [ 5478297.831191999837756, 7517432.590061999857426 ], [ 5478175.402130129747093, 7517471.019268520176411 ], [ 5478164.022543139755726, 7517504.342465059831738 ], [ 5478134.292973750270903, 7517489.443586009554565 ] ] ] ] } },
{ "type": "Feature", "properties": { "type_zone": null, "name_by_doc": "Торговые объекты: магазины розничной торговли, рынки, торговые комплексы", "descr": "16:50:060102:269" }, "geometry": { "type": "MultiPolygon", "coordinates": [ [ [ [ 5478089.208601280115545, 7517723.954278400167823 ], [ 5478088.547402109950781, 7517276.389836199581623 ], [ 5478133.979518850333989, 7517276.362376039847732 ], [ 5478134.292973750270903, 7517489.443586009554565 ], [ 5478164.022543139755726, 7517504.342465059831738 ], [ 5478089.208601280115545, 7517723.954278400167823 ] ] ] ] } },
{ "type": "Feature", "properties": { "type_zone": null, "name_by_doc": "Многоквартирные жилые дома с использованием первых этажей под объекты общественного питания, торговли, бытового обслуживания, связи, делового назначения", "descr": "16:50:060102:3765" }, "geometry": { "type": "MultiPolygon", "coordinates": [ [ [ [ 5478008.971256080083549, 7517717.453945909626782 ], [ 5478008.499087300151587, 7517496.416867930442095 ], [ 5478008.002075909636915, 7517272.576158240437508 ], [ 5478133.969390669837594, 7517272.396403799764812 ], [ 5478133.979518850333989, 7517276.362376039847732 ], [ 5478088.547402109950781, 7517276.389836199581623 ], [ 5478089.208601280115545, 7517723.954278400167823 ], [ 5478080.558726330287755, 7517749.232250040397048 ], [ 5478008.971256080083549, 7517717.453945909626782 ] ] ] ] } },
{ "type": "Feature", "properties": { "type_zone": null, "name_by_doc": "Автомобильные стоянки, гаражи, паркинги на отдельном земельном участке", "descr": "16:50:060102:5589" }, "geometry": { "type": "MultiPolygon", "coordinates": [ [ [ [ 5477727.855578320100904, 7517587.440987819805741 ], [ 5477767.040166599676013, 7517480.328075549565256 ], [ 5477772.517355980351567, 7517449.314717619679868 ], [ 5477772.450613100081682, 7517401.455207739956677 ], [ 5477900.89077983982861, 7517459.074622339569032 ], [ 5477820.206253159791231, 7517633.628647309727967 ], [ 5477811.784437369555235, 7517629.897145030088723 ], [ 5477807.039964210242033, 7517627.579205269925296 ], [ 5477727.855578320100904, 7517587.440987819805741 ] ] ] ] } },
{ "type": "Feature", "properties": { "type_zone": null, "name_by_doc": "Торговые объекты: магазины розничной торговли, рынки, торговые комплексы", "descr": "16:50:060102:278" }, "geometry": { "type": "MultiPolygon", "coordinates": [ [ [ [ 5478418.574058829806745, 7517778.187152069993317 ], [ 5478553.716025260277092, 7517536.252238860353827 ], [ 5478595.104832960292697, 7517462.13924549985677 ], [ 5478595.452174169942737, 7517690.112081930041313 ], [ 5478418.574058829806745, 7517778.187152069993317 ] ] ] ] } },
{ "type": "Feature", "properties": { "type_zone": null, "name_by_doc": "Многоквартирные жилые дома с использованием первых этажей под объекты общественного питания, торговли, бытового обслуживания, связи, делового назначения", "descr": "16:50:060102:5588" }, "geometry": { "type": "MultiPolygon", "coordinates": [ [ [ [ 5477820.206253159791231, 7517633.628647309727967 ], [ 5477900.89077983982861, 7517459.074622339569032 ], [ 5477772.450613100081682, 7517401.455207739956677 ], [ 5477772.2525725197047, 7517272.906534699723125 ], [ 5478008.002075909636915, 7517272.576158240437508 ], [ 5478008.499087300151587, 7517496.416867930442095 ], [ 5478008.971256080083549, 7517717.453945909626782 ], [ 5477820.206253159791231, 7517633.628647309727967 ] ] ] ] } },
{ "type": "Feature", "properties": { "type_zone": null, "name_by_doc": "многоквартирные жилые дома с использованием первых этажей под объекты общественного питания, торговли, бытового облуживания, связи, делового назначения", "descr": "16:50:060102:3040" }, "geometry": { "type": "MultiPolygon", "coordinates": [ [ [ [ 5477687.353617950342596, 7517579.610307769849896 ], [ 5477732.668196249753237, 7517453.861231019720435 ], [ 5477732.339596060104668, 7517265.76853222027421 ], [ 5478133.951087309978902, 7517265.229203480295837 ], [ 5478133.969390669837594, 7517272.396403799764812 ], [ 5478008.002075909636915, 7517272.576158240437508 ], [ 5477772.2525725197047, 7517272.906534699723125 ], [ 5477772.450613100081682, 7517401.455207739956677 ], [ 5477772.517355980351567, 7517449.314717619679868 ], [ 5477767.040166599676013, 7517480.328075549565256 ], [ 5477727.855578320100904, 7517587.440987819805741 ], [ 5477807.039964210242033, 7517627.579205269925296 ], [ 5477811.784437369555235, 7517629.897145030088723 ], [ 5477820.206253159791231, 7517633.628647309727967 ], [ 5478008.971256080083549, 7517717.453945909626782 ], [ 5478080.558726330287755, 7517749.232250040397048 ], [ 5478071.521825860254467, 7517775.880797429941595 ], [ 5478043.50256181973964, 7517763.875768160447478 ], [ 5477697.607135470025241, 7517584.866877210326493 ], [ 5477687.353617950342596, 7517579.610307769849896 ] ] ] ] } },
{ "type": "Feature", "properties": { "type_zone": null, "name_by_doc": "Научно-производственная деятельность", "descr": "16:50:200106:1102" }, "geometry": { "type": "MultiPolygon", "coordinates": [ [ [ [ 5460250.185508820228279, 7525560.646395459771156 ], [ 5460317.015135129913688, 7525394.006814089603722 ], [ 5460307.171327140182257, 7525387.208394959568977 ], [ 5460306.778790050186217, 7525380.354218110442162 ], [ 5460318.304966590367258, 7525365.645833619870245 ], [ 5460334.371852019801736, 7525322.201949779875576 ], [ 5460352.654536619782448, 7525330.422390709631145 ], [ 5460336.674570400267839, 7525365.926074819639325 ], [ 5460388.342444700188935, 7525388.345021409913898 ], [ 5460467.248470529913902, 7525422.595653199590743 ], [ 5460480.315920379944146, 7525392.718078340403736 ], [ 5460495.133965600281954, 7525398.464527959935367 ], [ 5460513.274550089612603, 7525405.49188155028969 ], [ 5460493.583966949954629, 7525447.726959180086851 ], [ 5460514.035154730081558, 7525458.207599890418351 ], [ 5460471.600210109725595, 7525551.741412560455501 ], [ 5460401.22170783020556, 7525522.312819129787385 ], [ 5460433.855404010042548, 7525446.603588839992881 ], [ 5460329.044363560155034, 7525401.748255419544876 ], [ 5460306.38947837986052, 7525458.404383850283921 ], [ 5460303.175737629644573, 7525465.918253789655864 ], [ 5460260.917223289608955, 7525565.112535909749568 ], [ 5460250.185508820228279, 7525560.646395459771156 ] ] ] ] } },
{ "type": "Feature", "properties": { "type_zone": null, "name_by_doc": "Производственная деятельность", "descr": "16:50:200106:879" }, "geometry": { "type": "MultiPolygon", "coordinates": [ [ [ [ 5460303.175737629644573, 7525465.918253789655864 ], [ 5460306.38947837986052, 7525458.404383850283921 ], [ 5460329.044363560155034, 7525401.748255419544876 ], [ 5460433.855404010042548, 7525446.603588839992881 ], [ 5460401.22170783020556, 7525522.312819129787385 ], [ 5460371.904856899753213, 7525509.91128464974463 ], [ 5460322.830412480048835, 7525489.057939630001783 ], [ 5460328.015018209815025, 7525477.039251579903066 ], [ 5460303.175737629644573, 7525465.918253789655864 ] ] ] ] } },
{ "type": "Feature", "properties": { "type_zone": null, "name_by_doc": "Научно-производственная деятельность", "descr": "16:50:000000:25182" }, "geometry": { "type": "MultiPolygon", "coordinates": [ [ [ [ 5460388.342444700188935, 7525388.345021409913898 ], [ 5460402.776651159860194, 7525352.948350070044398 ], [ 5460403.114232200197875, 7525353.090687929652631 ], [ 5460469.191986070014536, 7525382.697814989835024 ], [ 5460467.754356469959021, 7525387.843359800055623 ], [ 5460480.315920379944146, 7525392.718078340403736 ], [ 5460467.248470529913902, 7525422.595653199590743 ], [ 5460388.342444700188935, 7525388.345021409913898 ] ] ] ] } },
{ "type": "Feature", "properties": { "type_zone": null, "name_by_doc": "Научно-производственная деятельность", "descr": "16:50:200106:1103" }, "geometry": { "type": "MultiPolygon", "coordinates": [ [ [ [ 5460336.674570400267839, 7525365.926074819639325 ], [ 5460352.654536619782448, 7525330.422390709631145 ], [ 5460402.776651159860194, 7525352.948350070044398 ], [ 5460388.342444700188935, 7525388.345021409913898 ], [ 5460336.674570400267839, 7525365.926074819639325 ] ] ] ] } },
{ "type": "Feature", "properties": { "type_zone": null, "name_by_doc": "Под промышленную площадку", "descr": "16:50:200106:110" }, "geometry": { "type": "MultiPolygon", "coordinates": [ [ [ [ 5460563.098964280448854, 7525439.998801520094275 ], [ 5460554.719175660051405, 7525460.083462379872799 ], [ 5460529.951133529655635, 7525450.583316160365939 ], [ 5460525.122164499945939, 7525462.566394000314176 ], [ 5460514.035154730081558, 7525458.207599890418351 ], [ 5460493.583966949954629, 7525447.726959180086851 ], [ 5460513.274550089612603, 7525405.49188155028969 ], [ 5460565.795377580448985, 7525425.862123860046268 ], [ 5460568.371681169606745, 7525426.876191159710288 ], [ 5460563.098964280448854, 7525439.998801520094275 ] ] ] ] } },
{ "type": "Feature", "properties": { "type_zone": null, "name_by_doc": "Под корпус 5", "descr": "16:50:200106:152" }, "geometry": { "type": "MultiPolygon", "coordinates": [ [ [ [ 5460401.22170783020556, 7525522.312819129787385 ], [ 5460471.600210109725595, 7525551.741412560455501 ], [ 5460439.678298999555409, 7525632.045039620250463 ], [ 5460437.653845960274339, 7525635.39270718023181 ], [ 5460435.557908399961889, 7525637.15584808960557 ], [ 5460433.284120780415833, 7525638.206880140118301 ], [ 5460412.015798809938133, 7525629.541990590281785 ], [ 5460260.917223289608955, 7525565.112535909749568 ], [ 5460303.175737629644573, 7525465.918253789655864 ], [ 5460328.015018209815025, 7525477.039251579903066 ], [ 5460322.830412480048835, 7525489.057939630001783 ], [ 5460371.904856899753213, 7525509.91128464974463 ], [ 5460401.22170783020556, 7525522.312819129787385 ] ] ] ] } },
{ "type": "Feature", "properties": { "type_zone": null, "name_by_doc": "здания и сооружения производственного предприятия", "descr": "16:50:200106:299" }, "geometry": { "type": "MultiPolygon", "coordinates": [ [ [ [ 5459492.605697199702263, 7524656.112958650104702 ], [ 5459512.796398229897022, 7524608.88244828954339 ], [ 5459525.284504760056734, 7524610.108931900002062 ], [ 5459753.903341599740088, 7524706.289881099946797 ], [ 5459728.847912630066276, 7524761.729124899953604 ], [ 5459492.605697199702263, 7524656.112958650104702 ] ] ] ] } },
{ "type": "Feature", "properties": { "type_zone": null, "name_by_doc": "производственные и промышленные предприятия V класса опасности (код 6.0-производственная деятельность: размещение объектов капитального строительства в целях добычи недр, их переработки, изготовления вещей промышленным способом", "descr": "16:50:200106:997" }, "geometry": { "type": "MultiPolygon", "coordinates": [ [ [ [ 5459473.974136020056903, 7524803.158530560322106 ], [ 5459468.803225809708238, 7524792.175440750084817 ], [ 5459520.869860130362213, 7524668.748054469935596 ], [ 5459582.443775329738855, 7524696.278039810247719 ], [ 5459577.116641989909112, 7524709.736980370245874 ], [ 5459580.971666839905083, 7524711.285141349770129 ], [ 5459579.018354250118136, 7524716.038514980114996 ], [ 5459535.208435240201652, 7524810.34171286970377 ], [ 5459528.620238520205021, 7524826.257684079930186 ], [ 5459473.974136020056903, 7524803.158530560322106 ] ] ] ] } },
{ "type": "Feature", "properties": { "type_zone": null, "name_by_doc": "производственные и промышленные предприятия V класса опасности (код 6.0-производственная деятельность: размещение объектов капитального строительства в целях добычи недр, их переработки, изготовления вещей промышленным способом", "descr": "16:50:200106:999" }, "geometry": { "type": "MultiPolygon", "coordinates": [ [ [ [ 5459528.620238520205021, 7524826.257684079930186 ], [ 5459535.208435240201652, 7524810.34171286970377 ], [ 5459579.018354250118136, 7524716.038514980114996 ], [ 5459580.971666839905083, 7524711.285141349770129 ], [ 5459577.116641989909112, 7524709.736980370245874 ], [ 5459582.443775329738855, 7524696.278039810247719 ], [ 5459728.847912630066276, 7524761.729124899953604 ], [ 5459753.903341599740088, 7524706.289881099946797 ], [ 5459765.948269790038466, 7524711.61047303956002 ], [ 5459689.664696860127151, 7524894.307562069967389 ], [ 5459528.620238520205021, 7524826.257684079930186 ] ] ] ] } },
{ "type": "Feature", "properties": { "type_zone": null, "name_by_doc": "производственные и промышленные предприятия V класса опасности (код 6.0-производственная деятельность: размещение объектов капитального строительства в целях добычи недр, их переработки, изготовления вещей промышленным способом", "descr": "16:50:200106:998" }, "geometry": { "type": "MultiPolygon", "coordinates": [ [ [ [ 5459689.664696860127151, 7524894.307562069967389 ], [ 5459765.948269790038466, 7524711.61047303956002 ], [ 5459887.837478459812701, 7524765.438343090005219 ], [ 5459807.629563969559968, 7524944.150913110002875 ], [ 5459689.664696860127151, 7524894.307562069967389 ] ] ] ] } },
{ "type": "Feature", "properties": { "type_zone": null, "name_by_doc": "для размещения промышленной площадки", "descr": "16:40:040119:35" }, "geometry": { "type": "MultiPolygon", "coordinates": [ [ [ [ 5586975.148996819742024, 7534766.328561839647591 ], [ 5587015.162846400402486, 7534627.988625540398061 ], [ 5587202.205005089752376, 7534684.466730950400233 ], [ 5587207.740123249590397, 7534707.030881520360708 ], [ 5587205.171929620206356, 7534778.05765079986304 ], [ 5587192.026550609618425, 7534827.121947670355439 ], [ 5587116.734916860237718, 7534806.242816220037639 ], [ 5586975.148996819742024, 7534766.328561839647591 ] ] ] ] } },
{ "type": "Feature", "properties": { "type_zone": null, "name_by_doc": "для размещения промышленной площадки", "descr": "16:40:040119:33" }, "geometry": { "type": "MultiPolygon", "coordinates": [ [ [ [ 5587010.783156540244818, 7534790.047404140233994 ], [ 5586760.039194989949465, 7534715.35786032024771 ], [ 5586414.767458530142903, 7534623.126391910016537 ], [ 5586489.208681659772992, 7534520.083485109731555 ], [ 5586616.711611459963024, 7534443.999631919898093 ], [ 5587045.480639199726284, 7534560.081916590221226 ], [ 5587181.018530869856477, 7534598.062967360019684 ], [ 5587202.205005089752376, 7534684.466730950400233 ], [ 5587015.162846400402486, 7534627.988625540398061 ], [ 5586808.761450650170445, 7534567.783382800407708 ], [ 5586646.839586869813502, 7534522.963310210034251 ], [ 5586565.888242510147393, 7534500.551938399672508 ], [ 5586525.772771449759603, 7534646.072729099541903 ], [ 5586606.725531799718738, 7534668.484933230094612 ], [ 5586768.650228000245988, 7534713.306670459918678 ], [ 5586975.148996819742024, 7534766.328561839647591 ], [ 5587116.734916860237718, 7534806.242816220037639 ], [ 5587192.026550609618425, 7534827.121947670355439 ], [ 5587205.171929620206356, 7534778.05765079986304 ], [ 5587202.71200564969331, 7534845.981463080272079 ], [ 5587010.783156540244818, 7534790.047404140233994 ] ] ] ] } },
{ "type": "Feature", "properties": { "type_zone": null, "name_by_doc": "для размещения промышленной площадки", "descr": "16:40:040119:315" }, "geometry": { "type": "MultiPolygon", "coordinates": [ [ [ [ 5586525.772771449759603, 7534646.072729099541903 ], [ 5586565.888242510147393, 7534500.551938399672508 ], [ 5586646.839586869813502, 7534522.963310210034251 ], [ 5586606.725531799718738, 7534668.484933230094612 ], [ 5586525.772771449759603, 7534646.072729099541903 ] ] ] ] } },
{ "type": "Feature", "properties": { "type_zone": null, "name_by_doc": "для размещения промышленной площадки", "descr": "16:40:040119:331" }, "geometry": { "type": "MultiPolygon", "coordinates": [ [ [ [ 5586768.650228000245988, 7534713.306670459918678 ], [ 5586808.761450650170445, 7534567.783382800407708 ], [ 5586877.507817669771612, 7534587.829494199715555 ], [ 5586833.463179649785161, 7534729.943157009780407 ], [ 5586768.650228000245988, 7534713.306670459918678 ] ] ] ] } },
{ "type": "Feature", "properties": { "type_zone": null, "name_by_doc": "для размещения промышленной площадки", "descr": "16:40:040119:332" }, "geometry": { "type": "MultiPolygon", "coordinates": [ [ [ [ 5586833.463179649785161, 7534729.943157009780407 ], [ 5586877.507817669771612, 7534587.829494199715555 ], [ 5586945.825664159841835, 7534607.757431070320308 ], [ 5586902.385595169849694, 7534747.651310499757528 ], [ 5586833.463179649785161, 7534729.943157009780407 ] ] ] ] } },
{ "type": "Feature", "properties": { "type_zone": null, "name_by_doc": "для размещения промышленной площадки", "descr": "16:40:040119:34" }, "geometry": { "type": "MultiPolygon", "coordinates": [ [ [ [ 5586975.148996819742024, 7534766.328561839647591 ], [ 5586902.385595169849694, 7534747.651310499757528 ], [ 5586945.825664159841835, 7534607.757431070320308 ], [ 5587015.162846400402486, 7534627.988625540398061 ], [ 5586975.148996819742024, 7534766.328561839647591 ] ] ] ] } },
{ "type": "Feature", "properties": { "type_zone": null, "name_by_doc": "для размещения промышленной площадки", "descr": "16:40:040119:310" }, "geometry": { "type": "MultiPolygon", "coordinates": [ [ [ [ 5586606.725531799718738, 7534668.484933230094612 ], [ 5586646.839586869813502, 7534522.963310210034251 ], [ 5586808.761450650170445, 7534567.783382800407708 ], [ 5586768.650228000245988, 7534713.306670459918678 ], [ 5586606.725531799718738, 7534668.484933230094612 ] ] ] ] } },
{ "type": "Feature", "properties": { "type_zone": null, "name_by_doc": "для размещения промышленной площадки", "descr": "16:40:040119:64" }, "geometry": { "type": "MultiPolygon", "coordinates": [ [ [ [ 5587333.226924790069461, 7534861.922820500098169 ], [ 5587339.795834749937057, 7534839.850504700094461 ], [ 5587403.246089889667928, 7534626.85100414045155 ], [ 5587493.419732050038874, 7534611.219044690020382 ], [ 5587566.760672509670258, 7534598.489322819747031 ], [ 5587556.509288780391216, 7534631.122477870434523 ], [ 5587495.297392790205777, 7534611.811415550298989 ], [ 5587463.601447859779, 7534617.281430990435183 ], [ 5587411.834021099843085, 7534846.948860780335963 ], [ 5587452.881075809709728, 7534859.166144239716232 ], [ 5587449.678136699832976, 7534871.876690159551799 ], [ 5587478.261554080061615, 7534880.203028679825366 ], [ 5587472.299456310458481, 7534899.181403519585729 ], [ 5587333.226924790069461, 7534861.922820500098169 ] ] ] ] } },
{ "type": "Feature", "properties": { "type_zone": null, "name_by_doc": "для размещения промышленной площадки", "descr": "16:40:040119:65" }, "geometry": { "type": "MultiPolygon", "coordinates": [ [ [ [ 5587517.731693260371685, 7534891.715614460408688 ], [ 5587595.65708679985255, 7534643.637951299548149 ], [ 5587693.196200369857252, 7534674.815544039942324 ], [ 5587616.067717869766057, 7534920.386103100143373 ], [ 5587517.731693260371685, 7534891.715614460408688 ] ] ] ] } },
{ "type": "Feature", "properties": { "type_zone": null, "name_by_doc": "для размещения промышленной площадки", "descr": "16:40:040119:30" }, "geometry": { "type": "MultiPolygon", "coordinates": [ [ [ [ 5587610.460299249738455, 7534938.217820850200951 ], [ 5587703.413584630005062, 7534642.307371459901333 ], [ 5587843.108523570001125, 7534687.105935799889266 ], [ 5587751.714379210025072, 7534978.109072740189731 ], [ 5587610.460299249738455, 7534938.217820850200951 ] ] ] ] } },
{ "type": "Feature", "properties": { "type_zone": null, "name_by_doc": "для размещения промышленной площадки", "descr": "16:40:040119:68" }, "geometry": { "type": "MultiPolygon", "coordinates": [ [ [ [ 5587556.509288780391216, 7534631.122477870434523 ], [ 5587566.760672509670258, 7534598.489322819747031 ], [ 5587703.413584630005062, 7534642.307371459901333 ], [ 5587693.196200369857252, 7534674.815544039942324 ], [ 5587595.65708679985255, 7534643.637951299548149 ], [ 5587556.509288780391216, 7534631.122477870434523 ] ] ] ] } },
{ "type": "Feature", "properties": { "type_zone": null, "name_by_doc": "для размещения промышленной площадки", "descr": "16:40:040119:306" }, "geometry": { "type": "MultiPolygon", "coordinates": [ [ [ [ 5587787.943572039715946, 7534966.018926319666207 ], [ 5587789.609804379753768, 7534958.236277869902551 ], [ 5587760.057945529930294, 7534951.603010280057788 ], [ 5587836.996086159721017, 7534706.603618320077658 ], [ 5588240.957002650015056, 7534834.860034380108118 ], [ 5588167.17324380017817, 7535069.991734890267253 ], [ 5587787.943572039715946, 7534966.018926319666207 ] ] ] ] } },
{ "type": "Feature", "properties": { "type_zone": null, "name_by_doc": "для размещения промышленной площадки", "descr": "16:40:040119:69" }, "geometry": { "type": "MultiPolygon", "coordinates": [ [ [ [ 5587449.678136699832976, 7534871.876690159551799 ], [ 5587452.881075809709728, 7534859.166144239716232 ], [ 5587411.834021099843085, 7534846.948860780335963 ], [ 5587463.601447859779, 7534617.281430990435183 ], [ 5587495.297392790205777, 7534611.811415550298989 ], [ 5587556.509288780391216, 7534631.122477870434523 ], [ 5587595.65708679985255, 7534643.637951299548149 ], [ 5587517.731693260371685, 7534891.715614460408688 ], [ 5587478.261554080061615, 7534880.203028679825366 ], [ 5587449.678136699832976, 7534871.876690159551799 ] ] ] ] } },
{ "type": "Feature", "properties": { "type_zone": null, "name_by_doc": "Производственная деятельность", "descr": "16:40:040119:56" }, "geometry": { "type": "MultiPolygon", "coordinates": [ [ [ [ 5588646.553729630075395, 7534866.324909750372171 ], [ 5588671.189900879748166, 7534782.979146989993751 ], [ 5588751.799540859647095, 7534807.781593020074069 ], [ 5588767.47639887034893, 7534871.280783030204475 ], [ 5588817.814671889878809, 7534873.154318770393729 ], [ 5588805.957274589687586, 7534914.677395979873836 ], [ 5588646.553729630075395, 7534866.324909750372171 ] ] ] ] } },
{ "type": "Feature", "properties": { "type_zone": null, "name_by_doc": "для размещения промышленных теплиц", "descr": "16:40:040119:330" }, "geometry": { "type": "MultiPolygon", "coordinates": [ [ [ [ 5588331.647309130057693, 7534767.441549589857459 ], [ 5588397.572714029811323, 7534529.847727569751441 ], [ 5588455.678598060272634, 7534541.021959999576211 ], [ 5588510.77788836043328, 7534551.105815339833498 ], [ 5588565.851423329673707, 7534560.708430670201778 ], [ 5588622.288624050095677, 7534571.000594089739025 ], [ 5588635.038890420459211, 7534573.939744950272143 ], [ 5588550.477094399742782, 7534837.861264309845865 ], [ 5588331.647309130057693, 7534767.441549589857459 ] ] ] ] } },
{ "type": "Feature", "properties": { "type_zone": null, "name_by_doc": "для размещения промышленных теплиц", "descr": "16:40:040119:329" }, "geometry": { "type": "MultiPolygon", "coordinates": [ [ [ [ 5588192.911144609563053, 7534722.79560721013695 ], [ 5588263.406025709584355, 7534502.828004860319197 ], [ 5588279.21010775025934, 7534506.500452830456197 ], [ 5588337.460529150441289, 7534518.885244820266962 ], [ 5588396.787565399892628, 7534529.700574629940093 ], [ 5588397.572714029811323, 7534529.847727569751441 ], [ 5588331.647309130057693, 7534767.441549589857459 ], [ 5588192.911144609563053, 7534722.79560721013695 ] ] ] ] } },
{ "type": "Feature", "properties": { "type_zone": null, "name_by_doc": "для размещения промышленной площадки", "descr": "16:40:040119:309" }, "geometry": { "type": "MultiPolygon", "coordinates": [ [ [ [ 5587898.158800180070102, 7534636.996824979782104 ], [ 5587956.071757650002837, 7534438.47660202998668 ], [ 5588240.552083370275795, 7534512.55470447987318 ], [ 5588237.343089720234275, 7534524.819483839906752 ], [ 5588254.955269530415535, 7534529.174478969536722 ], [ 5588192.911144609563053, 7534722.79560721013695 ], [ 5587898.158800180070102, 7534636.996824979782104 ] ] ] ] } },
{ "type": "Feature", "properties": { "type_zone": null, "name_by_doc": "Производственная деятельность", "descr": "16:40:040119:55" }, "geometry": { "type": "MultiPolygon", "coordinates": [ [ [ [ 5587755.030397419817746, 7534591.080832259729505 ], [ 5587809.952580570243299, 7534402.827182359993458 ], [ 5587956.071757650002837, 7534438.47660202998668 ], [ 5587898.158800180070102, 7534636.996824979782104 ], [ 5587755.030397419817746, 7534591.080832259729505 ] ] ] ] } },
{ "type": "Feature", "properties": { "type_zone": null, "name_by_doc": "для размещения промышленной площадки", "descr": "16:40:040119:77" }, "geometry": { "type": "MultiPolygon", "coordinates": [ [ [ [ 5587671.090221949853003, 7534585.879565600305796 ], [ 5587720.741278789937496, 7534417.323271879926324 ], [ 5587798.917755650356412, 7534440.642422479577363 ], [ 5587749.731819240376353, 7534609.263219029642642 ], [ 5587671.090221949853003, 7534585.879565600305796 ] ] ] ] } },
{ "type": "Feature", "properties": { "type_zone": null, "name_by_doc": "Производственная деятельность", "descr": "16:40:040119:54" }, "geometry": { "type": "MultiPolygon", "coordinates": [ [ [ [ 5588582.358655960299075, 7535202.022410170175135 ], [ 5588649.329240329563618, 7534978.104107749648392 ], [ 5588779.563188130035996, 7535018.163458989933133 ], [ 5588713.167930469848216, 7535240.131152150221169 ], [ 5588582.358655960299075, 7535202.022410170175135 ] ] ] ] } },
{ "type": "Feature", "properties": { "type_zone": null, "name_by_doc": "для размещения промышленной площадки", "descr": "16:40:040119:328" }, "geometry": { "type": "MultiPolygon", "coordinates": [ [ [ [ 5588361.467609699815512, 7534803.76650722976774 ], [ 5588369.314096130430698, 7534779.568350340239704 ], [ 5588395.802384659647942, 7534788.087044860236347 ], [ 5588550.51296207960695, 7534837.878483390435576 ], [ 5588542.701653179712594, 7534862.022936989553273 ], [ 5588529.286998829804361, 7534857.686478129588068 ], [ 5588411.240424299612641, 7534819.628093680366874 ], [ 5588361.467609699815512, 7534803.76650722976774 ] ] ] ] } },
{ "type": "Feature", "properties": { "type_zone": null, "name_by_doc": "для размещения промышленной площадки", "descr": "16:40:040119:29" }, "geometry": { "type": "MultiPolygon", "coordinates": [ [ [ [ 5588802.910302179865539, 7535213.437030619941652 ], [ 5588684.92416372988373, 7535253.142554800026119 ], [ 5587202.71200564969331, 7534845.981463080272079 ], [ 5587207.740123249590397, 7534707.030881520360708 ], [ 5587303.803885320201516, 7534710.625739689916372 ], [ 5587425.18188427016139, 7534597.230606679804623 ], [ 5587601.087931790389121, 7534473.916959339752793 ], [ 5587755.859072100371122, 7534385.769701959565282 ], [ 5587865.864040019921958, 7534388.267118070274591 ], [ 5588249.629290180280805, 7534494.896610340103507 ], [ 5588455.575772729702294, 7534523.304960300214589 ], [ 5588629.67478539980948, 7534552.265362380072474 ], [ 5588798.45379452034831, 7534607.391401070170105 ], [ 5588821.578729479573667, 7534655.842120899818838 ], [ 5588740.553508399985731, 7534762.265711629763246 ], [ 5588751.799540859647095, 7534807.781593020074069 ], [ 5588671.189900879748166, 7534782.979146989993751 ], [ 5588646.553729630075395, 7534866.324909750372171 ], [ 5588805.957274589687586, 7534914.677395979873836 ], [ 5588817.814671889878809, 7534873.154318770393729 ], [ 5588863.471343340352178, 7534874.839589330367744 ], [ 5588929.121330220252275, 7534976.388477110303938 ], [ 5588881.39024624042213, 7535130.902426569722593 ], [ 5588802.910302179865539, 7535213.437030619941652 ] ], [ [ 5587703.413584630005062, 7534642.307371459901333 ], [ 5587566.760672509670258, 7534598.489322819747031 ], [ 5587403.246089889667928, 7534626.85100414045155 ], [ 5587333.226924790069461, 7534861.922820500098169 ], [ 5587472.299456310458481, 7534899.181403519585729 ], [ 5587610.460299249738455, 7534938.217820850200951 ], [ 5587751.714379210025072, 7534978.109072740189731 ], [ 5587843.108523570001125, 7534687.105935799889266 ], [ 5587703.413584630005062, 7534642.307371459901333 ] ], [ [ 5588167.17324380017817, 7535069.991734890267253 ], [ 5588240.957002650015056, 7534834.860034380108118 ], [ 5587836.996086159721017, 7534706.603618320077658 ], [ 5587760.057945529930294, 7534951.603010280057788 ], [ 5587789.609804379753768, 7534958.236277869902551 ], [ 5587787.943572039715946, 7534966.018926319666207 ], [ 5588167.17324380017817, 7535069.991734890267253 ] ], [ [ 5588550.51296207960695, 7534837.878483390435576 ], [ 5588550.477094399742782, 7534837.861264309845865 ], [ 5588635.038890420459211, 7534573.939744950272143 ], [ 5588622.288624050095677, 7534571.000594089739025 ], [ 5588565.851423329673707, 7534560.708430670201778 ], [ 5588510.77788836043328, 7534551.105815339833498 ], [ 5588455.678598060272634, 7534541.021959999576211 ], [ 5588396.787565399892628, 7534529.700574629940093 ], [ 5588337.460529150441289, 7534518.885244820266962 ], [ 5588279.21010775025934, 7534506.500452830456197 ], [ 5588263.406025709584355, 7534502.828004860319197 ], [ 5588192.911144609563053, 7534722.79560721013695 ], [ 5588369.314096130430698, 7534779.568350340239704 ], [ 5588361.467609699815512, 7534803.76650722976774 ], [ 5588411.240424299612641, 7534819.628093680366874 ], [ 5588529.286998829804361, 7534857.686478129588068 ], [ 5588542.701653179712594, 7534862.022936989553273 ], [ 5588550.51296207960695, 7534837.878483390435576 ] ], [ [ 5587671.090221949853003, 7534585.879565600305796 ], [ 5587749.731819240376353, 7534609.263219029642642 ], [ 5587755.030397419817746, 7534591.080832259729505 ], [ 5587898.158800180070102, 7534636.996824979782104 ], [ 5588192.911144609563053, 7534722.79560721013695 ], [ 5588254.955269530415535, 7534529.174478969536722 ], [ 5588237.343089720234275, 7534524.819483839906752 ], [ 5588240.552083370275795, 7534512.55470447987318 ], [ 5587956.071757650002837, 7534438.47660202998668 ], [ 5587809.952580570243299, 7534402.827182359993458 ], [ 5587798.917755650356412, 7534440.642422479577363 ], [ 5587720.741278789937496, 7534417.323271879926324 ], [ 5587671.090221949853003, 7534585.879565600305796 ] ], [ [ 5588713.167930469848216, 7535240.131152150221169 ], [ 5588779.563188130035996, 7535018.163458989933133 ], [ 5588649.329240329563618, 7534978.104107749648392 ], [ 5588582.358655960299075, 7535202.022410170175135 ], [ 5588713.167930469848216, 7535240.131152150221169 ] ] ] ] } },
{ "type": "Feature", "properties": { "type_zone": null, "name_by_doc": "Под промышленные предприятия", "descr": "16:40:040119:1" }, "geometry": { "type": "MultiPolygon", "coordinates": [ [ [ [ 5587196.268223759718239, 7534660.215905950404704 ], [ 5587181.018530869856477, 7534598.062967360019684 ], [ 5587178.319900220260024, 7534597.306016789749265 ], [ 5587166.8674376597628, 7534540.972414859570563 ], [ 5587212.459963579662144, 7534479.262747880071402 ], [ 5587348.955660929903388, 7534520.30822089035064 ], [ 5587311.733182420022786, 7534597.458416949957609 ], [ 5587300.398389110341668, 7534688.8459308501333 ], [ 5587196.268223759718239, 7534660.215905950404704 ] ] ] ] } },
{ "type": "Feature", "properties": { "type_zone": null, "name_by_doc": "Производственная деятельность", "descr": "16:35:000000:1741" }, "geometry": { "type": "MultiPolygon", "coordinates": [ [ [ [ 5615408.748611859977245, 7556200.007953279651701 ], [ 5615623.885892439633608, 7556188.793874939903617 ], [ 5615621.650630760006607, 7556145.668656759895384 ], [ 5615728.542275420390069, 7556139.706829790025949 ], [ 5615835.565856549888849, 7556134.098333469592035 ], [ 5615860.691554759629071, 7556132.796450559981167 ], [ 5615863.132685700431466, 7556176.328472419641912 ], [ 5616006.919220680370927, 7556168.837185770273209 ], [ 5616013.40875827986747, 7556296.913138410076499 ], [ 5616009.631424279883504, 7556297.13370556011796 ], [ 5615894.414532830007374, 7556330.532082930207253 ], [ 5615727.556787599809468, 7556382.488665309734643 ], [ 5615744.451446839608252, 7556424.492386600002646 ], [ 5615489.322536840103567, 7556500.992639879696071 ], [ 5615485.594051790423691, 7556487.857878210023046 ], [ 5615481.871385189704597, 7556473.257112730294466 ], [ 5615414.74323842022568, 7556223.696557279676199 ], [ 5615408.748611859977245, 7556200.007953279651701 ] ] ] ] } },
{ "type": "Feature", "properties": { "type_zone": null, "name_by_doc": "Производственная деятельность", "descr": "16:35:190508:38" }, "geometry": { "type": "MultiPolygon", "coordinates": [ [ [ [ 5615436.559860999695957, 7556134.369767529889941 ], [ 5615228.795426939614117, 7554979.616678570397198 ], [ 5615205.920291099697351, 7554875.668022160418332 ], [ 5615170.899797, 7554774.345825769938529 ], [ 5615003.418911349959671, 7554357.814340679906309 ], [ 5616046.969467139802873, 7553936.027959289960563 ], [ 5616077.981239940039814, 7554012.737400019541383 ], [ 5616091.731806149706244, 7554042.425088659860194 ], [ 5616151.472132099792361, 7554171.301939439959824 ], [ 5616166.719367910176516, 7554194.793633799999952 ], [ 5616182.892367630265653, 7554205.130653070285916 ], [ 5616194.48566337954253, 7554203.444778979755938 ], [ 5616236.205204560421407, 7554178.4604866001755 ], [ 5616573.123216699808836, 7554391.350461349822581 ], [ 5616610.764362719841301, 7555207.087531049735844 ], [ 5616396.861197530291975, 7555217.945289419963956 ], [ 5616183.010861179791391, 7555228.796009570360184 ], [ 5616013.669201550073922, 7555237.386559999547899 ], [ 5615960.03691824991256, 7555240.096146970055997 ], [ 5615853.093514650128782, 7555245.525485349819064 ], [ 5615746.185239950194955, 7555250.934741790406406 ], [ 5615637.245750850066543, 7555256.455610619857907 ], [ 5615532.297247109934688, 7555261.76813030987978 ], [ 5615425.317528430372477, 7555267.192260440438986 ], [ 5615324.164117259904742, 7555272.317067700438201 ], [ 5615353.034939910285175, 7555485.772352330386639 ], [ 5615360.630784359760582, 7555539.080192100256681 ], [ 5615369.72403633967042, 7555602.850322330370545 ], [ 5615391.033440209925175, 7555752.332639889791608 ], [ 5615421.457118229940534, 7555965.661934100091457 ], [ 5615427.895665000192821, 7556019.032446360215545 ], [ 5615436.912989069707692, 7556093.909014569595456 ], [ 5615436.762063319794834, 7556111.019467890262604 ], [ 5615436.559860999695957, 7556134.369767529889941 ] ] ] ] } },
{ "type": "Feature", "properties": { "type_zone": null, "name_by_doc": "Производственная деятельность", "descr": "16:35:190508:41" }, "geometry": { "type": "MultiPolygon", "coordinates": [ [ [ [ 5616413.935805919580162, 7555555.849158179946244 ], [ 5616396.861197530291975, 7555217.945289419963956 ], [ 5616610.764362719841301, 7555207.087531049735844 ], [ 5616626.369555380195379, 7555545.074465219862759 ], [ 5616520.829921499826014, 7555550.430721569806337 ], [ 5616413.935805919580162, 7555555.849158179946244 ] ] ] ] } },
{ "type": "Feature", "properties": { "type_zone": null, "name_by_doc": "Производственная деятельность", "descr": "16:35:190508:43" }, "geometry": { "type": "MultiPolygon", "coordinates": [ [ [ [ 5616030.727073489688337, 7555575.292286260053515 ], [ 5616013.669201550073922, 7555237.386559999547899 ], [ 5616183.010861179791391, 7555228.796009570360184 ], [ 5616200.076129379682243, 7555566.700915159657598 ], [ 5616030.727073489688337, 7555575.292286260053515 ] ] ] ] } },
{ "type": "Feature", "properties": { "type_zone": null, "name_by_doc": "Производственная деятельность", "descr": "16:35:190508:42" }, "geometry": { "type": "MultiPolygon", "coordinates": [ [ [ [ 5616200.076129379682243, 7555566.700915159657598 ], [ 5616183.010861179791391, 7555228.796009570360184 ], [ 5616396.861197530291975, 7555217.945289419963956 ], [ 5616413.935805919580162, 7555555.849158179946244 ], [ 5616306.970573480241001, 7555561.285445869900286 ], [ 5616200.076129379682243, 7555566.700915159657598 ] ] ] ] } },
{ "type": "Feature", "properties": { "type_zone": null, "name_by_doc": "Производственная деятельность", "descr": "16:35:190508:44" }, "geometry": { "type": "MultiPolygon", "coordinates": [ [ [ [ 5615863.910719959996641, 7555459.884767980314791 ], [ 5615853.093514650128782, 7555245.525485349819064 ], [ 5615960.03691824991256, 7555240.096146970055997 ], [ 5615970.85708665009588, 7555454.455100799910724 ], [ 5615863.910719959996641, 7555459.884767980314791 ] ] ] ] } },
{ "type": "Feature", "properties": { "type_zone": null, "name_by_doc": "Производственная деятельность", "descr": "16:35:190508:93" }, "geometry": { "type": "MultiPolygon", "coordinates": [ [ [ [ 5615543.123757709749043, 7555476.145899820141494 ], [ 5615532.297247109934688, 7555261.76813030987978 ], [ 5615637.245750850066543, 7555256.455610619857907 ], [ 5615646.470490500330925, 7555447.25363969989121 ], [ 5615647.629431679844856, 7555470.84218802023679 ], [ 5615543.123757709749043, 7555476.145899820141494 ] ] ] ] } },
{ "type": "Feature", "properties": { "type_zone": null, "name_by_doc": "Производственная деятельность", "descr": "16:35:190508:46" }, "geometry": { "type": "MultiPolygon", "coordinates": [ [ [ [ 5615646.470490500330925, 7555447.25363969989121 ], [ 5615637.245750850066543, 7555256.455610619857907 ], [ 5615746.185239950194955, 7555250.934741790406406 ], [ 5615756.999847799539566, 7555465.312219629995525 ], [ 5615690.732409290038049, 7555468.654331400059164 ], [ 5615689.573336689732969, 7555445.06579749006778 ], [ 5615646.470490500330925, 7555447.25363969989121 ] ] ] ] } },
{ "type": "Feature", "properties": { "type_zone": null, "name_by_doc": "Производственная деятельность", "descr": "16:35:190508:45" }, "geometry": { "type": "MultiPolygon", "coordinates": [ [ [ [ 5615756.999847799539566, 7555465.312219629995525 ], [ 5615746.185239950194955, 7555250.934741790406406 ], [ 5615853.093514650128782, 7555245.525485349819064 ], [ 5615863.910719959996641, 7555459.884767980314791 ], [ 5615756.999847799539566, 7555465.312219629995525 ] ] ] ] } },
{ "type": "Feature", "properties": { "type_zone": null, "name_by_doc": "Производственная деятельность", "descr": "16:35:190508:92" }, "geometry": { "type": "MultiPolygon", "coordinates": [ [ [ [ 5615436.140710709616542, 7555481.55249154008925 ], [ 5615425.317528430372477, 7555267.192260440438986 ], [ 5615532.297247109934688, 7555261.76813030987978 ], [ 5615543.123757709749043, 7555476.145899820141494 ], [ 5615436.140710709616542, 7555481.55249154008925 ] ] ] ] } },
{ "type": "Feature", "properties": { "type_zone": null, "name_by_doc": "Производственная деятельность", "descr": "16:35:190508:91" }, "geometry": { "type": "MultiPolygon", "coordinates": [ [ [ [ 5615353.034939910285175, 7555485.772352330386639 ], [ 5615324.164117259904742, 7555272.317067700438201 ], [ 5615425.317528430372477, 7555267.192260440438986 ], [ 5615436.140710709616542, 7555481.55249154008925 ], [ 5615353.034939910285175, 7555485.772352330386639 ] ] ] ] } },
{ "type": "Feature", "properties": { "type_zone": null, "name_by_doc": "Производственная деятельность", "descr": "16:35:190508:78" }, "geometry": { "type": "MultiPolygon", "coordinates": [ [ [ [ 5615391.033440209925175, 7555752.332639889791608 ], [ 5615369.72403633967042, 7555602.850322330370545 ], [ 5615559.776412789709866, 7555593.045340199954808 ], [ 5615567.39994051028043, 7555743.879699549637735 ], [ 5615494.242470580153167, 7555747.111012290231884 ], [ 5615391.033440209925175, 7555752.332639889791608 ] ] ] ] } },
{ "type": "Feature", "properties": { "type_zone": null, "name_by_doc": "Производственная деятельность", "descr": "16:35:190508:80" }, "geometry": { "type": "MultiPolygon", "coordinates": [ [ [ [ 5615567.39994051028043, 7555743.879699549637735 ], [ 5615559.776412789709866, 7555593.045340199954808 ], [ 5615556.511900610290468, 7555529.156177720054984 ], [ 5615648.563383679836988, 7555524.500614089891315 ], [ 5615649.721616170369089, 7555548.053662680089474 ], [ 5615692.825753649696708, 7555545.901503049768507 ], [ 5615702.285895830020308, 7555736.791171600110829 ], [ 5615601.14838204998523, 7555742.116175119765103 ], [ 5615567.39994051028043, 7555743.879699549637735 ] ] ] ] } },
{ "type": "Feature", "properties": { "type_zone": null, "name_by_doc": "Производственная деятельность", "descr": "16:35:000000:1241" }, "geometry": { "type": "MultiPolygon", "coordinates": [ [ [ [ 5616132.844467359595001, 7556653.714377010241151 ], [ 5616009.631424279883504, 7556297.13370556011796 ], [ 5616013.40875827986747, 7556296.913138410076499 ], [ 5616006.919220680370927, 7556168.837185770273209 ], [ 5616002.416919399984181, 7556079.495491419918835 ], [ 5615997.896901410073042, 7555990.155190509743989 ], [ 5615828.53901079017669, 7555998.778397119604051 ], [ 5615732.186975750140846, 7556003.631738339550793 ], [ 5615689.081022350117564, 7556005.820006749592721 ], [ 5615614.594025610014796, 7556009.580312970094383 ], [ 5615507.621833709999919, 7556015.005845310166478 ], [ 5615427.895665000192821, 7556019.032446360215545 ], [ 5615421.457118229940534, 7555965.661934100091457 ], [ 5615505.049443270079792, 7555961.431170499883592 ], [ 5615611.931741080246866, 7555956.007544259540737 ], [ 5615718.956884269602597, 7555950.597380120307207 ], [ 5615825.928006689995527, 7555945.168957879766822 ], [ 5615995.196301359683275, 7555936.583446149714291 ], [ 5615989.795589510351419, 7555829.458933530375361 ], [ 5615984.375750560313463, 7555722.26479324977845 ], [ 5615978.975732100196183, 7555615.161103039979935 ], [ 5615973.557317540049553, 7555508.023520859889686 ], [ 5615804.31987676024437, 7555516.786299089901149 ], [ 5615691.666660830378532, 7555522.312734260223806 ], [ 5615648.563383679836988, 7555524.500614089891315 ], [ 5615556.511900610290468, 7555529.156177720054984 ], [ 5615360.630784359760582, 7555539.080192100256681 ], [ 5615353.034939910285175, 7555485.772352330386639 ], [ 5615436.140710709616542, 7555481.55249154008925 ], [ 5615543.123757709749043, 7555476.145899820141494 ], [ 5615647.629431679844856, 7555470.84218802023679 ], [ 5615690.732409290038049, 7555468.654331400059164 ], [ 5615756.999847799539566, 7555465.312219629995525 ], [ 5615863.910719959996641, 7555459.884767980314791 ], [ 5615970.85708665009588, 7555454.455100799910724 ], [ 5615960.03691824991256, 7555240.096146970055997 ], [ 5616013.669201550073922, 7555237.386559999547899 ], [ 5616030.727073489688337, 7555575.292286260053515 ], [ 5616036.144876750186086, 7555682.359280769713223 ], [ 5616041.546110220253468, 7555789.481720349751413 ], [ 5616210.899854639545083, 7555780.889828849583864 ], [ 5616317.797258170321584, 7555775.474031220190227 ], [ 5616424.765451969578862, 7555770.037414429709315 ], [ 5616531.662526959553361, 7555764.61864927969873 ], [ 5616636.260453489609063, 7555759.29941479023546 ], [ 5616638.733272599987686, 7555812.856575599871576 ], [ 5616534.50869064964354, 7555818.150306429713964 ], [ 5616427.557751559652388, 7555823.588124640285969 ], [ 5616340.17186511028558, 7555828.014184189960361 ], [ 5616297.067097710445523, 7555830.205805899575353 ], [ 5616213.548031509853899, 7555834.443638159893453 ], [ 5616044.24660575017333, 7555843.034560039639473 ], [ 5616049.664454130455852, 7555950.087376059964299 ], [ 5616055.064270540140569, 7556057.124164910055697 ], [ 5616060.466077939607203, 7556164.251771880313754 ], [ 5616065.88661159016192, 7556271.416227670386434 ], [ 5616235.197412160225213, 7556262.824265110306442 ], [ 5616342.172800179570913, 7556257.406261909753084 ], [ 5616417.28513116016984, 7556253.590172019787133 ], [ 5616419.660602759569883, 7556252.861970109865069 ], [ 5616420.421603419817984, 7556253.436226479709148 ], [ 5616449.201151359826326, 7556251.967802990227938 ], [ 5616556.158012620173395, 7556246.529326629824936 ], [ 5616663.524827219545841, 7556241.080910080112517 ], [ 5616666.316417830064893, 7556294.509691899642348 ], [ 5616482.311824199743569, 7556304.253998659551144 ], [ 5616310.944337230175734, 7556312.625610999763012 ], [ 5616144.538337890058756, 7556321.123844919726253 ], [ 5616093.945924179628491, 7556323.682813390158117 ], [ 5616095.105294169858098, 7556347.220343220047653 ], [ 5616087.068034729920328, 7556347.617841799743474 ], [ 5616171.887023010291159, 7556600.996453230269253 ], [ 5616132.844467359595001, 7556653.714377010241151 ] ] ] ] } },
{ "type": "Feature", "properties": { "type_zone": null, "name_by_doc": "Производственная деятельность", "descr": "16:35:190508:85" }, "geometry": { "type": "MultiPolygon", "coordinates": [ [ [ [ 5616041.546110220253468, 7555789.481720349751413 ], [ 5616036.144876750186086, 7555682.359280769713223 ], [ 5616205.478446310386062, 7555673.76801585033536 ], [ 5616210.899854639545083, 7555780.889828849583864 ], [ 5616041.546110220253468, 7555789.481720349751413 ] ] ] ] } },
{ "type": "Feature", "properties": { "type_zone": null, "name_by_doc": "Производственная деятельность", "descr": "16:35:190508:86" }, "geometry": { "type": "MultiPolygon", "coordinates": [ [ [ [ 5616036.144876750186086, 7555682.359280769713223 ], [ 5616030.727073489688337, 7555575.292286260053515 ], [ 5616200.076129379682243, 7555566.700915159657598 ], [ 5616205.478446310386062, 7555673.76801585033536 ], [ 5616036.144876750186086, 7555682.359280769713223 ] ] ] ] } },
{ "type": "Feature", "properties": { "type_zone": null, "name_by_doc": "Производственная деятельность", "descr": "16:35:190508:87" }, "geometry": { "type": "MultiPolygon", "coordinates": [ [ [ [ 5616210.899854639545083, 7555780.889828849583864 ], [ 5616205.478446310386062, 7555673.76801585033536 ], [ 5616200.076129379682243, 7555566.700915159657598 ], [ 5616306.970573480241001, 7555561.285445869900286 ], [ 5616317.797258170321584, 7555775.474031220190227 ], [ 5616210.899854639545083, 7555780.889828849583864 ] ] ] ] } },
{ "type": "Feature", "properties": { "type_zone": null, "name_by_doc": "Производственная деятельность", "descr": "16:35:190508:88" }, "geometry": { "type": "MultiPolygon", "coordinates": [ [ [ [ 5616317.797258170321584, 7555775.474031220190227 ], [ 5616306.970573480241001, 7555561.285445869900286 ], [ 5616413.935805919580162, 7555555.849158179946244 ], [ 5616424.765451969578862, 7555770.037414429709315 ], [ 5616317.797258170321584, 7555775.474031220190227 ] ] ] ] } },
{ "type": "Feature", "properties": { "type_zone": null, "name_by_doc": "Производственная деятельность", "descr": "16:35:190508:89" }, "geometry": { "type": "MultiPolygon", "coordinates": [ [ [ [ 5616424.765451969578862, 7555770.037414429709315 ], [ 5616413.935805919580162, 7555555.849158179946244 ], [ 5616520.829921499826014, 7555550.430721569806337 ], [ 5616531.662526959553361, 7555764.61864927969873 ], [ 5616424.765451969578862, 7555770.037414429709315 ] ] ] ] } },
{ "type": "Feature", "properties": { "type_zone": null, "name_by_doc": "Производственная деятельность", "descr": "16:35:190508:90" }, "geometry": { "type": "MultiPolygon", "coordinates": [ [ [ [ 5616531.662526959553361, 7555764.61864927969873 ], [ 5616520.829921499826014, 7555550.430721569806337 ], [ 5616626.369555380195379, 7555545.074465219862759 ], [ 5616636.260453489609063, 7555759.29941479023546 ], [ 5616531.662526959553361, 7555764.61864927969873 ] ] ] ] } },
{ "type": "Feature", "properties": { "type_zone": null, "name_by_doc": "Производственная деятельность", "descr": "16:35:190508:71" }, "geometry": { "type": "MultiPolygon", "coordinates": [ [ [ [ 5616545.322458240203559, 7556032.256640169769526 ], [ 5616534.50869064964354, 7555818.150306429713964 ], [ 5616638.733272599987686, 7555812.856575599871576 ], [ 5616640.987057720310986, 7555861.824613899923861 ], [ 5616650.939621210098267, 7556026.880313199944794 ], [ 5616545.322458240203559, 7556032.256640169769526 ] ] ] ] } },
{ "type": "Feature", "properties": { "type_zone": null, "name_by_doc": "Производственная деятельность", "descr": "16:35:190508:69" }, "geometry": { "type": "MultiPolygon", "coordinates": [ [ [ [ 5616331.342806300148368, 7556043.115048379637301 ], [ 5616321.713495870120823, 7555852.579412399791181 ], [ 5616341.350826369598508, 7555851.603400549851358 ], [ 5616340.17186511028558, 7555828.014184189960361 ], [ 5616427.557751559652388, 7555823.588124640285969 ], [ 5616438.368192959576845, 7556037.676918850280344 ], [ 5616331.342806300148368, 7556043.115048379637301 ] ] ] ] } },
{ "type": "Feature", "properties": { "type_zone": null, "name_by_doc": "Производственная деятельность", "descr": "16:35:190508:67" }, "geometry": { "type": "MultiPolygon", "coordinates": [ [ [ [ 5616224.37038138974458, 7556048.53272289969027 ], [ 5616218.950392009690404, 7555941.496560480445623 ], [ 5616213.548031509853899, 7555834.443638159893453 ], [ 5616297.067097710445523, 7555830.205805899575353 ], [ 5616298.244829620234668, 7555853.741432920098305 ], [ 5616321.713495870120823, 7555852.579412399791181 ], [ 5616331.342806300148368, 7556043.115048379637301 ], [ 5616224.37038138974458, 7556048.53272289969027 ] ] ] ] } },
{ "type": "Feature", "properties": { "type_zone": null, "name_by_doc": "Производственная деятельность", "descr": "16:35:190508:66" }, "geometry": { "type": "MultiPolygon", "coordinates": [ [ [ [ 5616049.664454130455852, 7555950.087376059964299 ], [ 5616044.24660575017333, 7555843.034560039639473 ], [ 5616213.548031509853899, 7555834.443638159893453 ], [ 5616218.950392009690404, 7555941.496560480445623 ], [ 5616049.664454130455852, 7555950.087376059964299 ] ] ] ] } },
{ "type": "Feature", "properties": { "type_zone": null, "name_by_doc": "Производственная деятельность", "descr": "16:35:190508:65" }, "geometry": { "type": "MultiPolygon", "coordinates": [ [ [ [ 5616055.064270540140569, 7556057.124164910055697 ], [ 5616049.664454130455852, 7555950.087376059964299 ], [ 5616218.950392009690404, 7555941.496560480445623 ], [ 5616224.37038138974458, 7556048.53272289969027 ], [ 5616055.064270540140569, 7556057.124164910055697 ] ] ] ] } },
{ "type": "Feature", "properties": { "type_zone": null, "name_by_doc": "Производственная деятельность", "descr": "16:35:190508:60" }, "geometry": { "type": "MultiPolygon", "coordinates": [ [ [ [ 5616060.466077939607203, 7556164.251771880313754 ], [ 5616055.064270540140569, 7556057.124164910055697 ], [ 5616224.37038138974458, 7556048.53272289969027 ], [ 5616229.77489907015115, 7556155.677938490174711 ], [ 5616060.466077939607203, 7556164.251771880313754 ] ] ] ] } },
{ "type": "Feature", "properties": { "type_zone": null, "name_by_doc": "Производственная деятельность", "descr": "16:35:190508:59" }, "geometry": { "type": "MultiPolygon", "coordinates": [ [ [ [ 5616065.88661159016192, 7556271.416227670386434 ], [ 5616060.466077939607203, 7556164.251771880313754 ], [ 5616229.77489907015115, 7556155.677938490174711 ], [ 5616235.197412160225213, 7556262.824265110306442 ], [ 5616065.88661159016192, 7556271.416227670386434 ] ] ] ] } },
{ "type": "Feature", "properties": { "type_zone": null, "name_by_doc": "Производственная деятельность", "descr": "16:35:190508:61" }, "geometry": { "type": "MultiPolygon", "coordinates": [ [ [ [ 5616235.197412160225213, 7556262.824265110306442 ], [ 5616229.77489907015115, 7556155.677938490174711 ], [ 5616224.37038138974458, 7556048.53272289969027 ], [ 5616331.342806300148368, 7556043.115048379637301 ], [ 5616342.172800179570913, 7556257.406261909753084 ], [ 5616235.197412160225213, 7556262.824265110306442 ] ] ] ] } },
{ "type": "Feature", "properties": { "type_zone": null, "name_by_doc": "Производственная деятельность", "descr": "16:35:190508:62" }, "geometry": { "type": "MultiPolygon", "coordinates": [ [ [ [ 5616342.172800179570913, 7556257.406261909753084 ], [ 5616331.342806300148368, 7556043.115048379637301 ], [ 5616438.368192959576845, 7556037.676918850280344 ], [ 5616449.201151359826326, 7556251.967802990227938 ], [ 5616420.403772150166333, 7556253.436593540012836 ], [ 5616419.660602759569883, 7556252.861970109865069 ], [ 5616417.30296244006604, 7556253.589804969727993 ], [ 5616342.172800179570913, 7556257.406261909753084 ] ] ] ] } },
{ "type": "Feature", "properties": { "type_zone": null, "name_by_doc": "Производственная деятельность", "descr": "16:35:190508:64" }, "geometry": { "type": "MultiPolygon", "coordinates": [ [ [ [ 5616556.158012620173395, 7556246.529326629824936 ], [ 5616545.322458240203559, 7556032.256640169769526 ], [ 5616650.939621210098267, 7556026.880313199944794 ], [ 5616651.102726359851658, 7556029.611962839961052 ], [ 5616661.236700530163944, 7556197.402563160285354 ], [ 5616663.524827219545841, 7556241.080910080112517 ], [ 5616556.158012620173395, 7556246.529326629824936 ] ] ] ] } },
{ "type": "Feature", "properties": { "type_zone": null, "name_by_doc": "Производственная деятельность", "descr": "16:35:190508:63" }, "geometry": { "type": "MultiPolygon", "coordinates": [ [ [ [ 5616449.201151359826326, 7556251.967802990227938 ], [ 5616438.368192959576845, 7556037.676918850280344 ], [ 5616545.322458240203559, 7556032.256640169769526 ], [ 5616556.158012620173395, 7556246.529326629824936 ], [ 5616449.201151359826326, 7556251.967802990227938 ] ] ] ] } },
{ "type": "Feature", "properties": { "type_zone": null, "name_by_doc": "Производственная деятельность", "descr": "16:35:190508:68" }, "geometry": { "type": "MultiPolygon", "coordinates": [ [ [ [ 5616298.244829620234668, 7555853.741432920098305 ], [ 5616297.067097710445523, 7555830.205805899575353 ], [ 5616340.17186511028558, 7555828.014184189960361 ], [ 5616341.350826369598508, 7555851.603400549851358 ], [ 5616321.713495870120823, 7555852.579412399791181 ], [ 5616298.244829620234668, 7555853.741432920098305 ] ] ] ] } },
{ "type": "Feature", "properties": { "type_zone": null, "name_by_doc": "Производственная деятельность", "descr": "16:35:190508:70" }, "geometry": { "type": "MultiPolygon", "coordinates": [ [ [ [ 5616438.368192959576845, 7556037.676918850280344 ], [ 5616427.557751559652388, 7555823.588124640285969 ], [ 5616534.50869064964354, 7555818.150306429713964 ], [ 5616545.322458240203559, 7556032.256640169769526 ], [ 5616438.368192959576845, 7556037.676918850280344 ] ] ] ] } },
{ "type": "Feature", "properties": { "type_zone": null, "name_by_doc": "Производственная деятельность", "descr": "16:35:190508:57" }, "geometry": { "type": "MultiPolygon", "coordinates": [ [ [ [ 5616006.919220680370927, 7556168.837185770273209 ], [ 5615863.132685700431466, 7556176.328472419641912 ], [ 5615860.691554759629071, 7556132.796450559981167 ], [ 5615835.565856549888849, 7556134.098333469592035 ], [ 5615833.185903569683433, 7556088.312909619882703 ], [ 5616002.416919399984181, 7556079.495491419918835 ], [ 5616006.919220680370927, 7556168.837185770273209 ] ] ] ] } },
{ "type": "Feature", "properties": { "type_zone": null, "name_by_doc": "Производственная деятельность", "descr": "16:35:190508:54" }, "geometry": { "type": "MultiPolygon", "coordinates": [ [ [ [ 5615722.725323529914021, 7556027.743526119738817 ], [ 5615728.542275420390069, 7556139.706829790025949 ], [ 5615621.650630760006607, 7556145.668656759895384 ], [ 5615614.594025610014796, 7556009.580312970094383 ], [ 5615689.081022350117564, 7556005.820006749592721 ], [ 5615690.239099999889731, 7556029.356643320061266 ], [ 5615722.725323529914021, 7556027.743526119738817 ] ] ] ] } },
{ "type": "Feature", "properties": { "type_zone": null, "name_by_doc": "Производственная деятельность", "descr": "16:35:190508:52" }, "geometry": { "type": "MultiPolygon", "coordinates": [ [ [ [ 5615408.748611859977245, 7556200.007953279651701 ], [ 5615408.206393579952419, 7556197.909644880332053 ], [ 5615436.559860999695957, 7556134.369767529889941 ], [ 5615436.762063319794834, 7556111.019467890262604 ], [ 5615512.388412830419838, 7556107.094523279927671 ], [ 5615507.621833709999919, 7556015.005845310166478 ], [ 5615614.594025610014796, 7556009.580312970094383 ], [ 5615623.885892439633608, 7556188.793874939903617 ], [ 5615408.748611859977245, 7556200.007953279651701 ] ] ] ] } },
{ "type": "Feature", "properties": { "type_zone": null, "name_by_doc": "Производственная деятельность", "descr": "16:35:190508:53" }, "geometry": { "type": "MultiPolygon", "coordinates": [ [ [ [ 5615436.762063319794834, 7556111.019467890262604 ], [ 5615436.912989069707692, 7556093.909014569595456 ], [ 5615427.895665000192821, 7556019.032446360215545 ], [ 5615507.621833709999919, 7556015.005845310166478 ], [ 5615512.388412830419838, 7556107.094523279927671 ], [ 5615436.762063319794834, 7556111.019467890262604 ] ] ] ] } },
{ "type": "Feature", "properties": { "type_zone": null, "name_by_doc": "Производственная деятельность", "descr": "16:35:190508:55" }, "geometry": { "type": "MultiPolygon", "coordinates": [ [ [ [ 5615690.239099999889731, 7556029.356643320061266 ], [ 5615689.081022350117564, 7556005.820006749592721 ], [ 5615732.186975750140846, 7556003.631738339550793 ], [ 5615733.346278579905629, 7556027.221965719945729 ], [ 5615722.725323529914021, 7556027.743526119738817 ], [ 5615690.239099999889731, 7556029.356643320061266 ] ] ] ] } },
{ "type": "Feature", "properties": { "type_zone": null, "name_by_doc": "Производственная деятельность", "descr": "16:35:190508:56" }, "geometry": { "type": "MultiPolygon", "coordinates": [ [ [ [ 5615833.185903569683433, 7556088.312909619882703 ], [ 5615835.565856549888849, 7556134.098333469592035 ], [ 5615728.542275420390069, 7556139.706829790025949 ], [ 5615722.725323529914021, 7556027.743526119738817 ], [ 5615733.346278579905629, 7556027.221965719945729 ], [ 5615732.186975750140846, 7556003.631738339550793 ], [ 5615828.53901079017669, 7555998.778397119604051 ], [ 5615833.185903569683433, 7556088.312909619882703 ] ] ] ] } },
{ "type": "Feature", "properties": { "type_zone": null, "name_by_doc": "Производственная деятельность", "descr": "16:35:190508:58" }, "geometry": { "type": "MultiPolygon", "coordinates": [ [ [ [ 5615833.185903569683433, 7556088.312909619882703 ], [ 5615828.53901079017669, 7555998.778397119604051 ], [ 5615997.896901410073042, 7555990.155190509743989 ], [ 5616002.416919399984181, 7556079.495491419918835 ], [ 5615833.185903569683433, 7556088.312909619882703 ] ] ] ] } },
{ "type": "Feature", "properties": { "type_zone": null, "name_by_doc": "Производственная деятельность", "descr": "16:35:190508:76" }, "geometry": { "type": "MultiPolygon", "coordinates": [ [ [ [ 5615825.928006689995527, 7555945.168957879766822 ], [ 5615820.529638630338013, 7555838.044185450300574 ], [ 5615989.795589510351419, 7555829.458933530375361 ], [ 5615995.196301359683275, 7555936.583446149714291 ], [ 5615825.928006689995527, 7555945.168957879766822 ] ] ] ] } },
{ "type": "Feature", "properties": { "type_zone": null, "name_by_doc": "Производственная деятельность", "descr": "16:35:190508:75" }, "geometry": { "type": "MultiPolygon", "coordinates": [ [ [ [ 5615718.956884269602597, 7555950.597380120307207 ], [ 5615708.147996420040727, 7555736.474423400126398 ], [ 5615815.129975049756467, 7555730.849419250153005 ], [ 5615820.529638630338013, 7555838.044185450300574 ], [ 5615825.928006689995527, 7555945.168957879766822 ], [ 5615718.956884269602597, 7555950.597380120307207 ] ] ] ] } },
{ "type": "Feature", "properties": { "type_zone": null, "name_by_doc": "Производственная деятельность", "descr": "16:35:190508:74" }, "geometry": { "type": "MultiPolygon", "coordinates": [ [ [ [ 5615611.931741080246866, 7555956.007544259540737 ], [ 5615601.14838204998523, 7555742.116175119765103 ], [ 5615702.285895830020308, 7555736.791171600110829 ], [ 5615708.147996420040727, 7555736.474423400126398 ], [ 5615718.956884269602597, 7555950.597380120307207 ], [ 5615611.931741080246866, 7555956.007544259540737 ] ] ] ] } },
{ "type": "Feature", "properties": { "type_zone": null, "name_by_doc": "Производственная деятельность", "descr": "16:35:190508:73" }, "geometry": { "type": "MultiPolygon", "coordinates": [ [ [ [ 5615505.049443270079792, 7555961.431170499883592 ], [ 5615494.242470580153167, 7555747.111012290231884 ], [ 5615567.39994051028043, 7555743.879699549637735 ], [ 5615601.14838204998523, 7555742.116175119765103 ], [ 5615611.931741080246866, 7555956.007544259540737 ], [ 5615505.049443270079792, 7555961.431170499883592 ] ] ] ] } },
{ "type": "Feature", "properties": { "type_zone": null, "name_by_doc": "Производственная деятельность", "descr": "16:35:190508:72" }, "geometry": { "type": "MultiPolygon", "coordinates": [ [ [ [ 5615421.457118229940534, 7555965.661934100091457 ], [ 5615391.033440209925175, 7555752.332639889791608 ], [ 5615494.242470580153167, 7555747.111012290231884 ], [ 5615505.049443270079792, 7555961.431170499883592 ], [ 5615421.457118229940534, 7555965.661934100091457 ] ] ] ] } },
{ "type": "Feature", "properties": { "type_zone": null, "name_by_doc": "Производственная деятельность", "descr": "16:35:190508:79" }, "geometry": { "type": "MultiPolygon", "coordinates": [ [ [ [ 5615369.72403633967042, 7555602.850322330370545 ], [ 5615360.630784359760582, 7555539.080192100256681 ], [ 5615556.511900610290468, 7555529.156177720054984 ], [ 5615559.776412789709866, 7555593.045340199954808 ], [ 5615369.72403633967042, 7555602.850322330370545 ] ] ] ] } },
{ "type": "Feature", "properties": { "type_zone": null, "name_by_doc": "Производственная деятельность", "descr": "16:35:190508:81" }, "geometry": { "type": "MultiPolygon", "coordinates": [ [ [ [ 5615649.721616170369089, 7555548.053662680089474 ], [ 5615648.563383679836988, 7555524.500614089891315 ], [ 5615691.666660830378532, 7555522.312734260223806 ], [ 5615692.825753649696708, 7555545.901503049768507 ], [ 5615649.721616170369089, 7555548.053662680089474 ] ] ] ] } },
{ "type": "Feature", "properties": { "type_zone": null, "name_by_doc": "Производственная деятельность", "descr": "16:35:190508:82" }, "geometry": { "type": "MultiPolygon", "coordinates": [ [ [ [ 5615702.285895830020308, 7555736.791171600110829 ], [ 5615692.825753649696708, 7555545.901503049768507 ], [ 5615691.666660830378532, 7555522.312734260223806 ], [ 5615804.31987676024437, 7555516.786299089901149 ], [ 5615809.71446974016726, 7555623.745834900066257 ], [ 5615815.129975049756467, 7555730.849419250153005 ], [ 5615708.147996420040727, 7555736.474423400126398 ], [ 5615702.285895830020308, 7555736.791171600110829 ] ] ] ] } },
{ "type": "Feature", "properties": { "type_zone": null, "name_by_doc": "Производственная деятельность", "descr": "16:35:190508:83" }, "geometry": { "type": "MultiPolygon", "coordinates": [ [ [ [ 5615815.129975049756467, 7555730.849419250153005 ], [ 5615809.71446974016726, 7555623.745834900066257 ], [ 5615978.975732100196183, 7555615.161103039979935 ], [ 5615984.375750560313463, 7555722.26479324977845 ], [ 5615815.129975049756467, 7555730.849419250153005 ] ] ] ] } },
{ "type": "Feature", "properties": { "type_zone": null, "name_by_doc": "Производственная деятельность", "descr": "16:35:190508:84" }, "geometry": { "type": "MultiPolygon", "coordinates": [ [ [ [ 5615809.71446974016726, 7555623.745834900066257 ], [ 5615804.31987676024437, 7555516.786299089901149 ], [ 5615973.557317540049553, 7555508.023520859889686 ], [ 5615978.975732100196183, 7555615.161103039979935 ], [ 5615809.71446974016726, 7555623.745834900066257 ] ] ] ] } },
{ "type": "Feature", "properties": { "type_zone": null, "name_by_doc": "Производственная деятельность", "descr": "16:35:190508:332" }, "geometry": { "type": "MultiPolygon", "coordinates": [ [ [ [ 5615956.200033320114017, 7555765.404020059853792 ], [ 5615954.101443259976804, 7555723.815697959624231 ], [ 5615984.375750560313463, 7555722.26479324977845 ], [ 5615986.474503350444138, 7555763.853097230195999 ], [ 5615956.200033320114017, 7555765.404020059853792 ] ] ] ] } },
{ "type": "Feature", "properties": { "type_zone": null, "name_by_doc": "Производственная деятельность", "descr": "16:35:190508:77" }, "geometry": { "type": "MultiPolygon", "coordinates": [ [ [ [ 5615989.795589510351419, 7555829.458933530375361 ], [ 5615820.529638630338013, 7555838.044185450300574 ], [ 5615815.129975049756467, 7555730.849419250153005 ], [ 5615984.375750560313463, 7555722.26479324977845 ], [ 5615989.795589510351419, 7555829.458933530375361 ] ], [ [ 5615984.375750560313463, 7555722.26479324977845 ], [ 5615954.101443259976804, 7555723.815697959624231 ], [ 5615956.200033320114017, 7555765.404020059853792 ], [ 5615986.474503350444138, 7555763.853097230195999 ], [ 5615984.375750560313463, 7555722.26479324977845 ] ] ] ] } },
{ "type": "Feature", "properties": { "type_zone": null, "name_by_doc": "Производственная деятельность", "descr": "16:35:190508:47" }, "geometry": { "type": "MultiPolygon", "coordinates": [ [ [ [ 5615647.629431679844856, 7555470.84218802023679 ], [ 5615646.470490500330925, 7555447.25363969989121 ], [ 5615689.573336689732969, 7555445.06579749006778 ], [ 5615690.732409290038049, 7555468.654331400059164 ], [ 5615647.629431679844856, 7555470.84218802023679 ] ] ] ] } },
{ "type": "Feature", "properties": { "type_zone": null, "name_by_doc": "Производственная деятельность", "descr": "16:35:000000:1242" }, "geometry": { "type": "MultiPolygon", "coordinates": [ [ [ [ 5616171.887023010291159, 7556600.996453230269253 ], [ 5616087.068034729920328, 7556347.617841799743474 ], [ 5616095.105294169858098, 7556347.220343220047653 ], [ 5616145.698958789929748, 7556344.714965189807117 ], [ 5616147.522103750146925, 7556381.503411459736526 ], [ 5616292.378473260439932, 7556374.681824170053005 ], [ 5616312.518934610299766, 7556345.950921970419586 ], [ 5616311.767767350189388, 7556330.181334460154176 ], [ 5616351.627073439769447, 7556360.126950520090759 ], [ 5616212.976881519891322, 7556545.483524589799345 ], [ 5616171.887023010291159, 7556600.996453230269253 ] ] ] ] } },
{ "type": "Feature", "properties": { "type_zone": null, "name_by_doc": "Производственная деятельность", "descr": "16:35:190508:49" }, "geometry": { "type": "MultiPolygon", "coordinates": [ [ [ [ 5616147.522103750146925, 7556381.503411459736526 ], [ 5616145.698958789929748, 7556344.714965189807117 ], [ 5616144.538337890058756, 7556321.123844919726253 ], [ 5616310.944337230175734, 7556312.625610999763012 ], [ 5616312.518934610299766, 7556345.950921970419586 ], [ 5616292.378473260439932, 7556374.681824170053005 ], [ 5616147.522103750146925, 7556381.503411459736526 ] ] ] ] } },
{ "type": "Feature", "properties": { "type_zone": null, "name_by_doc": "Производственная деятельность", "descr": "16:35:190508:97" }, "geometry": { "type": "MultiPolygon", "coordinates": [ [ [ [ 5616397.899511110037565, 7556398.324673539958894 ], [ 5616482.311824199743569, 7556304.253998659551144 ], [ 5616520.849702450446784, 7556337.58665500022471 ], [ 5616571.972710450179875, 7556416.531668440438807 ], [ 5616524.723395530134439, 7556468.168082229793072 ], [ 5616648.423993719741702, 7556569.985079299658537 ], [ 5616642.15919363964349, 7556579.392470579594374 ], [ 5616625.117164650000632, 7556567.837575069628656 ], [ 5616562.526102170348167, 7556525.614604989998043 ], [ 5616511.587022019550204, 7556492.197112360037863 ], [ 5616397.899511110037565, 7556398.324673539958894 ] ] ] ] } },
{ "type": "Feature", "properties": { "type_zone": null, "name_by_doc": "для размещения производственных объектов", "descr": "16:35:140118:13" }, "geometry": { "type": "MultiPolygon", "coordinates": [ [ [ [ 5616286.268706169910729, 7556615.520814809948206 ], [ 5616212.976881519891322, 7556545.483524589799345 ], [ 5616351.627073439769447, 7556360.126950520090759 ], [ 5616467.200569789856672, 7556455.551806160248816 ], [ 5616365.407714379951358, 7556597.356253379955888 ], [ 5616333.528535359539092, 7556566.888055100105703 ], [ 5616286.268706169910729, 7556615.520814809948206 ] ], [ [ 5616307.789744489826262, 7556555.743803679943085 ], [ 5616309.267498020082712, 7556554.730164499953389 ], [ 5616308.239257830195129, 7556553.3032710198313 ], [ 5616306.778970370069146, 7556554.298673420213163 ], [ 5616307.789744489826262, 7556555.743803679943085 ] ] ] ] } },
{ "type": "Feature", "properties": { "type_zone": null, "name_by_doc": "для размещения производственных объектов", "descr": "16:35:140118:167" }, "geometry": { "type": "MultiPolygon", "coordinates": [ [ [ [ 5616325.480343859642744, 7556652.971604770049453 ], [ 5616286.268706169910729, 7556615.520814809948206 ], [ 5616333.528535359539092, 7556566.888055100105703 ], [ 5616365.407714379951358, 7556597.356253379955888 ], [ 5616325.480343859642744, 7556652.971604770049453 ] ] ] ] } },
{ "type": "Feature", "properties": { "type_zone": null, "name_by_doc": "Производственная деятельность", "descr": "16:35:190508:95" }, "geometry": { "type": "MultiPolygon", "coordinates": [ [ [ [ 5616668.809677430428565, 7556539.334605379961431 ], [ 5616632.028816499747336, 7556496.079614040441811 ], [ 5616571.972710450179875, 7556416.531668440438807 ], [ 5616520.849702450446784, 7556337.58665500022471 ], [ 5616482.311824199743569, 7556304.253998659551144 ], [ 5616666.316417830064893, 7556294.509691899642348 ], [ 5616678.333102609962225, 7556524.425429049879313 ], [ 5616668.809677430428565, 7556539.334605379961431 ] ] ] ] } },
{ "type": "Feature", "properties": { "type_zone": null, "name_by_doc": "Производственная деятельность", "descr": "16:35:190508:94" }, "geometry": { "type": "MultiPolygon", "coordinates": [ [ [ [ 5616397.899511110037565, 7556398.324673539958894 ], [ 5616351.627073439769447, 7556360.126950520090759 ], [ 5616311.767767350189388, 7556330.181334460154176 ], [ 5616310.944337230175734, 7556312.625610999763012 ], [ 5616482.311824199743569, 7556304.253998659551144 ], [ 5616397.899511110037565, 7556398.324673539958894 ] ] ] ] } },
{ "type": "Feature", "properties": { "type_zone": null, "name_by_doc": "Производственная деятельность", "descr": "16:35:190508:48" }, "geometry": { "type": "MultiPolygon", "coordinates": [ [ [ [ 5616095.105294169858098, 7556347.220343220047653 ], [ 5616093.945924179628491, 7556323.682813390158117 ], [ 5616144.538337890058756, 7556321.123844919726253 ], [ 5616145.698958789929748, 7556344.714965189807117 ], [ 5616095.105294169858098, 7556347.220343220047653 ] ] ] ] } },
{ "type": "Feature", "properties": { "type_zone": null, "name_by_doc": "Производственная деятельность", "descr": "16:35:190508:26" }, "geometry": { "type": "MultiPolygon", "coordinates": [ [ [ [ 5616524.723395530134439, 7556468.168082229793072 ], [ 5616571.972710450179875, 7556416.531668440438807 ], [ 5616632.028816499747336, 7556496.079614040441811 ], [ 5616668.809677430428565, 7556539.334605379961431 ], [ 5616648.423993719741702, 7556569.985079299658537 ], [ 5616524.723395530134439, 7556468.168082229793072 ] ] ] ] } },
{ "type": "Feature", "properties": { "type_zone": null, "name_by_doc": "для сельскохозяйственного производства", "descr": "16:35:140118:12" }, "geometry": { "type": "MultiPolygon", "coordinates": [ [ [ [ 5616664.860418160445988, 7556620.68564475979656 ], [ 5616515.989740920253098, 7556839.052429160103202 ], [ 5616510.797405179589987, 7556840.750500939786434 ], [ 5616455.312959260307252, 7556787.598541970364749 ], [ 5616463.077671719714999, 7556779.107683889567852 ], [ 5616416.389568369835615, 7556735.553743160329759 ], [ 5616408.691299499943852, 7556742.934730920009315 ], [ 5616354.594055339694023, 7556680.797597089782357 ], [ 5616498.892770149745047, 7556503.864078059792519 ], [ 5616552.274039479903877, 7556541.539765490218997 ], [ 5616558.8729596901685, 7556531.893208759836853 ], [ 5616596.970135919749737, 7556562.804269730113447 ], [ 5616622.150037280283868, 7556583.201580819673836 ], [ 5616644.808862620033324, 7556601.577078229747713 ], [ 5616642.643315410241485, 7556604.714479429647326 ], [ 5616664.860418160445988, 7556620.68564475979656 ] ] ] ] } },
{ "type": "Feature", "properties": { "type_zone": null, "name_by_doc": "Для размещения производственных объектов", "descr": "16:35:140118:395" }, "geometry": { "type": "MultiPolygon", "coordinates": [ [ [ [ 5616325.480343859642744, 7556652.971604770049453 ], [ 5616365.407714379951358, 7556597.356253379955888 ], [ 5616467.200569789856672, 7556455.551806160248816 ], [ 5616511.587022019550204, 7556492.197112360037863 ], [ 5616498.892770149745047, 7556503.864078059792519 ], [ 5616374.519814199768007, 7556656.360380309633911 ], [ 5616374.247570459730923, 7556656.133577530272305 ], [ 5616362.565673439763486, 7556644.968241619877517 ], [ 5616346.615865970030427, 7556646.655114189721644 ], [ 5616333.395876520313323, 7556660.549641580320895 ], [ 5616325.480343859642744, 7556652.971604770049453 ] ] ] ] } },
{ "type": "Feature", "properties": { "type_zone": null, "name_by_doc": "Для размещения производственных объектов", "descr": "16:35:140118:173" }, "geometry": { "type": "MultiPolygon", "coordinates": [ [ [ [ 5616354.594055339694023, 7556680.797597089782357 ], [ 5616333.395876520313323, 7556660.549641580320895 ], [ 5616346.615865970030427, 7556646.655114189721644 ], [ 5616362.565673439763486, 7556644.968241619877517 ], [ 5616374.247570459730923, 7556656.133577530272305 ], [ 5616374.519814199768007, 7556656.360380309633911 ], [ 5616354.594055339694023, 7556680.797597089782357 ] ] ] ] } },
{ "type": "Feature", "properties": { "type_zone": null, "name_by_doc": "Под производственными объектами", "descr": "16:35:140118:402" }, "geometry": { "type": "MultiPolygon", "coordinates": [ [ [ [ 5615623.92796320002526, 7556895.848459309898317 ], [ 5615584.053344789892435, 7556778.528978000395 ], [ 5615582.761297410354018, 7556774.658118650317192 ], [ 5615579.491771009750664, 7556775.297149090096354 ], [ 5615576.366127920337021, 7556766.368724959902465 ], [ 5615578.861565359868109, 7556765.387995350174606 ], [ 5615577.843590400181711, 7556762.709326599724591 ], [ 5615573.35314956959337, 7556750.716046609915793 ], [ 5615570.673740779981017, 7556743.548386209644377 ], [ 5615557.732108449563384, 7556744.045760399661958 ], [ 5615547.928012499585748, 7556714.677112040109932 ], [ 5615559.393360859714448, 7556707.398674270138144 ], [ 5615489.326906549744308, 7556501.207073950208724 ], [ 5615489.322536840103567, 7556500.992639879696071 ], [ 5615645.425543859601021, 7556454.194807220250368 ], [ 5615645.654949610121548, 7556458.444800239987671 ], [ 5615657.986898300237954, 7556457.816765749827027 ], [ 5615660.180608949624002, 7556500.640658680349588 ], [ 5615711.718349950388074, 7556498.011502239853144 ], [ 5615708.511491510085762, 7556435.275727320462465 ], [ 5615744.451446839608252, 7556424.492386600002646 ], [ 5615732.405339349992573, 7556394.545452049933374 ], [ 5615740.994720919989049, 7556394.101253179833293 ], [ 5615740.195963120087981, 7556378.564896919764578 ], [ 5615894.414532830007374, 7556330.532082930207253 ], [ 5615903.000191889703274, 7556363.08800629992038 ], [ 5615893.645421469584107, 7556367.105542480014265 ], [ 5615895.097171460278332, 7556374.42306767962873 ], [ 5615910.390063189901412, 7556389.501126240007579 ], [ 5615996.335729530081153, 7556700.871920020319521 ], [ 5616021.339563920162618, 7556713.587855559773743 ], [ 5616038.075779650360346, 7556760.816255809739232 ], [ 5615984.372595280408859, 7556778.902614859864116 ], [ 5615835.670644249767065, 7556829.293909950181842 ], [ 5615793.941439909860492, 7556842.342257319949567 ], [ 5615746.490062720142305, 7556857.366982200182974 ], [ 5615708.670262630097568, 7556869.673295300453901 ], [ 5615707.056964330375195, 7556870.171179540455341 ], [ 5615700.268957969732583, 7556872.366230360232294 ], [ 5615638.043780650012195, 7556891.679829900152981 ], [ 5615623.92796320002526, 7556895.848459309898317 ] ], [ [ 5615661.349271539598703, 7556845.631872120313346 ], [ 5615665.117042220197618, 7556844.928960369899869 ], [ 5615661.017882689833641, 7556829.387796550057828 ], [ 5615665.535679169930518, 7556827.847145400010049 ], [ 5615665.009751159697771, 7556826.552846999838948 ], [ 5615657.465538750402629, 7556829.281794260255992 ], [ 5615661.349271539598703, 7556845.631872120313346 ] ], [ [ 5615608.272635130211711, 7556706.433554059825838 ], [ 5615618.001353920437396, 7556702.354904759675264 ], [ 5615614.095446939580142, 7556693.657089309766889 ], [ 5615604.402401690371335, 7556697.734998609870672 ], [ 5615608.272635130211711, 7556706.433554059825838 ] ], [ [ 5615914.069645750336349, 7556600.141279960051179 ], [ 5615923.670805839821696, 7556597.691737620159984 ], [ 5615922.152889270335436, 7556592.377607570029795 ], [ 5615912.674369170330465, 7556594.717366830445826 ], [ 5615914.069645750336349, 7556600.141279960051179 ] ] ] ] } },
{ "type": "Feature", "properties": { "type_zone": null, "name_by_doc": "Под производственными объектами", "descr": "16:35:140118:22" }, "geometry": { "type": "MultiPolygon", "coordinates": [ [ [ [ 5615903.000191889703274, 7556363.08800629992038 ], [ 5615894.414532830007374, 7556330.532082930207253 ], [ 5616009.631424279883504, 7556297.13370556011796 ], [ 5616142.036191719584167, 7556680.949367590248585 ], [ 5616089.927230739966035, 7556696.697339209727943 ], [ 5616085.612017040140927, 7556695.051872880198061 ], [ 5616021.339563920162618, 7556713.587855559773743 ], [ 5615996.335729530081153, 7556700.871920020319521 ], [ 5615910.390063189901412, 7556389.501126240007579 ], [ 5615895.097171460278332, 7556374.42306767962873 ], [ 5615893.645421469584107, 7556367.105542480014265 ], [ 5615903.000191889703274, 7556363.08800629992038 ] ] ] ] } },
{ "type": "Feature", "properties": { "type_zone": null, "name_by_doc": "Производственная деятельность", "descr": "16:23:000000:1533" }, "geometry": { "type": "MultiPolygon", "coordinates": [ [ [ [ 5671338.358957709744573, 7596333.754261240363121 ], [ 5671079.496355360373855, 7596103.530082060024142 ], [ 5670918.541559330187738, 7595946.331446640193462 ], [ 5670935.968317659571767, 7595902.120118699967861 ], [ 5670902.641969709657133, 7595887.002185029909015 ], [ 5670941.497875260189176, 7595786.947279520332813 ], [ 5671503.56341752037406, 7596015.003205129876733 ], [ 5671378.311349329538643, 7596329.066728940233588 ], [ 5671338.358957709744573, 7596333.754261240363121 ] ] ] ] } },
{ "type": "Feature", "properties": { "type_zone": null, "name_by_doc": "Производственная деятельность", "descr": "16:23:000000:1535" }, "geometry": { "type": "MultiPolygon", "coordinates": [ [ [ [ 5671459.074938340112567, 7596265.044816450215876 ], [ 5671449.201450989581645, 7596257.791489229537547 ], [ 5671397.433250140398741, 7596391.306254330091178 ], [ 5671397.507296290248632, 7596409.401828610338271 ], [ 5671621.141538090072572, 7596609.563648070208728 ], [ 5671638.125170139595866, 7596589.993474669754505 ], [ 5671658.31951585970819, 7596608.065180690027773 ], [ 5671640.62195045966655, 7596629.708614120259881 ], [ 5671660.503131420351565, 7596646.032458989880979 ], [ 5671787.634759560227394, 7596760.720370169728994 ], [ 5671832.52849559020251, 7596755.514983000233769 ], [ 5672036.689594199880958, 7596461.749543500132859 ], [ 5672088.23289155960083, 7596519.681930939666927 ], [ 5672084.092378869652748, 7596705.345576670020819 ], [ 5672047.984912469983101, 7596728.94727970007807 ], [ 5671988.410112029872835, 7596710.922423950396478 ], [ 5671907.755711439996958, 7596712.99679609015584 ], [ 5671889.482625730335712, 7596739.357995820231736 ], [ 5671880.112833290360868, 7596780.019243160262704 ], [ 5671846.300716659985483, 7596816.145186180248857 ], [ 5671788.674337400123477, 7596833.962611479684711 ], [ 5671592.167782009579241, 7596644.72172879986465 ], [ 5671261.655692559666932, 7596362.998600959777832 ], [ 5671225.617564870044589, 7596329.762024659663439 ], [ 5670922.106195519678295, 7596049.899871120229363 ], [ 5670724.531088000163436, 7595904.766656369902194 ], [ 5670516.28288416005671, 7595725.323729709722102 ], [ 5670314.661413899622858, 7595548.068942249752581 ], [ 5670324.166356179863214, 7595525.312913220375776 ], [ 5671593.576519570313394, 7596005.678198699839413 ], [ 5671590.232413769699633, 7596014.24997630994767 ], [ 5671584.589774480089545, 7596028.750813449732959 ], [ 5671560.265082060359418, 7596019.185722040012479 ], [ 5671459.074938340112567, 7596265.044816450215876 ] ], [ [ 5670823.725234130397439, 7595863.596635550260544 ], [ 5670861.750054529868066, 7595762.864458849653602 ], [ 5670649.0717932600528, 7595678.744173020124435 ], [ 5670654.74471462983638, 7595666.958156740292907 ], [ 5670506.213138139806688, 7595606.060747190378606 ], [ 5670491.948795500211418, 7595646.331081479787827 ], [ 5670499.316769350320101, 7595659.977378980256617 ], [ 5670823.725234130397439, 7595863.596635550260544 ] ], [ [ 5670937.928113459609449, 7595796.143811110407114 ], [ 5670868.40983568970114, 7595765.772966110147536 ], [ 5670830.045116679742932, 7595867.595831570215523 ], [ 5670894.146028339862823, 7595908.392489950172603 ], [ 5670928.230134500190616, 7595821.000498929992318 ], [ 5670928.265701680444181, 7595821.019030059687793 ], [ 5670902.641969709657133, 7595887.002185029909015 ], [ 5670935.968317659571767, 7595902.120118699967861 ], [ 5670918.541559330187738, 7595946.331446640193462 ], [ 5671079.496355360373855, 7596103.530082060024142 ], [ 5671338.358957709744573, 7596333.754261240363121 ], [ 5671378.311349329538643, 7596329.066728940233588 ], [ 5671503.56341752037406, 7596015.003205129876733 ], [ 5670941.497875260189176, 7595786.947279520332813 ], [ 5670937.928113459609449, 7595796.143811110407114 ] ] ] ] } },
{ "type": "Feature", "properties": { "type_zone": null, "name_by_doc": "производственная деятельность", "descr": "16:23:000000:1611" }, "geometry": { "type": "MultiPolygon", "coordinates": [ [ [ [ 5670894.146028339862823, 7595908.392489950172603 ], [ 5670830.045116679742932, 7595867.595831570215523 ], [ 5670868.40983568970114, 7595765.772966110147536 ], [ 5670937.928113459609449, 7595796.143811110407114 ], [ 5670894.146028339862823, 7595908.392489950172603 ] ] ], [ [ [ 5670823.725234130397439, 7595863.596635550260544 ], [ 5670499.316769350320101, 7595659.977378980256617 ], [ 5670491.948795500211418, 7595646.331081479787827 ], [ 5670506.213138139806688, 7595606.060747190378606 ], [ 5670654.74471462983638, 7595666.958156740292907 ], [ 5670649.0717932600528, 7595678.744173020124435 ], [ 5670861.750054529868066, 7595762.864458849653602 ], [ 5670823.725234130397439, 7595863.596635550260544 ] ] ] ] } },
{ "type": "Feature", "properties": { "type_zone": null, "name_by_doc": "Производственная деятельность", "descr": "16:23:000000:1534" }, "geometry": { "type": "MultiPolygon", "coordinates": [ [ [ [ 5671770.567790229804814, 7596493.95130543038249 ], [ 5671660.503131420351565, 7596646.032458989880979 ], [ 5671640.62195045966655, 7596629.708614120259881 ], [ 5671658.31951585970819, 7596608.065180690027773 ], [ 5671638.125170139595866, 7596589.993474669754505 ], [ 5671621.141538090072572, 7596609.563648070208728 ], [ 5671397.507296290248632, 7596409.401828610338271 ], [ 5671397.433250140398741, 7596391.306254330091178 ], [ 5671449.201450989581645, 7596257.791489229537547 ], [ 5671770.567790229804814, 7596493.95130543038249 ] ] ] ] } },
{ "type": "Feature", "properties": { "type_zone": null, "name_by_doc": "производственная деятельность", "descr": "16:23:000000:1612" }, "geometry": { "type": "MultiPolygon", "coordinates": [ [ [ [ 5671770.567790229804814, 7596493.95130543038249 ], [ 5671459.074938340112567, 7596265.044816450215876 ], [ 5671560.265082060359418, 7596019.185722040012479 ], [ 5671584.589774480089545, 7596028.750813449732959 ], [ 5671590.232413769699633, 7596014.24997630994767 ], [ 5671593.576519570313394, 7596005.678198699839413 ], [ 5671913.618801210075617, 7596126.753663130104542 ], [ 5671935.293141529895365, 7596176.237025080248713 ], [ 5671794.806764899753034, 7596177.351156339980662 ], [ 5671651.767018049955368, 7596150.356347859837115 ], [ 5671644.419090050272644, 7596148.982788369990885 ], [ 5671568.600376790389419, 7596134.652918489649892 ], [ 5671548.216895430348814, 7596161.822546970099211 ], [ 5671727.865327670238912, 7596290.934512680396438 ], [ 5671852.729058049619198, 7596380.675917290151119 ], [ 5671770.567790229804814, 7596493.95130543038249 ] ] ] ] } },
{ "type": "Feature", "properties": { "type_zone": null, "name_by_doc": "Склад", "descr": "16:23:260231:345" }, "geometry": { "type": "MultiPolygon", "coordinates": [ [ [ [ 5671692.216632629744709, 7596241.91248191986233 ], [ 5671616.874563029967248, 7596186.874560009688139 ], [ 5671644.419090050272644, 7596148.982788369990885 ], [ 5671651.767018049955368, 7596150.356347859837115 ], [ 5671721.648816210217774, 7596201.408581550233066 ], [ 5671692.216632629744709, 7596241.91248191986233 ] ] ] ] } },
{ "type": "Feature", "properties": { "type_zone": null, "name_by_doc": "Производственная деятельность", "descr": "16:23:000000:1536" }, "geometry": { "type": "MultiPolygon", "coordinates": [ [ [ [ 5671660.503131420351565, 7596646.032458989880979 ], [ 5671770.567790229804814, 7596493.95130543038249 ], [ 5671852.729058049619198, 7596380.675917290151119 ], [ 5671862.162234810180962, 7596387.45472510997206 ], [ 5672022.486691099591553, 7596445.785808989778161 ], [ 5672036.689594199880958, 7596461.749543500132859 ], [ 5671832.52849559020251, 7596755.514983000233769 ], [ 5671787.634759560227394, 7596760.720370169728994 ], [ 5671660.503131420351565, 7596646.032458989880979 ] ] ] ] } },
{ "type": "Feature", "properties": { "type_zone": null, "name_by_doc": "производственная деятельность", "descr": "16:26:550201:1403" }, "geometry": { "type": "MultiPolygon", "coordinates": [ [ [ [ 5719636.261425930075347, 7490875.012093249708414 ], [ 5719739.066848910413682, 7490730.727914149872959 ], [ 5719954.901968309655786, 7490885.119399850256741 ], [ 5719852.133698079735041, 7491029.427388270385563 ], [ 5719636.261425930075347, 7490875.012093249708414 ] ] ] ] } },
{ "type": "Feature", "properties": { "type_zone": null, "name_by_doc": "под промышленный парк", "descr": "16:26:550201:646" }, "geometry": { "type": "MultiPolygon", "coordinates": [ [ [ [ 5720907.932961120270193, 7492269.705358530394733 ], [ 5720910.001683900132775, 7492267.898555370047688 ], [ 5720906.413171269930899, 7492263.787857649847865 ], [ 5720903.381413980387151, 7492266.436672859825194 ], [ 5720293.221297419629991, 7491828.914730859920382 ], [ 5719661.99465299025178, 7491372.362862429581583 ], [ 5719649.699952390044928, 7491374.409459480084479 ], [ 5719395.048754869960248, 7491734.382933690212667 ], [ 5719340.050296859815717, 7491695.412841560319066 ], [ 5719310.83466050028801, 7491735.996112049557269 ], [ 5719287.861878990195692, 7491769.193392589688301 ], [ 5719279.985522439703345, 7491780.942534220404923 ], [ 5719218.288721770048141, 7491726.414631409570575 ], [ 5719123.002268539741635, 7491647.547987800091505 ], [ 5719083.26664378028363, 7491618.382434249855578 ], [ 5719069.61300341039896, 7491605.099564420059323 ], [ 5719063.013471379876137, 7491592.202852269634604 ], [ 5719063.780165799893439, 7491580.351159700192511 ], [ 5719089.974392379634082, 7491517.06897631008178 ], [ 5719096.639646580442786, 7491483.77155539020896 ], [ 5719363.470588609576225, 7491218.925733669660985 ], [ 5719704.175692769698799, 7490705.762140589766204 ], [ 5719739.066848910413682, 7490730.727914149872959 ], [ 5719430.674937600269914, 7491163.531483439728618 ], [ 5719179.449754729866982, 7491516.252725290134549 ], [ 5719215.930810860358179, 7491541.646260719746351 ], [ 5719208.736157950013876, 7491554.270045479759574 ], [ 5719378.409831799566746, 7491679.308077770285308 ], [ 5719390.758315339684486, 7491677.244612949900329 ], [ 5719646.621516649611294, 7491317.994400880299509 ], [ 5719696.238924079574645, 7491353.48859496973455 ], [ 5719769.014825000427663, 7491405.490950900129974 ], [ 5720107.322339179925621, 7491647.495866529643536 ], [ 5720316.09129318036139, 7491796.812326120212674 ], [ 5720609.546613410115242, 7492007.240782850421965 ], [ 5720903.615392009727657, 7492218.094838630408049 ], [ 5720936.339800929650664, 7492233.644121809862554 ], [ 5721070.664438719861209, 7492037.206518460065126 ], [ 5721278.400452359579504, 7492186.583336680196226 ], [ 5721299.63952966965735, 7492158.379333489574492 ], [ 5721368.445626310072839, 7492201.595463680103421 ], [ 5721482.713869639672339, 7492148.417908689938486 ], [ 5721512.5638438295573, 7492130.220114570111036 ], [ 5721332.883731139823794, 7492383.387752070091665 ], [ 5721407.313405799679458, 7492407.758227899670601 ], [ 5721567.94787762966007, 7492455.453061600215733 ], [ 5721778.458855110220611, 7492518.139115310274065 ], [ 5721841.263703539967537, 7492537.204873099923134 ], [ 5721828.968472559936345, 7492572.177287340164185 ], [ 5721664.558074439875782, 7492522.963367249816656 ], [ 5721206.886425130069256, 7492386.072646819986403 ], [ 5721027.054861179552972, 7492316.086110940203071 ], [ 5721016.346413319930434, 7492347.4366648895666 ], [ 5720907.932961120270193, 7492269.705358530394733 ] ], [ [ 5719192.081874430179596, 7491622.642371569760144 ], [ 5719188.964344260282815, 7491621.230109370313585 ], [ 5719185.431804359890521, 7491620.682505190372467 ], [ 5719181.979154359549284, 7491621.039709869772196 ], [ 5719178.608738999813795, 7491622.053574739955366 ], [ 5719175.810933800414205, 7491624.242825170047581 ], [ 5719161.379479000344872, 7491644.562216700054705 ], [ 5719159.4761578803882, 7491647.55765780992806 ], [ 5719158.911433050408959, 7491649.289498819969594 ], [ 5719158.329946420155466, 7491652.793839099816978 ], [ 5719158.720913089811802, 7491656.342869530431926 ], [ 5719159.998748400248587, 7491659.634425070136786 ], [ 5719162.022794679738581, 7491662.578536160290241 ], [ 5719163.356621930375695, 7491663.690252429805696 ], [ 5719220.006506630219519, 7491703.740724589675665 ], [ 5719221.680425190366805, 7491704.430222899653018 ], [ 5719225.15826972015202, 7491705.154564210213721 ], [ 5719226.911143359728158, 7491704.976202259771526 ], [ 5719230.351835019886494, 7491704.0161521602422 ], [ 5719231.98592143971473, 7491703.304861119948328 ], [ 5719233.463334600441158, 7491702.326182969845831 ], [ 5719234.748867490328848, 7491701.062057180330157 ], [ 5719251.118905260227621, 7491677.74723955988884 ], [ 5719251.770875389687717, 7491676.140299510210752 ], [ 5719252.210824630223215, 7491672.634599409997463 ], [ 5719251.961980739608407, 7491669.016008039936423 ], [ 5719251.394042110070586, 7491667.344319170340896 ], [ 5719249.743565780110657, 7491664.173327409662306 ], [ 5719248.553231620229781, 7491662.850267900153995 ], [ 5719192.081874430179596, 7491622.642371569760144 ] ] ] ] } },
{ "type": "Feature", "properties": { "type_zone": null, "name_by_doc": "производственная деятельность", "descr": "16:26:550201:1402" }, "geometry": { "type": "MultiPolygon", "coordinates": [ [ [ [ 5719567.740252619609237, 7490971.17879822012037 ], [ 5719636.261425930075347, 7490875.012093249708414 ], [ 5719852.133698079735041, 7491029.427388270385563 ], [ 5719783.613490629941225, 7491125.633375950157642 ], [ 5719567.740252619609237, 7490971.17879822012037 ] ] ] ] } },
{ "type": "Feature", "properties": { "type_zone": null, "name_by_doc": "Производственная деятельность", "descr": "16:26:550201:606" }, "geometry": { "type": "MultiPolygon", "coordinates": [ [ [ [ 5719646.621516649611294, 7491317.994400880299509 ], [ 5719430.674937600269914, 7491163.531483439728618 ], [ 5719567.740252619609237, 7490971.17879822012037 ], [ 5719783.613490629941225, 7491125.633375950157642 ], [ 5719646.621516649611294, 7491317.994400880299509 ] ] ] ] } },
{ "type": "Feature", "properties": { "type_zone": null, "name_by_doc": "Производственная деятельность", "descr": "16:26:550201:623" }, "geometry": { "type": "MultiPolygon", "coordinates": [ [ [ [ 5719430.674937600269914, 7491163.531483439728618 ], [ 5719646.621516649611294, 7491317.994400880299509 ], [ 5719390.758315339684486, 7491677.244612949900329 ], [ 5719378.409831799566746, 7491679.308077770285308 ], [ 5719208.736157950013876, 7491554.270045479759574 ], [ 5719215.930810860358179, 7491541.646260719746351 ], [ 5719179.449754729866982, 7491516.252725290134549 ], [ 5719430.674937600269914, 7491163.531483439728618 ] ] ] ] } },
{ "type": "Feature", "properties": { "type_zone": null, "name_by_doc": "коммунальное обслуживание", "descr": "16:26:550201:762" }, "geometry": { "type": "MultiPolygon", "coordinates": [ [ [ [ 5719161.379479000344872, 7491644.562216700054705 ], [ 5719175.810933800414205, 7491624.242825170047581 ], [ 5719178.608738999813795, 7491622.053574739955366 ], [ 5719181.979154359549284, 7491621.039709869772196 ], [ 5719185.431804359890521, 7491620.682505190372467 ], [ 5719188.964344260282815, 7491621.230109370313585 ], [ 5719192.081874430179596, 7491622.642371569760144 ], [ 5719248.553231620229781, 7491662.850267900153995 ], [ 5719249.743565780110657, 7491664.173327409662306 ], [ 5719251.394042110070586, 7491667.344319170340896 ], [ 5719251.961980739608407, 7491669.016008039936423 ], [ 5719252.210824630223215, 7491672.634599409997463 ], [ 5719251.770875389687717, 7491676.140299510210752 ], [ 5719251.118905260227621, 7491677.74723955988884 ], [ 5719234.748867490328848, 7491701.062057180330157 ], [ 5719233.463334600441158, 7491702.326182969845831 ], [ 5719231.98592143971473, 7491703.304861119948328 ], [ 5719230.351835019886494, 7491704.0161521602422 ], [ 5719226.911143359728158, 7491704.976202259771526 ], [ 5719225.15826972015202, 7491705.154564210213721 ], [ 5719221.680425190366805, 7491704.430222899653018 ], [ 5719220.006506630219519, 7491703.740724589675665 ], [ 5719163.356621930375695, 7491663.690252429805696 ], [ 5719162.022794679738581, 7491662.578536160290241 ], [ 5719159.998748400248587, 7491659.634425070136786 ], [ 5719158.720913089811802, 7491656.342869530431926 ], [ 5719158.329946420155466, 7491652.793839099816978 ], [ 5719158.911433050408959, 7491649.289498819969594 ], [ 5719159.4761578803882, 7491647.55765780992806 ], [ 5719161.379479000344872, 7491644.562216700054705 ] ] ] ] } },
{ "type": "Feature", "properties": { "type_zone": null, "name_by_doc": "производственная деятельность", "descr": "16:26:550201:790" }, "geometry": { "type": "MultiPolygon", "coordinates": [ [ [ [ 5719279.985522439703345, 7491780.942534220404923 ], [ 5719287.861878990195692, 7491769.193392589688301 ], [ 5719310.83466050028801, 7491735.996112049557269 ], [ 5719333.848601140081882, 7491704.040164490230381 ], [ 5719397.27566790021956, 7491749.595867799594998 ], [ 5719493.473455660045147, 7491613.69163073040545 ], [ 5720094.596444520168006, 7492048.131235079839826 ], [ 5719951.124051329679787, 7492247.78141519986093 ], [ 5719845.904183420352638, 7492189.21210565045476 ], [ 5719745.367814909666777, 7492121.8398178499192 ], [ 5719627.397430240176618, 7492002.981375399976969 ], [ 5719547.801871900446713, 7491921.375731959939003 ], [ 5719463.782517150044441, 7491868.28653671965003 ], [ 5719399.322271579876542, 7491845.872366569936275 ], [ 5719340.622661770321429, 7491824.132739470340312 ], [ 5719307.825696210376918, 7491805.545482119545341 ], [ 5719279.985522439703345, 7491780.942534220404923 ] ] ] ] } },
{ "type": "Feature", "properties": { "type_zone": null, "name_by_doc": "производственная деятельность", "descr": "16:26:550201:1154" }, "geometry": { "type": "MultiPolygon", "coordinates": [ [ [ [ 5719514.089711289852858, 7491584.53148724976927 ], [ 5719657.70858190022409, 7491382.37305021006614 ], [ 5719743.760612489655614, 7491444.622645819559693 ], [ 5719862.598395429551601, 7491530.578886630013585 ], [ 5719718.982092429883778, 7491732.745007259771228 ], [ 5719600.142820130102336, 7491646.78431 ], [ 5719514.089711289852858, 7491584.53148724976927 ] ] ] ] } },
{ "type": "Feature", "properties": { "type_zone": null, "name_by_doc": "Транспорт ", "descr": "16:26:550201:1165" }, "geometry": { "type": "MultiPolygon", "coordinates": [ [ [ [ 5720094.596444520168006, 7492048.131235079839826 ], [ 5719493.473455660045147, 7491613.69163073040545 ], [ 5719484.685862610116601, 7491607.670180059969425 ], [ 5719505.481172810308635, 7491578.281331679783762 ], [ 5719514.089711289852858, 7491584.53148724976927 ], [ 5719600.142820130102336, 7491646.78431 ], [ 5719718.982092429883778, 7491732.745007259771228 ], [ 5719924.006974279880524, 7491880.868476429954171 ], [ 5720026.601377409882843, 7491954.992023999802768 ], [ 5720128.825805069878697, 7492029.164617950096726 ], [ 5720802.231634319759905, 7492319.816918370313942 ], [ 5720874.121232570149004, 7492245.45911534037441 ], [ 5720903.381413980387151, 7492266.436672859825194 ], [ 5720902.311265990138054, 7492267.38406153023243 ], [ 5720815.937902820296586, 7492362.314396499656141 ], [ 5720094.596444520168006, 7492048.131235079839826 ] ] ] ] } },
{ "type": "Feature", "properties": { "type_zone": null, "name_by_doc": "Производственная деятельность", "descr": "16:26:550201:625" }, "geometry": { "type": "MultiPolygon", "coordinates": [ [ [ [ 5720293.221297419629991, 7491828.914730859920382 ], [ 5720874.121232570149004, 7492245.45911534037441 ], [ 5720866.744673839770257, 7492253.102342999540269 ], [ 5720769.176422690041363, 7492183.182180750183761 ], [ 5720667.938064560294151, 7492110.532670060172677 ], [ 5720586.873472539708018, 7492052.518262759782374 ], [ 5720512.207357729785144, 7491998.994914160110056 ], [ 5720383.402091369964182, 7491906.692824429832399 ], [ 5720272.646248820237815, 7491827.304171560332179 ], [ 5720170.069676189683378, 7491753.096653159707785 ], [ 5720026.601377409882843, 7491954.992023999802768 ], [ 5719924.006974279880524, 7491880.868476429954171 ], [ 5719718.982092429883778, 7491732.745007259771228 ], [ 5719862.598395429551601, 7491530.578886630013585 ], [ 5719743.760612489655614, 7491444.622645819559693 ], [ 5719657.70858190022409, 7491382.37305021006614 ], [ 5719514.089711289852858, 7491584.53148724976927 ], [ 5719505.481172810308635, 7491578.281331679783762 ], [ 5719649.699952390044928, 7491374.409459480084479 ], [ 5719661.99465299025178, 7491372.362862429581583 ], [ 5720293.221297419629991, 7491828.914730859920382 ] ] ] ] } },
{ "type": "Feature", "properties": { "type_zone": null, "name_by_doc": "производственная деятельность", "descr": "16:26:550201:1153" }, "geometry": { "type": "MultiPolygon", "coordinates": [ [ [ [ 5720026.601377409882843, 7491954.992023999802768 ], [ 5720170.069676189683378, 7491753.096653159707785 ], [ 5720272.646248820237815, 7491827.304171560332179 ], [ 5720129.143857480026782, 7492029.203053370118141 ], [ 5720026.601377409882843, 7491954.992023999802768 ] ] ] ] } },
{ "type": "Feature", "properties": { "type_zone": null, "name_by_doc": "производственная деятельность", "descr": "16:26:550201:797" }, "geometry": { "type": "MultiPolygon", "coordinates": [ [ [ [ 5720149.994146020151675, 7491656.24496416002512 ], [ 5720252.729549479670823, 7491511.956498719751835 ], [ 5720396.710549330338836, 7491614.909623219631612 ], [ 5720293.976281650364399, 7491759.219649829901755 ], [ 5720149.994146020151675, 7491656.24496416002512 ] ] ] ] } },
{ "type": "Feature", "properties": { "type_zone": null, "name_by_doc": "производственная деятельность", "descr": "16:26:550201:1102" }, "geometry": { "type": "MultiPolygon", "coordinates": [ [ [ [ 5719675.17256074026227, 7491338.417961030267179 ], [ 5719818.611763370223343, 7491135.623161479830742 ], [ 5719912.852142400108278, 7491203.49405276030302 ], [ 5720250.367096750065684, 7491446.560265240259469 ], [ 5720107.322339179925621, 7491647.495866529643536 ], [ 5719769.014825000427663, 7491405.490950900129974 ], [ 5719696.238924079574645, 7491353.48859496973455 ], [ 5719675.17256074026227, 7491338.417961030267179 ] ] ] ] } },
{ "type": "Feature", "properties": { "type_zone": null, "name_by_doc": "производственная деятельность", "descr": "16:26:550201:1226" }, "geometry": { "type": "MultiPolygon", "coordinates": [ [ [ [ 5719818.611763370223343, 7491135.623161479830742 ], [ 5719982.064207569696009, 7490904.552776570431888 ], [ 5720077.256257410161197, 7490972.64128331001848 ], [ 5720386.721054090186954, 7491193.983325690031052 ], [ 5720415.519564970396459, 7491214.58337640017271 ], [ 5720270.94221291039139, 7491417.664246309548616 ], [ 5720250.367096750065684, 7491446.560265240259469 ], [ 5720221.657426480203867, 7491425.871185979805887 ], [ 5719912.852142400108278, 7491203.49405276030302 ], [ 5719818.611763370223343, 7491135.623161479830742 ] ] ] ] } },
{ "type": "Feature", "properties": { "type_zone": null, "name_by_doc": "производственная деятельность", "descr": "16:26:550201:1231" }, "geometry": { "type": "MultiPolygon", "coordinates": [ [ [ [ 5719646.621516649611294, 7491317.994400880299509 ], [ 5719954.901968309655786, 7490885.119399850256741 ], [ 5719982.064207569696009, 7490904.552776570431888 ], [ 5719818.611763370223343, 7491135.623161479830742 ], [ 5719675.17256074026227, 7491338.417961030267179 ], [ 5719646.621516649611294, 7491317.994400880299509 ] ] ] ] } },
{ "type": "Feature", "properties": { "type_zone": null, "name_by_doc": "производственная деятельность", "descr": "16:26:550201:1368" }, "geometry": { "type": "MultiPolygon", "coordinates": [ [ [ [ 5720624.300382469780743, 7491363.90103724040091 ], [ 5720479.206181130371988, 7491567.69394628982991 ], [ 5720270.94221291039139, 7491417.664246309548616 ], [ 5720415.519564970396459, 7491214.58337640017271 ], [ 5720624.300382469780743, 7491363.90103724040091 ] ] ] ] } },
{ "type": "Feature", "properties": { "type_zone": null, "name_by_doc": "производственная деятельность", "descr": "16:26:550201:1412" }, "geometry": { "type": "MultiPolygon", "coordinates": [ [ [ [ 5720270.94221291039139, 7491417.664246309548616 ], [ 5720479.206181130371988, 7491567.69394628982991 ], [ 5720458.667142040096223, 7491596.555960689671338 ], [ 5720316.09129318036139, 7491796.812326120212674 ], [ 5720107.322339179925621, 7491647.495866529643536 ], [ 5720250.367096750065684, 7491446.560265240259469 ], [ 5720270.94221291039139, 7491417.664246309548616 ] ], [ [ 5720149.994146020151675, 7491656.24496416002512 ], [ 5720293.976281650364399, 7491759.219649829901755 ], [ 5720396.710549330338836, 7491614.909623219631612 ], [ 5720252.729549479670823, 7491511.956498719751835 ], [ 5720149.994146020151675, 7491656.24496416002512 ] ] ] ] } },
{ "type": "Feature", "properties": { "type_zone": null, "name_by_doc": "под промышленный парк", "descr": "16:26:550201:1256" }, "geometry": { "type": "MultiPolygon", "coordinates": [ [ [ [ 5720316.09129318036139, 7491796.812326120212674 ], [ 5720458.667142040096223, 7491596.555960689671338 ], [ 5720479.206181130371988, 7491567.69394628982991 ], [ 5720624.300382469780743, 7491363.90103724040091 ], [ 5720913.675973130390048, 7491570.847073540091515 ], [ 5720769.960638199932873, 7491777.056768629699945 ], [ 5720749.721004189923406, 7491806.118110350333154 ], [ 5720679.643646719865501, 7491906.670338230207562 ], [ 5720609.546613410115242, 7492007.240782850421965 ], [ 5720316.09129318036139, 7491796.812326120212674 ] ] ] ] } },
{ "type": "Feature", "properties": { "type_zone": null, "name_by_doc": "производственная деятельность", "descr": "16:26:550201:1192" }, "geometry": { "type": "MultiPolygon", "coordinates": [ [ [ [ 5720209.923949290066957, 7492098.370100700296462 ], [ 5720077.700439140200615, 7492292.775341969914734 ], [ 5720042.780050490051508, 7492294.681508029811084 ], [ 5719978.401583869941533, 7492262.964558170177042 ], [ 5719951.124051329679787, 7492247.78141519986093 ], [ 5720094.596444520168006, 7492048.131235079839826 ], [ 5720209.923949290066957, 7492098.370100700296462 ] ] ] ] } },
{ "type": "Feature", "properties": { "type_zone": null, "name_by_doc": "производственная деятельность", "descr": "16:26:550201:1193" }, "geometry": { "type": "MultiPolygon", "coordinates": [ [ [ [ 5720209.923949290066957, 7492098.370100700296462 ], [ 5720352.367640240117908, 7492160.419404690153897 ], [ 5720246.687892490066588, 7492314.320063119754195 ], [ 5720180.41146466974169, 7492298.223086119629443 ], [ 5720116.438381900079548, 7492293.138533170334995 ], [ 5720077.700439140200615, 7492292.775341969914734 ], [ 5720209.923949290066957, 7492098.370100700296462 ] ] ] ] } },
{ "type": "Feature", "properties": { "type_zone": null, "name_by_doc": "производственная деятельность", "descr": "16:26:550201:1194" }, "geometry": { "type": "MultiPolygon", "coordinates": [ [ [ [ 5720246.687892490066588, 7492314.320063119754195 ], [ 5720352.367640240117908, 7492160.419404690153897 ], [ 5720519.462316599674523, 7492233.19126920029521 ], [ 5720420.71889256965369, 7492371.931846439838409 ], [ 5720400.42132346983999, 7492361.247277230024338 ], [ 5720331.770672899670899, 7492341.672353399917483 ], [ 5720253.253855070099235, 7492315.906107690185308 ], [ 5720246.687892490066588, 7492314.320063119754195 ] ] ] ] } },
{ "type": "Feature", "properties": { "type_zone": null, "name_by_doc": "производственная деятельность", "descr": "16:26:550201:1195" }, "geometry": { "type": "MultiPolygon", "coordinates": [ [ [ [ 5720420.71889256965369, 7492371.931846439838409 ], [ 5720519.462316599674523, 7492233.19126920029521 ], [ 5720688.392376789823174, 7492306.775006229989231 ], [ 5720594.853974550031126, 7492447.216256129555404 ], [ 5720560.802032399922609, 7492431.723643619567156 ], [ 5720534.656006139703095, 7492420.240274669602513 ], [ 5720479.745481619611382, 7492403.046046020463109 ], [ 5720420.71889256965369, 7492371.931846439838409 ] ] ] ] } },
{ "type": "Feature", "properties": { "type_zone": null, "name_by_doc": "производственная деятельность", "descr": "16:26:550201:1196" }, "geometry": { "type": "MultiPolygon", "coordinates": [ [ [ [ 5720594.853974550031126, 7492447.216256129555404 ], [ 5720688.392376789823174, 7492306.775006229989231 ], [ 5720815.937902820296586, 7492362.314396499656141 ], [ 5720723.76348122023046, 7492483.624107040464878 ], [ 5720661.322446090169251, 7492467.637487649917603 ], [ 5720611.184076949954033, 7492454.654656769707799 ], [ 5720594.853974550031126, 7492447.216256129555404 ] ], [ [ 5720688.764877369627357, 7492453.780908229760826 ], [ 5720684.662770399823785, 7492457.377083290368319 ], [ 5720688.251254109665751, 7492461.487986509688199 ], [ 5720692.353361610323191, 7492457.891807650215924 ], [ 5720688.764877369627357, 7492453.780908229760826 ] ] ] ] } },
{ "type": "Feature", "properties": { "type_zone": null, "name_by_doc": "производственная деятельность", "descr": "16:26:000000:4866" }, "geometry": { "type": "MultiPolygon", "coordinates": [ [ [ [ 5720756.201769860461354, 7492491.938800630159676 ], [ 5720723.76348122023046, 7492483.624107040464878 ], [ 5720727.255327509716153, 7492479.064891030080616 ], [ 5720933.472109929658473, 7492299.0337268197909 ], [ 5720940.391712579876184, 7492292.981677900068462 ], [ 5721016.363938650116324, 7492347.454555260017514 ], [ 5720948.105328069999814, 7492547.93311071023345 ], [ 5720917.491793620400131, 7492533.53745049983263 ], [ 5720864.115302859805524, 7492524.373238320462406 ], [ 5720756.201769860461354, 7492491.938800630159676 ] ] ] ] } },
{ "type": "Feature", "properties": { "type_zone": null, "name_by_doc": "производственная деятельность", "descr": "16:26:550201:1254" }, "geometry": { "type": "MultiPolygon", "coordinates": [ [ [ [ 5720940.391712579876184, 7492292.981677900068462 ], [ 5720933.472109929658473, 7492299.0337268197909 ], [ 5720727.255327509716153, 7492479.064891030080616 ], [ 5720815.937902820296586, 7492362.314396499656141 ], [ 5720902.311265990138054, 7492267.38406153023243 ], [ 5720905.899778090417385, 7492271.494763059541583 ], [ 5720907.932961120270193, 7492269.705358530394733 ], [ 5720940.391712579876184, 7492292.981677900068462 ] ] ] ] } },
{ "type": "Feature", "properties": { "type_zone": null, "name_by_doc": "производственная деятельность", "descr": "16:26:000000:4902" }, "geometry": { "type": "MultiPolygon", "coordinates": [ [ [ [ 5721016.363938650116324, 7492347.454555260017514 ], [ 5721179.770312850363553, 7492464.606933900155127 ], [ 5721130.825133129954338, 7492606.391101960092783 ], [ 5720991.264601999893785, 7492573.525261309929192 ], [ 5720948.105328069999814, 7492547.93311071023345 ], [ 5721016.363938650116324, 7492347.454555260017514 ] ] ] ] } },
{ "type": "Feature", "properties": { "type_zone": null, "name_by_doc": "под промышленный парк", "descr": "16:26:550201:1188" }, "geometry": { "type": "MultiPolygon", "coordinates": [ [ [ [ 5721206.886425130069256, 7492386.072646819986403 ], [ 5721179.770312850363553, 7492464.606933900155127 ], [ 5721016.346413319930434, 7492347.4366648895666 ], [ 5721027.054861179552972, 7492316.086110940203071 ], [ 5721206.886425130069256, 7492386.072646819986403 ] ] ] ] } },
{ "type": "Feature", "properties": { "type_zone": null, "name_by_doc": "производственная деятельность", "descr": "16:26:550201:801" }, "geometry": { "type": "MultiPolygon", "coordinates": [ [ [ [ 5721130.825133129954338, 7492606.391101960092783 ], [ 5721179.770312850363553, 7492464.606933900155127 ], [ 5721206.886425130069256, 7492386.072646819986403 ], [ 5721664.558074439875782, 7492522.963367249816656 ], [ 5721828.968472559936345, 7492572.177287340164185 ], [ 5721823.392485779710114, 7492588.082060200162232 ], [ 5721808.615507730282843, 7492613.883921219967306 ], [ 5721792.490231010131538, 7492642.031426680274308 ], [ 5721768.087834210135043, 7492685.438686139881611 ], [ 5721749.040356489829719, 7492702.266248839907348 ], [ 5721719.449587759561837, 7492717.082445840351284 ], [ 5721692.479374630376697, 7492725.823806970380247 ], [ 5721661.73485612962395, 7492725.54185508005321 ], [ 5721610.265909049659967, 7492712.606091599911451 ], [ 5721473.581050089560449, 7492678.250267059542239 ], [ 5721288.587227350100875, 7492635.788004660047591 ], [ 5721216.863927270285785, 7492626.65193654038012 ], [ 5721130.825133129954338, 7492606.391101960092783 ] ] ] ] } },
{ "type": "Feature", "properties": { "type_zone": null, "name_by_doc": "производственная деятельность", "descr": "16:26:550201:1371" }, "geometry": { "type": "MultiPolygon", "coordinates": [ [ [ [ 5721784.803113049827516, 7492344.246852040290833 ], [ 5721742.701184200122952, 7492497.352887660264969 ], [ 5721582.401511389762163, 7492451.526002669706941 ], [ 5721631.448452260345221, 7492291.784273610450327 ], [ 5721665.181892739608884, 7492313.261030009947717 ], [ 5721697.791133410297334, 7492318.382091090083122 ], [ 5721732.620677939616144, 7492326.395313199609518 ], [ 5721775.062697109766304, 7492341.551621950231493 ], [ 5721784.803113049827516, 7492344.246852040290833 ] ] ] ] } },
{ "type": "Feature", "properties": { "type_zone": null, "name_by_doc": "производственная деятельность", "descr": "16:26:550201:1372" }, "geometry": { "type": "MultiPolygon", "coordinates": [ [ [ [ 5721631.448452260345221, 7492291.784273610450327 ], [ 5721582.401511389762163, 7492451.526002669706941 ], [ 5721570.42101887986064, 7492448.100771429948509 ], [ 5721410.169989209622145, 7492401.0477808797732 ], [ 5721338.009414180181921, 7492376.166416349820793 ], [ 5721512.5638438295573, 7492130.220114570111036 ], [ 5721513.804620210081339, 7492131.880190630443394 ], [ 5721533.012073240242898, 7492161.271935559809208 ], [ 5721557.697777410037816, 7492199.028402630239725 ], [ 5721588.669196680188179, 7492241.983779920265079 ], [ 5721631.448452260345221, 7492291.784273610450327 ] ] ] ] } },
{ "type": "Feature", "properties": { "type_zone": null, "name_by_doc": "производственная деятельность", "descr": "16:26:550201:729" }, "geometry": { "type": "MultiPolygon", "coordinates": [ [ [ [ 5721742.701184200122952, 7492497.352887660264969 ], [ 5721784.803113049827516, 7492344.246852040290833 ], [ 5721814.659742759540677, 7492352.497842700220644 ], [ 5721827.241064780391753, 7492373.461316890083253 ], [ 5721845.361063050106168, 7492388.430172080174088 ], [ 5721847.093612870201468, 7492392.434875420294702 ], [ 5721854.271257390268147, 7492414.306302160024643 ], [ 5721849.906856969930232, 7492454.527425579726696 ], [ 5721842.33601434994489, 7492528.244033019989729 ], [ 5721742.701184200122952, 7492497.352887660264969 ] ] ] ] } },
{ "type": "Feature", "properties": { "type_zone": null, "name_by_doc": "под промышленный парк", "descr": "16:26:550201:1252" }, "geometry": { "type": "MultiPolygon", "coordinates": [ [ [ [ 5721226.669895379804075, 7491809.878613529726863 ], [ 5721293.312200759537518, 7491870.676471009850502 ], [ 5721293.380510279908776, 7491870.943006670102477 ], [ 5721330.421859109774232, 7491915.247668010182679 ], [ 5721380.862474129535258, 7491966.394438359886408 ], [ 5721446.778323030099273, 7492039.186956889927387 ], [ 5721467.633361989632249, 7492070.189150409772992 ], [ 5721512.5638438295573, 7492130.220114570111036 ], [ 5721482.713869639672339, 7492148.417908689938486 ], [ 5721368.445626310072839, 7492201.595463680103421 ], [ 5721299.63952966965735, 7492158.379333489574492 ], [ 5721090.710217620246112, 7492007.999861449934542 ], [ 5721226.669895379804075, 7491809.878613529726863 ] ], [ [ 5721168.244445200078189, 7492034.775671750307083 ], [ 5721171.815303740091622, 7492038.885963239707053 ], [ 5721175.916962879709899, 7492035.289720569737256 ], [ 5721172.346103800460696, 7492031.17943288013339 ], [ 5721168.244445200078189, 7492034.775671750307083 ] ] ] ] } },
{ "type": "Feature", "properties": { "type_zone": null, "name_by_doc": "Транспорт ", "descr": "16:26:550201:1164" }, "geometry": { "type": "MultiPolygon", "coordinates": [ [ [ [ 5720903.615392009727657, 7492218.094838630408049 ], [ 5721041.932690739631653, 7492016.518740399740636 ], [ 5721061.978523810394108, 7491987.31223607994616 ], [ 5721200.251697300001979, 7491785.792094039730728 ], [ 5721226.669895379804075, 7491809.878613529726863 ], [ 5721090.710217620246112, 7492007.999861449934542 ], [ 5721299.63952966965735, 7492158.379333489574492 ], [ 5721278.400452359579504, 7492186.583336680196226 ], [ 5721070.664438719861209, 7492037.206518460065126 ], [ 5720936.339800929650664, 7492233.644121809862554 ], [ 5720903.615392009727657, 7492218.094838630408049 ] ] ] ] } },
{ "type": "Feature", "properties": { "type_zone": null, "name_by_doc": "Производственная деятельность", "descr": "16:26:550201:649" }, "geometry": { "type": "MultiPolygon", "coordinates": [ [ [ [ 5720972.77486165985465, 7492117.315313369967043 ], [ 5720826.216182819567621, 7492011.984716409817338 ], [ 5720895.833702679723501, 7491911.319171790033579 ], [ 5721041.932690739631653, 7492016.518740399740636 ], [ 5720972.77486165985465, 7492117.315313369967043 ] ] ] ] } },
{ "type": "Feature", "properties": { "type_zone": null, "name_by_doc": "производственная деятельность", "descr": "16:26:550201:1208" }, "geometry": { "type": "MultiPolygon", "coordinates": [ [ [ [ 5720679.643646719865501, 7491906.670338230207562 ], [ 5720826.216182819567621, 7492011.984716409817338 ], [ 5720756.578997050411999, 7492112.66848967038095 ], [ 5720609.546613410115242, 7492007.240782850421965 ], [ 5720679.643646719865501, 7491906.670338230207562 ] ] ] ] } },
{ "type": "Feature", "properties": { "type_zone": null, "name_by_doc": "производственная деятельность", "descr": "16:26:550201:1209" }, "geometry": { "type": "MultiPolygon", "coordinates": [ [ [ [ 5720756.578997050411999, 7492112.66848967038095 ], [ 5720826.216182819567621, 7492011.984716409817338 ], [ 5720972.77486165985465, 7492117.315313369967043 ], [ 5720903.615392009727657, 7492218.094838630408049 ], [ 5720756.578997050411999, 7492112.66848967038095 ] ] ] ] } },
{ "type": "Feature", "properties": { "type_zone": null, "name_by_doc": "производственная деятельность", "descr": "16:26:550201:1205" }, "geometry": { "type": "MultiPolygon", "coordinates": [ [ [ [ 5720769.960638199932873, 7491777.056768629699945 ], [ 5720913.675973130390048, 7491570.847073540091515 ], [ 5721015.087629349902272, 7491643.365854379720986 ], [ 5720871.123060589656234, 7491849.896132250316441 ], [ 5720769.960638199932873, 7491777.056768629699945 ] ] ] ] } },
{ "type": "Feature", "properties": { "type_zone": null, "name_by_doc": "производственная деятельность", "descr": "16:26:550201:1206" }, "geometry": { "type": "MultiPolygon", "coordinates": [ [ [ [ 5720871.123060589656234, 7491849.896132250316441 ], [ 5721015.087629349902272, 7491643.365854379720986 ], [ 5721116.307770550251007, 7491715.758110869675875 ], [ 5720972.129180870018899, 7491922.627030399627984 ], [ 5720871.123060589656234, 7491849.896132250316441 ] ] ] ] } },
{ "type": "Feature", "properties": { "type_zone": null, "name_by_doc": "производственная деятельность", "descr": "16:26:550201:1207" }, "geometry": { "type": "MultiPolygon", "coordinates": [ [ [ [ 5720895.833702679723501, 7491911.319171790033579 ], [ 5720826.216182819567621, 7492011.984716409817338 ], [ 5720679.643646719865501, 7491906.670338230207562 ], [ 5720749.721004189923406, 7491806.118110350333154 ], [ 5720895.833702679723501, 7491911.319171790033579 ] ] ] ] } },
{ "type": "Feature", "properties": { "type_zone": null, "name_by_doc": "производственная деятельность", "descr": "16:26:550201:1163" }, "geometry": { "type": "MultiPolygon", "coordinates": [ [ [ [ 5721061.978523810394108, 7491987.31223607994616 ], [ 5720972.129180870018899, 7491922.627030399627984 ], [ 5721116.307770550251007, 7491715.758110869675875 ], [ 5721149.362944509834051, 7491739.391947709955275 ], [ 5721200.251697300001979, 7491785.792094039730728 ], [ 5721061.978523810394108, 7491987.31223607994616 ] ] ] ] } },
{ "type": "Feature", "properties": { "type_zone": null, "name_by_doc": "Транспорт ", "descr": "16:26:550201:1162" }, "geometry": { "type": "MultiPolygon", "coordinates": [ [ [ [ 5721041.932690739631653, 7492016.518740399740636 ], [ 5720749.721004189923406, 7491806.118110350333154 ], [ 5720769.960638199932873, 7491777.056768629699945 ], [ 5721061.978523810394108, 7491987.31223607994616 ], [ 5721041.932690739631653, 7492016.518740399740636 ] ] ] ] } },
{ "type": "Feature", "properties": { "type_zone": null, "name_by_doc": "производственная деятельность", "descr": "16:26:550201:1292" }, "geometry": { "type": "MultiPolygon", "coordinates": [ [ [ [ 5720272.646248820237815, 7491827.304171560332179 ], [ 5720331.599724929779768, 7491869.566980849951506 ], [ 5720262.975458409637213, 7491963.499844440259039 ], [ 5720204.14018092956394, 7491923.701186579652131 ], [ 5720272.646248820237815, 7491827.304171560332179 ] ] ] ] } },
{ "type": "Feature", "properties": { "type_zone": null, "name_by_doc": "производственная деятельность", "descr": "16:26:550201:1293" }, "geometry": { "type": "MultiPolygon", "coordinates": [ [ [ [ 5720383.402091369964182, 7491906.692824429832399 ], [ 5720315.746629879809916, 7491999.199735679663718 ], [ 5720262.975458409637213, 7491963.499844440259039 ], [ 5720331.599724929779768, 7491869.566980849951506 ], [ 5720383.402091369964182, 7491906.692824429832399 ] ] ] ] } },
{ "type": "Feature", "properties": { "type_zone": null, "name_by_doc": "производственная деятельность", "descr": "16:26:550201:1200" }, "geometry": { "type": "MultiPolygon", "coordinates": [ [ [ [ 5720459.455603539943695, 7492069.660939609631896 ], [ 5720315.746629879809916, 7491999.199735679663718 ], [ 5720383.402091369964182, 7491906.692824429832399 ], [ 5720512.207357729785144, 7491998.994914160110056 ], [ 5720459.455603539943695, 7492069.660939609631896 ] ] ] ] } },
{ "type": "Feature", "properties": { "type_zone": null, "name_by_doc": "производственная деятельность", "descr": "16:26:550201:1199" }, "geometry": { "type": "MultiPolygon", "coordinates": [ [ [ [ 5720254.869624800048769, 7492083.580443699844182 ], [ 5720315.746629879809916, 7491999.199735679663718 ], [ 5720459.455603539943695, 7492069.660939609631896 ], [ 5720401.388678410090506, 7492146.819147340022027 ], [ 5720254.869624800048769, 7492083.580443699844182 ] ] ] ] } },
{ "type": "Feature", "properties": { "type_zone": null, "name_by_doc": "производственная деятельность", "descr": "16:26:550201:1198" }, "geometry": { "type": "MultiPolygon", "coordinates": [ [ [ [ 5720204.14018092956394, 7491923.701186579652131 ], [ 5720315.746629879809916, 7491999.199735679663718 ], [ 5720254.869624800048769, 7492083.580443699844182 ], [ 5720129.143857480026782, 7492029.203053370118141 ], [ 5720204.14018092956394, 7491923.701186579652131 ] ] ] ] } },
{ "type": "Feature", "properties": { "type_zone": null, "name_by_doc": "производственная деятельность", "descr": "16:26:550201:1201" }, "geometry": { "type": "MultiPolygon", "coordinates": [ [ [ [ 5720401.388678410090506, 7492146.819147340022027 ], [ 5720459.455603539943695, 7492069.660939609631896 ], [ 5720512.207357729785144, 7491998.994914160110056 ], [ 5720586.873472539708018, 7492052.518262759782374 ], [ 5720484.093006080016494, 7492182.514473049901426 ], [ 5720401.388678410090506, 7492146.819147340022027 ] ] ] ] } },
{ "type": "Feature", "properties": { "type_zone": null, "name_by_doc": "производственная деятельность", "descr": "16:26:550201:1203" }, "geometry": { "type": "MultiPolygon", "coordinates": [ [ [ [ 5720582.285552189685404, 7492224.894904130138457 ], [ 5720667.938064560294151, 7492110.532670060172677 ], [ 5720769.176422690041363, 7492183.182180750183761 ], [ 5720693.11260951962322, 7492272.710190819576383 ], [ 5720582.285552189685404, 7492224.894904130138457 ] ] ] ] } },
{ "type": "Feature", "properties": { "type_zone": null, "name_by_doc": "производственная деятельность", "descr": "16:26:550201:1202" }, "geometry": { "type": "MultiPolygon", "coordinates": [ [ [ [ 5720484.093006080016494, 7492182.514473049901426 ], [ 5720586.873472539708018, 7492052.518262759782374 ], [ 5720667.938064560294151, 7492110.532670060172677 ], [ 5720582.285552189685404, 7492224.894904130138457 ], [ 5720484.093006080016494, 7492182.514473049901426 ] ] ] ] } },
{ "type": "Feature", "properties": { "type_zone": null, "name_by_doc": "производственная деятельность", "descr": "16:26:550201:1204" }, "geometry": { "type": "MultiPolygon", "coordinates": [ [ [ [ 5720693.11260951962322, 7492272.710190819576383 ], [ 5720769.176422690041363, 7492183.182180750183761 ], [ 5720866.744673839770257, 7492253.102342999540269 ], [ 5720802.231634319759905, 7492319.816918370313942 ], [ 5720693.11260951962322, 7492272.710190819576383 ] ] ] ] } },
{ "type": "Feature", "properties": { "type_zone": null, "name_by_doc": "под промышленный парк", "descr": "16:26:550201:1189" }, "geometry": { "type": "MultiPolygon", "coordinates": [ [ [ [ 5721046.683058019727468, 7492280.457115460187197 ], [ 5721159.673100340180099, 7492101.210104229860008 ], [ 5721278.400452359579504, 7492186.583336680196226 ], [ 5721220.404660570435226, 7492347.266330240294337 ], [ 5721046.683058019727468, 7492280.457115460187197 ] ] ] ] } },
{ "type": "Feature", "properties": { "type_zone": null, "name_by_doc": "Пищевая промышленность", "descr": "16:42:201103:300" }, "geometry": { "type": "MultiPolygon", "coordinates": [ [ [ [ 5645320.544066810049117, 7431445.913296840153635 ], [ 5644893.553158760070801, 7430937.978421039879322 ], [ 5645262.227844979614019, 7430626.728102809749544 ], [ 5645318.751279690302908, 7430693.974675900302827 ], [ 5645385.851287419907749, 7430637.327537139877677 ], [ 5645584.335959910415113, 7430873.421921890228987 ], [ 5645824.085674920119345, 7431158.56872424017638 ], [ 5645320.544066810049117, 7431445.913296840153635 ] ] ] ] } },
{ "type": "Feature", "properties": { "type_zone": null, "name_by_doc": "в целях размещения индустриального парка", "descr": "16:42:201103:314" }, "geometry": { "type": "MultiPolygon", "coordinates": [ [ [ [ 5644304.317089510150254, 7432040.382349659688771 ], [ 5643593.910136199556291, 7431195.031436529941857 ], [ 5643525.99035791028291, 7430201.491595899686217 ], [ 5643991.159601150080562, 7429162.255423099733889 ], [ 5645311.362298239953816, 7428047.801557060331106 ], [ 5646446.127475299872458, 7428872.867924449965358 ], [ 5645652.49710385967046, 7429543.070683250203729 ], [ 5645737.30029010027647, 7430777.608436619862914 ], [ 5645620.188880790024996, 7430876.49441593978554 ], [ 5645872.437749399803579, 7431176.512378769926727 ], [ 5644325.374823659658432, 7432059.204978089779615 ], [ 5644304.317089510150254, 7432040.382349659688771 ] ], [ [ 5644890.329247940331697, 7431691.270363410003483 ], [ 5645242.981610509566963, 7431490.158367180265486 ], [ 5644814.483450390398502, 7430980.39334208983928 ], [ 5644489.684236849658191, 7430593.951240669935942 ], [ 5644274.430165160447359, 7431074.929038279689848 ], [ 5644452.124401040375233, 7431286.304340669885278 ], [ 5644768.177174810320139, 7431662.429485520347953 ], [ 5644829.648472979664803, 7431619.05989261996001 ], [ 5644890.329247940331697, 7431691.270363410003483 ] ], [ [ 5644837.031676840037107, 7430870.726655099540949 ], [ 5645038.344141590408981, 7430700.775941239669919 ], [ 5645267.240228090435266, 7430507.532550710253417 ], [ 5645261.279470539651811, 7430420.054126789793372 ], [ 5645231.137761529535055, 7429978.378728790208697 ], [ 5644984.873514490202069, 7429685.411139589734375 ], [ 5644842.407477550208569, 7429805.684899190440774 ], [ 5644808.519926610402763, 7429881.439602330327034 ], [ 5644649.100679599680007, 7430237.688830640166998 ], [ 5644529.535343290306628, 7430504.884349890053272 ], [ 5644837.031676840037107, 7430870.726655099540949 ] ], [ [ 5644249.683186450041831, 7429317.449889560230076 ], [ 5644559.079371590167284, 7429056.285234530456364 ], [ 5644859.235040280036628, 7428802.907135480083525 ], [ 5645132.659229669719934, 7428572.070811820216477 ], [ 5645528.91962124966085, 7428237.513917059637606 ], [ 5645322.006072130054235, 7428087.074843740090728 ], [ 5644972.80237287003547, 7428381.908841939643025 ], [ 5644699.505015980452299, 7428612.63078020978719 ], [ 5644399.244348379783332, 7428866.09998450987041 ], [ 5644089.797521240077913, 7429127.268472669646144 ], [ 5644249.683186450041831, 7429317.449889560230076 ] ], [ [ 5644984.14432273991406, 7429548.076398810371757 ], [ 5645400.523194000124931, 7429196.544463070109487 ], [ 5645816.864777659997344, 7428844.988031829707325 ], [ 5645635.997214710339904, 7428629.869075659662485 ], [ 5645455.139651370234787, 7428414.751911940053105 ], [ 5645038.822983589954674, 7428766.252308569848537 ], [ 5644622.433286899700761, 7429117.762697069905698 ], [ 5644803.283804140053689, 7429332.918650180101395 ], [ 5644984.14432273991406, 7429548.076398810371757 ] ], [ [ 5643947.890162490308285, 7430906.663638610392809 ], [ 5644186.359605420380831, 7431013.839500769972801 ], [ 5644288.711947499774396, 7430785.158047 ], [ 5644442.330586809664965, 7430441.883895399980247 ], [ 5644576.964791449718177, 7430141.016514950431883 ], [ 5644756.179139910265803, 7429740.531349039636552 ], [ 5644917.050563730299473, 7429604.729785799980164 ], [ 5644555.358205189928412, 7429174.410167730413377 ], [ 5644296.378752079792321, 7429392.98144484963268 ], [ 5644251.747164029628038, 7429492.70608028024435 ], [ 5644064.684878660365939, 7429910.674801610410213 ], [ 5643930.034989760257304, 7430211.524237760342658 ], [ 5643904.24033144954592, 7430269.159641359932721 ], [ 5643928.470954390242696, 7430623.165415270254016 ], [ 5643947.890162490308285, 7430906.663638610392809 ] ], [ [ 5645316.699502909556031, 7429943.721687929704785 ], [ 5645357.811841979622841, 7430546.033465079963207 ], [ 5645329.32767516002059, 7430570.0819410700351 ], [ 5645385.851287419907749, 7430637.327537139877677 ], [ 5645318.751279690302908, 7430693.974675900302827 ], [ 5645262.227844979614019, 7430626.728102809749544 ], [ 5644893.553158760070801, 7430937.978421039879322 ], [ 5645320.544066810049117, 7431445.913296840153635 ], [ 5645824.085674920119345, 7431158.56872424017638 ], [ 5645584.335959910415113, 7430873.421921890228987 ], [ 5645711.025593370199203, 7430766.450923359952867 ], [ 5645652.915776319801807, 7429920.522741760127246 ], [ 5645316.699502909556031, 7429943.721687929704785 ] ], [ [ 5644326.986142409965396, 7431301.290257980115712 ], [ 5644180.343918030150235, 7431126.778363090008497 ], [ 5644107.755292249843478, 7431094.164112179540098 ], [ 5643865.317368580028415, 7430985.167109049856663 ], [ 5643621.16312707029283, 7431001.918554009869695 ], [ 5643633.287569279782474, 7431179.077470170333982 ], [ 5643834.563564050011337, 7431418.629573790356517 ], [ 5643981.203745819628239, 7431593.136946810409427 ], [ 5644037.740507369861007, 7431660.401511049829423 ], [ 5644191.959566270001233, 7431843.904430979862809 ], [ 5644331.629574860446155, 7432010.100412599742413 ], [ 5644731.162972049787641, 7431782.175175430253148 ], [ 5644537.72783134970814, 7431552.038633819669485 ], [ 5644383.506273440085351, 7431368.549450850114226 ], [ 5644326.986142409965396, 7431301.290257980115712 ] ], [ [ 5645626.226690449751914, 7429531.914686120115221 ], [ 5646075.457410579547286, 7429152.568865099921823 ], [ 5646404.898530770093203, 7428874.35868522990495 ], [ 5646223.39752817992121, 7428742.400840220041573 ], [ 5646161.347940879873931, 7428794.81072342954576 ], [ 5646110.820501579903066, 7428734.716454179957509 ], [ 5645884.690250749699771, 7428925.671245420351624 ], [ 5645435.463536740280688, 7429304.99499197024852 ], [ 5645051.967153020203114, 7429628.774161259643734 ], [ 5645296.481359289959073, 7429919.664014849811792 ], [ 5645651.136412230320275, 7429894.863512160256505 ], [ 5645626.226690449751914, 7429531.914686120115221 ] ], [ [ 5643614.661649400368333, 7430958.292709019966424 ], [ 5643862.311807739548385, 7430941.309660159982741 ], [ 5643840.264199719764292, 7430619.185629730112851 ], [ 5643815.212898160330951, 7430253.238838870078325 ], [ 5643959.364433869719505, 7429931.149905280210078 ], [ 5644105.152194020338356, 7429605.462511000223458 ], [ 5644225.927999460138381, 7429335.584019689820707 ], [ 5644067.00373615976423, 7429146.52802561968565 ], [ 5644021.345325520262122, 7429185.063303830102086 ], [ 5643878.73301137983799, 7429503.669751489534974 ], [ 5643732.954954390414059, 7429829.366478079929948 ], [ 5643588.778790789656341, 7430151.429002240300179 ], [ 5643563.384617179632187, 7430208.191122599877417 ], [ 5643592.640809579752386, 7430636.220452260226011 ], [ 5643614.661649400368333, 7430958.292709019966424 ] ], [ [ 5645883.94543529022485, 7428788.332237860187888 ], [ 5646070.221194, 7428631.040990539826453 ], [ 5645602.063981180079281, 7428290.687122720293701 ], [ 5645522.236715179868042, 7428358.102701200172305 ], [ 5645883.94543529022485, 7428788.332237860187888 ] ] ] ] } },
{ "type": "Feature", "properties": { "type_zone": null, "name_by_doc": "пищевая промышленность", "descr": "16:42:201103:279" }, "geometry": { "type": "MultiPolygon", "coordinates": [ [ [ [ 5644331.629574860446155, 7432010.100412599742413 ], [ 5644191.959566270001233, 7431843.904430979862809 ], [ 5644537.72783134970814, 7431552.038633819669485 ], [ 5644731.162972049787641, 7431782.175175430253148 ], [ 5644331.629574860446155, 7432010.100412599742413 ] ] ] ] } },
{ "type": "Feature", "properties": { "type_zone": null, "name_by_doc": "Легкая промышленность", "descr": "16:42:201103:372" }, "geometry": { "type": "MultiPolygon", "coordinates": [ [ [ [ 5644037.740507369861007, 7431660.401511049829423 ], [ 5644383.506273440085351, 7431368.549450850114226 ], [ 5644537.72783134970814, 7431552.038633819669485 ], [ 5644191.959566270001233, 7431843.904430979862809 ], [ 5644037.740507369861007, 7431660.401511049829423 ] ] ] ] } },
{ "type": "Feature", "properties": { "type_zone": null, "name_by_doc": "для размещения индустриального парка", "descr": "16:42:201103:625" }, "geometry": { "type": "MultiPolygon", "coordinates": [ [ [ [ 5644037.740507369861007, 7431660.401511049829423 ], [ 5643981.203745819628239, 7431593.136946810409427 ], [ 5644326.986142409965396, 7431301.290257980115712 ], [ 5644383.506273440085351, 7431368.549450850114226 ], [ 5644037.740507369861007, 7431660.401511049829423 ] ] ] ] } },
{ "type": "Feature", "properties": { "type_zone": null, "name_by_doc": "Легкая промышленность ", "descr": "16:42:201103:394" }, "geometry": { "type": "MultiPolygon", "coordinates": [ [ [ [ 5643981.203745819628239, 7431593.136946810409427 ], [ 5643834.563564050011337, 7431418.629573790356517 ], [ 5643937.379745399579406, 7431331.855681399814785 ], [ 5644040.176087159663439, 7431245.081029829569161 ], [ 5644107.755292249843478, 7431094.164112179540098 ], [ 5644180.343918030150235, 7431126.778363090008497 ], [ 5644326.986142409965396, 7431301.290257980115712 ], [ 5643981.203745819628239, 7431593.136946810409427 ] ] ] ] } },
{ "type": "Feature", "properties": { "type_zone": null, "name_by_doc": "Строительная промышленность", "descr": "16:42:201103:674" }, "geometry": { "type": "MultiPolygon", "coordinates": [ [ [ [ 5643658.360595599748194, 7431208.918564460240304 ], [ 5643659.863080929964781, 7431207.452230440452695 ], [ 5643887.018333650194108, 7430994.924157190136611 ], [ 5644107.755292249843478, 7431094.164112179540098 ], [ 5644040.176087159663439, 7431245.081029829569161 ], [ 5643937.379745399579406, 7431331.855681399814785 ], [ 5643834.563564050011337, 7431418.629573790356517 ], [ 5643658.360595599748194, 7431208.918564460240304 ] ] ] ] } },
{ "type": "Feature", "properties": { "type_zone": null, "name_by_doc": "в целях размещения индустриального парка", "descr": "16:42:201103:284" }, "geometry": { "type": "MultiPolygon", "coordinates": [ [ [ [ 5643865.317368580028415, 7430985.167109049856663 ], [ 5643887.018333650194108, 7430994.924157190136611 ], [ 5643659.863080929964781, 7431207.452230440452695 ], [ 5643658.360595599748194, 7431208.918564460240304 ], [ 5643633.287569279782474, 7431179.077470170333982 ], [ 5643621.16312707029283, 7431001.918554009869695 ], [ 5643865.317368580028415, 7430985.167109049856663 ] ] ] ] } },
{ "type": "Feature", "properties": { "type_zone": null, "name_by_doc": "в целях размещения индустриального парка", "descr": "16:42:201103:287" }, "geometry": { "type": "MultiPolygon", "coordinates": [ [ [ [ 5643614.661649400368333, 7430958.292709019966424 ], [ 5643592.640809579752386, 7430636.220452260226011 ], [ 5643840.263863570056856, 7430619.203212760388851 ], [ 5643862.311807739548385, 7430941.309660159982741 ], [ 5643614.661649400368333, 7430958.292709019966424 ] ] ] ] } },
{ "type": "Feature", "properties": { "type_zone": null, "name_by_doc": "в целях размещения индустриального парка", "descr": "16:42:201103:288" }, "geometry": { "type": "MultiPolygon", "coordinates": [ [ [ [ 5643592.640809579752386, 7430636.220452260226011 ], [ 5643563.384617179632187, 7430208.191122599877417 ], [ 5643588.778790789656341, 7430151.429002240300179 ], [ 5643815.212898160330951, 7430253.238838870078325 ], [ 5643840.264199719764292, 7430619.185629730112851 ], [ 5643592.640809579752386, 7430636.220452260226011 ] ] ] ] } },
{ "type": "Feature", "properties": { "type_zone": null, "name_by_doc": "в целях размещения индустриального парка", "descr": "16:42:201103:289" }, "geometry": { "type": "MultiPolygon", "coordinates": [ [ [ [ 5643588.778790789656341, 7430151.429002240300179 ], [ 5643732.954954390414059, 7429829.366478079929948 ], [ 5643959.364433869719505, 7429931.149905280210078 ], [ 5643815.212898160330951, 7430253.238838870078325 ], [ 5643588.778790789656341, 7430151.429002240300179 ] ] ] ] } },
{ "type": "Feature", "properties": { "type_zone": null, "name_by_doc": "в целях размещения индустриального парка", "descr": "16:42:201103:290" }, "geometry": { "type": "MultiPolygon", "coordinates": [ [ [ [ 5643732.954954390414059, 7429829.366478079929948 ], [ 5643878.73301137983799, 7429503.669751489534974 ], [ 5644105.152194020338356, 7429605.462511000223458 ], [ 5643959.364433869719505, 7429931.149905280210078 ], [ 5643732.954954390414059, 7429829.366478079929948 ] ] ] ] } },
{ "type": "Feature", "properties": { "type_zone": null, "name_by_doc": "в целях размещения индустриального парка", "descr": "16:42:201103:291" }, "geometry": { "type": "MultiPolygon", "coordinates": [ [ [ [ 5643878.73301137983799, 7429503.669751489534974 ], [ 5644021.345325520262122, 7429185.063303830102086 ], [ 5644067.00373615976423, 7429146.52802561968565 ], [ 5644225.927999460138381, 7429335.584019689820707 ], [ 5644105.152194020338356, 7429605.462511000223458 ], [ 5643878.73301137983799, 7429503.669751489534974 ] ] ] ] } },
{ "type": "Feature", "properties": { "type_zone": null, "name_by_doc": "для строительства производственных объектов", "descr": "16:42:201103:295" }, "geometry": { "type": "MultiPolygon", "coordinates": [ [ [ [ 5644064.684878660365939, 7429910.674801610410213 ], [ 5644251.747164029628038, 7429492.70608028024435 ], [ 5644756.179139910265803, 7429740.531349039636552 ], [ 5644576.964791449718177, 7430141.016514950431883 ], [ 5644064.684878660365939, 7429910.674801610410213 ] ] ] ] } },
{ "type": "Feature", "properties": { "type_zone": null, "name_by_doc": "для строительства производственных объектов", "descr": "16:42:201103:294" }, "geometry": { "type": "MultiPolygon", "coordinates": [ [ [ [ 5643930.034989760257304, 7430211.524237760342658 ], [ 5644064.684878660365939, 7429910.674801610410213 ], [ 5644465.039985549636185, 7430090.702922100201249 ], [ 5644430.743195160292089, 7430170.179714470170438 ], [ 5644331.464182339608669, 7430392.026427050121129 ], [ 5644429.83612082991749, 7430436.262701090425253 ], [ 5644437.090713599696755, 7430420.272287690080702 ], [ 5644449.462013670243323, 7430425.908692830242217 ], [ 5644442.330586809664965, 7430441.883895399980247 ], [ 5643930.034989760257304, 7430211.524237760342658 ] ] ] ] } },
{ "type": "Feature", "properties": { "type_zone": null, "name_by_doc": "для строительства производственных объектов", "descr": "16:42:201103:662" }, "geometry": { "type": "MultiPolygon", "coordinates": [ [ [ [ 5644331.464182339608669, 7430392.026427050121129 ], [ 5644430.743195160292089, 7430170.179714470170438 ], [ 5644541.314015720039606, 7430220.679495579563081 ], [ 5644449.462013670243323, 7430425.908692830242217 ], [ 5644437.090713599696755, 7430420.272287690080702 ], [ 5644429.83612082991749, 7430436.262701090425253 ], [ 5644331.464182339608669, 7430392.026427050121129 ] ] ] ] } },
{ "type": "Feature", "properties": { "type_zone": null, "name_by_doc": "Для строительства производственных объектов", "descr": "16:42:201103:412" }, "geometry": { "type": "MultiPolygon", "coordinates": [ [ [ [ 5644541.314015720039606, 7430220.679495579563081 ], [ 5644430.743195160292089, 7430170.179714470170438 ], [ 5644465.039985549636185, 7430090.702922100201249 ], [ 5644576.964791449718177, 7430141.016514950431883 ], [ 5644541.314015720039606, 7430220.679495579563081 ] ] ] ] } },
{ "type": "Feature", "properties": { "type_zone": null, "name_by_doc": "Пищевая промышленность", "descr": "16:42:201103:293" }, "geometry": { "type": "MultiPolygon", "coordinates": [ [ [ [ 5643928.470954390242696, 7430623.165415270254016 ], [ 5643904.24033144954592, 7430269.159641359932721 ], [ 5643930.034989760257304, 7430211.524237760342658 ], [ 5644442.330586809664965, 7430441.883895399980247 ], [ 5644288.711947499774396, 7430785.158047 ], [ 5643928.470954390242696, 7430623.165415270254016 ] ] ] ] } },
{ "type": "Feature", "properties": { "type_zone": null, "name_by_doc": "Тяжелая промышленность", "descr": "16:42:201103:292" }, "geometry": { "type": "MultiPolygon", "coordinates": [ [ [ [ 5643947.890162490308285, 7430906.663638610392809 ], [ 5643928.470954390242696, 7430623.165415270254016 ], [ 5644288.711947499774396, 7430785.158047 ], [ 5644186.359605420380831, 7431013.839500769972801 ], [ 5643947.890162490308285, 7430906.663638610392809 ] ] ] ] } },
{ "type": "Feature", "properties": { "type_zone": null, "name_by_doc": "в целях размещения индустриального парка", "descr": "16:42:201103:296" }, "geometry": { "type": "MultiPolygon", "coordinates": [ [ [ [ 5644251.747164029628038, 7429492.70608028024435 ], [ 5644296.378752079792321, 7429392.98144484963268 ], [ 5644555.358205189928412, 7429174.410167730413377 ], [ 5644917.050563730299473, 7429604.729785799980164 ], [ 5644756.179139910265803, 7429740.531349039636552 ], [ 5644251.747164029628038, 7429492.70608028024435 ] ] ] ] } },
{ "type": "Feature", "properties": { "type_zone": null, "name_by_doc": "нефтехимическая промышленность", "descr": "16:42:201103:644" }, "geometry": { "type": "MultiPolygon", "coordinates": [ [ [ [ 5645151.891655080020428, 7429406.460060119628906 ], [ 5644984.14432273991406, 7429548.076398810371757 ], [ 5644803.283804140053689, 7429332.918650180101395 ], [ 5644971.011841310188174, 7429191.327371549792588 ], [ 5645151.891655080020428, 7429406.460060119628906 ] ] ] ] } },
{ "type": "Feature", "properties": { "type_zone": null, "name_by_doc": "Нефтехимическая промышленность", "descr": "16:42:201103:307" }, "geometry": { "type": "MultiPolygon", "coordinates": [ [ [ [ 5645151.891655080020428, 7429406.460060119628906 ], [ 5644971.011841310188174, 7429191.327371549792588 ], [ 5645219.659151540137827, 7428981.406111270189285 ], [ 5645400.523194000124931, 7429196.544463070109487 ], [ 5645151.891655080020428, 7429406.460060119628906 ] ] ] ] } },
{ "type": "Feature", "properties": { "type_zone": null, "name_by_doc": "в целях размещения индустриального парка", "descr": "16:42:201103:309" }, "geometry": { "type": "MultiPolygon", "coordinates": [ [ [ [ 5645400.523194000124931, 7429196.544463070109487 ], [ 5645219.659151540137827, 7428981.406111270189285 ], [ 5645635.997214710339904, 7428629.869075659662485 ], [ 5645816.864777659997344, 7428844.988031829707325 ], [ 5645400.523194000124931, 7429196.544463070109487 ] ] ] ] } },
{ "type": "Feature", "properties": { "type_zone": null, "name_by_doc": "в целях размещения индустриального парка", "descr": "16:42:201103:308" }, "geometry": { "type": "MultiPolygon", "coordinates": [ [ [ [ 5645219.659151540137827, 7428981.406111270189285 ], [ 5645038.822983589954674, 7428766.252308569848537 ], [ 5645455.139651370234787, 7428414.751911940053105 ], [ 5645635.997214710339904, 7428629.869075659662485 ], [ 5645219.659151540137827, 7428981.406111270189285 ] ] ] ] } },
{ "type": "Feature", "properties": { "type_zone": null, "name_by_doc": "в целях размещения индустриального парка", "descr": "16:42:201103:302" }, "geometry": { "type": "MultiPolygon", "coordinates": [ [ [ [ 5644249.683186450041831, 7429317.449889560230076 ], [ 5644089.797521240077913, 7429127.268472669646144 ], [ 5644399.244348379783332, 7428866.09998450987041 ], [ 5644559.079371590167284, 7429056.285234530456364 ], [ 5644249.683186450041831, 7429317.449889560230076 ] ] ] ] } },
{ "type": "Feature", "properties": { "type_zone": null, "name_by_doc": "в целях размещения индустриального парка", "descr": "16:42:201103:303" }, "geometry": { "type": "MultiPolygon", "coordinates": [ [ [ [ 5644559.079371590167284, 7429056.285234530456364 ], [ 5644399.244348379783332, 7428866.09998450987041 ], [ 5644699.505015980452299, 7428612.63078020978719 ], [ 5644859.235040280036628, 7428802.907135480083525 ], [ 5644559.079371590167284, 7429056.285234530456364 ] ] ] ] } },
{ "type": "Feature", "properties": { "type_zone": null, "name_by_doc": "в целях размещения индустриального парка", "descr": "16:42:201103:306" }, "geometry": { "type": "MultiPolygon", "coordinates": [ [ [ [ 5644803.283804140053689, 7429332.918650180101395 ], [ 5644622.433286899700761, 7429117.762697069905698 ], [ 5645038.822983589954674, 7428766.252308569848537 ], [ 5645219.659151540137827, 7428981.406111270189285 ], [ 5644803.283804140053689, 7429332.918650180101395 ] ] ] ] } },
{ "type": "Feature", "properties": { "type_zone": null, "name_by_doc": "в целях размещения индустриального парка", "descr": "16:42:201103:304" }, "geometry": { "type": "MultiPolygon", "coordinates": [ [ [ [ 5644859.235040280036628, 7428802.907135480083525 ], [ 5644699.505015980452299, 7428612.63078020978719 ], [ 5644972.80237287003547, 7428381.908841939643025 ], [ 5645132.659229669719934, 7428572.070811820216477 ], [ 5644859.235040280036628, 7428802.907135480083525 ] ] ] ] } },
{ "type": "Feature", "properties": { "type_zone": null, "name_by_doc": "в целях размещения индустриального парка", "descr": "16:42:201103:305" }, "geometry": { "type": "MultiPolygon", "coordinates": [ [ [ [ 5645132.659229669719934, 7428572.070811820216477 ], [ 5644972.80237287003547, 7428381.908841939643025 ], [ 5645322.006072130054235, 7428087.074843740090728 ], [ 5645528.91962124966085, 7428237.513917059637606 ], [ 5645132.659229669719934, 7428572.070811820216477 ] ] ] ] } },
{ "type": "Feature", "properties": { "type_zone": null, "name_by_doc": "в целях размещения индустриального парка", "descr": "16:42:201103:310" }, "geometry": { "type": "MultiPolygon", "coordinates": [ [ [ [ 5645883.94543529022485, 7428788.332237860187888 ], [ 5645522.236715179868042, 7428358.102701200172305 ], [ 5645602.063981180079281, 7428290.687122720293701 ], [ 5646070.221194, 7428631.040990539826453 ], [ 5645883.94543529022485, 7428788.332237860187888 ] ] ] ] } },
{ "type": "Feature", "properties": { "type_zone": null, "name_by_doc": "в целях размещения индустриального парка", "descr": "16:42:201103:313" }, "geometry": { "type": "MultiPolygon", "coordinates": [ [ [ [ 5646075.457410579547286, 7429152.568865099921823 ], [ 5645884.690250749699771, 7428925.671245420351624 ], [ 5646110.820501579903066, 7428734.716454179957509 ], [ 5646161.347940879873931, 7428794.81072342954576 ], [ 5646223.39752817992121, 7428742.400840220041573 ], [ 5646404.898530770093203, 7428874.35868522990495 ], [ 5646075.457410579547286, 7429152.568865099921823 ] ] ] ] } },
{ "type": "Feature", "properties": { "type_zone": null, "name_by_doc": "в целях размещения индустриального парка", "descr": "16:42:201103:312" }, "geometry": { "type": "MultiPolygon", "coordinates": [ [ [ [ 5645626.226690449751914, 7429531.914686120115221 ], [ 5645435.463536740280688, 7429304.99499197024852 ], [ 5645884.690250749699771, 7428925.671245420351624 ], [ 5646075.457410579547286, 7429152.568865099921823 ], [ 5645626.226690449751914, 7429531.914686120115221 ] ] ] ] } },
{ "type": "Feature", "properties": { "type_zone": null, "name_by_doc": "Хранение и переработка сельскохозяйственной продукции", "descr": "16:42:201103:301" }, "geometry": { "type": "MultiPolygon", "coordinates": [ [ [ [ 5645385.851287419907749, 7430637.327537139877677 ], [ 5645329.32767516002059, 7430570.0819410700351 ], [ 5645357.811841979622841, 7430546.033465079963207 ], [ 5645347.807228860445321, 7430399.519432759843767 ], [ 5645684.345963539555669, 7430377.941877449862659 ], [ 5645711.025593370199203, 7430766.450923359952867 ], [ 5645584.335959910415113, 7430873.421921890228987 ], [ 5645385.851287419907749, 7430637.327537139877677 ] ] ] ] } },
{ "type": "Feature", "properties": { "type_zone": null, "name_by_doc": "Хранение и переработка сельскохозяйственной продукции", "descr": "16:42:201103:402" }, "geometry": { "type": "MultiPolygon", "coordinates": [ [ [ [ 5645347.807228860445321, 7430399.519432759843767 ], [ 5645316.699502909556031, 7429943.721687929704785 ], [ 5645652.915776319801807, 7429920.522741760127246 ], [ 5645684.345963539555669, 7430377.941877449862659 ], [ 5645347.807228860445321, 7430399.519432759843767 ] ] ] ] } },
{ "type": "Feature", "properties": { "type_zone": null, "name_by_doc": "Хранение и переработка сельскохозяйственной продукции", "descr": "16:42:201103:311" }, "geometry": { "type": "MultiPolygon", "coordinates": [ [ [ [ 5645296.481359289959073, 7429919.664014849811792 ], [ 5645051.967153020203114, 7429628.774161259643734 ], [ 5645435.463536740280688, 7429304.99499197024852 ], [ 5645626.226690449751914, 7429531.914686120115221 ], [ 5645651.136412230320275, 7429894.863512160256505 ], [ 5645296.481359289959073, 7429919.664014849811792 ] ] ] ] } },
{ "type": "Feature", "properties": { "type_zone": null, "name_by_doc": "для строительства производственных объектов", "descr": "16:42:201103:297" }, "geometry": { "type": "MultiPolygon", "coordinates": [ [ [ [ 5644837.031676840037107, 7430870.726655099540949 ], [ 5644529.535343290306628, 7430504.884349890053272 ], [ 5644649.100679599680007, 7430237.688830640166998 ], [ 5645038.344141590408981, 7430700.775941239669919 ], [ 5644837.031676840037107, 7430870.726655099540949 ] ], [ [ 5644591.043644229881465, 7430383.498961980454624 ], [ 5644586.887326169759035, 7430393.480438250117004 ], [ 5644616.592956200242043, 7430405.885260470211506 ], [ 5644620.749577379785478, 7430395.886169499717653 ], [ 5644591.043644229881465, 7430383.498961980454624 ] ], [ [ 5644786.459533119574189, 7430755.51556331012398 ], [ 5644785.639604699797928, 7430757.100589349865913 ], [ 5644787.238731119781733, 7430757.922638580203056 ], [ 5644788.058659300208092, 7430756.337612199597061 ], [ 5644786.459533119574189, 7430755.51556331012398 ] ] ] ] } },
{ "type": "Feature", "properties": { "type_zone": null, "name_by_doc": "для строительства производственных объектов", "descr": "16:42:201103:298" }, "geometry": { "type": "MultiPolygon", "coordinates": [ [ [ [ 5645038.344141590408981, 7430700.775941239669919 ], [ 5644649.100679599680007, 7430237.688830640166998 ], [ 5644808.519926610402763, 7429881.439602330327034 ], [ 5645261.279470539651811, 7430420.054126789793372 ], [ 5645267.240228090435266, 7430507.532550710253417 ], [ 5645038.344141590408981, 7430700.775941239669919 ] ] ] ] } },
{ "type": "Feature", "properties": { "type_zone": null, "name_by_doc": "Тяжелая промышленность", "descr": "16:42:201103:299" }, "geometry": { "type": "MultiPolygon", "coordinates": [ [ [ [ 5644828.771201839670539, 7429905.516668929718435 ], [ 5644808.519926610402763, 7429881.439602330327034 ], [ 5644842.407477550208569, 7429805.684899190440774 ], [ 5644917.654097040183842, 7429742.151084230281413 ], [ 5645031.061149390414357, 7429877.063328630290926 ], [ 5645098.28059049975127, 7429820.339001839980483 ], [ 5645231.137761529535055, 7429978.378728790208697 ], [ 5645232.839357090182602, 7430003.43886986002326 ], [ 5645068.825101749971509, 7430136.3975750496611 ], [ 5644855.304330989718437, 7429882.507745780050755 ], [ 5644828.771201839670539, 7429905.516668929718435 ] ] ] ] } },
{ "type": "Feature", "properties": { "type_zone": null, "name_by_doc": "Строительная промышленность ", "descr": "16:42:201103:414" }, "geometry": { "type": "MultiPolygon", "coordinates": [ [ [ [ 5645257.214263720437884, 7430360.385501489974558 ], [ 5645068.825101749971509, 7430136.3975750496611 ], [ 5645232.856900599785149, 7430003.439203539863229 ], [ 5645257.214263720437884, 7430360.385501489974558 ] ] ] ] } },
{ "type": "Feature", "properties": { "type_zone": null, "name_by_doc": "Тяжелая промышленность", "descr": "16:42:201103:413" }, "geometry": { "type": "MultiPolygon", "coordinates": [ [ [ [ 5644828.771201839670539, 7429905.516668929718435 ], [ 5644855.304330989718437, 7429882.507745780050755 ], [ 5645257.214263720437884, 7430360.385501489974558 ], [ 5645261.279470539651811, 7430420.054126789793372 ], [ 5644828.771201839670539, 7429905.516668929718435 ] ] ] ] } },
{ "type": "Feature", "properties": { "type_zone": null, "name_by_doc": "для строительства производственных объектов", "descr": "16:42:201103:400" }, "geometry": { "type": "MultiPolygon", "coordinates": [ [ [ [ 5644987.855999669991434, 7429798.326825650408864 ], [ 5645041.610813300125301, 7429752.9196034995839 ], [ 5645098.28059049975127, 7429820.339001839980483 ], [ 5645031.061149390414357, 7429877.063328630290926 ], [ 5644917.654097040183842, 7429742.151084230281413 ], [ 5644931.083757760003209, 7429730.816907149739563 ], [ 5644987.855999669991434, 7429798.326825650408864 ] ] ] ] } },
{ "type": "Feature", "properties": { "type_zone": null, "name_by_doc": "Производственная деятельность", "descr": "16:42:201103:374" }, "geometry": { "type": "MultiPolygon", "coordinates": [ [ [ [ 5644984.873514490202069, 7429685.411139589734375 ], [ 5645041.610813300125301, 7429752.9196034995839 ], [ 5644987.855999669991434, 7429798.326825650408864 ], [ 5644931.083757760003209, 7429730.816907149739563 ], [ 5644984.873514490202069, 7429685.411139589734375 ] ] ] ] } },
{ "type": "Feature", "properties": { "type_zone": null, "name_by_doc": "для эксплуатации нефтехимического производства", "descr": "16:30:150201:41" }, "geometry": { "type": "MultiPolygon", "coordinates": [ [ [ [ 5717410.588101769797504, 7444684.146324220113456 ], [ 5717483.897279240190983, 7444801.537155539728701 ], [ 5717328.334937389940023, 7444893.909861030057073 ], [ 5717260.619225979782641, 7444780.059300139546394 ], [ 5717309.824726450257003, 7444749.825277039781213 ], [ 5717313.003547109663486, 7444742.913815040141344 ], [ 5717410.588101769797504, 7444684.146324220113456 ] ] ] ] } },
{ "type": "Feature", "properties": { "type_zone": null, "name_by_doc": "Под размещение индустриального парка (технопарка)", "descr": "16:30:150201:67" }, "geometry": { "type": "MultiPolygon", "coordinates": [ [ [ [ 5717570.244783249683678, 7444746.587634120136499 ], [ 5717619.021283240057528, 7444826.508927349932492 ], [ 5717398.718955989927053, 7444964.704851659946144 ], [ 5717377.674932270310819, 7444977.222827159799635 ], [ 5717328.334937389940023, 7444893.909861030057073 ], [ 5717483.897279240190983, 7444801.537155539728701 ], [ 5717570.244783249683678, 7444746.587634120136499 ] ] ] ] } },
{ "type": "Feature", "properties": { "type_zone": null, "name_by_doc": "для эксплуатации производственной базы", "descr": "16:30:150201:6" }, "geometry": { "type": "MultiPolygon", "coordinates": [ [ [ [ 5717668.202745020389557, 7445059.980961790308356 ], [ 5717512.330094910226762, 7445155.053467869758606 ], [ 5717398.718955989927053, 7444964.704851659946144 ], [ 5717619.021283240057528, 7444826.508927349932492 ], [ 5717735.729195949621499, 7445018.801471119746566 ], [ 5717668.202745020389557, 7445059.980961790308356 ] ] ] ] } },
{ "type": "Feature", "properties": { "type_zone": null, "name_by_doc": "для размещения индустриального парка", "descr": "16:30:150201:377" }, "geometry": { "type": "MultiPolygon", "coordinates": [ [ [ [ 5717524.268467829562724, 7445191.574212159961462 ], [ 5717505.911660829558969, 7445160.594804639928043 ], [ 5717512.330094910226762, 7445155.053467869758606 ], [ 5717668.202745020389557, 7445059.980961790308356 ], [ 5717677.258132689632475, 7445054.465041579678655 ], [ 5717696.06083455029875, 7445084.831194690428674 ], [ 5717678.266461829654872, 7445095.866172789596021 ], [ 5717524.268467829562724, 7445191.574212159961462 ] ] ], [ [ [ 5717609.993235779926181, 7445336.845383119769394 ], [ 5717775.607003269717097, 7445238.3560561100021 ], [ 5717783.476443770341575, 7445233.674258920364082 ], [ 5717799.95126389991492, 7445266.679206100292504 ], [ 5717628.026938459835947, 7445368.597462429665029 ], [ 5717609.993235779926181, 7445336.845383119769394 ] ] ] ] } },
{ "type": "Feature", "properties": { "type_zone": null, "name_by_doc": "для эксплуатации производственных объектов", "descr": "16:30:150201:64" }, "geometry": { "type": "MultiPolygon", "coordinates": [ [ [ [ 5717524.268467829562724, 7445191.574212159961462 ], [ 5717678.266461829654872, 7445095.866172789596021 ], [ 5717696.06083455029875, 7445084.831194690428674 ], [ 5717740.816963099874556, 7445157.15690322034061 ], [ 5717741.924380620010197, 7445159.017803410068154 ], [ 5717780.144889970310032, 7445223.562787179835141 ], [ 5717778.181843520142138, 7445224.742086799815297 ], [ 5717783.476443770341575, 7445233.674258920364082 ], [ 5717775.607003269717097, 7445238.3560561100021 ], [ 5717609.993235779926181, 7445336.845383119769394 ], [ 5717594.612940819934011, 7445310.757899169810116 ], [ 5717556.03215198032558, 7445245.397206470370293 ], [ 5717524.268467829562724, 7445191.574212159961462 ] ] ] ] } },
{ "type": "Feature", "properties": { "type_zone": null, "name_by_doc": "для размещения индустриального парка", "descr": "16:30:150201:383" }, "geometry": { "type": "MultiPolygon", "coordinates": [ [ [ [ 5717191.085632770322263, 7445885.587079930119216 ], [ 5717084.930018720217049, 7445948.82416176982224 ], [ 5717063.490839069709182, 7445907.483739170245826 ], [ 5717285.264523110352457, 7445773.259830519556999 ], [ 5717221.372448029927909, 7445665.125224240124226 ], [ 5716997.554540479555726, 7445798.197655769996345 ], [ 5717002.27900453004986, 7445806.032867619767785 ], [ 5716935.411049280315638, 7445845.295724569819868 ], [ 5716914.47194551024586, 7445803.273034100420773 ], [ 5716882.483361789956689, 7445751.097848660312593 ], [ 5716941.915262710303068, 7445711.569527209736407 ], [ 5716947.270998739637434, 7445708.714105060324073 ], [ 5716629.351085909642279, 7445142.611370280385017 ], [ 5716658.39206182025373, 7445125.186745080165565 ], [ 5716782.05325959995389, 7445051.014689880423248 ], [ 5716800.164736310020089, 7445040.037794929929078 ], [ 5716868.476679460145533, 7444998.098332409746945 ], [ 5716881.854332190006971, 7445018.263726600445807 ], [ 5716680.336122400127351, 7445146.758289569988847 ], [ 5716704.110105980187654, 7445186.250777210108936 ], [ 5716674.869080619886518, 7445204.343356479890645 ], [ 5716756.227653379552066, 7445330.515136459842324 ], [ 5716777.890183419920504, 7445321.493364799767733 ], [ 5716837.457239129580557, 7445419.610802199691534 ], [ 5716928.258541059680283, 7445370.734116479754448 ], [ 5716895.045093749649823, 7445316.311996160075068 ], [ 5716893.800163630396128, 7445292.440489689819515 ], [ 5716877.31302366964519, 7445266.517120320349932 ], [ 5716913.111231739632785, 7445246.725514310412109 ], [ 5717011.000741030089557, 7445190.111976649612188 ], [ 5717031.055394840426743, 7445178.201748030260205 ], [ 5717117.568089749664068, 7445321.036481049843132 ], [ 5717182.345747260376811, 7445428.065643520094454 ], [ 5717162.538188129663467, 7445439.838079050183296 ], [ 5717065.514282990247011, 7445289.163522940129042 ], [ 5716928.778907270170748, 7445367.849264100193977 ], [ 5717018.779980270192027, 7445524.502916100434959 ], [ 5716931.690977640450001, 7445569.417673580348492 ], [ 5717029.791440789587796, 7445736.09327535983175 ], [ 5717229.665123140439391, 7445622.24304549023509 ], [ 5717220.706749410368502, 7445608.551715429872274 ], [ 5717364.095036620274186, 7445527.52635211031884 ], [ 5717580.673338700085878, 7445401.620431549847126 ], [ 5717490.452194970101118, 7445241.238008630461991 ], [ 5717314.756380580365658, 7444959.907867710106075 ], [ 5717220.769024410285056, 7444808.269646209664643 ], [ 5717110.24929070007056, 7444877.059126060456038 ], [ 5717097.922701289877295, 7444857.257135749794543 ], [ 5717232.01009470038116, 7444774.93573541007936 ], [ 5717247.716241420246661, 7444765.291560189798474 ], [ 5717308.386496749706566, 7444865.858313309960067 ], [ 5717329.510110730305314, 7444901.48044496960938 ], [ 5717349.472351670265198, 7444935.399838039651513 ], [ 5717375.305486230179667, 7444978.60949247982353 ], [ 5717377.674932270310819, 7444977.222827159799635 ], [ 5717398.718955989927053, 7444964.704851659946144 ], [ 5717512.330094910226762, 7445155.053467869758606 ], [ 5717505.911660829558969, 7445160.594804639928043 ], [ 5717524.268467829562724, 7445191.574212159961462 ], [ 5717556.03215198032558, 7445245.397206470370293 ], [ 5717594.612940819934011, 7445310.757899169810116 ], [ 5717609.993235779926181, 7445336.845383119769394 ], [ 5717628.026938459835947, 7445368.597462429665029 ], [ 5717799.95126389991492, 7445266.679206100292504 ], [ 5717825.735745180398226, 7445313.501088020391762 ], [ 5717847.455676539801061, 7445300.194906130433083 ], [ 5717803.919194139540195, 7445221.519011629745364 ], [ 5718088.732088640332222, 7445052.121517949737608 ], [ 5718051.744840829633176, 7445187.359246050007641 ], [ 5717702.852241329848766, 7445391.523702289909124 ], [ 5717696.638030859641731, 7445408.732834770344198 ], [ 5717716.419562299735844, 7445443.462324270047247 ], [ 5717673.184491190128028, 7445468.754756850190461 ], [ 5717653.291013260371983, 7445480.386703940108418 ], [ 5717668.737438250333071, 7445556.309970029629767 ], [ 5717670.289714629761875, 7445588.696546359919012 ], [ 5717685.80464278999716, 7445664.850581640377641 ], [ 5717689.930267849937081, 7445705.756400469690561 ], [ 5717814.744176319800317, 7445625.000391569919884 ], [ 5717737.609214790165424, 7445726.834965250454843 ], [ 5717762.964990300126374, 7446279.524028009735048 ], [ 5717705.216312659904361, 7446314.072683559730649 ], [ 5717405.241583850234747, 7446175.785636040382087 ], [ 5717277.081938110291958, 7445972.034468620084226 ], [ 5717199.292202989570796, 7445880.69729030970484 ], [ 5717191.085632770322263, 7445885.587079930119216 ] ], [ [ 5717302.77875644993037, 7445631.376752760261297 ], [ 5717299.748091240413487, 7445630.201884370297194 ], [ 5717293.290677649900317, 7445634.262748030014336 ], [ 5717292.436023560352623, 7445637.179720539599657 ], [ 5717296.104011829942465, 7445643.365469610318542 ], [ 5717303.813695309683681, 7445638.91145027987659 ], [ 5717319.292979639954865, 7445663.82088700029999 ], [ 5717331.226037190295756, 7445682.686765160411596 ], [ 5717371.377550950273871, 7445747.485945929773152 ], [ 5717383.672099210321903, 7445767.183705300092697 ], [ 5717436.986465710215271, 7445732.685018230229616 ], [ 5717515.250995510257781, 7445681.898092879913747 ], [ 5717515.545139989815652, 7445682.394363599829376 ], [ 5717577.019823409616947, 7445642.158798590302467 ], [ 5717640.897438280284405, 7445600.659775890409946 ], [ 5717624.562731649726629, 7445573.187730819918215 ], [ 5717608.279529339633882, 7445545.857220930047333 ], [ 5717608.069731540046632, 7445545.7318384796381 ], [ 5717597.980733379721642, 7445528.875830939970911 ], [ 5717588.295147749595344, 7445512.129480060189962 ], [ 5717570.628898270428181, 7445482.371540349908173 ], [ 5717565.277554970234632, 7445473.861310170032084 ], [ 5717545.274675659835339, 7445485.879608339630067 ], [ 5717535.441006120294333, 7445491.811071099713445 ], [ 5717378.580420509912074, 7445586.154131660237908 ], [ 5717306.45120946969837, 7445629.826424130238593 ], [ 5717303.26543898973614, 7445631.963008710183203 ], [ 5717302.77875644993037, 7445631.376752760261297 ] ], [ [ 5717673.078094519674778, 7446199.914208309724927 ], [ 5717693.777105499990284, 7446113.865768349729478 ], [ 5717714.597549869678915, 7446027.942758910357952 ], [ 5717692.334840360097587, 7445936.564430230297148 ], [ 5717609.80845766980201, 7445916.646018709987402 ], [ 5717553.670080079697073, 7445904.736214869655669 ], [ 5717461.85756450984627, 7445919.672287420369685 ], [ 5717409.179631140083075, 7446134.003737379796803 ], [ 5717579.415827490389347, 7446176.521136729978025 ], [ 5717673.078094519674778, 7446199.914208309724927 ] ], [ [ 5717211.522085609845817, 7445888.88740095961839 ], [ 5717229.884625620208681, 7445910.248428639955819 ], [ 5717673.49359948001802, 7445644.977183709852397 ], [ 5717665.333583850413561, 7445612.191701239906251 ], [ 5717211.522085609845817, 7445888.88740095961839 ] ] ] ] } },
{ "type": "Feature", "properties": { "type_zone": null, "name_by_doc": "для размещения индустриального парка", "descr": "16:30:150201:378" }, "geometry": { "type": "MultiPolygon", "coordinates": [ [ [ [ 5717825.735745180398226, 7445313.501088020391762 ], [ 5717799.95126389991492, 7445266.679206100292504 ], [ 5717783.476443770341575, 7445233.674258920364082 ], [ 5717803.919194139540195, 7445221.519011629745364 ], [ 5717847.455676539801061, 7445300.194906130433083 ], [ 5717825.735745180398226, 7445313.501088020391762 ] ] ], [ [ [ 5717247.716241420246661, 7444765.291560189798474 ], [ 5717457.198414280079305, 7444636.671947989612818 ], [ 5717462.071271520107985, 7444643.679016199894249 ], [ 5717510.896773479878902, 7444614.392038200050592 ], [ 5717505.954419679939747, 7444607.296255219727755 ], [ 5717625.377037219703197, 7444535.224265710450709 ], [ 5717630.371516140177846, 7444542.390888949856162 ], [ 5717829.260800019837916, 7444418.913086700253189 ], [ 5717838.624900920316577, 7444434.261759329587221 ], [ 5717979.702438890002668, 7444664.88765714969486 ], [ 5718128.232119680382311, 7444907.712205859832466 ], [ 5718105.621568350121379, 7444990.399788250215352 ], [ 5717943.587249480187893, 7444721.981211880221963 ], [ 5717785.21570712979883, 7444459.611995929852128 ], [ 5717501.564385290257633, 7444634.088742169551551 ], [ 5717410.588101769797504, 7444684.146324220113456 ], [ 5717313.003547109663486, 7444742.913815040141344 ], [ 5717309.824726450257003, 7444749.825277039781213 ], [ 5717260.619225979782641, 7444780.059300139546394 ], [ 5717328.334937389940023, 7444893.909861030057073 ], [ 5717377.674932270310819, 7444977.222827159799635 ], [ 5717375.305486230179667, 7444978.60949247982353 ], [ 5717349.472351670265198, 7444935.399838039651513 ], [ 5717329.510110730305314, 7444901.48044496960938 ], [ 5717308.386496749706566, 7444865.858313309960067 ], [ 5717247.716241420246661, 7444765.291560189798474 ] ] ] ] } },
{ "type": "Feature", "properties": { "type_zone": null, "name_by_doc": "для размещения индустриального парка", "descr": "16:30:150201:77" }, "geometry": { "type": "MultiPolygon", "coordinates": [ [ [ [ 5717677.258302190341055, 7445054.447422410361469 ], [ 5717735.72936530970037, 7445018.783852029591799 ], [ 5717660.162006130442023, 7444894.269301650114357 ], [ 5717715.488026220351458, 7444860.091579619795084 ], [ 5717943.587249480187893, 7444721.981211880221963 ], [ 5718105.621568350121379, 7444990.399788250215352 ], [ 5718088.732088640332222, 7445052.121517949737608 ], [ 5717783.476443770341575, 7445233.674258920364082 ], [ 5717778.181843520142138, 7445224.742086799815297 ], [ 5717780.144889970310032, 7445223.562787179835141 ], [ 5717741.924380620010197, 7445159.017803410068154 ], [ 5717740.816963099874556, 7445157.15690322034061 ], [ 5717696.06083455029875, 7445084.831194690428674 ], [ 5717677.258302190341055, 7445054.447422410361469 ] ] ] ] } },
{ "type": "Feature", "properties": { "type_zone": null, "name_by_doc": "под размещения индустриального парка (технопарка)", "descr": "16:30:150201:156" }, "geometry": { "type": "MultiPolygon", "coordinates": [ [ [ [ 5717844.800608330406249, 7444781.801322629675269 ], [ 5717842.188585010357201, 7444777.335855100303888 ], [ 5717815.737197900190949, 7444732.39615620020777 ], [ 5717760.285091269761324, 7444765.198440230451524 ], [ 5717759.385472600348294, 7444763.674424770288169 ], [ 5717751.047198260203004, 7444749.497838210314512 ], [ 5717750.147583209909499, 7444747.973824770189822 ], [ 5717805.617020029574633, 7444715.189473549835384 ], [ 5717768.025063710287213, 7444651.342054369859397 ], [ 5717755.841938409954309, 7444658.554357100278139 ], [ 5717754.303494240157306, 7444659.473363869823515 ], [ 5717753.421638339757919, 7444657.931919850409031 ], [ 5717720.812622640281916, 7444602.537463310174644 ], [ 5717719.877531689591706, 7444601.048371960408986 ], [ 5717721.433717669919133, 7444600.111930510029197 ], [ 5717733.634362690150738, 7444592.899905519559979 ], [ 5717729.153639390133321, 7444585.315389639697969 ], [ 5717728.236298209987581, 7444583.808854220435023 ], [ 5717729.774730410426855, 7444582.889861510135233 ], [ 5717784.854112399742007, 7444550.331648720428348 ], [ 5717786.321704080328345, 7444549.464824309572577 ], [ 5717787.274381520226598, 7444550.954067399725318 ], [ 5717802.428338389843702, 7444576.719291729852557 ], [ 5717812.858868109993637, 7444570.741089490242302 ], [ 5717814.30854228977114, 7444569.909324109554291 ], [ 5717815.26122760027647, 7444571.398567699827254 ], [ 5717832.050912329927087, 7444600.774010020308197 ], [ 5717832.898463119752705, 7444602.227004040032625 ], [ 5717831.430190050043166, 7444603.164315760135651 ], [ 5717821.49237865023315, 7444609.09446001984179 ], [ 5717876.297750440426171, 7444702.197742789983749 ], [ 5717883.124620449729264, 7444697.999482800252736 ], [ 5717884.66322617046535, 7444697.062827439978719 ], [ 5717885.544943580403924, 7444698.621882730163634 ], [ 5717905.733591499738395, 7444732.964010139927268 ], [ 5717906.702880759723485, 7444734.559153829701245 ], [ 5717905.059633299708366, 7444735.40670972969383 ], [ 5717898.09581736009568, 7444739.216048049740493 ], [ 5717900.310272240079939, 7444742.972840880043805 ], [ 5717902.576625339686871, 7444746.818235360085964 ], [ 5717844.800608330406249, 7444781.801322629675269 ] ] ] ] } },
{ "type": "Feature", "properties": { "type_zone": null, "name_by_doc": "под размещения индустриального парка (технопарка)", "descr": "16:30:150201:155" }, "geometry": { "type": "MultiPolygon", "coordinates": [ [ [ [ 5717660.162006130442023, 7444894.269301650114357 ], [ 5717619.021283240057528, 7444826.508927349932492 ], [ 5717501.564385290257633, 7444634.088742169551551 ], [ 5717795.927973659709096, 7444477.370059230364859 ], [ 5717943.587249480187893, 7444721.981211880221963 ], [ 5717902.576625339686871, 7444746.818235360085964 ], [ 5717900.310272240079939, 7444742.972840880043805 ], [ 5717898.09581736009568, 7444739.216048049740493 ], [ 5717905.059633299708366, 7444735.40670972969383 ], [ 5717906.702880759723485, 7444734.559153829701245 ], [ 5717905.733591499738395, 7444732.964010139927268 ], [ 5717885.544943580403924, 7444698.621882730163634 ], [ 5717884.66322617046535, 7444697.062827439978719 ], [ 5717883.124620449729264, 7444697.999482800252736 ], [ 5717876.297750440426171, 7444702.197742789983749 ], [ 5717821.49237865023315, 7444609.09446001984179 ], [ 5717831.430190050043166, 7444603.164315760135651 ], [ 5717832.898463119752705, 7444602.227004040032625 ], [ 5717832.050912329927087, 7444600.774010020308197 ], [ 5717815.26122760027647, 7444571.398567699827254 ], [ 5717814.30854228977114, 7444569.909324109554291 ], [ 5717812.858868109993637, 7444570.741089490242302 ], [ 5717802.428338389843702, 7444576.719291729852557 ], [ 5717787.274381520226598, 7444550.954067399725318 ], [ 5717786.321704080328345, 7444549.464824309572577 ], [ 5717784.854112399742007, 7444550.331648720428348 ], [ 5717729.774730410426855, 7444582.889861510135233 ], [ 5717728.236298209987581, 7444583.808854220435023 ], [ 5717729.153639390133321, 7444585.315389639697969 ], [ 5717733.634362690150738, 7444592.899905519559979 ], [ 5717721.433717669919133, 7444600.111930510029197 ], [ 5717719.877531689591706, 7444601.048371960408986 ], [ 5717720.812622640281916, 7444602.537463310174644 ], [ 5717753.421638339757919, 7444657.931919850409031 ], [ 5717754.303494240157306, 7444659.473363869823515 ], [ 5717755.841938409954309, 7444658.554357100278139 ], [ 5717768.025063710287213, 7444651.342054369859397 ], [ 5717805.617020029574633, 7444715.189473549835384 ], [ 5717750.147583209909499, 7444747.973824770189822 ], [ 5717751.047198260203004, 7444749.497838210314512 ], [ 5717759.385472600348294, 7444763.674424770288169 ], [ 5717760.285091269761324, 7444765.198440230451524 ], [ 5717815.737197900190949, 7444732.39615620020777 ], [ 5717842.188585010357201, 7444777.335855100303888 ], [ 5717844.800608330406249, 7444781.801322629675269 ], [ 5717715.488026220351458, 7444860.091579619795084 ], [ 5717660.162006130442023, 7444894.269301650114357 ] ] ] ] } },
{ "type": "Feature", "properties": { "type_zone": null, "name_by_doc": "для эксплуатации производственной базы", "descr": "16:30:150201:1" }, "geometry": { "type": "MultiPolygon", "coordinates": [ [ [ [ 5717409.197214590385556, 7446134.003907900303602 ], [ 5717445.512656349688768, 7445986.181091399863362 ], [ 5717512.631994090043008, 7446004.595280589535832 ], [ 5717532.939621339552104, 7446010.360767729580402 ], [ 5717662.243580799549818, 7446042.962843829765916 ], [ 5717668.11941497027874, 7446018.946589370258152 ], [ 5717714.439470320008695, 7446027.923609199933708 ], [ 5717693.777105499990284, 7446113.865768349729478 ], [ 5717673.078094519674778, 7446199.914208309724927 ], [ 5717579.415827490389347, 7446176.521136729978025 ], [ 5717409.197214590385556, 7446134.003907900303602 ] ] ] ] } },
{ "type": "Feature", "properties": { "type_zone": null, "name_by_doc": "для эксплуатации производственной базы", "descr": "16:30:150201:39" }, "geometry": { "type": "MultiPolygon", "coordinates": [ [ [ [ 5717136.752885890193284, 7445455.164759360253811 ], [ 5717220.706749410368502, 7445608.551715429872274 ], [ 5717229.665123140439391, 7445622.24304549023509 ], [ 5717029.791440789587796, 7445736.09327535983175 ], [ 5716931.690977640450001, 7445569.417673580348492 ], [ 5717018.779980270192027, 7445524.502916100434959 ], [ 5717136.752885890193284, 7445455.164759360253811 ] ] ] ] } },
{ "type": "Feature", "properties": { "type_zone": null, "name_by_doc": "производственная деятельность", "descr": "16:30:150201:388" }, "geometry": { "type": "MultiPolygon", "coordinates": [ [ [ [ 5717063.490839069709182, 7445907.483739170245826 ], [ 5716997.554540479555726, 7445798.197655769996345 ], [ 5717221.372448029927909, 7445665.125224240124226 ], [ 5717285.264523110352457, 7445773.259830519556999 ], [ 5717063.490839069709182, 7445907.483739170245826 ] ] ] ] } },
{ "type": "Feature", "properties": { "type_zone": null, "name_by_doc": "для эксплуатации базы механизации", "descr": "16:30:150201:34" }, "geometry": { "type": "MultiPolygon", "coordinates": [ [ [ [ 5717364.095036620274186, 7445527.52635211031884 ], [ 5717277.014397379942238, 7445371.803764039650559 ], [ 5717490.452194970101118, 7445241.238008630461991 ], [ 5717580.673338700085878, 7445401.620431549847126 ], [ 5717364.095036620274186, 7445527.52635211031884 ] ] ] ] } },
{ "type": "Feature", "properties": { "type_zone": null, "name_by_doc": "для размещения индустриального парка", "descr": "16:30:150201:385" }, "geometry": { "type": "MultiPolygon", "coordinates": [ [ [ [ 5717252.609105749987066, 7445386.298265079967678 ], [ 5717190.179928639903665, 7445281.812957379966974 ], [ 5717141.680687639862299, 7445200.653499980457127 ], [ 5717265.291900769807398, 7445125.83817073982209 ], [ 5717204.641375809907913, 7445028.527764050289989 ], [ 5717314.756380580365658, 7444959.907867710106075 ], [ 5717490.452194970101118, 7445241.238008630461991 ], [ 5717277.014397379942238, 7445371.803764039650559 ], [ 5717252.609105749987066, 7445386.298265079967678 ] ] ] ] } },
{ "type": "Feature", "properties": { "type_zone": null, "name_by_doc": "для эксплуатации производственной базы", "descr": "16:30:150201:31" }, "geometry": { "type": "MultiPolygon", "coordinates": [ [ [ [ 5717252.608935279771686, 7445386.31588498968631 ], [ 5717182.363329109735787, 7445428.065814529545605 ], [ 5717117.568089749664068, 7445321.036481049843132 ], [ 5717190.179928639903665, 7445281.812957379966974 ], [ 5717252.608935279771686, 7445386.31588498968631 ] ] ] ] } },
{ "type": "Feature", "properties": { "type_zone": null, "name_by_doc": "для эксплуатации производственной базы", "descr": "16:30:150201:35" }, "geometry": { "type": "MultiPolygon", "coordinates": [ [ [ [ 5717011.000741030089557, 7445190.111976649612188 ], [ 5716913.111231739632785, 7445246.725514310412109 ], [ 5716831.605311430059373, 7445113.841724880039692 ], [ 5716704.110105980187654, 7445186.250777210108936 ], [ 5716680.336122400127351, 7445146.758289569988847 ], [ 5716881.854332190006971, 7445018.263726600445807 ], [ 5716902.323446869850159, 7445050.515763769857585 ], [ 5716918.653255419805646, 7445040.120306000113487 ], [ 5717011.000741030089557, 7445190.111976649612188 ] ] ] ] } },
{ "type": "Feature", "properties": { "type_zone": null, "name_by_doc": "Для размещения производственных объектов", "descr": "16:30:150201:164" }, "geometry": { "type": "MultiPolygon", "coordinates": [ [ [ [ 5716996.529585669748485, 7445166.60532005969435 ], [ 5716938.888207219541073, 7445072.969159360043705 ], [ 5716918.653255419805646, 7445040.120306000113487 ], [ 5717043.712209899909794, 7444961.024764570407569 ], [ 5717024.146336539648473, 7444929.874750399962068 ], [ 5716891.285529259592295, 7445013.933012479916215 ], [ 5716889.85412469971925, 7445009.249545570462942 ], [ 5717060.306556520052254, 7444907.003270390443504 ], [ 5717065.849489799700677, 7444915.603205040097237 ], [ 5717072.181668439880013, 7444926.219572279602289 ], [ 5717073.08375218976289, 7444925.664501969702542 ], [ 5717091.675381660461426, 7444953.950351820327342 ], [ 5717101.816632799804211, 7444972.480255049653351 ], [ 5717104.734546430408955, 7444970.746601849794388 ], [ 5717177.38752906024456, 7445092.155841089785099 ], [ 5717134.634539210237563, 7445116.708729170262814 ], [ 5717102.802311260253191, 7445135.60572773963213 ], [ 5717190.179928639903665, 7445281.812957379966974 ], [ 5717117.568089749664068, 7445321.036481049843132 ], [ 5717031.055394840426743, 7445178.201748030260205 ], [ 5717011.000741030089557, 7445190.111976649612188 ], [ 5716996.529585669748485, 7445166.60532005969435 ] ] ] ] } },
{ "type": "Feature", "properties": { "type_zone": null, "name_by_doc": "Для эксплуатации производственной базы", "descr": "16:30:150201:165" }, "geometry": { "type": "MultiPolygon", "coordinates": [ [ [ [ 5716680.336122400127351, 7445146.758289569988847 ], [ 5716881.854332190006971, 7445018.263726600445807 ], [ 5716902.323446869850159, 7445050.515763769857585 ], [ 5716918.653255419805646, 7445040.120306000113487 ], [ 5717011.000741030089557, 7445190.111976649612188 ], [ 5716913.111231739632785, 7445246.725514310412109 ], [ 5716781.302471810020506, 7445319.57075371965766 ], [ 5716762.372437420301139, 7445288.142919139936566 ], [ 5716701.933870749548078, 7445187.639165350235999 ], [ 5716704.110105980187654, 7445186.250777210108936 ], [ 5716680.336122400127351, 7445146.758289569988847 ] ], [ [ 5716807.413398769684136, 7445200.353725589811802 ], [ 5716790.50394912995398, 7445210.63777039013803 ], [ 5716814.955791500397027, 7445251.017927169799805 ], [ 5716831.86546862963587, 7445240.716156310401857 ], [ 5716807.413398769684136, 7445200.353725589811802 ] ], [ [ 5716887.502057599835098, 7445207.779327689670026 ], [ 5716857.363591870293021, 7445157.282453469932079 ], [ 5716824.768361220136285, 7445176.805315709672868 ], [ 5716854.906518169678748, 7445227.320062380284071 ], [ 5716887.502057599835098, 7445207.779327689670026 ] ] ] ] } },
{ "type": "Feature", "properties": { "type_zone": null, "name_by_doc": "Для эксплуатации АЗС", "descr": "16:30:150201:40" }, "geometry": { "type": "MultiPolygon", "coordinates": [ [ [ [ 5716777.890183419920504, 7445321.493364799767733 ], [ 5716877.295613530091941, 7445266.499329010024667 ], [ 5716893.800163630396128, 7445292.440489689819515 ], [ 5716895.045093749649823, 7445316.311996160075068 ], [ 5716928.258541059680283, 7445370.734116479754448 ], [ 5716837.457239129580557, 7445419.610802199691534 ], [ 5716777.890183419920504, 7445321.493364799767733 ] ] ] ] } },
{ "type": "Feature", "properties": { "type_zone": null, "name_by_doc": "для эксплуатации служебно-бытового корпуса", "descr": "16:30:150201:38" }, "geometry": { "type": "MultiPolygon", "coordinates": [ [ [ [ 5716918.653255419805646, 7445040.120306000113487 ], [ 5716902.323275609873235, 7445050.533382910303771 ], [ 5716882.598662620410323, 7445019.469205030240119 ], [ 5717024.146336539648473, 7444929.874750399962068 ], [ 5717043.712209899909794, 7444961.024764570407569 ], [ 5716918.653255419805646, 7445040.120306000113487 ] ] ] ] } },
{ "type": "Feature", "properties": { "type_zone": null, "name_by_doc": "для размещения индустриального парка", "descr": "16:30:150201:380" }, "geometry": { "type": "MultiPolygon", "coordinates": [ [ [ [ 5717102.802311260253191, 7445135.60572773963213 ], [ 5717134.634539210237563, 7445116.708729170262814 ], [ 5717183.29288293980062, 7445088.777204079553485 ], [ 5717052.943274090066552, 7444884.870722969993949 ], [ 5717097.922701289877295, 7444857.257135749794543 ], [ 5717110.24929070007056, 7444877.059126060456038 ], [ 5717204.641375809907913, 7445028.527764050289989 ], [ 5717265.291900769807398, 7445125.83817073982209 ], [ 5717141.680687639862299, 7445200.653499980457127 ], [ 5717102.802311260253191, 7445135.60572773963213 ] ] ] ] } },
{ "type": "Feature", "properties": { "type_zone": null, "name_by_doc": "для размещения индустриального парка", "descr": "16:30:150201:381" }, "geometry": { "type": "MultiPolygon", "coordinates": [ [ [ [ 5717314.756380580365658, 7444959.907867710106075 ], [ 5717204.641375809907913, 7445028.527764050289989 ], [ 5717110.24929070007056, 7444877.059126060456038 ], [ 5717220.769024410285056, 7444808.269646209664643 ], [ 5717314.756380580365658, 7444959.907867710106075 ] ] ] ] } },
{ "type": "Feature", "properties": { "type_zone": null, "name_by_doc": "для эксплуатации базы строительства", "descr": "16:30:150201:33" }, "geometry": { "type": "MultiPolygon", "coordinates": [ [ [ [ 5717364.095036620274186, 7445527.52635211031884 ], [ 5717220.706749410368502, 7445608.551715429872274 ], [ 5717136.752885890193284, 7445455.164759360253811 ], [ 5717162.467348599806428, 7445439.890254910103977 ], [ 5717277.014397379942238, 7445371.803764039650559 ], [ 5717364.095036620274186, 7445527.52635211031884 ] ] ] ] } },
{ "type": "Feature", "properties": { "type_zone": null, "name_by_doc": "для эксплуатации производственной базы", "descr": "16:30:150201:32" }, "geometry": { "type": "MultiPolygon", "coordinates": [ [ [ [ 5717162.538188129663467, 7445439.838079050183296 ], [ 5717136.752885890193284, 7445455.164759360253811 ], [ 5717018.779980270192027, 7445524.502916100434959 ], [ 5716928.778907270170748, 7445367.849264100193977 ], [ 5717065.514282990247011, 7445289.163522940129042 ], [ 5717162.538188129663467, 7445439.838079050183296 ] ] ] ] } },
{ "type": "Feature", "properties": { "type_zone": null, "name_by_doc": "для размещения индустриального парка", "descr": "16:30:150201:166" }, "geometry": { "type": "MultiPolygon", "coordinates": [ [ [ [ 5717383.672099210321903, 7445767.183705300092697 ], [ 5717371.377550950273871, 7445747.485945929773152 ], [ 5717331.226037190295756, 7445682.686765160411596 ], [ 5717319.292979639954865, 7445663.82088700029999 ], [ 5717303.813695309683681, 7445638.91145027987659 ], [ 5717296.104011829942465, 7445643.365469610318542 ], [ 5717292.436023560352623, 7445637.179720539599657 ], [ 5717293.290677649900317, 7445634.262748030014336 ], [ 5717299.748091240413487, 7445630.201884370297194 ], [ 5717302.77875644993037, 7445631.376752760261297 ], [ 5717303.26543898973614, 7445631.963008710183203 ], [ 5717306.45120946969837, 7445629.826424130238593 ], [ 5717378.580420509912074, 7445586.154131660237908 ], [ 5717535.441006120294333, 7445491.811071099713445 ], [ 5717545.274675659835339, 7445485.879608339630067 ], [ 5717565.277554970234632, 7445473.861310170032084 ], [ 5717570.628898270428181, 7445482.371540349908173 ], [ 5717588.295147749595344, 7445512.129480060189962 ], [ 5717597.980733379721642, 7445528.875830939970911 ], [ 5717608.069731540046632, 7445545.7318384796381 ], [ 5717608.279529339633882, 7445545.857220930047333 ], [ 5717624.562731649726629, 7445573.187730819918215 ], [ 5717640.897438280284405, 7445600.659775890409946 ], [ 5717577.019823409616947, 7445642.158798590302467 ], [ 5717515.545139989815652, 7445682.394363599829376 ], [ 5717515.250995510257781, 7445681.898092879913747 ], [ 5717436.986465710215271, 7445732.685018230229616 ], [ 5717383.672099210321903, 7445767.183705300092697 ] ], [ [ 5717488.98340538982302, 7445646.945599310100079 ], [ 5717620.74667036999017, 7445569.573570360429585 ], [ 5717582.217130590230227, 7445504.211341650225222 ], [ 5717450.230858170427382, 7445582.901550300419331 ], [ 5717488.98340538982302, 7445646.945599310100079 ] ] ] ] } },
{ "type": "Feature", "properties": { "type_zone": null, "name_by_doc": "для эксплуатации производственной базы гидроспецстроя", "descr": "16:30:150201:36" }, "geometry": { "type": "MultiPolygon", "coordinates": [ [ [ [ 5717488.98340538982302, 7445646.945599310100079 ], [ 5717450.230858170427382, 7445582.901550300419331 ], [ 5717582.217130590230227, 7445504.211341650225222 ], [ 5717620.74667036999017, 7445569.573570360429585 ], [ 5717488.98340538982302, 7445646.945599310100079 ] ] ] ] } },
{ "type": "Feature", "properties": { "type_zone": null, "name_by_doc": "для размещения индустриального парка", "descr": "16:30:150201:386" }, "geometry": { "type": "MultiPolygon", "coordinates": [ [ [ [ 5717998.33885614015162, 7445382.618556849658489 ], [ 5717814.744176319800317, 7445625.000391569919884 ], [ 5717689.930267849937081, 7445705.756400469690561 ], [ 5717685.80464278999716, 7445664.850581640377641 ], [ 5717670.289714629761875, 7445588.696546359919012 ], [ 5717668.737438250333071, 7445556.309970029629767 ], [ 5717653.291013260371983, 7445480.386703940108418 ], [ 5717673.184491190128028, 7445468.754756850190461 ], [ 5717716.419562299735844, 7445443.462324270047247 ], [ 5717696.638030859641731, 7445408.732834770344198 ], [ 5717702.852241329848766, 7445391.523702289909124 ], [ 5718051.744840829633176, 7445187.359246050007641 ], [ 5717998.33885614015162, 7445382.618556849658489 ] ] ] ] } },
{ "type": "Feature", "properties": { "type_zone": null, "name_by_doc": "для размещения производственных объектов", "descr": "16:30:150201:153" }, "geometry": { "type": "MultiPolygon", "coordinates": [ [ [ [ 5716887.502057599835098, 7445207.779327689670026 ], [ 5716854.906518169678748, 7445227.320062380284071 ], [ 5716824.768361220136285, 7445176.805315709672868 ], [ 5716857.363591870293021, 7445157.282453469932079 ], [ 5716887.502057599835098, 7445207.779327689670026 ] ] ] ] } },
{ "type": "Feature", "properties": { "type_zone": null, "name_by_doc": "Под промышленные объекты", "descr": "16:30:150201:15" }, "geometry": { "type": "MultiPolygon", "coordinates": [ [ [ [ 5717673.49359948001802, 7445644.977183709852397 ], [ 5717229.884625620208681, 7445910.248428639955819 ], [ 5717211.522085609845817, 7445888.88740095961839 ], [ 5717665.333583850413561, 7445612.191701239906251 ], [ 5717673.49359948001802, 7445644.977183709852397 ] ] ] ] } },
{ "type": "Feature", "properties": { "type_zone": null, "name_by_doc": "6.6-строительная промышленность", "descr": "16:52:090206:936" }, "geometry": { "type": "MultiPolygon", "coordinates": [ [ [ [ 5843046.149767469614744, 7497090.732145809568465 ], [ 5843087.798368429765105, 7497047.299726529978216 ], [ 5843169.777481090277433, 7497126.512979630380869 ], [ 5843164.204608770087361, 7497132.35033721011132 ], [ 5843158.967327309772372, 7497127.293819010257721 ], [ 5843151.565619049593806, 7497134.970329809933901 ], [ 5843165.638231200166047, 7497148.501005760394037 ], [ 5843137.051936539821327, 7497178.295747179538012 ], [ 5843046.149767469614744, 7497090.732145809568465 ] ] ] ] } },
{ "type": "Feature", "properties": { "type_zone": null, "name_by_doc": "земельный участок, предназначенный для размещения производственных зданий, строений, сооружений промышленности (объект производственного назначения (цех механической обработки)", "descr": "16:52:090206:475" }, "geometry": { "type": "MultiPolygon", "coordinates": [ [ [ [ 5843092.228411359712481, 7497245.112458470277488 ], [ 5843147.063311300240457, 7497187.950719219632447 ], [ 5843188.887003559619188, 7497144.232233510352671 ], [ 5843209.889395239762962, 7497164.45791640970856 ], [ 5843216.181011660024524, 7497235.656289969570935 ], [ 5843152.08260081987828, 7497302.707490440458059 ], [ 5843092.228411359712481, 7497245.112458470277488 ] ] ] ] } },
{ "type": "Feature", "properties": { "type_zone": null, "name_by_doc": "Земельный участок, предназначенный для размещения производственных и административных зданий, строений, сооружений промышленности, (под объект производственного назначения (производство строительных материалов)", "descr": "16:52:090206:459" }, "geometry": { "type": "MultiPolygon", "coordinates": [ [ [ [ 5842987.698677560314536, 7497144.403914590366185 ], [ 5843042.533640550449491, 7497087.243659829720855 ], [ 5843147.063311300240457, 7497187.950719219632447 ], [ 5843092.228411359712481, 7497245.112458470277488 ], [ 5842987.698677560314536, 7497144.403914590366185 ] ] ] ] } },
{ "type": "Feature", "properties": { "type_zone": null, "name_by_doc": "земельный участок, предназначенный для проездов (подъездная дорога к объектам производственного назначения)", "descr": "16:52:090206:501" }, "geometry": { "type": "MultiPolygon", "coordinates": [ [ [ [ 5842709.442183040082455, 7497370.645385630428791 ], [ 5843161.050183069892228, 7496899.942271330393851 ], [ 5843141.88345727045089, 7496881.496614810079336 ], [ 5843149.161618390120566, 7496873.909868700429797 ], [ 5843168.292943339794874, 7496892.35572255961597 ], [ 5843262.428901759907603, 7496793.588865250349045 ], [ 5843294.332193340174854, 7496824.313311560079455 ], [ 5843199.875694530084729, 7496922.781511880457401 ], [ 5843219.986810780130327, 7496942.143287049606442 ], [ 5843212.620622750371695, 7496949.801701510325074 ], [ 5843192.545020909979939, 7496930.457392109557986 ], [ 5843114.857666660100222, 7497011.431390659883618 ], [ 5843195.819610619917512, 7497089.408987820148468 ], [ 5843242.651905040256679, 7497134.528942929580808 ], [ 5843260.243121650069952, 7497263.144788409583271 ], [ 5843236.0869858302176, 7497288.298867329955101 ], [ 5843231.277047079987824, 7497283.647476069629192 ], [ 5843135.811496550217271, 7497383.085281119681895 ], [ 5843225.595730289816856, 7497469.558658200316131 ], [ 5843228.98048985004425, 7497472.818143139593303 ], [ 5843214.388834579847753, 7497488.15284300968051 ], [ 5843121.255226380191743, 7497398.419394269585609 ], [ 5842938.491786699742079, 7497588.779719419777393 ], [ 5842906.734378069639206, 7497558.972285220399499 ], [ 5843216.341248280368745, 7497235.797145039774477 ], [ 5843209.889395239762962, 7497164.45791640970856 ], [ 5843084.337821980006993, 7497043.24261811003089 ], [ 5842741.113366659730673, 7497401.038871820084751 ], [ 5842709.442183040082455, 7497370.645385630428791 ] ] ] ] } },
{ "type": "Feature", "properties": { "type_zone": null, "name_by_doc": "земельный участок, предназначенный для размещения производственных и административных зданий, строений, сооружений промышленности (под объект производственного назначения (производство грузоподъёмного оборудования)", "descr": "16:52:090206:472" }, "geometry": { "type": "MultiPolygon", "coordinates": [ [ [ [ 5843042.533640550449491, 7497087.243659829720855 ], [ 5843084.480468519963324, 7497043.401326890103519 ], [ 5843188.887003559619188, 7497144.232233510352671 ], [ 5843147.063311300240457, 7497187.950719219632447 ], [ 5843137.051936539821327, 7497178.295747179538012 ], [ 5843165.638231200166047, 7497148.501005760394037 ], [ 5843151.565619049593806, 7497134.970329809933901 ], [ 5843158.967327309772372, 7497127.293819010257721 ], [ 5843164.204608770087361, 7497132.35033721011132 ], [ 5843169.777481090277433, 7497126.512979630380869 ], [ 5843087.798368429765105, 7497047.299726529978216 ], [ 5843046.149767469614744, 7497090.732145809568465 ], [ 5843042.533640550449491, 7497087.243659829720855 ] ] ] ] } },
{ "type": "Feature", "properties": { "type_zone": null, "name_by_doc": "6.6- строительная промышленность", "descr": "16:52:090206:925" }, "geometry": { "type": "MultiPolygon", "coordinates": [ [ [ [ 5843029.099140970036387, 7497281.928667570464313 ], [ 5842942.65023375954479, 7497198.643967309966683 ], [ 5842991.314806619659066, 7497147.892451959662139 ], [ 5843077.781483969651163, 7497231.1936842398718 ], [ 5843029.099140970036387, 7497281.928667570464313 ] ] ] ] } },
{ "type": "Feature", "properties": { "type_zone": null, "name_by_doc": "6.5 - нефтехимическая промышленность", "descr": "16:52:090206:933" }, "geometry": { "type": "MultiPolygon", "coordinates": [ [ [ [ 5843027.291063729673624, 7497670.793658790178597 ], [ 5843021.980679930187762, 7497668.132088210433722 ], [ 5842938.652141580358148, 7497588.93832581024617 ], [ 5843035.08993075042963, 7497488.518270139582455 ], [ 5843045.67184923030436, 7497498.755417539738119 ], [ 5843040.819246250204742, 7497503.807678150013089 ], [ 5843049.262886280193925, 7497511.894659670069814 ], [ 5843059.688945730216801, 7497501.040306029841304 ], [ 5843051.245306720025837, 7497492.95334723033011 ], [ 5843044.404885579831898, 7497486.399191760458052 ], [ 5843052.228605159558356, 7497478.222951229661703 ], [ 5843141.460785360075533, 7497564.16980495955795 ], [ 5843041.999248730018735, 7497667.734318369999528 ], [ 5843037.114893339574337, 7497670.658083650283515 ], [ 5843032.148459079675376, 7497671.861597379669547 ], [ 5843027.291063729673624, 7497670.793658790178597 ] ] ] ] } },
{ "type": "Feature", "properties": { "type_zone": null, "name_by_doc": "6.6 - строительная промышленность", "descr": "16:52:090206:932" }, "geometry": { "type": "MultiPolygon", "coordinates": [ [ [ [ 5842741.309346259571612, 7497401.232724440284073 ], [ 5842928.028113840147853, 7497206.6160818496719 ], [ 5842942.100582989864051, 7497220.165029919706285 ], [ 5842937.002019819803536, 7497225.484745379537344 ], [ 5842945.427662660367787, 7497233.589406849816442 ], [ 5842955.853494389913976, 7497222.735583120025694 ], [ 5842947.427620580419898, 7497214.595467790029943 ], [ 5842936.567073790356517, 7497204.981256710365415 ], [ 5842942.65023375954479, 7497198.643967309966683 ], [ 5843029.099140970036387, 7497281.928667570464313 ], [ 5842992.987042300403118, 7497319.578158469870687 ], [ 5843067.19902769010514, 7497390.987745909951627 ], [ 5842906.698975710198283, 7497558.972517499700189 ], [ 5842741.309346259571612, 7497401.232724440284073 ] ] ] ] } },
{ "type": "Feature", "properties": { "type_zone": null, "name_by_doc": "земельный участок, предназначенный для гаражей и автостоянок (гостевая стоянка на 50 машин)", "descr": "16:52:090206:473" }, "geometry": { "type": "MultiPolygon", "coordinates": [ [ [ [ 5843200.053740629926324, 7496922.939982459880412 ], [ 5843222.13417247030884, 7496899.911760450340807 ], [ 5843351.870066549628973, 7497024.890947859734297 ], [ 5843329.789666470140219, 7497047.919911909848452 ], [ 5843200.053740629926324, 7496922.939982459880412 ] ] ] ] } },
{ "type": "Feature", "properties": { "type_zone": null, "name_by_doc": "4.1-деловое управление", "descr": "16:52:090206:929" }, "geometry": { "type": "MultiPolygon", "coordinates": [ [ [ [ 5843094.71840022969991, 7496968.86737351026386 ], [ 5843009.679392370395362, 7496886.925616499967873 ], [ 5843031.461604069918394, 7496864.237036559730768 ], [ 5843032.672842710278928, 7496865.399794910103083 ], [ 5843044.24086038954556, 7496853.36812824010849 ], [ 5843043.011806160211563, 7496852.187752489931881 ], [ 5843068.83715866971761, 7496825.268623339943588 ], [ 5843102.450024049729109, 7496857.667867260053754 ], [ 5843096.490229150280356, 7496863.862287749536335 ], [ 5843109.618237909860909, 7496876.494160099886358 ], [ 5843115.5602160198614, 7496870.282098489813507 ], [ 5843153.626685650087893, 7496906.962385009974241 ], [ 5843145.627700040116906, 7496915.298930520191789 ], [ 5843132.446002069860697, 7496902.596456469967961 ], [ 5843121.615595320239663, 7496892.148993420414627 ], [ 5843113.493390809744596, 7496900.592731470242143 ], [ 5843124.359197869896889, 7496911.039984039962292 ], [ 5843126.626979590393603, 7496908.665839870460331 ], [ 5843140.058104160241783, 7496921.615027179941535 ], [ 5843094.71840022969991, 7496968.86737351026386 ] ] ] ] } },
{ "type": "Feature", "properties": { "type_zone": null, "name_by_doc": "6.6 - строительная промышленность", "descr": "16:52:090206:935" }, "geometry": { "type": "MultiPolygon", "coordinates": [ [ [ [ 5842938.806605050340295, 7496959.976693850010633 ], [ 5842950.515464499592781, 7496947.784451900050044 ], [ 5842951.744519899599254, 7496948.964856919832528 ], [ 5842962.486468040384352, 7496937.790052999742329 ], [ 5842961.257412799634039, 7496936.609651380218565 ], [ 5842990.441107190214097, 7496906.173981639556587 ], [ 5842996.622132759541273, 7496912.128923290409148 ], [ 5843008.45414580963552, 7496899.847166700288653 ], [ 5843002.237489510327578, 7496893.85700151976198 ], [ 5843008.900492150336504, 7496886.912998739629984 ], [ 5843093.975123910233378, 7496968.890006580390036 ], [ 5843087.364761830307543, 7496975.762855580076575 ], [ 5843074.272019989788532, 7496963.130551350302994 ], [ 5843075.819139639846981, 7496961.523904420435429 ], [ 5843064.98872638028115, 7496951.076282570138574 ], [ 5843056.866398240439594, 7496959.520025339908898 ], [ 5843067.732212089933455, 7496969.967436959967017 ], [ 5843069.36713607981801, 7496968.253781080245972 ], [ 5843082.834017420187593, 7496981.256147660315037 ], [ 5843024.255441210232675, 7497042.325297620147467 ], [ 5842938.806605050340295, 7496959.976693850010633 ] ] ] ] } },
{ "type": "Feature", "properties": { "type_zone": null, "name_by_doc": "Строительная промышленность", "descr": "16:52:090206:941" }, "geometry": { "type": "MultiPolygon", "coordinates": [ [ [ [ 5842953.720111889764667, 7497115.74826462008059 ], [ 5842859.560931280255318, 7497025.0293511999771 ], [ 5842912.273906690068543, 7496970.882615390233696 ], [ 5842921.055444990284741, 7496979.321733459830284 ], [ 5842938.899858050048351, 7496960.703358929604292 ], [ 5843018.772951089777052, 7497037.642867339774966 ], [ 5843011.670463180169463, 7497045.068846209906042 ], [ 5843016.765179879963398, 7497050.002177149988711 ], [ 5843010.066992620006204, 7497056.999779379926622 ], [ 5842953.720111889764667, 7497115.74826462008059 ] ] ] ] } },
{ "type": "Feature", "properties": { "type_zone": null, "name_by_doc": "6.3 - легкая промышленность", "descr": "16:52:090206:924" }, "geometry": { "type": "MultiPolygon", "coordinates": [ [ [ [ 5842769.2014195099473, 7497117.809243000112474 ], [ 5842859.560931280255318, 7497025.0293511999771 ], [ 5842953.720111889764667, 7497115.74826462008059 ], [ 5842874.375681320205331, 7497198.435580680146813 ], [ 5842861.0337143400684, 7497185.591318299993873 ], [ 5842865.938873919658363, 7497180.468077070079744 ], [ 5842857.513372080400586, 7497172.363383649848402 ], [ 5842847.087469650432467, 7497183.21700416970998 ], [ 5842855.513203980401158, 7497191.357196790166199 ], [ 5842868.819886860437691, 7497204.21944859996438 ], [ 5842864.055390950292349, 7497209.199872869998217 ], [ 5842769.2014195099473, 7497117.809243000112474 ] ] ] ] } },
{ "type": "Feature", "properties": { "type_zone": null, "name_by_doc": "земельный участок, предназначенный для размещения производственных и административных зданий, строений, сооружений промышленности (под объект производственного назначения)", "descr": "16:52:090206:444" }, "geometry": { "type": "MultiPolygon", "coordinates": [ [ [ [ 5842624.01109679043293, 7497288.342912159860134 ], [ 5842619.858404169790447, 7497283.988418919965625 ], [ 5842618.074017469771206, 7497279.068561689928174 ], [ 5842619.428042969666421, 7497274.961975679732859 ], [ 5842621.865256009623408, 7497271.380500339902937 ], [ 5842769.2014195099473, 7497117.809243000112474 ], [ 5842864.055390950292349, 7497209.199872869998217 ], [ 5842709.299769000150263, 7497370.522140529938042 ], [ 5842624.01109679043293, 7497288.342912159860134 ] ] ] ] } },
{ "type": "Feature", "properties": { "type_zone": null, "name_by_doc": "земельный участок, предназначенный для проездов (подъездная дорога (противопожарный проезд)", "descr": "16:52:090206:491" }, "geometry": { "type": "MultiPolygon", "coordinates": [ [ [ [ 5843032.56970470957458, 7497692.934088179841638 ], [ 5842916.302090059965849, 7497581.971326690167189 ], [ 5842875.264916130341589, 7497624.745405239984393 ], [ 5842867.604823599569499, 7497617.362577670253813 ], [ 5842908.606946219690144, 7497574.642030159942806 ], [ 5842599.312937369570136, 7497279.421535260044038 ], [ 5843067.863790390081704, 7496795.581401909701526 ], [ 5843149.161618390120566, 7496873.909868700429797 ], [ 5843141.88345727045089, 7496881.496614810079336 ], [ 5843068.351868480443954, 7496810.637846830300987 ], [ 5843001.645890610292554, 7496879.191314330324531 ], [ 5842930.524605199694633, 7496952.137445470318198 ], [ 5842859.560931280255318, 7497025.0293511999771 ], [ 5842769.2014195099473, 7497117.809243000112474 ], [ 5842621.865256009623408, 7497271.380500339902937 ], [ 5842619.428042969666421, 7497274.961975679732859 ], [ 5842618.074017469771206, 7497279.068561689928174 ], [ 5842619.858404169790447, 7497283.988418919965625 ], [ 5842624.01109679043293, 7497288.342912159860134 ], [ 5842709.299769000150263, 7497370.522140529938042 ], [ 5842741.309346259571612, 7497401.232724440284073 ], [ 5842906.698975710198283, 7497558.972517499700189 ], [ 5842938.652141580358148, 7497588.93832581024617 ], [ 5843021.980679930187762, 7497668.132088210433722 ], [ 5843027.291063729673624, 7497670.793658790178597 ], [ 5843032.148459079675376, 7497671.861597379669547 ], [ 5843037.114893339574337, 7497670.658083650283515 ], [ 5843041.999248730018735, 7497667.734318369999528 ], [ 5843141.460785360075533, 7497564.16980495955795 ], [ 5843214.388834579847753, 7497488.15284300968051 ], [ 5843228.98048985004425, 7497472.818143139593303 ], [ 5843246.737489559687674, 7497454.304889430291951 ], [ 5843276.695705519989133, 7497423.080455549992621 ], [ 5843324.392723970115185, 7497373.360648429952562 ], [ 5843342.02618048992008, 7497354.972403310239315 ], [ 5843344.040137009695172, 7497351.677292290143669 ], [ 5843345.243366920389235, 7497348.919728239998221 ], [ 5843345.986378249712288, 7497346.165210699662566 ], [ 5843346.334246450103819, 7497342.544081130065024 ], [ 5843338.25238850992173, 7497255.054383809678257 ], [ 5843323.003675989806652, 7497089.916878529824317 ], [ 5843320.06815716996789, 7497058.095270950347185 ], [ 5843318.708412259817123, 7497053.208386190235615 ], [ 5843315.654375219717622, 7497049.077734669670463 ], [ 5843308.368471119552851, 7497042.048191029578447 ], [ 5843291.801814249716699, 7497026.104257199913263 ], [ 5843273.489312320016325, 7497008.451215449720621 ], [ 5843212.620622750371695, 7496949.801701510325074 ], [ 5843219.986810780130327, 7496942.143287049606442 ], [ 5843329.789666470140219, 7497047.919911909848452 ], [ 5843358.089999459683895, 7497353.588850400410593 ], [ 5843032.56970470957458, 7497692.934088179841638 ] ] ] ] } },
{ "type": "Feature", "properties": { "type_zone": null, "name_by_doc": "земельный участок, предназначенный для гаражей и автостоянок (гостевая стоянка на 50 машин, гостевая стоянка на 25 машин)", "descr": "16:52:090206:474" }, "geometry": { "type": "MultiPolygon", "coordinates": [ [ [ [ 5843067.863790390081704, 7496795.581401909701526 ], [ 5843089.944370809942484, 7496772.571673279628158 ], [ 5843190.230854029767215, 7496869.18671640008688 ], [ 5843168.150297890417278, 7496892.197018410079181 ], [ 5843067.863790390081704, 7496795.581401909701526 ] ] ] ] } },
{ "type": "Feature", "properties": { "type_zone": null, "name_by_doc": "6.2.1-автомобилестроительная промышленность", "descr": "16:52:090206:928" }, "geometry": { "type": "MultiPolygon", "coordinates": [ [ [ [ 5843199.476289180107415, 7497085.588763729669154 ], [ 5843123.626808349974453, 7497012.544363060034811 ], [ 5843181.764791389927268, 7496951.921055779792368 ], [ 5843177.062225500121713, 7496947.411032119765878 ], [ 5843185.606174119748175, 7496938.503194900229573 ], [ 5843248.220241960138083, 7496998.826470769941807 ], [ 5843242.278155620209873, 7497005.020999610424042 ], [ 5843260.181145980022848, 7497022.322040700353682 ], [ 5843199.476289180107415, 7497085.588763729669154 ] ] ] ] } },
{ "type": "Feature", "properties": { "type_zone": null, "name_by_doc": "земельный участок, предназначенный для размещения производственных зданий, строений, сооружений промышленности (объект производственного назначения (цех доработок грузовых автомобилей и спецтехники)", "descr": "16:52:090206:479" }, "geometry": { "type": "MultiPolygon", "coordinates": [ [ [ [ 5843195.819610619917512, 7497089.408987820148468 ], [ 5843273.489312320016325, 7497008.451215449720621 ], [ 5843291.801814249716699, 7497026.104257199913263 ], [ 5843308.368471119552851, 7497042.048191029578447 ], [ 5843315.654375219717622, 7497049.077734669670463 ], [ 5843318.708412259817123, 7497053.208386190235615 ], [ 5843320.06815716996789, 7497058.095270950347185 ], [ 5843323.003675989806652, 7497089.916878529824317 ], [ 5843304.642771730199456, 7497091.829927439801395 ], [ 5843286.741593999788165, 7497093.668939069844782 ], [ 5843281.293463599868119, 7497094.237113489769399 ], [ 5843242.651905040256679, 7497134.528942929580808 ], [ 5843195.819610619917512, 7497089.408987820148468 ] ] ] ] } },
{ "type": "Feature", "properties": { "type_zone": null, "name_by_doc": "земельный участок, предназначенный для размещения производственных и административных зданий, строений, сооружений промышленности (под объект производственного назначения (производство по обработке автокомпонентов)", "descr": "16:52:090206:492" }, "geometry": { "type": "MultiPolygon", "coordinates": [ [ [ [ 5843260.243121650069952, 7497263.144788409583271 ], [ 5843242.651905040256679, 7497134.528942929580808 ], [ 5843281.293463599868119, 7497094.237113489769399 ], [ 5843286.741593999788165, 7497093.668939069844782 ], [ 5843304.642771730199456, 7497091.829927439801395 ], [ 5843323.003675989806652, 7497089.916878529824317 ], [ 5843338.25238850992173, 7497255.054383809678257 ], [ 5843284.689559039659798, 7497260.606189640238881 ], [ 5843266.345940629951656, 7497262.519073580391705 ], [ 5843260.243121650069952, 7497263.144788409583271 ] ] ] ] } },
{ "type": "Feature", "properties": { "type_zone": null, "name_by_doc": "земельный участок, предназначенный для размещения производственных строений, сооружений, сооружений промышленности (объект производственного назначения (производство металлических и противопожарных дверей)", "descr": "16:52:090206:454" }, "geometry": { "type": "MultiPolygon", "coordinates": [ [ [ [ 5842930.648387799970806, 7496952.11889452021569 ], [ 5843001.645890610292554, 7496879.191314330324531 ], [ 5843094.71840022969991, 7496968.86737351026386 ], [ 5843082.834017420187593, 7496981.256147660315037 ], [ 5843069.36713607981801, 7496968.253781080245972 ], [ 5843067.732212089933455, 7496969.967436959967017 ], [ 5843056.866398240439594, 7496959.520025339908898 ], [ 5843064.98872638028115, 7496951.076282570138574 ], [ 5843075.819139639846981, 7496961.523904420435429 ], [ 5843074.272019989788532, 7496963.130551350302994 ], [ 5843087.364761830307543, 7496975.762855580076575 ], [ 5843093.975123910233378, 7496968.890006580390036 ], [ 5843008.900492150336504, 7496886.912998739629984 ], [ 5843002.237489510327578, 7496893.85700151976198 ], [ 5843008.45414580963552, 7496899.847166700288653 ], [ 5842996.622132759541273, 7496912.128923290409148 ], [ 5842990.441107190214097, 7496906.173981639556587 ], [ 5842961.257412799634039, 7496936.609651380218565 ], [ 5842962.486468040384352, 7496937.790052999742329 ], [ 5842951.744519899599254, 7496948.964856919832528 ], [ 5842950.515464499592781, 7496947.784451900050044 ], [ 5842938.806605050340295, 7496959.976693850010633 ], [ 5842930.648387799970806, 7496952.11889452021569 ] ] ] ] } },
{ "type": "Feature", "properties": { "type_zone": null, "name_by_doc": "земельный участок, предназначенный для размещения производственных строений, сооружений, сооружений промышленности (объект производственного назначения (производство металлоконструкций строительного назначения)", "descr": "16:52:090206:434" }, "geometry": { "type": "MultiPolygon", "coordinates": [ [ [ [ 5842912.273906690068543, 7496970.882615390233696 ], [ 5842930.524605199694633, 7496952.137445470318198 ], [ 5843024.131541250273585, 7497042.326112399809062 ], [ 5843016.765179879963398, 7497050.002177149988711 ], [ 5843011.670463180169463, 7497045.068846209906042 ], [ 5843018.772951089777052, 7497037.642867339774966 ], [ 5842938.899858050048351, 7496960.703358929604292 ], [ 5842921.055444990284741, 7496979.321733459830284 ], [ 5842912.273906690068543, 7496970.882615390233696 ] ] ] ] } },
{ "type": "Feature", "properties": { "type_zone": null, "name_by_doc": "6.5 - нефтехимическая промышленность", "descr": "16:52:090206:926" }, "geometry": { "type": "MultiPolygon", "coordinates": [ [ [ [ 5842992.987042300403118, 7497319.578158469870687 ], [ 5843029.099140970036387, 7497281.928667570464313 ], [ 5843077.781483969651163, 7497231.1936842398718 ], [ 5843082.21703063044697, 7497235.457344169728458 ], [ 5843076.64401386026293, 7497241.294720689766109 ], [ 5843087.991769139654934, 7497252.289224679581821 ], [ 5843089.169676040299237, 7497251.057468350045383 ], [ 5843122.570561920292675, 7497283.229192590340972 ], [ 5843113.199703400023282, 7497292.976544760167599 ], [ 5843128.216604449786246, 7497307.406046589836478 ], [ 5843092.034533450379968, 7497345.127544919960201 ], [ 5843102.028135330416262, 7497354.747421610169113 ], [ 5843067.19902769010514, 7497390.987745909951627 ], [ 5842992.987042300403118, 7497319.578158469870687 ] ] ] ] } },
{ "type": "Feature", "properties": { "type_zone": null, "name_by_doc": "земельный участок, предназначенный для размещения производственных зданий, строений, сооружений промышленности (объект производственного назначения (производство по изготовлению упаковочной продукции из полимерного материала)", "descr": "16:52:090206:448" }, "geometry": { "type": "MultiPolygon", "coordinates": [ [ [ [ 5843082.21703063044697, 7497235.457344169728458 ], [ 5843092.228411359712481, 7497245.112458470277488 ], [ 5843152.08260081987828, 7497302.707490440458059 ], [ 5843102.028135330416262, 7497354.747421610169113 ], [ 5843092.034533450379968, 7497345.127544919960201 ], [ 5843128.216604449786246, 7497307.406046589836478 ], [ 5843113.199703400023282, 7497292.976544760167599 ], [ 5843122.570561920292675, 7497283.229192590340972 ], [ 5843089.169676040299237, 7497251.057468350045383 ], [ 5843087.991769139654934, 7497252.289224679581821 ], [ 5843076.64401386026293, 7497241.294720689766109 ], [ 5843082.21703063044697, 7497235.457344169728458 ] ] ] ] } },
{ "type": "Feature", "properties": { "type_zone": null, "name_by_doc": "6.6-строительная промышленность", "descr": "16:52:090206:938" }, "geometry": { "type": "MultiPolygon", "coordinates": [ [ [ [ 5843237.208439259789884, 7497464.231047930195928 ], [ 5843148.065207960084081, 7497378.339040610007942 ], [ 5843178.797000960446894, 7497346.2941830502823 ], [ 5843186.325081099756062, 7497357.828328389674425 ], [ 5843183.564829000271857, 7497360.702578529715538 ], [ 5843194.396093449555337, 7497371.168320789933205 ], [ 5843202.518818349577487, 7497362.741723519749939 ], [ 5843191.687554780393839, 7497352.276004030369222 ], [ 5843183.825256669893861, 7497341.063385089859366 ], [ 5843187.517111450433731, 7497337.189593349583447 ], [ 5843241.761508859694004, 7497389.428828800097108 ], [ 5843256.885975030250847, 7497403.999465899541974 ], [ 5843276.695705519989133, 7497423.080455549992621 ], [ 5843246.737489559687674, 7497454.304889430291951 ], [ 5843237.208439259789884, 7497464.231047930195928 ] ] ] ] } },
{ "type": "Feature", "properties": { "type_zone": null, "name_by_doc": "6.6-строительная промышленность", "descr": "16:52:090206:931" }, "geometry": { "type": "MultiPolygon", "coordinates": [ [ [ [ 5843187.534812119789422, 7497337.189476570114493 ], [ 5843221.079249629750848, 7497302.2168243303895 ], [ 5843227.902189269661903, 7497308.806261509656906 ], [ 5843223.049824359826744, 7497313.85851268004626 ], [ 5843231.475862350314856, 7497321.96295228973031 ], [ 5843241.901293699629605, 7497311.09088043961674 ], [ 5843233.475256700068712, 7497302.986463570035994 ], [ 5843226.652434090152383, 7497296.414774719625711 ], [ 5843235.231877409853041, 7497287.47077077999711 ], [ 5843236.0869858302176, 7497288.298867329955101 ], [ 5843257.909371170215309, 7497309.317648160271347 ], [ 5843273.03371059987694, 7497323.888103759847581 ], [ 5843324.392723970115185, 7497373.360648429952562 ], [ 5843276.695705519989133, 7497423.080455549992621 ], [ 5843256.885975030250847, 7497403.999465899541974 ], [ 5843241.761508859694004, 7497389.428828800097108 ], [ 5843187.534812119789422, 7497337.189476570114493 ] ] ] ] } },
{ "type": "Feature", "properties": { "type_zone": null, "name_by_doc": "земельный участок, предназначенный для размещения объекта энергетики (энергоустановка (когенерационная станция)", "descr": "16:52:090206:397" }, "geometry": { "type": "MultiPolygon", "coordinates": [ [ [ [ 5843236.0869858302176, 7497288.298867329955101 ], [ 5843260.243121650069952, 7497263.144788409583271 ], [ 5843266.345940629951656, 7497262.519073580391705 ], [ 5843284.689559039659798, 7497260.606189640238881 ], [ 5843338.25238850992173, 7497255.054383809678257 ], [ 5843346.334246450103819, 7497342.544081130065024 ], [ 5843345.986378249712288, 7497346.165210699662566 ], [ 5843345.243366920389235, 7497348.919728239998221 ], [ 5843344.040137009695172, 7497351.677292290143669 ], [ 5843342.02618048992008, 7497354.972403310239315 ], [ 5843324.392723970115185, 7497373.360648429952562 ], [ 5843273.03371059987694, 7497323.888103759847581 ], [ 5843257.909371170215309, 7497309.317648160271347 ], [ 5843236.0869858302176, 7497288.298867329955101 ] ] ] ] } },
{ "type": "Feature", "properties": { "type_zone": null, "name_by_doc": "Строительная промышленность", "descr": "16:52:090206:940" }, "geometry": { "type": "MultiPolygon", "coordinates": [ [ [ [ 5843211.997703, 7497490.634441830217838 ], [ 5843141.460785360075533, 7497564.16980495955795 ], [ 5843052.246306150220335, 7497478.222834760323167 ], [ 5843115.4343868996948, 7497412.365502590313554 ], [ 5843120.529295709915459, 7497417.281258380040526 ], [ 5843127.878201549872756, 7497409.604847529903054 ], [ 5843211.997703, 7497490.634441830217838 ] ] ] ] } },
{ "type": "Feature", "properties": { "type_zone": null, "name_by_doc": "земельный участок, предназначенный для размещения производственных и административных зданий, строений, сооружений промышленности (под объект производственного назначения (производство термодревесины)", "descr": "16:52:090206:447" }, "geometry": { "type": "MultiPolygon", "coordinates": [ [ [ [ 5843048.469756330363452, 7497474.593315370380878 ], [ 5843121.397880240343511, 7497398.57810959033668 ], [ 5843214.388834579847753, 7497488.15284300968051 ], [ 5843211.997703, 7497490.634441830217838 ], [ 5843127.878201549872756, 7497409.604847529903054 ], [ 5843120.529295709915459, 7497417.281258380040526 ], [ 5843115.4343868996948, 7497412.365502590313554 ], [ 5843052.246306150220335, 7497478.222834760323167 ], [ 5843048.469756330363452, 7497474.593315370380878 ] ] ] ] } },
{ "type": "Feature", "properties": { "type_zone": null, "name_by_doc": "земельный участок, предназначенный для размещения производственных зданий, строений, сооружений промышленности (объект производственного назначения (производство корпусной мебели)", "descr": "16:52:090206:478" }, "geometry": { "type": "MultiPolygon", "coordinates": [ [ [ [ 5842928.028113840147853, 7497206.6160818496719 ], [ 5842939.016402429901063, 7497195.155500530265272 ], [ 5842942.65023375954479, 7497198.643967309966683 ], [ 5842936.567073790356517, 7497204.981256710365415 ], [ 5842947.427620580419898, 7497214.595467790029943 ], [ 5842955.853494389913976, 7497222.735583120025694 ], [ 5842945.427662660367787, 7497233.589406849816442 ], [ 5842937.002019819803536, 7497225.484745379537344 ], [ 5842942.100582989864051, 7497220.165029919706285 ], [ 5842928.028113840147853, 7497206.6160818496719 ] ] ] ] } },
{ "type": "Feature", "properties": { "type_zone": null, "name_by_doc": "земельный участок, предназначенный для размещения производственных зданий, строений, сооружений промышленности (объект производственного назначения (производство офисной мебели и шкафов-купе КOMANDOR)", "descr": "16:52:090206:395" }, "geometry": { "type": "MultiPolygon", "coordinates": [ [ [ [ 5843183.704816539771855, 7497333.507223979569972 ], [ 5843231.40188388992101, 7497283.78856545034796 ], [ 5843235.231877409853041, 7497287.47077077999711 ], [ 5843226.652434090152383, 7497296.414774719625711 ], [ 5843233.475256700068712, 7497302.986463570035994 ], [ 5843241.901293699629605, 7497311.09088043961674 ], [ 5843231.475862350314856, 7497321.96295228973031 ], [ 5843223.049824359826744, 7497313.85851268004626 ], [ 5843227.902189269661903, 7497308.806261509656906 ], [ 5843221.079249629750848, 7497302.2168243303895 ], [ 5843187.534812119789422, 7497337.189476570114493 ], [ 5843183.704816539771855, 7497333.507223979569972 ] ] ] ] } },
{ "type": "Feature", "properties": { "type_zone": null, "name_by_doc": "промышленные и коммунально-складские предприятия I-II класса вредности, требующие большегрузного и железнодорожного транспорта", "descr": "16:52:090106:488" }, "geometry": { "type": "MultiPolygon", "coordinates": [ [ [ [ 5835479.620578490197659, 7497356.636765600182116 ], [ 5835534.406920160166919, 7497299.617538060061634 ], [ 5835605.95253317989409, 7497368.754192559979856 ], [ 5835564.981795, 7497411.416703569702804 ], [ 5835551.148728899657726, 7497425.810013090260327 ], [ 5835479.620578490197659, 7497356.636765600182116 ] ] ] ] } },
{ "type": "Feature", "properties": { "type_zone": null, "name_by_doc": "промышленные и коммунально-складские предприятия I-II класса вредности, требующие большегрузного и железнодорожного транспорта", "descr": "16:52:090106:485" }, "geometry": { "type": "MultiPolygon", "coordinates": [ [ [ [ 5835479.620578490197659, 7497356.636765600182116 ], [ 5835551.148728899657726, 7497425.810013090260327 ], [ 5835564.981795, 7497411.416703569702804 ], [ 5835674.579735269770026, 7497517.132248429581523 ], [ 5835640.507324789650738, 7497552.572577419690788 ], [ 5835494.316963380202651, 7497411.369186 ], [ 5835459.398782639764249, 7497377.664605369791389 ], [ 5835479.620578490197659, 7497356.636765600182116 ] ] ] ] } },
{ "type": "Feature", "properties": { "type_zone": null, "name_by_doc": "промышленные и коммунально-складские предприятия I-II класса вредности, требующие большегрузного и железнодорожного транспорта", "descr": "16:52:090106:479" }, "geometry": { "type": "MultiPolygon", "coordinates": [ [ [ [ 5836092.694320280104876, 7497986.606840940192342 ], [ 5836010.153581139631569, 7497909.530477490276098 ], [ 5835929.98474876023829, 7497832.121257750317454 ], [ 5835644.850064509548247, 7497556.770244910381734 ], [ 5835640.507324789650738, 7497552.572577419690788 ], [ 5835674.579735269770026, 7497517.132248429581523 ], [ 5835710.424919259734452, 7497551.718235510401428 ], [ 5835800.901157639920712, 7497457.489979290403426 ], [ 5835765.091708529740572, 7497422.957849680446088 ], [ 5835813.382741150446236, 7497372.731431440450251 ], [ 5835994.516648219898343, 7497547.595372119918466 ], [ 5836167.383704950101674, 7497367.746420759707689 ], [ 5836619.781176939606667, 7497804.328376299701631 ], [ 5836315.208562679588795, 7498118.698909760452807 ], [ 5836141.033541349694133, 7497950.904060170054436 ], [ 5836099.159117720089853, 7497990.313440799713135 ], [ 5836092.694320280104876, 7497986.606840940192342 ] ] ] ] } },
{ "type": "Feature", "properties": { "type_zone": null, "name_by_doc": "промышленные  и коммунально-складские предприятия I-II класса вредности, требующие большегрузного и железнодорожного транспорта", "descr": "16:52:090106:718" }, "geometry": { "type": "MultiPolygon", "coordinates": [ [ [ [ 5835564.981795, 7497411.416703569702804 ], [ 5835605.95253317989409, 7497368.754192559979856 ], [ 5835655.440571430139244, 7497317.209694189950824 ], [ 5835660.755529370158911, 7497311.698403250426054 ], [ 5835589.227855710312724, 7497242.598142810165882 ], [ 5835632.2392199896276, 7497197.849506880156696 ], [ 5835813.382741150446236, 7497372.731431440450251 ], [ 5835765.091708529740572, 7497422.957849680446088 ], [ 5835800.901157639920712, 7497457.489979290403426 ], [ 5835710.424919259734452, 7497551.718235510401428 ], [ 5835674.579735269770026, 7497517.132248429581523 ], [ 5835673.458500030450523, 7497516.05643146019429 ], [ 5835641.724939480423927, 7497485.438746130093932 ], [ 5835609.706925219856203, 7497454.55655521992594 ], [ 5835564.981795, 7497411.416703569702804 ] ] ] ] } },
{ "type": "Feature", "properties": { "type_zone": null, "name_by_doc": "Промышленные и коммунально-складские предприятия I-II класса вредности, требующие большегрузного или железнодорожного транспорта", "descr": "16:52:090106:339" }, "geometry": { "type": "MultiPolygon", "coordinates": [ [ [ [ 5835632.2392199896276, 7497197.849506880156696 ], [ 5835805.053925359621644, 7497018.03481284994632 ], [ 5835986.214721799828112, 7497192.890790309756994 ], [ 5835813.382741150446236, 7497372.731431440450251 ], [ 5835632.2392199896276, 7497197.849506880156696 ] ] ] ] } },
{ "type": "Feature", "properties": { "type_zone": null, "name_by_doc": "предприятие автотранспорта и строительной техники", "descr": "16:52:090106:342" }, "geometry": { "type": "MultiPolygon", "coordinates": [ [ [ [ 5835994.516648219898343, 7497547.595372119918466 ], [ 5835813.382741150446236, 7497372.731431440450251 ], [ 5835986.214721799828112, 7497192.890790309756994 ], [ 5836167.383604509755969, 7497367.728681979700923 ], [ 5835994.516648219898343, 7497547.595372119918466 ] ] ] ] } },
{ "type": "Feature", "properties": { "type_zone": null, "name_by_doc": "под производственную базу", "descr": "16:52:090107:34" }, "geometry": { "type": "MultiPolygon", "coordinates": [ [ [ [ 5838018.521177129819989, 7501866.208981679752469 ], [ 5837970.960425850003958, 7501820.359612089581788 ], [ 5837897.587053010240197, 7501749.174744370393455 ], [ 5837863.975039569661021, 7501716.803375479765236 ], [ 5837794.14754477981478, 7501648.916615850292146 ], [ 5837717.51860979013145, 7501574.715743360109627 ], [ 5837655.656964889727533, 7501514.769033360294998 ], [ 5837586.479612340219319, 7501448.404730830341578 ], [ 5837625.521159750409424, 7501404.194286719895899 ], [ 5837951.013758500106633, 7501035.508870449848473 ], [ 5838002.150194739922881, 7500979.851027810014784 ], [ 5838603.818169999867678, 7501560.0917226402089 ], [ 5838589.836924170143902, 7501576.664436239749193 ], [ 5838643.384164029732347, 7501631.045394170098007 ], [ 5838624.354018749669194, 7501656.310245010070503 ], [ 5838597.093272060155869, 7501688.386999459937215 ], [ 5838578.49701435957104, 7501709.247494859620929 ], [ 5838585.248215390369296, 7501715.703219380229712 ], [ 5838586.216368559747934, 7501714.703448340296745 ], [ 5838654.994015719741583, 7501780.513251570053399 ], [ 5838653.813610180281103, 7501799.317031050100923 ], [ 5838660.866145710460842, 7501805.788702909834683 ], [ 5838641.175836590118706, 7501827.348473760299385 ], [ 5838353.274314169771969, 7502122.531974189914763 ], [ 5838335.228561799973249, 7502137.958174030296504 ], [ 5838309.20810174010694, 7502143.758038429543376 ], [ 5838305.220950799994171, 7502143.444569270126522 ], [ 5838249.586131320334971, 7502089.6736133499071 ], [ 5838179.842442490160465, 7502022.123821100220084 ], [ 5838121.376667929813266, 7501965.565146490000188 ], [ 5838146.011303599923849, 7501938.172748680226505 ], [ 5838043.608492990024388, 7501840.48303837981075 ], [ 5838018.521177129819989, 7501866.208981679752469 ] ], [ [ 5838250.256446059793234, 7501345.849779300391674 ], [ 5838405.193379810079932, 7501495.433402439579368 ], [ 5838413.155946380458772, 7501503.124273769557476 ], [ 5838422.854500699788332, 7501493.020458769984543 ], [ 5838465.533217860385776, 7501447.683317730203271 ], [ 5838458.051580710336566, 7501440.45114239025861 ], [ 5838436.419006959535182, 7501462.943934669718146 ], [ 5838281.482123600319028, 7501313.361564979888499 ], [ 5838250.256446059793234, 7501345.849779300391674 ] ] ] ] } },
{ "type": "Feature", "properties": { "type_zone": null, "name_by_doc": "под промышленные объекты", "descr": "16:52:090107:13" }, "geometry": { "type": "MultiPolygon", "coordinates": [ [ [ [ 5837537.754612349905074, 7500532.202990470454097 ], [ 5837574.33458696026355, 7500567.499351570382714 ], [ 5837585.037996210157871, 7500577.836068520322442 ], [ 5837597.255038780160248, 7500589.601379009895027 ], [ 5837603.506122119724751, 7500595.634043539874256 ], [ 5837618.198893750086427, 7500609.816111790016294 ], [ 5837724.379816530272365, 7500712.229879099875689 ], [ 5837722.566871950402856, 7500714.121738149784505 ], [ 5837712.956396769732237, 7500724.134405069984496 ], [ 5837290.27997574955225, 7501164.105815850198269 ], [ 5837265.826917990110815, 7501140.50159564986825 ], [ 5837132.270273599773645, 7501011.152038590051234 ], [ 5837206.856671759858727, 7500933.533869660459459 ], [ 5837178.611304460093379, 7500906.278435220010579 ], [ 5837459.039511590264738, 7500614.228002450428903 ], [ 5837474.053807909600437, 7500598.558429170399904 ], [ 5837526.472109409980476, 7500543.981911219656467 ], [ 5837535.888850689865649, 7500534.148311300203204 ], [ 5837537.754612349905074, 7500532.202990470454097 ] ] ] ] } },
{ "type": "Feature", "properties": { "type_zone": null, "name_by_doc": "под промышленные объекты", "descr": "16:52:090107:62" }, "geometry": { "type": "MultiPolygon", "coordinates": [ [ [ [ 5836927.672044100239873, 7500799.582354759797454 ], [ 5836945.711782010272145, 7500780.098045470193028 ], [ 5836954.510405830107629, 7500788.814205669797957 ], [ 5836963.681678430177271, 7500782.30113640986383 ], [ 5837029.570402899757028, 7500713.539834409952164 ], [ 5837095.191817720420659, 7500644.691392039880157 ], [ 5837161.151398310437799, 7500576.337937359698117 ], [ 5837240.13273925986141, 7500493.942150269635022 ], [ 5837309.485200590454042, 7500421.7535121999681 ], [ 5837363.959788990207016, 7500364.505411580204964 ], [ 5837537.754612349905074, 7500532.202990470454097 ], [ 5837535.888850689865649, 7500534.148311300203204 ], [ 5837526.472109409980476, 7500543.981911219656467 ], [ 5837474.053807909600437, 7500598.558429170399904 ], [ 5837459.039511590264738, 7500614.228002450428903 ], [ 5837178.611304460093379, 7500906.278435220010579 ], [ 5837206.856671759858727, 7500933.533869660459459 ], [ 5837132.270273599773645, 7501011.152038590051234 ], [ 5837096.704245439730585, 7500976.644315220415592 ], [ 5837058.467411370016634, 7500939.596439230255783 ], [ 5837003.38353542983532, 7500886.229861680418253 ], [ 5836961.60389147978276, 7500845.794990120455623 ], [ 5836960.733308250084519, 7500839.162544949911535 ], [ 5836964.430566060356796, 7500835.396459899842739 ], [ 5836931.465065330266953, 7500803.216329270042479 ], [ 5836927.672044100239873, 7500799.582354759797454 ] ], [ [ 5837232.886512709781528, 7500554.411418969742954 ], [ 5837237.002730109728873, 7500558.806351250037551 ], [ 5837244.377669660374522, 7500566.305707169696689 ], [ 5837247.103599599562585, 7500569.147035219706595 ], [ 5837251.100598090328276, 7500565.201729300431907 ], [ 5837252.383207639679313, 7500566.507506960071623 ], [ 5837255.719355340115726, 7500570.747262430377305 ], [ 5837252.376529759727418, 7500574.511294160038233 ], [ 5837276.282815859653056, 7500598.809142920188606 ], [ 5837276.493975330144167, 7500598.577204030007124 ], [ 5837286.681017329916358, 7500608.491464680060744 ], [ 5837381.83561270032078, 7500508.909603740088642 ], [ 5837340.021139400079846, 7500468.567684089764953 ], [ 5837332.016422909684479, 7500468.490198500454426 ], [ 5837321.631756760179996, 7500470.254480299539864 ], [ 5837312.097171059809625, 7500472.031534009613097 ], [ 5837232.886512709781528, 7500554.411418969742954 ] ] ] ] } },
{ "type": "Feature", "properties": { "type_zone": null, "name_by_doc": "12.0 - земельные участки (территории) общего пользования.", "descr": "16:52:090107:142" }, "geometry": { "type": "MultiPolygon", "coordinates": [ [ [ [ 5838660.866145710460842, 7501805.788702909834683 ], [ 5838653.813610180281103, 7501799.317031050100923 ], [ 5838654.994015719741583, 7501780.513251570053399 ], [ 5838586.216368559747934, 7501714.703448340296745 ], [ 5838585.248215390369296, 7501715.703219380229712 ], [ 5838578.49701435957104, 7501709.247494859620929 ], [ 5838597.093272060155869, 7501688.386999459937215 ], [ 5838624.354018749669194, 7501656.310245010070503 ], [ 5838643.384164029732347, 7501631.045394170098007 ], [ 5838685.59188991971314, 7501669.804272750392556 ], [ 5838708.36629856005311, 7501693.060729590244591 ], [ 5838717.593905930407345, 7501704.879450200125575 ], [ 5838721.597395559772849, 7501722.728890670463443 ], [ 5838715.137947759591043, 7501741.333573049865663 ], [ 5838700.932480730116367, 7501761.884089199826121 ], [ 5838660.866145710460842, 7501805.788702909834683 ] ] ] ] } },
{ "type": "Feature", "properties": { "type_zone": null, "name_by_doc": "12.0 - земельные участки (территории) общего пользования.", "descr": "16:52:090107:144" }, "geometry": { "type": "MultiPolygon", "coordinates": [ [ [ [ 5838331.693706500343978, 7502169.042289 ], [ 5838305.220950799994171, 7502143.444569270126522 ], [ 5838309.20810174010694, 7502143.758038429543376 ], [ 5838335.228561799973249, 7502137.958174030296504 ], [ 5838353.274314169771969, 7502122.531974189914763 ], [ 5838641.175836590118706, 7501827.348473760299385 ], [ 5838660.866145710460842, 7501805.788702909834683 ], [ 5838700.932480730116367, 7501761.884089199826121 ], [ 5838715.137947759591043, 7501741.333573049865663 ], [ 5838721.597395559772849, 7501722.728890670463443 ], [ 5838717.593905930407345, 7501704.879450200125575 ], [ 5838708.36629856005311, 7501693.060729590244591 ], [ 5838685.59188991971314, 7501669.804272750392556 ], [ 5838643.384164029732347, 7501631.045394170098007 ], [ 5838589.836924170143902, 7501576.664436239749193 ], [ 5838603.818169999867678, 7501560.0917226402089 ], [ 5838691.35587162990123, 7501644.494794419966638 ], [ 5838768.848125440068543, 7501719.213954620063305 ], [ 5838757.899300550110638, 7501730.497487500309944 ], [ 5838748.516809290274978, 7501740.120897529646754 ], [ 5838659.56874088011682, 7501831.675319620408118 ], [ 5838550.303784480318427, 7501944.118915690109134 ], [ 5838441.000228700228035, 7502056.562810029834509 ], [ 5838331.693706500343978, 7502169.042289 ] ] ] ] } },
{ "type": "Feature", "properties": { "type_zone": null, "name_by_doc": "под производственную базу, расположенного в границах территориальной зоны ПК-1 (зона производственно-коммунальных объектов I-II класса опасности)", "descr": "16:52:090107:145" }, "geometry": { "type": "MultiPolygon", "coordinates": [ [ [ [ 5838250.256446059793234, 7501345.849779300391674 ], [ 5838281.482123600319028, 7501313.361564979888499 ], [ 5838436.419006959535182, 7501462.943934669718146 ], [ 5838458.051580710336566, 7501440.45114239025861 ], [ 5838465.533217860385776, 7501447.683317730203271 ], [ 5838422.854500699788332, 7501493.020458769984543 ], [ 5838413.155946380458772, 7501503.124273769557476 ], [ 5838405.193379810079932, 7501495.433402439579368 ], [ 5838250.256446059793234, 7501345.849779300391674 ] ] ] ] } },
{ "type": "Feature", "properties": { "type_zone": null, "name_by_doc": "12.0 - земельные участки (территории) общего пользования.", "descr": "16:52:090107:143" }, "geometry": { "type": "MultiPolygon", "coordinates": [ [ [ [ 5838121.376667929813266, 7501965.565146490000188 ], [ 5838110.100496459752321, 7501954.662727409973741 ], [ 5838040.752138109877706, 7501887.660749359987676 ], [ 5838018.521177129819989, 7501866.208981679752469 ], [ 5838043.608492990024388, 7501840.48303837981075 ], [ 5838146.011303599923849, 7501938.172748680226505 ], [ 5838121.376667929813266, 7501965.565146490000188 ] ] ] ] } },
{ "type": "Feature", "properties": { "type_zone": null, "name_by_doc": "под промышленные объекты", "descr": "16:52:090107:63" }, "geometry": { "type": "MultiPolygon", "coordinates": [ [ [ [ 5837232.886512709781528, 7500554.411418969742954 ], [ 5837312.097171059809625, 7500472.031534009613097 ], [ 5837321.631756760179996, 7500470.254480299539864 ], [ 5837332.016422909684479, 7500468.490198500454426 ], [ 5837340.021139400079846, 7500468.567684089764953 ], [ 5837381.83561270032078, 7500508.909603740088642 ], [ 5837286.681017329916358, 7500608.491464680060744 ], [ 5837276.493975330144167, 7500598.577204030007124 ], [ 5837276.282815859653056, 7500598.809142920188606 ], [ 5837252.376529759727418, 7500574.511294160038233 ], [ 5837255.719355340115726, 7500570.747262430377305 ], [ 5837252.383207639679313, 7500566.507506960071623 ], [ 5837251.100598090328276, 7500565.201729300431907 ], [ 5837247.103599599562585, 7500569.147035219706595 ], [ 5837244.377669660374522, 7500566.305707169696689 ], [ 5837237.002730109728873, 7500558.806351250037551 ], [ 5837232.886512709781528, 7500554.411418969742954 ] ] ] ] } },
{ "type": "Feature", "properties": { "type_zone": null, "name_by_doc": "хранение и переработка сельскохозяйственной продукции", "descr": "16:04:020501:163" }, "geometry": { "type": "MultiPolygon", "coordinates": [ [ [ [ 6020715.168389730155468, 7500865.83978503011167 ], [ 6020737.06002376973629, 7500724.263011259958148 ], [ 6020957.984812599606812, 7500944.452526049688458 ], [ 6020872.787712849676609, 7501027.058960040099919 ], [ 6020715.168389730155468, 7500865.83978503011167 ] ] ] ] } },
{ "type": "Feature", "properties": { "type_zone": null, "name_by_doc": "производственная деятельность", "descr": "16:04:020501:181" }, "geometry": { "type": "MultiPolygon", "coordinates": [ [ [ [ 6020793.478121570311487, 7500780.49802727997303 ], [ 6020828.555320279672742, 7500744.595392540097237 ], [ 6020994.848715939559042, 7500908.697051489725709 ], [ 6020957.984812599606812, 7500944.452526049688458 ], [ 6020793.478121570311487, 7500780.49802727997303 ] ] ] ] } },
{ "type": "Feature", "properties": { "type_zone": null, "name_by_doc": "производства", "descr": "16:04:020501:171" }, "geometry": { "type": "MultiPolygon", "coordinates": [ [ [ [ 6020834.123003640212119, 7500738.903603469952941 ], [ 6020945.782241860404611, 7500624.610609400086105 ], [ 6021096.475380199961364, 7500772.911486599594355 ], [ 6021088.046068980358541, 7500780.676394879817963 ], [ 6021094.450541979633272, 7500787.667810450308025 ], [ 6020991.268402229994535, 7500893.295942259952426 ], [ 6020834.123003640212119, 7500738.903603469952941 ] ] ] ] } },
{ "type": "Feature", "properties": { "type_zone": null, "name_by_doc": "производственная деятельность", "descr": "16:04:020501:182" }, "geometry": { "type": "MultiPolygon", "coordinates": [ [ [ [ 6020771.629345930181444, 7500680.154513530433178 ], [ 6020779.173782330006361, 7500672.360179429873824 ], [ 6020775.787633139640093, 7500668.728763910010457 ], [ 6020776.792265729978681, 7500667.784156629815698 ], [ 6020766.251317109912634, 7500656.369992200285196 ], [ 6020760.120912419632077, 7500661.769998770207167 ], [ 6020753.96770367026329, 7500657.160037290304899 ], [ 6020745.617610219866037, 7500648.721981469541788 ], [ 6020774.327932420186698, 7500457.692322339862585 ], [ 6020796.118555289693177, 7500480.458770849741995 ], [ 6020943.37575486022979, 7500627.062344339676201 ], [ 6020834.123003640212119, 7500738.903603469952941 ], [ 6020771.629345930181444, 7500680.154513530433178 ] ] ] ] } },
{ "type": "Feature", "properties": { "type_zone": null, "name_by_doc": "хранение и переработка сельскохозяйственной продукции", "descr": "16:04:020501:162" }, "geometry": { "type": "MultiPolygon", "coordinates": [ [ [ [ 6020715.168389730155468, 7500865.83978503011167 ], [ 6020698.103767519816756, 7500848.390204319730401 ], [ 6020786.831495650112629, 7500312.231903159990907 ], [ 6020795.94718870986253, 7500286.588446330279112 ], [ 6020799.751541810110211, 7500289.40905290003866 ], [ 6020796.491184320300817, 7500310.323346589691937 ], [ 6020783.850514760240912, 7500394.447984309867024 ], [ 6020789.585669769905508, 7500392.041973600164056 ], [ 6020869.826111869886518, 7500341.337472150102258 ], [ 6020872.876671209931374, 7500343.597590119577944 ], [ 6020791.224880889989436, 7500395.20564834959805 ], [ 6020783.227772830054164, 7500398.556758349761367 ], [ 6020781.923360080458224, 7500407.199434209614992 ], [ 6020841.225757299922407, 7500462.15804533008486 ], [ 6020869.783252130262554, 7500492.595011269673705 ], [ 6020883.721089240163565, 7500505.546057330444455 ], [ 6020923.423314440064132, 7500546.003041120246053 ], [ 6020967.325061770156026, 7500587.617804150097072 ], [ 6021004.689239240251482, 7500624.262590520083904 ], [ 6021037.802302650175989, 7500657.086774609982967 ], [ 6021040.441850380040705, 7500654.425214939750731 ], [ 6021047.308233680203557, 7500661.298636759631336 ], [ 6021048.366434560157359, 7500660.319232059642673 ], [ 6021054.026296529918909, 7500666.058064780198038 ], [ 6021056.071389029733837, 7500664.133773130364716 ], [ 6021061.235802629962564, 7500671.1436623102054 ], [ 6021063.424261960200965, 7500684.715018710121512 ], [ 6021067.370160650461912, 7500688.868644719943404 ], [ 6021076.15029850974679, 7500680.043785439804196 ], [ 6021088.433097059838474, 7500692.333240429870784 ], [ 6021079.311707420274615, 7500701.508419520221651 ], [ 6021105.779927260242403, 7500728.136617659591138 ], [ 6021119.110527389682829, 7500714.173729809932411 ], [ 6021141.688347579911351, 7500737.784835720434785 ], [ 6021147.367343730293214, 7500731.703895879909396 ], [ 6021149.436120619997382, 7500731.945113870315254 ], [ 6021151.989293930120766, 7500729.122581319883466 ], [ 6021156.397564239799976, 7500733.140515269711614 ], [ 6021155.42645264044404, 7500734.227619529701769 ], [ 6021164.284649189561605, 7500744.411539809778333 ], [ 6020994.848715939559042, 7500908.697051489725709 ], [ 6020828.555320279672742, 7500744.595392540097237 ], [ 6020767.551633190363646, 7500684.375826600007713 ], [ 6020752.498353459872305, 7500699.94723710976541 ], [ 6020748.385657710023224, 7500713.219409089535475 ], [ 6020739.373003619723022, 7500711.800302789546549 ], [ 6020737.06002376973629, 7500724.263011259958148 ], [ 6020715.168389730155468, 7500865.83978503011167 ] ], [ [ 6020943.37575486022979, 7500627.062344339676201 ], [ 6020796.118555289693177, 7500480.458770849741995 ], [ 6020774.327932420186698, 7500457.692322339862585 ], [ 6020745.617610219866037, 7500648.721981469541788 ], [ 6020753.96770367026329, 7500657.160037290304899 ], [ 6020760.120912419632077, 7500661.769998770207167 ], [ 6020766.251317109912634, 7500656.369992200285196 ], [ 6020776.792265729978681, 7500667.784156629815698 ], [ 6020775.787633139640093, 7500668.728763910010457 ], [ 6020779.173782330006361, 7500672.360179429873824 ], [ 6020771.629345930181444, 7500680.154513530433178 ], [ 6020834.123003640212119, 7500738.903603469952941 ], [ 6020991.268402229994535, 7500893.295942259952426 ], [ 6021094.450541979633272, 7500787.667810450308025 ], [ 6021088.046068980358541, 7500780.676394879817963 ], [ 6021096.475380199961364, 7500772.911486599594355 ], [ 6020945.782241860404611, 7500624.610609400086105 ], [ 6020943.37575486022979, 7500627.062344339676201 ] ] ] ] } },
{ "type": "Feature", "properties": { "type_zone": null, "name_by_doc": "производственная деятельность", "descr": "16:04:020501:176" }, "geometry": { "type": "MultiPolygon", "coordinates": [ [ [ [ 6020477.425596940331161, 7500631.624548640102148 ], [ 6020575.810908610001206, 7500532.56073554046452 ], [ 6020577.540773410350084, 7500534.270477030426264 ], [ 6020573.229700149968266, 7500538.719120220281184 ], [ 6020579.601974359713495, 7500545.426351379603148 ], [ 6020578.561193970032036, 7500546.423663980327547 ], [ 6020589.420183829963207, 7500557.860039469785988 ], [ 6020590.478913050144911, 7500556.84522289969027 ], [ 6020595.506997670046985, 7500562.131963140331209 ], [ 6020600.391700720414519, 7500557.176492590457201 ], [ 6020649.546227440237999, 7500605.662510599941015 ], [ 6020709.669279860332608, 7500661.522172450087965 ], [ 6020615.706111050210893, 7500767.465195920318365 ], [ 6020477.425596940331161, 7500631.624548640102148 ] ] ] ] } },
{ "type": "Feature", "properties": { "type_zone": null, "name_by_doc": "производственная деятельность", "descr": "16:04:020501:222" }, "geometry": { "type": "MultiPolygon", "coordinates": [ [ [ [ 6020615.706111050210893, 7500767.465195920318365 ], [ 6020709.669279860332608, 7500661.522172450087965 ], [ 6020724.74402096029371, 7500675.51873757969588 ], [ 6020697.85416350979358, 7500832.946001829579473 ], [ 6020698.103767519816756, 7500848.390204319730401 ], [ 6020615.706111050210893, 7500767.465195920318365 ] ] ] ] } },
{ "type": "Feature", "properties": { "type_zone": null, "name_by_doc": "Предпринимательство", "descr": "16:04:020501:453" }, "geometry": { "type": "MultiPolygon", "coordinates": [ [ [ [ 6020402.109775260090828, 7500557.647265849635005 ], [ 6020411.586126330308616, 7500538.113482650369406 ], [ 6020481.352968689985573, 7500442.935616220347583 ], [ 6020494.500371149741113, 7500451.475137880071998 ], [ 6020531.80100113991648, 7500488.670888129621744 ], [ 6020436.255178639665246, 7500591.180120499804616 ], [ 6020402.109775260090828, 7500557.647265849635005 ] ] ] ] } },
{ "type": "Feature", "properties": { "type_zone": null, "name_by_doc": "Предпринимательство  ", "descr": "16:04:020501:177" }, "geometry": { "type": "MultiPolygon", "coordinates": [ [ [ [ 6020436.255178639665246, 7500591.180120499804616 ], [ 6020531.80100113991648, 7500488.670888129621744 ], [ 6020575.810908610001206, 7500532.56073554046452 ], [ 6020477.425596940331161, 7500631.624548640102148 ], [ 6020436.255178639665246, 7500591.180120499804616 ] ] ] ] } },
{ "type": "Feature", "properties": { "type_zone": null, "name_by_doc": "хранение и переработка сельскохозяйственной продукции", "descr": "16:04:020501:161" }, "geometry": { "type": "MultiPolygon", "coordinates": [ [ [ [ 6020391.67768250964582, 7500547.387820390053093 ], [ 6020378.207519380375743, 7500533.963062649592757 ], [ 6020517.92730710003525, 7500331.223813730292022 ], [ 6020374.706742259673774, 7500167.583215969614685 ], [ 6020392.243171139620245, 7500147.824102899990976 ], [ 6020468.474498949944973, 7500214.12590975034982 ], [ 6020470.868398809805512, 7500211.301602000370622 ], [ 6020473.564196480438113, 7500213.592460120096803 ], [ 6020471.15210597962141, 7500216.452012790367007 ], [ 6020524.406260649673641, 7500262.77471578028053 ], [ 6020535.877500720322132, 7500257.892185020260513 ], [ 6020559.32512039039284, 7500275.943101209588349 ], [ 6020568.394471310079098, 7500265.401828410103917 ], [ 6020559.39838709961623, 7500257.629497899673879 ], [ 6020562.871332139708102, 7500253.595438700169325 ], [ 6020561.786448109894991, 7500252.639970559626818 ], [ 6020566.104643739759922, 7500247.659196360036731 ], [ 6020562.922755939885974, 7500244.651821009814739 ], [ 6020575.528780089691281, 7500229.296557310037315 ], [ 6020583.01090516988188, 7500233.81817155983299 ], [ 6020608.136075399816036, 7500225.005735780112445 ], [ 6020637.86663, 7500253.701821129769087 ], [ 6020646.748870279639959, 7500245.181039679795504 ], [ 6020671.312900559976697, 7500228.179489569738507 ], [ 6020680.170941259711981, 7500227.910541710443795 ], [ 6020693.090853449888527, 7500231.051391939632595 ], [ 6020689.816281160339713, 7500243.908302620053291 ], [ 6020682.302121999673545, 7500243.02441153023392 ], [ 6020670.051693350076675, 7500264.773564799688756 ], [ 6020658.849381799809635, 7500279.793371099978685 ], [ 6020683.107529849745333, 7500303.356580750085413 ], [ 6020742.233212470076978, 7500364.666207159869373 ], [ 6020767.365132500417531, 7500391.719790860079229 ], [ 6020790.810490589588881, 7500281.47800369001925 ], [ 6020795.94718870986253, 7500286.588446330279112 ], [ 6020786.831495650112629, 7500312.231903159990907 ], [ 6020698.103767519816756, 7500848.390204319730401 ], [ 6020697.85416350979358, 7500832.946001829579473 ], [ 6020724.74402096029371, 7500675.51873757969588 ], [ 6020649.546227440237999, 7500605.662510599941015 ], [ 6020600.391700720414519, 7500557.176492590457201 ], [ 6020595.506997670046985, 7500562.131963140331209 ], [ 6020590.478913050144911, 7500556.84522289969027 ], [ 6020589.420183829963207, 7500557.860039469785988 ], [ 6020578.561193970032036, 7500546.423663980327547 ], [ 6020579.601974359713495, 7500545.426351379603148 ], [ 6020573.229700149968266, 7500538.719120220281184 ], [ 6020577.540773410350084, 7500534.270477030426264 ], [ 6020575.810908610001206, 7500532.56073554046452 ], [ 6020494.500371149741113, 7500451.475137880071998 ], [ 6020481.352968689985573, 7500442.935616220347583 ], [ 6020411.586126330308616, 7500538.113482650369406 ], [ 6020402.109775260090828, 7500557.647265849635005 ], [ 6020391.67768250964582, 7500547.387820390053093 ] ], [ [ 6020588.784999029710889, 7500483.827357170172036 ], [ 6020639.607035409659147, 7500535.956325850449502 ], [ 6020678.069628570228815, 7500573.735622039996088 ], [ 6020679.650308939628303, 7500572.10678977984935 ], [ 6020682.184515110217035, 7500574.572938050143421 ], [ 6020680.603592470288277, 7500576.219515440054238 ], [ 6020689.166496190242469, 7500584.624987349845469 ], [ 6020702.282631060108542, 7500566.950927340425551 ], [ 6020706.267517380416393, 7500568.230132360011339 ], [ 6020708.246205169707537, 7500565.985593319870532 ], [ 6020711.518023350276053, 7500568.905527539551258 ], [ 6020730.067068899981678, 7500451.601900230161846 ], [ 6020731.955057210288942, 7500428.751756980083883 ], [ 6020729.161591010168195, 7500414.143127059563994 ], [ 6020696.188848489895463, 7500378.995696210302413 ], [ 6020648.076941629871726, 7500330.756393530406058 ], [ 6020613.624692990444601, 7500296.36954424995929 ], [ 6020603.740824799984694, 7500288.762520579621196 ], [ 6020598.862588250078261, 7500290.665464799851179 ], [ 6020559.631385279819369, 7500337.741683829575777 ], [ 6020539.05245268996805, 7500363.724548839963973 ], [ 6020512.730781359598041, 7500404.305350890383124 ], [ 6020514.174856560304761, 7500410.075224979780614 ], [ 6020521.253509240224957, 7500416.916325969621539 ], [ 6020522.333573560230434, 7500415.635624440386891 ], [ 6020525.047163249924779, 7500417.926768530160189 ], [ 6020523.805077269673347, 7500419.400463339872658 ], [ 6020535.410366940312088, 7500430.634014260023832 ], [ 6020588.784999029710889, 7500483.827357170172036 ] ], [ [ 6020681.822302079759538, 7500237.96003585960716 ], [ 6020687.445385379716754, 7500239.865048349834979 ], [ 6020689.520474869757891, 7500234.445282559841871 ], [ 6020683.37812289968133, 7500232.959071470424533 ], [ 6020681.822302079759538, 7500237.96003585960716 ] ] ] ] } },
{ "type": "Feature", "properties": { "type_zone": null, "name_by_doc": "производственная деятельность", "descr": "16:04:020501:175" }, "geometry": { "type": "MultiPolygon", "coordinates": [ [ [ [ 6020588.784999029710889, 7500483.827357170172036 ], [ 6020535.410366940312088, 7500430.634014260023832 ], [ 6020523.805077269673347, 7500419.400463339872658 ], [ 6020525.047163249924779, 7500417.926768530160189 ], [ 6020522.333573560230434, 7500415.635624440386891 ], [ 6020521.253509240224957, 7500416.916325969621539 ], [ 6020514.174856560304761, 7500410.075224979780614 ], [ 6020512.730781359598041, 7500404.305350890383124 ], [ 6020539.05245268996805, 7500363.724548839963973 ], [ 6020559.631385279819369, 7500337.741683829575777 ], [ 6020598.862588250078261, 7500290.665464799851179 ], [ 6020603.740824799984694, 7500288.762520579621196 ], [ 6020613.624692990444601, 7500296.36954424995929 ], [ 6020648.076941629871726, 7500330.756393530406058 ], [ 6020696.188848489895463, 7500378.995696210302413 ], [ 6020729.161591010168195, 7500414.143127059563994 ], [ 6020731.955057210288942, 7500428.751756980083883 ], [ 6020730.067068899981678, 7500451.601900230161846 ], [ 6020711.518023350276053, 7500568.905527539551258 ], [ 6020708.246205169707537, 7500565.985593319870532 ], [ 6020706.267517380416393, 7500568.230132360011339 ], [ 6020702.282631060108542, 7500566.950927340425551 ], [ 6020689.166496190242469, 7500584.624987349845469 ], [ 6020680.603592470288277, 7500576.219515440054238 ], [ 6020682.184515110217035, 7500574.572938050143421 ], [ 6020679.650308939628303, 7500572.10678977984935 ], [ 6020678.069628570228815, 7500573.735622039996088 ], [ 6020639.607035409659147, 7500535.956325850449502 ], [ 6020588.784999029710889, 7500483.827357170172036 ] ] ] ] } },
{ "type": "Feature", "properties": { "type_zone": null, "name_by_doc": "производственная деятельность", "descr": "16:04:020501:178" }, "geometry": { "type": "MultiPolygon", "coordinates": [ [ [ [ 6020923.423314440064132, 7500546.003041120246053 ], [ 6020883.721089240163565, 7500505.546057330444455 ], [ 6020869.783252130262554, 7500492.595011269673705 ], [ 6020841.225757299922407, 7500462.15804533008486 ], [ 6020781.923360080458224, 7500407.199434209614992 ], [ 6020783.227772830054164, 7500398.556758349761367 ], [ 6020791.224880889989436, 7500395.20564834959805 ], [ 6020872.876671209931374, 7500343.597590119577944 ], [ 6021207.728930530138314, 7500591.77150924038142 ], [ 6021087.016495119780302, 7500709.2451914800331 ], [ 6021079.311707420274615, 7500701.508419520221651 ], [ 6021088.433097059838474, 7500692.333240429870784 ], [ 6021076.15029850974679, 7500680.043785439804196 ], [ 6021067.370160650461912, 7500688.868644719943404 ], [ 6021063.424261960200965, 7500684.715018710121512 ], [ 6021061.235802629962564, 7500671.1436623102054 ], [ 6021056.071389029733837, 7500664.133773130364716 ], [ 6021054.026296529918909, 7500666.058064780198038 ], [ 6021048.366434560157359, 7500660.319232059642673 ], [ 6021047.308233680203557, 7500661.298636759631336 ], [ 6021040.441850380040705, 7500654.425214939750731 ], [ 6021037.802302650175989, 7500657.086774609982967 ], [ 6021004.689239240251482, 7500624.262590520083904 ], [ 6020967.325061770156026, 7500587.617804150097072 ], [ 6020923.423314440064132, 7500546.003041120246053 ] ] ] ] } },
{ "type": "Feature", "properties": { "type_zone": null, "name_by_doc": "Производственная деятельность", "descr": "16:04:020501:449" }, "geometry": { "type": "MultiPolygon", "coordinates": [ [ [ [ 6021087.016495119780302, 7500709.2451914800331 ], [ 6021207.728930530138314, 7500591.77150924038142 ], [ 6021272.321097760461271, 7500639.630237059667706 ], [ 6021164.284649189561605, 7500744.411539809778333 ], [ 6021155.42645264044404, 7500734.227619529701769 ], [ 6021156.397564239799976, 7500733.140515269711614 ], [ 6021151.989293930120766, 7500729.122581319883466 ], [ 6021149.436120619997382, 7500731.945113870315254 ], [ 6021147.367343730293214, 7500731.703895879909396 ], [ 6021141.688347579911351, 7500737.784835720434785 ], [ 6021119.110527389682829, 7500714.173729809932411 ], [ 6021105.779927260242403, 7500728.136617659591138 ], [ 6021087.016495119780302, 7500709.2451914800331 ] ] ] ] } },
{ "type": "Feature", "properties": { "type_zone": null, "name_by_doc": "производственная деятельность", "descr": "16:04:020501:179" }, "geometry": { "type": "MultiPolygon", "coordinates": [ [ [ [ 6020783.850514760240912, 7500394.447984309867024 ], [ 6020796.491184320300817, 7500310.323346589691937 ], [ 6020799.751541810110211, 7500289.40905290003866 ], [ 6020869.826111869886518, 7500341.337472150102258 ], [ 6020789.585669769905508, 7500392.041973600164056 ], [ 6020783.850514760240912, 7500394.447984309867024 ] ] ] ] } },
{ "type": "Feature", "properties": { "type_zone": null, "name_by_doc": "производственная деятельность", "descr": "16:04:020501:174" }, "geometry": { "type": "MultiPolygon", "coordinates": [ [ [ [ 6020524.406260649673641, 7500262.77471578028053 ], [ 6020471.15210597962141, 7500216.452012790367007 ], [ 6020473.564196480438113, 7500213.592460120096803 ], [ 6020470.868398809805512, 7500211.301602000370622 ], [ 6020468.474498949944973, 7500214.12590975034982 ], [ 6020392.243171139620245, 7500147.824102899990976 ], [ 6020516.038805530406535, 7500008.335921109654009 ], [ 6020790.810490589588881, 7500281.47800369001925 ], [ 6020767.365132500417531, 7500391.719790860079229 ], [ 6020742.233212470076978, 7500364.666207159869373 ], [ 6020683.107529849745333, 7500303.356580750085413 ], [ 6020658.849381799809635, 7500279.793371099978685 ], [ 6020670.051693350076675, 7500264.773564799688756 ], [ 6020682.302121999673545, 7500243.02441153023392 ], [ 6020689.816281160339713, 7500243.908302620053291 ], [ 6020693.090853449888527, 7500231.051391939632595 ], [ 6020680.170941259711981, 7500227.910541710443795 ], [ 6020671.312900559976697, 7500228.179489569738507 ], [ 6020646.748870279639959, 7500245.181039679795504 ], [ 6020637.86663, 7500253.701821129769087 ], [ 6020608.136075399816036, 7500225.005735780112445 ], [ 6020583.01090516988188, 7500233.81817155983299 ], [ 6020575.528780089691281, 7500229.296557310037315 ], [ 6020562.922755939885974, 7500244.651821009814739 ], [ 6020566.104643739759922, 7500247.659196360036731 ], [ 6020561.786448109894991, 7500252.639970559626818 ], [ 6020562.871332139708102, 7500253.595438700169325 ], [ 6020559.39838709961623, 7500257.629497899673879 ], [ 6020568.394471310079098, 7500265.401828410103917 ], [ 6020559.32512039039284, 7500275.943101209588349 ], [ 6020535.877500720322132, 7500257.892185020260513 ], [ 6020524.406260649673641, 7500262.77471578028053 ] ] ] ] } },
{ "type": "Feature", "properties": { "type_zone": null, "name_by_doc": "для сельскохозяйственного использования", "descr": "16:04:010125:121" }, "geometry": { "type": "MultiPolygon", "coordinates": [ [ [ [ 6020351.10260603018105, 7500396.315884109586477 ], [ 6020408.475623670034111, 7500329.382589420303702 ], [ 6020477.891972639597952, 7500389.132229469716549 ], [ 6020427.55528551992029, 7500462.126325760036707 ], [ 6020351.10260603018105, 7500396.315884109586477 ] ] ] ] } },
{ "type": "Feature", "properties": { "type_zone": null, "name_by_doc": "Для размещения производственных и административных зданий, строений, сооружений и обслуживающих их объектов", "descr": "16:04:010125:94" }, "geometry": { "type": "MultiPolygon", "coordinates": [ [ [ [ 6020170.42663041036576, 7500423.962843759916723 ], [ 6020258.269220580346882, 7500316.383934630081058 ], [ 6020418.261030299589038, 7500454.136569730006158 ], [ 6020344.472502930089831, 7500559.711886550299823 ], [ 6020170.42663041036576, 7500423.962843759916723 ] ] ] ] } },
{ "type": "Feature", "properties": { "type_zone": null, "name_by_doc": "для сельскохозяйственного использования", "descr": "16:04:010125:122" }, "geometry": { "type": "MultiPolygon", "coordinates": [ [ [ [ 6020258.269220580346882, 7500316.383934630081058 ], [ 6020380.267012190073729, 7500174.066169600002468 ], [ 6020517.802882240153849, 7500331.25759856030345 ], [ 6020477.891972639597952, 7500389.132229469716549 ], [ 6020408.475623670034111, 7500329.382589420303702 ], [ 6020351.10260603018105, 7500396.315884109586477 ], [ 6020258.269220580346882, 7500316.383934630081058 ] ] ] ] } },
{ "type": "Feature", "properties": { "type_zone": null, "name_by_doc": "Для размещения промышленной площадки", "descr": "16:31:150106:153" }, "geometry": { "type": "MultiPolygon", "coordinates": [ [ [ [ 5700644.649733300320804, 7373972.274562139995396 ], [ 5700643.7819181997329, 7373983.841256489977241 ], [ 5700482.946121700108051, 7374004.918731769546866 ], [ 5700479.928040959872305, 7374005.249703579582274 ], [ 5700474.210465650074184, 7373935.999788610264659 ], [ 5700473.920419519767165, 7373932.52154425997287 ], [ 5700448.388528030365705, 7373934.62896721996367 ], [ 5700454.624090169556439, 7374010.171172140166163 ], [ 5700430.869121610186994, 7374010.797904330305755 ], [ 5700429.063157830387354, 7373965.95288741029799 ], [ 5700403.665031040087342, 7373967.048993620090187 ], [ 5700403.304627169854939, 7373957.720322529785335 ], [ 5700350.886455990374088, 7373960.050210629589856 ], [ 5700353.153747409582138, 7374014.487063960172236 ], [ 5700308.097012840211391, 7374027.834863809868693 ], [ 5700240.575526170432568, 7373953.224196320399642 ], [ 5700258.590738549828529, 7373928.15387133974582 ], [ 5700299.753228059969842, 7373950.940294959582388 ], [ 5700352.020500980317593, 7373858.037224819883704 ], [ 5700390.772385150194168, 7373803.057313989847898 ], [ 5700386.207244349643588, 7373800.139614580199122 ], [ 5700384.185686769895256, 7373800.18550818040967 ], [ 5700378.651705079711974, 7373812.936373460106552 ], [ 5700355.200901909731328, 7373802.600898150354624 ], [ 5700360.835727239958942, 7373790.165560079738498 ], [ 5700356.31707079987973, 7373784.786392830312252 ], [ 5700314.365215550176799, 7373765.466125089675188 ], [ 5700284.417276600375772, 7373821.42287364974618 ], [ 5700273.655914199538529, 7373841.585070529952645 ], [ 5700246.60869006998837, 7373827.452423900365829 ], [ 5700207.801375879906118, 7373900.294015630148351 ], [ 5700177.590013589709997, 7373882.631211169995368 ], [ 5700298.788463110104203, 7373682.918368910439312 ], [ 5700305.659793069586158, 7373671.999551120214164 ], [ 5700407.894133429974318, 7373726.623864729888737 ], [ 5700402.309119409881532, 7373801.325645600445569 ], [ 5700440.002987659536302, 7373818.30770303029567 ], [ 5700499.947674239985645, 7373846.955070699565113 ], [ 5700631.173128680326045, 7373943.391308249905705 ], [ 5700639.317309400066733, 7373942.736696580424905 ], [ 5700644.649733300320804, 7373972.274562139995396 ] ], [ [ 5700266.27245613001287, 7373951.905172269791365 ], [ 5700254.524834609590471, 7373939.018985169939697 ], [ 5700245.383602970279753, 7373947.37929532956332 ], [ 5700257.131221819669008, 7373960.265510000288486 ], [ 5700266.27245613001287, 7373951.905172269791365 ] ], [ [ 5700317.203445459716022, 7373740.513141189701855 ], [ 5700313.378468359820545, 7373739.839196429587901 ], [ 5700312.706008809618652, 7373743.672629119828343 ], [ 5700316.530987730249763, 7373744.346574549563229 ], [ 5700317.203445459716022, 7373740.513141189701855 ] ] ] ] } },
{ "type": "Feature", "properties": { "type_zone": null, "name_by_doc": "для размещения гаража", "descr": "16:31:150106:134" }, "geometry": { "type": "MultiPolygon", "coordinates": [ [ [ [ 5700353.210039019584656, 7374015.622731549665332 ], [ 5700350.886455990374088, 7373960.050210629589856 ], [ 5700403.304627169854939, 7373957.720322529785335 ], [ 5700403.665031040087342, 7373967.048993620090187 ], [ 5700429.063157830387354, 7373965.95288741029799 ], [ 5700430.921925280243158, 7374012.230375579558313 ], [ 5700353.210039019584656, 7374015.622731549665332 ] ] ] ] } },
{ "type": "Feature", "properties": { "type_zone": null, "name_by_doc": "для производственной деятельности", "descr": "16:31:150106:387" }, "geometry": { "type": "MultiPolygon", "coordinates": [ [ [ [ 5700454.723192229866982, 7374012.110575759783387 ], [ 5700454.624090169556439, 7374010.171172140166163 ], [ 5700448.388528030365705, 7373934.62896721996367 ], [ 5700473.920419519767165, 7373932.52154425997287 ], [ 5700474.210465650074184, 7373935.999788610264659 ], [ 5700479.928040959872305, 7374005.249703579582274 ], [ 5700480.376662939786911, 7374010.056933140382171 ], [ 5700454.723192229866982, 7374012.110575759783387 ] ] ] ] } },
{ "type": "Feature", "properties": { "type_zone": null, "name_by_doc": "для размещения объекта по обслуживанию легковых, грузовых автомобилей с количеством постов не более 10, автобусные парковки", "descr": "16:31:150106:392" }, "geometry": { "type": "MultiPolygon", "coordinates": [ [ [ [ 5700256.132096190005541, 7373926.850022910162807 ], [ 5700276.790672189556062, 7373888.907216769643128 ], [ 5700269.13914342969656, 7373884.73051830008626 ], [ 5700269.958416209556162, 7373883.221107910387218 ], [ 5700259.208461499772966, 7373877.331367690116167 ], [ 5700258.388981049880385, 7373878.858234589919448 ], [ 5700253.213104950264096, 7373876.020489079877734 ], [ 5700244.504423869773746, 7373892.016434799879789 ], [ 5700241.440415590070188, 7373890.33871780987829 ], [ 5700238.109798920340836, 7373896.4804867496714 ], [ 5700241.173808880150318, 7373898.15820636972785 ], [ 5700232.233456430025399, 7373914.587967810221016 ], [ 5700207.801375879906118, 7373900.294015630148351 ], [ 5700246.60869006998837, 7373827.452423900365829 ], [ 5700273.655914199538529, 7373841.585070529952645 ], [ 5700284.417276600375772, 7373821.42287364974618 ], [ 5700352.020500980317593, 7373858.037224819883704 ], [ 5700299.753228059969842, 7373950.940294959582388 ], [ 5700258.590738549828529, 7373928.15387133974582 ], [ 5700256.132096190005541, 7373926.850022910162807 ] ] ] ] } },
{ "type": "Feature", "properties": { "type_zone": null, "name_by_doc": "для размещения производственных и административных зданий", "descr": "16:31:150106:165" }, "geometry": { "type": "MultiPolygon", "coordinates": [ [ [ [ 5700224.219922659918666, 7373935.149635530076921 ], [ 5700233.583581630140543, 7373915.337365790270269 ], [ 5700255.793684479780495, 7373927.474616480059922 ], [ 5700256.132096190005541, 7373926.850022910162807 ], [ 5700258.590738549828529, 7373928.15387133974582 ], [ 5700240.575526170432568, 7373953.224196320399642 ], [ 5700224.219922659918666, 7373935.149635530076921 ] ] ] ] } },
{ "type": "Feature", "properties": { "type_zone": null, "name_by_doc": "Для размещения производственных и административных зданий", "descr": "16:31:150106:114" }, "geometry": { "type": "MultiPolygon", "coordinates": [ [ [ [ 5700255.793684479780495, 7373927.474616480059922 ], [ 5700232.233456430025399, 7373914.587967810221016 ], [ 5700241.173808880150318, 7373898.15820636972785 ], [ 5700238.109798920340836, 7373896.4804867496714 ], [ 5700241.440415590070188, 7373890.33871780987829 ], [ 5700244.504423869773746, 7373892.016434799879789 ], [ 5700253.213104950264096, 7373876.020489079877734 ], [ 5700258.388981049880385, 7373878.858234589919448 ], [ 5700259.208461499772966, 7373877.331367690116167 ], [ 5700269.958416209556162, 7373883.221107910387218 ], [ 5700269.13914342969656, 7373884.73051830008626 ], [ 5700276.790672189556062, 7373888.907216769643128 ], [ 5700255.793684479780495, 7373927.474616480059922 ] ] ] ] } },
{ "type": "Feature", "properties": { "type_zone": null, "name_by_doc": "для размещения объекта по обслуживанию легковых, грузовых автомобилей с количеством постов не более 10, автобусные парки", "descr": "16:31:150106:393" }, "geometry": { "type": "MultiPolygon", "coordinates": [ [ [ [ 5700352.020500980317593, 7373858.037224819883704 ], [ 5700284.417276600375772, 7373821.42287364974618 ], [ 5700314.365215550176799, 7373765.466125089675188 ], [ 5700356.31707079987973, 7373784.786392830312252 ], [ 5700360.835727239958942, 7373790.165560079738498 ], [ 5700355.200901909731328, 7373802.600898150354624 ], [ 5700378.651705079711974, 7373812.936373460106552 ], [ 5700384.185686769895256, 7373800.18550818040967 ], [ 5700386.207244349643588, 7373800.139614580199122 ], [ 5700390.772385150194168, 7373803.057313989847898 ], [ 5700352.020500980317593, 7373858.037224819883704 ] ] ] ] } },
{ "type": "Feature", "properties": { "type_zone": null, "name_by_doc": "для размещения гаража", "descr": "16:31:150106:133" }, "geometry": { "type": "MultiPolygon", "coordinates": [ [ [ [ 5700257.131221819669008, 7373960.265510000288486 ], [ 5700245.383602970279753, 7373947.37929532956332 ], [ 5700254.524834609590471, 7373939.018985169939697 ], [ 5700266.27245613001287, 7373951.905172269791365 ], [ 5700257.131221819669008, 7373960.265510000288486 ] ] ] ] } },
{ "type": "Feature", "properties": { "type_zone": null, "name_by_doc": "Производственная деятельность код 6.0; Склад код 6.9;Складские площадки код 6.9.1", "descr": "16:24:240101:3941" }, "geometry": { "type": "MultiPolygon", "coordinates": [ [ [ [ 5499193.741979669779539, 7483512.181534930132329 ], [ 5499176.82595959957689, 7483484.186596030369401 ], [ 5499142.834147119894624, 7483427.985263929702342 ], [ 5499185.927464299835265, 7483397.265115980058908 ], [ 5499417.055031119845808, 7483232.441505590453744 ], [ 5499474.002979090437293, 7483312.458177270367742 ], [ 5499463.640929330140352, 7483320.977451870217919 ], [ 5499390.783123459666967, 7483373.035184539854527 ], [ 5499279.003554729744792, 7483452.869701949879527 ], [ 5499297.570492910221219, 7483478.907705879770219 ], [ 5499289.455193569883704, 7483484.670320889912546 ], [ 5499253.983361369930208, 7483509.808493860065937 ], [ 5499210.818359379656613, 7483540.405890460126102 ], [ 5499193.741979669779539, 7483512.181534930132329 ] ] ] ] } },
{ "type": "Feature", "properties": { "type_zone": null, "name_by_doc": "Производственные и коммунальные предприятия  V класса опасности, различного профиля", "descr": "16:24:240101:1400" }, "geometry": { "type": "MultiPolygon", "coordinates": [ [ [ [ 5499333.368116550147533, 7483542.199967159889638 ], [ 5499289.455193569883704, 7483484.670320889912546 ], [ 5499297.570492910221219, 7483478.907705879770219 ], [ 5499279.003554729744792, 7483452.869701949879527 ], [ 5499390.783123459666967, 7483373.035184539854527 ], [ 5499409.762070709839463, 7483400.097495090216398 ], [ 5499448.129569419659674, 7483454.751307260245085 ], [ 5499470.929395340383053, 7483485.866175600327551 ], [ 5499361.197963180020452, 7483568.897253409959376 ], [ 5499356.903580980375409, 7483572.125189149752259 ], [ 5499333.368116550147533, 7483542.199967159889638 ] ] ] ] } },
{ "type": "Feature", "properties": { "type_zone": null, "name_by_doc": "Под размещение производственных зданий", "descr": "16:24:240101:3889" }, "geometry": { "type": "MultiPolygon", "coordinates": [ [ [ [ 5499285.475153430365026, 7483718.117456920444965 ], [ 5499167.547372450120747, 7483571.074556689709425 ], [ 5499210.818359379656613, 7483540.405890460126102 ], [ 5499289.455193569883704, 7483484.670320889912546 ], [ 5499333.368116550147533, 7483542.199967159889638 ], [ 5499356.903580980375409, 7483572.125189149752259 ], [ 5499361.197963180020452, 7483568.897253409959376 ], [ 5499470.929395340383053, 7483485.866175600327551 ], [ 5499448.129569419659674, 7483454.751307260245085 ], [ 5499409.762070709839463, 7483400.097495090216398 ], [ 5499390.783123459666967, 7483373.035184539854527 ], [ 5499463.640929330140352, 7483320.977451870217919 ], [ 5499502.678804250434041, 7483288.878676169551909 ], [ 5499559.956302070058882, 7483364.165663699619472 ], [ 5499526.655707909725606, 7483388.637939319945872 ], [ 5499491.82314614020288, 7483414.145347439683974 ], [ 5499455.14138859976083, 7483440.848934619687498 ], [ 5499530.970051649957895, 7483545.557679980061948 ], [ 5499285.475153430365026, 7483718.117456920444965 ] ] ] ] } },
{ "type": "Feature", "properties": { "type_zone": null, "name_by_doc": "Для индивидуального жилищного строительства", "descr": "16:24:240101:3796" }, "geometry": { "type": "MultiPolygon", "coordinates": [ [ [ [ 5499159.785445949994028, 7483456.015303149819374 ], [ 5499116.301392889581621, 7483486.43656865041703 ], [ 5499099.189859120175242, 7483458.159263679757714 ], [ 5499142.834147119894624, 7483427.985263929702342 ], [ 5499159.785445949994028, 7483456.015303149819374 ] ] ] ] } },
{ "type": "Feature", "properties": { "type_zone": null, "name_by_doc": "для ведения личного подсобного хозяйства", "descr": "16:24:240101:2537" }, "geometry": { "type": "MultiPolygon", "coordinates": [ [ [ [ 5499176.82595959957689, 7483484.186596030369401 ], [ 5499193.741979669779539, 7483512.181534930132329 ], [ 5499150.453412960283458, 7483542.850087200291455 ], [ 5499133.3594850897789, 7483514.607974690385163 ], [ 5499176.82595959957689, 7483484.186596030369401 ] ] ] ] } },
{ "type": "Feature", "properties": { "type_zone": null, "name_by_doc": "для ведения личного подсобного хозяйства", "descr": "16:24:240101:2538" }, "geometry": { "type": "MultiPolygon", "coordinates": [ [ [ [ 5499167.547372450120747, 7483571.074556689709425 ], [ 5499150.453412960283458, 7483542.850087200291455 ], [ 5499193.741979669779539, 7483512.181534930132329 ], [ 5499210.818359379656613, 7483540.405890460126102 ], [ 5499167.547372450120747, 7483571.074556689709425 ] ] ] ] } },
{ "type": "Feature", "properties": { "type_zone": null, "name_by_doc": "земельные участки занятые объектами сельско-хозяйственного назначения (телятник)", "descr": "16:24:240101:2444" }, "geometry": { "type": "MultiPolygon", "coordinates": [ [ [ [ 5499476.737319130450487, 7483708.03432429023087 ], [ 5499417.616015340201557, 7483625.245001199655235 ], [ 5499519.862067270092666, 7483553.408366180025041 ], [ 5499577.150295300409198, 7483633.638269360177219 ], [ 5499476.737319130450487, 7483708.03432429023087 ] ] ] ] } },
{ "type": "Feature", "properties": { "type_zone": null, "name_by_doc": "под размещение производственных зданий", "descr": "16:24:240101:1693" }, "geometry": { "type": "MultiPolygon", "coordinates": [ [ [ [ 5499344.780255270190537, 7483805.724487859755754 ], [ 5499285.475153430365026, 7483718.117456920444965 ], [ 5499417.616015340201557, 7483625.245001199655235 ], [ 5499476.737319130450487, 7483708.03432429023087 ], [ 5499344.780255270190537, 7483805.724487859755754 ] ] ] ] } },
{ "type": "Feature", "properties": { "type_zone": null, "name_by_doc": "Склад (код 6,9)", "descr": "16:24:240101:4189" }, "geometry": { "type": "MultiPolygon", "coordinates": [ [ [ [ 5499519.862067270092666, 7483553.408366180025041 ], [ 5499563.115392230451107, 7483523.021206879988313 ], [ 5499620.694231750443578, 7483601.371880499646068 ], [ 5499589.734758869744837, 7483624.309769280254841 ], [ 5499575.407130070030689, 7483604.889818700030446 ], [ 5499562.979447159916162, 7483613.792443949729204 ], [ 5499519.862067270092666, 7483553.408366180025041 ] ] ] ] } },
{ "type": "Feature", "properties": { "type_zone": null, "name_by_doc": "Склад (код 6,9)", "descr": "16:24:240101:4190" }, "geometry": { "type": "MultiPolygon", "coordinates": [ [ [ [ 5499629.58772324025631, 7483476.289575830101967 ], [ 5499683.586740549653769, 7483549.292979010380805 ], [ 5499682.665446200408041, 7483555.460235900245607 ], [ 5499620.694231750443578, 7483601.371880499646068 ], [ 5499563.115392230451107, 7483523.021206879988313 ], [ 5499629.58772324025631, 7483476.289575830101967 ] ] ] ] } },
{ "type": "Feature", "properties": { "type_zone": null, "name_by_doc": "Под размещение производственных зданий", "descr": "16:24:240101:3886" }, "geometry": { "type": "MultiPolygon", "coordinates": [ [ [ [ 5499455.14138859976083, 7483440.848934619687498 ], [ 5499491.82314614020288, 7483414.145347439683974 ], [ 5499568.114643800072372, 7483519.452965719625354 ], [ 5499530.970051649957895, 7483545.557679980061948 ], [ 5499455.14138859976083, 7483440.848934619687498 ] ] ] ] } },
{ "type": "Feature", "properties": { "type_zone": null, "name_by_doc": "Под размещение производственных зданий", "descr": "16:24:240101:3887" }, "geometry": { "type": "MultiPolygon", "coordinates": [ [ [ [ 5499568.114643800072372, 7483519.452965719625354 ], [ 5499491.82314614020288, 7483414.145347439683974 ], [ 5499526.655707909725606, 7483388.637939319945872 ], [ 5499536.801714370027184, 7483402.643548839725554 ], [ 5499603.428169679827988, 7483494.632898289710283 ], [ 5499568.114643800072372, 7483519.452965719625354 ] ] ] ] } },
{ "type": "Feature", "properties": { "type_zone": null, "name_by_doc": "Под размещение производственных зданий", "descr": "16:24:240101:4349" }, "geometry": { "type": "MultiPolygon", "coordinates": [ [ [ [ 5499603.428169679827988, 7483494.632898289710283 ], [ 5499570.123625650070608, 7483448.646966390311718 ], [ 5499604.921404940076172, 7483423.263229750096798 ], [ 5499639.78008371964097, 7483469.081180890090764 ], [ 5499603.428169679827988, 7483494.632898289710283 ] ] ] ] } },
{ "type": "Feature", "properties": { "type_zone": null, "name_by_doc": "Под размещение производственных зданий", "descr": "16:24:240101:4348" }, "geometry": { "type": "MultiPolygon", "coordinates": [ [ [ [ 5499536.801714370027184, 7483402.643548839725554 ], [ 5499570.436822920106351, 7483377.939202729612589 ], [ 5499604.921404940076172, 7483423.263229750096798 ], [ 5499570.123625650070608, 7483448.646966390311718 ], [ 5499536.801714370027184, 7483402.643548839725554 ] ] ] ] } },
{ "type": "Feature", "properties": { "type_zone": null, "name_by_doc": "под размещение производственных зданий", "descr": "16:24:240101:2339" }, "geometry": { "type": "MultiPolygon", "coordinates": [ [ [ [ 5499758.823818719945848, 7483317.487425900064409 ], [ 5499745.736195229925215, 7483305.251053829677403 ], [ 5499744.937129120342433, 7483304.51163327973336 ], [ 5499786.800386469811201, 7483331.839603070169687 ], [ 5499794.087934030219913, 7483336.599171640351415 ], [ 5499793.664259940385818, 7483336.672275410033762 ], [ 5499791.650293610058725, 7483336.736208690330386 ], [ 5499789.846934, 7483336.533400880172849 ], [ 5499786.625807150267065, 7483335.541372319683433 ], [ 5499782.218312890268862, 7483334.077611650340259 ], [ 5499779.049248450435698, 7483332.908227539621294 ], [ 5499775.576314060017467, 7483331.085301799699664 ], [ 5499771.747828640043736, 7483328.8570142602548 ], [ 5499770.205341899767518, 7483327.873680350370705 ], [ 5499769.868215000256896, 7483327.609879340045154 ], [ 5499767.473273400217295, 7483325.816582130268216 ], [ 5499764.684511169791222, 7483323.069202629849315 ], [ 5499758.823818719945848, 7483317.487425900064409 ] ] ], [ [ [ 5499753.046772760339081, 7483340.803537020459771 ], [ 5499683.008910500444472, 7483278.495074929669499 ], [ 5499621.253350060433149, 7483324.669550499878824 ], [ 5499687.425647459924221, 7483417.580471890047193 ], [ 5499651.607412779703736, 7483443.731448469683528 ], [ 5499648.971540169790387, 7483439.832175260409713 ], [ 5499643.880360360257328, 7483432.758675959892571 ], [ 5499637.989744289778173, 7483424.874908490106463 ], [ 5499635.372874059714377, 7483421.223443909548223 ], [ 5499627.275273569859564, 7483426.933155310340226 ], [ 5499625.953298299573362, 7483427.542279900051653 ], [ 5499623.606516550295055, 7483428.15688326023519 ], [ 5499621.592807680368423, 7483428.273894060403109 ], [ 5499618.268665550276637, 7483427.848975550383329 ], [ 5499617.294604619964957, 7483427.429201330058277 ], [ 5499554.729176799766719, 7483344.786278979852796 ], [ 5499654.231097630225122, 7483266.236354139633477 ], [ 5499626.334877889603376, 7483227.058012739755213 ], [ 5499706.141529279761016, 7483279.168014599941671 ], [ 5499711.521225860342383, 7483284.026384729892015 ], [ 5499723.951613389886916, 7483295.628842709586024 ], [ 5499739.276419370435178, 7483309.907286610454321 ], [ 5499753.19873053021729, 7483322.936029310338199 ], [ 5499758.91684294026345, 7483328.288383849896491 ], [ 5499761.741415579803288, 7483331.124111809767783 ], [ 5499766.91161604039371, 7483336.443990459665656 ], [ 5499769.920545360073447, 7483340.713024360127747 ], [ 5499772.987025479786098, 7483345.83170382026583 ], [ 5499776.292476920410991, 7483352.684425599873066 ], [ 5499764.711173299700022, 7483361.13986250013113 ], [ 5499757.643357140012085, 7483347.897240930236876 ], [ 5499753.046772760339081, 7483340.803537020459771 ] ] ] ] } },
{ "type": "Feature", "properties": { "type_zone": null, "name_by_doc": "под размещение производственных зданий", "descr": "16:24:240101:2337" }, "geometry": { "type": "MultiPolygon", "coordinates": [ [ [ [ 5499748.490070180036128, 7483503.329995890147984 ], [ 5499687.425647459924221, 7483417.580471890047193 ], [ 5499621.253350060433149, 7483324.669550499878824 ], [ 5499683.008910500444472, 7483278.495074929669499 ], [ 5499753.046772760339081, 7483340.803537020459771 ], [ 5499757.643357140012085, 7483347.897240930236876 ], [ 5499764.711173299700022, 7483361.13986250013113 ], [ 5499811.117078700102866, 7483448.171008150093257 ], [ 5499809.808729230426252, 7483457.934923919849098 ], [ 5499748.490070180036128, 7483503.329995890147984 ] ] ] ] } },
{ "type": "Feature", "properties": { "type_zone": null, "name_by_doc": "под размещение производственных зданий", "descr": "16:24:240101:4230" }, "geometry": { "type": "MultiPolygon", "coordinates": [ [ [ [ 5499723.236849620006979, 7483522.607440129853785 ], [ 5499660.913870300166309, 7483439.396420979872346 ], [ 5499688.476051669567823, 7483419.062279360368848 ], [ 5499748.490070180036128, 7483503.329995890147984 ], [ 5499723.236849620006979, 7483522.607440129853785 ] ] ] ] } },
{ "type": "Feature", "properties": { "type_zone": null, "name_by_doc": "под размещение производственных зданий", "descr": "16:24:240101:2862" }, "geometry": { "type": "MultiPolygon", "coordinates": [ [ [ [ 5499405.351219699718058, 7483895.202433530241251 ], [ 5499355.341226289980114, 7483821.304935139603913 ], [ 5499436.795309459790587, 7483763.337351930327713 ], [ 5499514.621936799958348, 7483877.708846270106733 ], [ 5499405.351219699718058, 7483895.202433530241251 ] ] ] ] } },
{ "type": "Feature", "properties": { "type_zone": null, "name_by_doc": "для размещения объектов капитального строительства, предназначенных для производства строительных материалов", "descr": "16:24:000000:7597" }, "geometry": { "type": "MultiPolygon", "coordinates": [ [ [ [ 5499405.351219699718058, 7483895.202433530241251 ], [ 5499514.621936799958348, 7483877.708846270106733 ], [ 5499544.025598229840398, 7483920.902697050012648 ], [ 5499537.215249169617891, 7483922.88698823004961 ], [ 5499507.654611090198159, 7483943.321098590269685 ], [ 5499500.32436802983284, 7483960.555358990095556 ], [ 5499495.989679779857397, 7483982.856111199595034 ], [ 5499493.066791419871151, 7484024.788549110293388 ], [ 5499405.351219699718058, 7483895.202433530241251 ] ] ] ] } },
{ "type": "Feature", "properties": { "type_zone": null, "name_by_doc": "для размещения объектов капитального строительства, предназначенных для производства строительных материалов", "descr": "16:24:240301:4527" }, "geometry": { "type": "MultiPolygon", "coordinates": [ [ [ [ 5499562.904171199537814, 7483948.675427090376616 ], [ 5499603.867175109684467, 7484008.861346820369363 ], [ 5499540.765319859609008, 7484062.254245350137353 ], [ 5499522.569205150008202, 7484066.530635490082204 ], [ 5499524.20579843968153, 7484035.301006049849093 ], [ 5499527.572797959670424, 7483987.185750620439649 ], [ 5499530.909420919604599, 7483969.955001040361822 ], [ 5499534.836231860332191, 7483960.707784930244088 ], [ 5499547.960136179812253, 7483953.022997110150754 ], [ 5499562.904171199537814, 7483948.675427090376616 ] ] ] ] } },
{ "type": "Feature", "properties": { "type_zone": null, "name_by_doc": "для размещения объектов капитального строительства, предназначенных для производства строительных материалов", "descr": "16:24:240301:4855" }, "geometry": { "type": "MultiPolygon", "coordinates": [ [ [ [ 5499562.904171199537814, 7483948.675427090376616 ], [ 5499703.292403589934111, 7483907.796803480014205 ], [ 5499725.67331652995199, 7483896.396488320082426 ], [ 5499729.980206959880888, 7483902.128704730421305 ], [ 5499603.867175109684467, 7484008.861346820369363 ], [ 5499562.904171199537814, 7483948.675427090376616 ] ] ] ] } },
{ "type": "Feature", "properties": { "type_zone": null, "name_by_doc": "для размещения объектов капитального строительства, предназначенных для производства строительных материалов", "descr": "16:24:000000:5027" }, "geometry": { "type": "MultiPolygon", "coordinates": [ [ [ [ 5499808.192628510296345, 7483714.159292720258236 ], [ 5499815.012448550201952, 7483727.209034309722483 ], [ 5499816.965416789986193, 7483745.455748080275953 ], [ 5499811.862809180282056, 7483769.353937749750912 ], [ 5499709.604964589700103, 7483868.821789369918406 ], [ 5499706.239047690294683, 7483870.539842580445111 ], [ 5499683.797055919654667, 7483840.644094649702311 ], [ 5499706.776499040424824, 7483832.162623889744282 ], [ 5499725.267622149549425, 7483820.375963279977441 ], [ 5499774.607315050438046, 7483771.466437789611518 ], [ 5499775.011545600369573, 7483771.056977169588208 ], [ 5499808.192628510296345, 7483714.159292720258236 ] ] ], [ [ [ 5499902.72152670007199, 7483541.440757379867136 ], [ 5499904.067639480344951, 7483538.741925950162113 ], [ 5499915.539101920090616, 7483516.368376090191305 ], [ 5499920.011588860303164, 7483493.678410040214658 ], [ 5499929.393608910031617, 7483470.501667969860137 ], [ 5499929.400079200044274, 7483465.118511339649558 ], [ 5499987.672912189736962, 7483425.316521540284157 ], [ 5499990.735821629874408, 7483423.157389059662819 ], [ 5500005.452069600112736, 7483412.825340989977121 ], [ 5500063.426945270039141, 7483383.472038090229034 ], [ 5500165.280422220006585, 7483332.277893310412765 ], [ 5500209.855564340017736, 7483311.77916541043669 ], [ 5500207.307704590260983, 7483307.861964019946754 ], [ 5500262.366031370125711, 7483275.318365709856153 ], [ 5500264.735497919842601, 7483278.917771349661052 ], [ 5500305.626705749891698, 7483260.173931480385363 ], [ 5500319.95513776037842, 7483289.312928889878094 ], [ 5500336.952373689971864, 7483289.202797289937735 ], [ 5500370.78653613012284, 7483272.444756009615958 ], [ 5500403.890837189741433, 7483339.410469770431519 ], [ 5500367.480944749899209, 7483376.510925199836493 ], [ 5500340.14788337983191, 7483399.643923959694803 ], [ 5500282.297820289619267, 7483331.023428229615092 ], [ 5500127.849178990349174, 7483409.578647269867361 ], [ 5499921.948203739710152, 7483548.384955629706383 ], [ 5499992.243924370035529, 7483694.079276690259576 ], [ 5499582.021446510218084, 7484041.243679939769208 ], [ 5499579.611044670455158, 7484043.222246330231428 ], [ 5499579.452669559977949, 7484043.34705478977412 ], [ 5499563.514852459542453, 7484056.908677079714835 ], [ 5499540.765319859609008, 7484062.254245350137353 ], [ 5499603.867175109684467, 7484008.861346820369363 ], [ 5499729.980206959880888, 7483902.128704730421305 ], [ 5499725.67331652995199, 7483896.396488320082426 ], [ 5499727.629409690387547, 7483895.394321910105646 ], [ 5499841.18743173032999, 7483784.337016999721527 ], [ 5499848.410744080320001, 7483750.599260039627552 ], [ 5499869.093107050284743, 7483775.208853149786592 ], [ 5499875.90400745999068, 7483783.264933929778636 ], [ 5499983.487166250124574, 7483692.214026619680226 ], [ 5499933.543795679695904, 7483588.696441040374339 ], [ 5499932.007129950448871, 7483585.517294500023127 ], [ 5499909.966337139718235, 7483604.10534868016839 ], [ 5499909.561742769554257, 7483604.443977800197899 ], [ 5499908.300186649896204, 7483603.140381069853902 ], [ 5499902.434053829871118, 7483596.602312579751015 ], [ 5499899.337079069577157, 7483592.422202910296619 ], [ 5499898.531231289729476, 7483590.425545180216432 ], [ 5499897.160741190426052, 7483585.279919009655714 ], [ 5499896.074861310422421, 7483580.486922210082412 ], [ 5499895.48460088018328, 7483572.55696639046073 ], [ 5499895.851693679578602, 7483568.517596240155399 ], [ 5499897.127061219885945, 7483562.507768189534545 ], [ 5499899.223492359742522, 7483554.740449730306864 ], [ 5499900.997221229597926, 7483546.107192319817841 ], [ 5499902.72152670007199, 7483541.440757379867136 ] ], [ [ 5499923.230067459866405, 7483520.523700409568846 ], [ 5499917.463225560262799, 7483522.608853619545698 ], [ 5499911.81446519959718, 7483523.648609190247953 ], [ 5499904.225144900381565, 7483538.45775336958468 ], [ 5499905.436450709588826, 7483536.981486110016704 ], [ 5499907.143730680458248, 7483535.732750370167196 ], [ 5499908.57133837044239, 7483535.052169290371239 ], [ 5499910.053662260062993, 7483534.690033639781177 ], [ 5499912.013532020151615, 7483534.413865719921887 ], [ 5499914.998221619985998, 7483534.132179680280387 ], [ 5499918.652635900303721, 7483533.528146180324256 ], [ 5499920.134959029965103, 7483533.166008669883013 ], [ 5499926.83695172984153, 7483530.827905420213938 ], [ 5499934.962365539744496, 7483527.03009220957756 ], [ 5499941.03794432990253, 7483523.207900390028954 ], [ 5499947.024315720424056, 7483519.226816520094872 ], [ 5499949.313150940462947, 7483517.691616679541767 ], [ 5499950.758135830052197, 7483516.957812460139394 ], [ 5499952.134248619899154, 7483516.560826390050352 ], [ 5499954.324762940406799, 7483516.460482910275459 ], [ 5499956.836649890057743, 7483516.978177989833057 ], [ 5499959.439164260402322, 7483517.920369840227067 ], [ 5499961.10568287037313, 7483518.956144830211997 ], [ 5499962.421572470106184, 7483520.507334530353546 ], [ 5499971.788548099808395, 7483514.294541589915752 ], [ 5499971.288200329989195, 7483513.252482360228896 ], [ 5499970.801149370148778, 7483511.395795609802008 ], [ 5499970.667959, 7483509.625740190036595 ], [ 5499971.07700212020427, 7483506.82571361027658 ], [ 5499971.839429769665003, 7483504.023782780393958 ], [ 5499972.978899610228837, 7483502.335406079888344 ], [ 5499975.670504500158131, 7483500.125137089751661 ], [ 5499979.420264859683812, 7483497.537300010211766 ], [ 5499992.854045390151441, 7483488.557877070270479 ], [ 5500019.861914549954236, 7483470.421158029697835 ], [ 5500039.827525629661977, 7483457.068058419972658 ], [ 5500060.849212910048664, 7483442.965505509637296 ], [ 5500076.659267229959369, 7483432.326356730423868 ], [ 5500088.807460949756205, 7483424.186044050380588 ], [ 5500104.353547279722989, 7483413.760781290009618 ], [ 5500114.162386699579656, 7483407.616340120323002 ], [ 5500124.11294418014586, 7483401.541954370215535 ], [ 5500130.859943609684706, 7483397.751455879770219 ], [ 5500133.361784, 7483396.40985463000834 ], [ 5500135.247022069990635, 7483395.408032230101526 ], [ 5500136.798457560129464, 7483394.76216575037688 ], [ 5500137.557556009851396, 7483394.634104560129344 ], [ 5500139.059706290252507, 7483394.679095859639347 ], [ 5500140.563574559986591, 7483395.042812069877982 ], [ 5500141.944237260147929, 7483395.49573235027492 ], [ 5500143.202362569980323, 7483396.16180547978729 ], [ 5500144.745005560107529, 7483397.16278022993356 ], [ 5500146.324800590053201, 7483398.499995780177414 ], [ 5500147.302991059608757, 7483399.681101090274751 ], [ 5500153.699461829848588, 7483396.423705570399761 ], [ 5500153.358309119939804, 7483395.416226809844375 ], [ 5500153.138070750050247, 7483393.894576760008931 ], [ 5500153.109422620385885, 7483391.858373030088842 ], [ 5500153.380956180393696, 7483389.785129450261593 ], [ 5500153.781232420355082, 7483388.649684529751539 ], [ 5500154.444251740351319, 7483387.087838049978018 ], [ 5500155.495319739915431, 7483385.399938300251961 ], [ 5500156.46224351041019, 7483384.491622179746628 ], [ 5500157.994764810428023, 7483383.615657939575613 ], [ 5500168.285646749660373, 7483378.407054989598691 ], [ 5500175.686450690031052, 7483374.630694259889424 ], [ 5500179.051856620237231, 7483372.877132689580321 ], [ 5500180.990280910395086, 7483371.910428769886494 ], [ 5500182.436649629846215, 7483371.442198540084064 ], [ 5500184.09590523969382, 7483371.132181219756603 ], [ 5500185.561662370339036, 7483370.982578909955919 ], [ 5500187.488722659647465, 7483371.184624750167131 ], [ 5500189.436127480119467, 7483371.882367620244622 ], [ 5500191.474744079634547, 7483373.110838389955461 ], [ 5500193.143460320308805, 7483374.553802840411663 ], [ 5500194.122323829680681, 7483375.858846950344741 ], [ 5500209.117870110087097, 7483368.234191790223122 ], [ 5500209.00459108967334, 7483366.889042760245502 ], [ 5500208.957303499802947, 7483364.675873289816082 ], [ 5500209.299592420458794, 7483362.619958690367639 ], [ 5500210.221991520375013, 7483360.011969890445471 ], [ 5500211.533583870157599, 7483357.490408400073647 ], [ 5500212.95644710958004, 7483355.942150220274925 ], [ 5500214.311693729832768, 7483354.960894970223308 ], [ 5500216.637773009948432, 7483353.797300919890404 ], [ 5500236.60296306014061, 7483343.755167559720576 ], [ 5500264.198035540059209, 7483329.846790970303118 ], [ 5500297.061611800454557, 7483313.253621679730713 ], [ 5500305.396245109848678, 7483309.011704429984093 ], [ 5500299.09171708021313, 7483296.580050590448081 ], [ 5500285.551307390443981, 7483269.384497280232608 ], [ 5500276.474141200073063, 7483273.541868209838867 ], [ 5500276.547975810244679, 7483274.125804759562016 ], [ 5500276.409977399744093, 7483274.746306199580431 ], [ 5500275.743928289972246, 7483275.741526659578085 ], [ 5500275.146351680159569, 7483276.32910963986069 ], [ 5500274.565677720122039, 7483276.774943189695477 ], [ 5500273.825506520457566, 7483277.133106850087643 ], [ 5500270.372394519858062, 7483278.993407879956067 ], [ 5500254.160522289574146, 7483287.102792779915035 ], [ 5500251.904569489881396, 7483288.159764239564538 ], [ 5500249.946688179858029, 7483288.790143850259483 ], [ 5500248.020220920443535, 7483288.694355989806354 ], [ 5500247.046239259652793, 7483288.292375580407679 ], [ 5500246.390008020214736, 7483287.835548969916999 ], [ 5500245.500543059781194, 7483286.724820620380342 ], [ 5500244.965409889817238, 7483285.789241700433195 ], [ 5500236.950527610257268, 7483290.348076299764216 ], [ 5500237.57725640013814, 7483291.885205440223217 ], [ 5500237.777543740347028, 7483292.98196760006249 ], [ 5500238.24343647994101, 7483294.183532239869237 ], [ 5500239.869470150209963, 7483297.539086470380425 ], [ 5500244.065162849612534, 7483305.573122709989548 ], [ 5500245.584231889806688, 7483308.752188350073993 ], [ 5500246.44171070959419, 7483310.482848250307143 ], [ 5500246.87245962023735, 7483311.720020369626582 ], [ 5500247.217448149807751, 7483313.43575484957546 ], [ 5500247.457476549781859, 7483315.346839530393481 ], [ 5500247.593023169785738, 7483317.541808480396867 ], [ 5500247.657990289852023, 7483319.75486839003861 ], [ 5500247.527260839939117, 7483321.721088699996471 ], [ 5500246.728656300343573, 7483324.346104660071433 ], [ 5500245.997090630233288, 7483326.297879509627819 ], [ 5500244.929146979935467, 7483328.127529 ], [ 5500243.71822561044246, 7483329.656930119730532 ], [ 5500242.063669280149043, 7483330.834592149592936 ], [ 5500232.355302910320461, 7483335.916150440461934 ], [ 5500212.759452980011702, 7483345.637527420185506 ], [ 5500193.694098490290344, 7483355.444528199732304 ], [ 5500183.385881910100579, 7483360.706365940161049 ], [ 5500178.449381840415299, 7483362.734050299972296 ], [ 5500176.208008830435574, 7483363.224293960258365 ], [ 5500171.805774469859898, 7483362.752336319535971 ], [ 5500168.74379940982908, 7483361.795016479678452 ], [ 5500165.981241580098867, 7483360.65899979043752 ], [ 5500164.191906900145113, 7483359.783321930095553 ], [ 5500162.595689199864864, 7483358.676401729695499 ], [ 5500161.262977669946849, 7483357.284736019559205 ], [ 5500160.035229680128396, 7483355.697720649652183 ], [ 5500159.161719439551234, 7483354.268153400160372 ], [ 5500150.548789470456541, 7483339.688510909676552 ], [ 5500144.927503629587591, 7483342.516707009635866 ], [ 5500152.061401049606502, 7483354.784702469594777 ], [ 5500153.631252950057387, 7483357.556261340156198 ], [ 5500154.616313439793885, 7483360.012254520319402 ], [ 5500155.354869039729238, 7483362.628949820064008 ], [ 5500155.560015870258212, 7483364.628775300458074 ], [ 5500155.064516239799559, 7483367.765669669955969 ], [ 5500153.930738739669323, 7483370.498750960454345 ], [ 5500152.705656199716032, 7483372.683397339656949 ], [ 5500151.249826580286026, 7483374.674511849880219 ], [ 5500149.897527859546244, 7483376.204672830179334 ], [ 5500148.315245879814029, 7483377.682956770062447 ], [ 5500147.382514419965446, 7483378.378596729598939 ], [ 5500142.590972229838371, 7483381.078360600396991 ], [ 5500141.675145239569247, 7483381.632249119691551 ], [ 5500136.760011719539762, 7483384.350386979989707 ], [ 5500133.30729603022337, 7483386.299187179654837 ], [ 5500126.700419249944389, 7483389.858726990409195 ], [ 5500119.953424639999866, 7483393.649217969737947 ], [ 5500109.192579640075564, 7483400.188369859941304 ], [ 5500105.283030549995601, 7483402.617734749801457 ], [ 5500103.378687459975481, 7483403.354041679762304 ], [ 5500100.925937229767442, 7483403.969361639581621 ], [ 5500099.478413299657404, 7483404.225094829685986 ], [ 5500097.534154729917645, 7483404.111656590364873 ], [ 5500095.837357689626515, 7483404.014587219804525 ], [ 5500094.422311499714851, 7483403.738919040188193 ], [ 5500092.244733390398324, 7483402.95385641977191 ], [ 5500088.064648070372641, 7483401.081755789928138 ], [ 5500085.849731690250337, 7483399.925036329776049 ], [ 5500083.806740339845419, 7483397.882012990303338 ], [ 5500082.773551260121167, 7483396.329340239986777 ], [ 5500081.240865590050817, 7483393.89399420004338 ], [ 5500078.154492669738829, 7483388.403655960224569 ], [ 5500072.91007408965379, 7483379.188713819719851 ], [ 5500067.484899899922311, 7483382.352249190211296 ], [ 5500071.35765434987843, 7483389.502838660031557 ], [ 5500078.956305189989507, 7483402.777790860272944 ], [ 5500079.777180319651961, 7483404.278490579687059 ], [ 5500080.136850610375404, 7483405.44524107966572 ], [ 5500080.323643029667437, 7483407.321226229891181 ], [ 5500080.318172999657691, 7483409.587816219776869 ], [ 5500080.084244550205767, 7483412.085839450359344 ], [ 5500079.462645529769361, 7483414.780741670168936 ], [ 5500078.610776740126312, 7483417.3706442900002 ], [ 5500077.34975565969944, 7483419.44924086984247 ], [ 5500075.347110250033438, 7483421.620383840054274 ], [ 5500073.325746480375528, 7483423.596845149993896 ], [ 5500065.439734219573438, 7483429.164215370081365 ], [ 5500055.967398550361395, 7483435.466161600314081 ], [ 5500035.280293419957161, 7483449.354389860294759 ], [ 5500015.033129880204797, 7483462.921475550159812 ], [ 5500006.898430570028722, 7483468.259956680238247 ], [ 5500003.833319840021431, 7483470.01184413023293 ], [ 5500000.165553609840572, 7483471.412829229608178 ], [ 5499998.118118110112846, 7483471.831150949932635 ], [ 5499994.283908939920366, 7483471.85183490999043 ], [ 5499990.727175869978964, 7483470.89709977991879 ], [ 5499987.876449420116842, 7483469.796894160099328 ], [ 5499986.139736640267074, 7483468.850048299878836 ], [ 5499984.455556330271065, 7483467.81438066996634 ], [ 5499982.981789929792285, 7483466.476548279635608 ], [ 5499982.250889049842954, 7483465.276370829902589 ], [ 5499980.983828890137374, 7483462.945796620100737 ], [ 5499971.218521419912577, 7483444.316927099600434 ], [ 5499965.756305989809334, 7483447.179587800055742 ], [ 5499966.685459719970822, 7483449.104706649668515 ], [ 5499974.791559889912605, 7483464.767657109536231 ], [ 5499976.095763069577515, 7483467.434477710165083 ], [ 5499977.204940870404243, 7483469.978397100232542 ], [ 5499978.030461990274489, 7483472.346770229749382 ], [ 5499978.590280489996076, 7483474.592623170465231 ], [ 5499978.723852350376546, 7483476.433499059639871 ], [ 5499978.647390640340745, 7483478.647368860431015 ], [ 5499978.307317160069942, 7483481.128275769762695 ], [ 5499977.683965940028429, 7483483.504464910365641 ], [ 5499976.810488530434668, 7483485.368480750359595 ], [ 5499976.056702280417085, 7483486.488128970377147 ], [ 5499975.071600070223212, 7483487.307993879541755 ], [ 5499971.920885230414569, 7483489.573857380077243 ], [ 5499941.532214440405369, 7483509.942133859731257 ], [ 5499935.598950140178204, 7483513.940630390308797 ], [ 5499929.962638700380921, 7483517.300045980140567 ], [ 5499923.230067459866405, 7483520.523700409568846 ] ] ], [ [ [ 5499826.350259769707918, 7483683.054767879657447 ], [ 5499850.880895840004086, 7483640.972495939582586 ], [ 5499857.481930959969759, 7483629.656999659724534 ], [ 5499872.451047089882195, 7483600.446887210011482 ], [ 5499883.916148680262268, 7483613.134939270094037 ], [ 5499890.545672439970076, 7483620.341831400059164 ], [ 5499858.406536489725113, 7483647.236097619868815 ], [ 5499826.350259769707918, 7483683.054767879657447 ] ] ] ] } },
{ "type": "Feature", "properties": { "type_zone": null, "name_by_doc": "для размещения объектов капитального строительства, предназначенных для производства строительных материалов", "descr": "16:24:000000:7554" }, "geometry": { "type": "MultiPolygon", "coordinates": [ [ [ [ 5499514.621936799958348, 7483877.708846270106733 ], [ 5499524.297252739779651, 7483876.169729320332408 ], [ 5499579.200403549708426, 7483866.31408821977675 ], [ 5499647.872847709804773, 7483853.905228819698095 ], [ 5499683.797055919654667, 7483840.644094649702311 ], [ 5499706.239047690294683, 7483870.539842580445111 ], [ 5499691.453601529821754, 7483878.074340039864182 ], [ 5499640.446863760240376, 7483892.903780720196664 ], [ 5499544.025598229840398, 7483920.902697050012648 ], [ 5499514.621936799958348, 7483877.708846270106733 ] ] ] ] } },
{ "type": "Feature", "properties": { "type_zone": null, "name_by_doc": "под размещение производственных зданий", "descr": "16:24:240101:2856" }, "geometry": { "type": "MultiPolygon", "coordinates": [ [ [ [ 5499514.621936799958348, 7483877.708846270106733 ], [ 5499436.795309459790587, 7483763.337351930327713 ], [ 5499559.88041468989104, 7483675.680871680378914 ], [ 5499683.797055919654667, 7483840.644094649702311 ], [ 5499647.872847709804773, 7483853.905228819698095 ], [ 5499579.200403549708426, 7483866.31408821977675 ], [ 5499524.297252739779651, 7483876.169729320332408 ], [ 5499514.621936799958348, 7483877.708846270106733 ] ] ] ] } },
{ "type": "Feature", "properties": { "type_zone": null, "name_by_doc": "Под размещение производственных зданий", "descr": "16:24:240101:4223" }, "geometry": { "type": "MultiPolygon", "coordinates": [ [ [ [ 5499642.297484709881246, 7483600.034513060003519 ], [ 5499774.607315050438046, 7483771.466437789611518 ], [ 5499725.267622149549425, 7483820.375963279977441 ], [ 5499706.776499040424824, 7483832.162623889744282 ], [ 5499683.797055919654667, 7483840.644094649702311 ], [ 5499553.936407409608364, 7483667.743954219855368 ], [ 5499558.634808350354433, 7483664.071010329760611 ], [ 5499561.943706500343978, 7483661.609632140025496 ], [ 5499563.081338480114937, 7483662.878540590405464 ], [ 5499572.092402970418334, 7483656.101362809538841 ], [ 5499581.930908470414579, 7483648.753103570081294 ], [ 5499580.720054679550231, 7483647.006474079564214 ], [ 5499582.339346059598029, 7483645.811386859975755 ], [ 5499590.927340569905937, 7483639.231249700300395 ], [ 5499607.875654989853501, 7483626.461755930446088 ], [ 5499609.121191100217402, 7483628.084235199727118 ], [ 5499613.99595426954329, 7483624.357209630310535 ], [ 5499619.81826854031533, 7483619.385558630339801 ], [ 5499619.015129029750824, 7483617.884673830121756 ], [ 5499638.073126340284944, 7483603.120580489747226 ], [ 5499642.297484709881246, 7483600.034513060003519 ] ] ] ] } },
{ "type": "Feature", "properties": { "type_zone": null, "name_by_doc": "Легкая промышленность", "descr": "16:24:240301:1393" }, "geometry": { "type": "MultiPolygon", "coordinates": [ [ [ [ 5499992.243924370035529, 7483694.079276690259576 ], [ 5499921.948203739710152, 7483548.384955629706383 ], [ 5500127.849178990349174, 7483409.578647269867361 ], [ 5500211.395346069708467, 7483508.607476389966905 ], [ 5499992.243924370035529, 7483694.079276690259576 ] ] ] ] } },
{ "type": "Feature", "properties": { "type_zone": null, "name_by_doc": "для размещения объектов капитального строительства, предназначенных для производства строительных материалов", "descr": "16:24:240301:1394" }, "geometry": { "type": "MultiPolygon", "coordinates": [ [ [ [ 5500211.395346069708467, 7483508.607476389966905 ], [ 5500127.849178990349174, 7483409.578647269867361 ], [ 5500282.297820289619267, 7483331.023428229615092 ], [ 5500340.14788337983191, 7483399.643923959694803 ], [ 5500211.395346069708467, 7483508.607476389966905 ] ] ] ] } },
{ "type": "Feature", "properties": { "type_zone": null, "name_by_doc": "под размещение производственных зданий", "descr": "16:24:240101:3697" }, "geometry": { "type": "MultiPolygon", "coordinates": [ [ [ [ 5499838.213166439905763, 7483212.022235879674554 ], [ 5499725.085339209996164, 7483279.615434540435672 ], [ 5499695.397877589799464, 7483259.145613510161638 ], [ 5499711.729728690348566, 7483236.995039840228856 ], [ 5499735.30919780023396, 7483215.47851402964443 ], [ 5499801.86322532966733, 7483164.886681940406561 ], [ 5499838.213166439905763, 7483212.022235879674554 ] ] ] ] } },
{ "type": "Feature", "properties": { "type_zone": null, "name_by_doc": "Под размещение производственных зданий", "descr": "16:24:240101:2845" }, "geometry": { "type": "MultiPolygon", "coordinates": [ [ [ [ 5500007.049849309958518, 7483207.040435940027237 ], [ 5500005.440133119933307, 7483209.988491550087929 ], [ 5500001.598111339844763, 7483215.108853350393474 ], [ 5499995.658277340233326, 7483221.125887139700353 ], [ 5499942.574390790425241, 7483269.433801810257137 ], [ 5499836.301338239572942, 7483138.707942630164325 ], [ 5499892.582532979547977, 7483096.900463650003076 ], [ 5499967.207633780315518, 7483042.740907129831612 ], [ 5500033.511046869680285, 7483136.707202189601958 ], [ 5500045.358610100112855, 7483154.881336559541523 ], [ 5500044.090957440435886, 7483155.720408420078456 ], [ 5500037.416759829968214, 7483156.588676460087299 ], [ 5500027.464579620398581, 7483165.602121669799089 ], [ 5500013.678343329578638, 7483177.929754050448537 ], [ 5500000.475219549611211, 7483190.271942310035229 ], [ 5500003.372596819885075, 7483193.496693059802055 ], [ 5500005.720729719847441, 7483196.44109532982111 ], [ 5500006.630672469735146, 7483198.082938520237803 ], [ 5500007.473271120339632, 7483200.344891330227256 ], [ 5500007.650553910061717, 7483203.743685030378401 ], [ 5500007.049849309958518, 7483207.040435940027237 ] ] ], [ [ [ 5500047.020716019906104, 7483164.965313820168376 ], [ 5500047.634351040236652, 7483164.076652119867504 ], [ 5500049.955160539597273, 7483161.939283410087228 ], [ 5500054.017188830301166, 7483168.167894460260868 ], [ 5500050.694036999717355, 7483171.196028489619493 ], [ 5500047.725498420186341, 7483167.883154300041497 ], [ 5500046.870650859549642, 7483166.630577700212598 ], [ 5500046.848125980235636, 7483165.727644830010831 ], [ 5500047.020716019906104, 7483164.965313820168376 ] ] ] ] } },
{ "type": "Feature", "properties": { "type_zone": null, "name_by_doc": "под размещение производственных зданий", "descr": "16:24:240101:3696" }, "geometry": { "type": "MultiPolygon", "coordinates": [ [ [ [ 5499801.86322532966733, 7483164.886681940406561 ], [ 5499836.301338239572942, 7483138.707942630164325 ], [ 5499930.355084519833326, 7483254.413116600364447 ], [ 5499887.837163080461323, 7483276.404119939543307 ], [ 5499880.150687630288303, 7483266.440910549834371 ], [ 5499838.213166439905763, 7483212.022235879674554 ], [ 5499801.86322532966733, 7483164.886681940406561 ] ] ] ] } },
{ "type": "Feature", "properties": { "type_zone": null, "name_by_doc": "Пищевая промышленность", "descr": "16:24:240101:3698" }, "geometry": { "type": "MultiPolygon", "coordinates": [ [ [ [ 5499794.44538396038115, 7483327.442564450204372 ], [ 5499725.085339209996164, 7483279.615434540435672 ], [ 5499838.213166439905763, 7483212.022235879674554 ], [ 5499880.150687630288303, 7483266.440910549834371 ], [ 5499794.44538396038115, 7483327.442564450204372 ] ] ] ] } },
{ "type": "Feature", "properties": { "type_zone": null, "name_by_doc": "под размещение цеха строительных материалов", "descr": "16:24:240101:4277" }, "geometry": { "type": "MultiPolygon", "coordinates": [ [ [ [ 5499858.430419109761715, 7483447.066798830404878 ], [ 5499826.422570790164173, 7483382.783468999899924 ], [ 5499940.633173779584467, 7483329.170827410183847 ], [ 5499971.773958140052855, 7483389.792471780441701 ], [ 5499858.430419109761715, 7483447.066798830404878 ] ] ] ] } },
{ "type": "Feature", "properties": { "type_zone": null, "name_by_doc": "Производственная деятельность", "descr": "16:24:240101:1878" }, "geometry": { "type": "MultiPolygon", "coordinates": [ [ [ [ 5500095.187238230369985, 7483135.594843559898436 ], [ 5500106.122504689730704, 7483128.700851909816265 ], [ 5500148.879486240446568, 7483102.157113620080054 ], [ 5500262.366031370125711, 7483275.318365709856153 ], [ 5500207.307704590260983, 7483307.861964019946754 ], [ 5500101.120109179988503, 7483144.717223869636655 ], [ 5500095.187238230369985, 7483135.594843559898436 ] ] ] ] } },
{ "type": "Feature", "properties": { "type_zone": null, "name_by_doc": "Под размещение производственных зданий", "descr": "16:24:240101:2057" }, "geometry": { "type": "MultiPolygon", "coordinates": [ [ [ [ 5500264.735497919842601, 7483278.917771349661052 ], [ 5500148.879486240446568, 7483102.157113620080054 ], [ 5500230.237673250027001, 7483048.56053985003382 ], [ 5500262.340895320288837, 7483113.777381329797208 ], [ 5500294.076954970136285, 7483166.548633789643645 ], [ 5500339.282805919647217, 7483226.860910239629447 ], [ 5500353.832452069967985, 7483238.114307870157063 ], [ 5500352.261460299603641, 7483241.664279569871724 ], [ 5500349.439274519681931, 7483242.564989989623427 ], [ 5500331.447944579645991, 7483248.329130429774523 ], [ 5500264.735497919842601, 7483278.917771349661052 ] ] ] ] } },
{ "type": "Feature", "properties": { "type_zone": null, "name_by_doc": "для размещения объектов капитального строительства, предназначенных для производства строительных материалов", "descr": "16:24:000000:7561" }, "geometry": { "type": "MultiPolygon", "coordinates": [ [ [ [ 5499890.545672439970076, 7483620.341831400059164 ], [ 5499883.916148680262268, 7483613.134939270094037 ], [ 5499872.451047089882195, 7483600.446887210011482 ], [ 5499894.15255509968847, 7483558.096813750453293 ], [ 5499902.72152670007199, 7483541.440757379867136 ], [ 5499900.997221229597926, 7483546.107192319817841 ], [ 5499899.223492359742522, 7483554.740449730306864 ], [ 5499897.127061219885945, 7483562.507768189534545 ], [ 5499895.851693679578602, 7483568.517596240155399 ], [ 5499895.48460088018328, 7483572.55696639046073 ], [ 5499896.074861310422421, 7483580.486922210082412 ], [ 5499897.160741190426052, 7483585.279919009655714 ], [ 5499898.531231289729476, 7483590.425545180216432 ], [ 5499899.337079069577157, 7483592.422202910296619 ], [ 5499902.434053829871118, 7483596.602312579751015 ], [ 5499908.300186649896204, 7483603.140381069853902 ], [ 5499909.561742769554257, 7483604.443977800197899 ], [ 5499890.545672439970076, 7483620.341831400059164 ] ] ], [ [ [ 5499904.225144900381565, 7483538.45775336958468 ], [ 5499911.81446519959718, 7483523.648609190247953 ], [ 5499917.463225560262799, 7483522.608853619545698 ], [ 5499923.230067459866405, 7483520.523700409568846 ], [ 5499929.962638700380921, 7483517.300045980140567 ], [ 5499935.598950140178204, 7483513.940630390308797 ], [ 5499941.532214440405369, 7483509.942133859731257 ], [ 5499971.920885230414569, 7483489.573857380077243 ], [ 5499975.071600070223212, 7483487.307993879541755 ], [ 5499976.056702280417085, 7483486.488128970377147 ], [ 5499976.810488530434668, 7483485.368480750359595 ], [ 5499977.683965940028429, 7483483.504464910365641 ], [ 5499978.307317160069942, 7483481.128275769762695 ], [ 5499978.647390640340745, 7483478.647368860431015 ], [ 5499978.723852350376546, 7483476.433499059639871 ], [ 5499978.590280489996076, 7483474.592623170465231 ], [ 5499978.030461990274489, 7483472.346770229749382 ], [ 5499977.204940870404243, 7483469.978397100232542 ], [ 5499976.095763069577515, 7483467.434477710165083 ], [ 5499974.791559889912605, 7483464.767657109536231 ], [ 5499966.685459719970822, 7483449.104706649668515 ], [ 5499965.756305989809334, 7483447.179587800055742 ], [ 5499971.218521419912577, 7483444.316927099600434 ], [ 5499980.983828890137374, 7483462.945796620100737 ], [ 5499982.250889049842954, 7483465.276370829902589 ], [ 5499982.981789929792285, 7483466.476548279635608 ], [ 5499984.455556330271065, 7483467.81438066996634 ], [ 5499986.139736640267074, 7483468.850048299878836 ], [ 5499987.876449420116842, 7483469.796894160099328 ], [ 5499990.727175869978964, 7483470.89709977991879 ], [ 5499994.283908939920366, 7483471.85183490999043 ], [ 5499998.118118110112846, 7483471.831150949932635 ], [ 5500000.165553609840572, 7483471.412829229608178 ], [ 5500003.833319840021431, 7483470.01184413023293 ], [ 5500006.898430570028722, 7483468.259956680238247 ], [ 5500015.033129880204797, 7483462.921475550159812 ], [ 5500035.280293419957161, 7483449.354389860294759 ], [ 5500055.967398550361395, 7483435.466161600314081 ], [ 5500065.439734219573438, 7483429.164215370081365 ], [ 5500073.325746480375528, 7483423.596845149993896 ], [ 5500075.347110250033438, 7483421.620383840054274 ], [ 5500077.34975565969944, 7483419.44924086984247 ], [ 5500078.610776740126312, 7483417.3706442900002 ], [ 5500079.462645529769361, 7483414.780741670168936 ], [ 5500080.084244550205767, 7483412.085839450359344 ], [ 5500080.318172999657691, 7483409.587816219776869 ], [ 5500080.323643029667437, 7483407.321226229891181 ], [ 5500080.136850610375404, 7483405.44524107966572 ], [ 5500079.777180319651961, 7483404.278490579687059 ], [ 5500078.956305189989507, 7483402.777790860272944 ], [ 5500071.35765434987843, 7483389.502838660031557 ], [ 5500067.484899899922311, 7483382.352249190211296 ], [ 5500072.91007408965379, 7483379.188713819719851 ], [ 5500078.154492669738829, 7483388.403655960224569 ], [ 5500081.240865590050817, 7483393.89399420004338 ], [ 5500082.773551260121167, 7483396.329340239986777 ], [ 5500083.806740339845419, 7483397.882012990303338 ], [ 5500085.849731690250337, 7483399.925036329776049 ], [ 5500088.064648070372641, 7483401.081755789928138 ], [ 5500092.244733390398324, 7483402.95385641977191 ], [ 5500094.422311499714851, 7483403.738919040188193 ], [ 5500095.837357689626515, 7483404.014587219804525 ], [ 5500097.534154729917645, 7483404.111656590364873 ], [ 5500099.478413299657404, 7483404.225094829685986 ], [ 5500100.925937229767442, 7483403.969361639581621 ], [ 5500103.378687459975481, 7483403.354041679762304 ], [ 5500105.283030549995601, 7483402.617734749801457 ], [ 5500109.192579640075564, 7483400.188369859941304 ], [ 5500119.953424639999866, 7483393.649217969737947 ], [ 5500126.700419249944389, 7483389.858726990409195 ], [ 5500133.30729603022337, 7483386.299187179654837 ], [ 5500136.760011719539762, 7483384.350386979989707 ], [ 5500141.675145239569247, 7483381.632249119691551 ], [ 5500142.590972229838371, 7483381.078360600396991 ], [ 5500147.382514419965446, 7483378.378596729598939 ], [ 5500148.315245879814029, 7483377.682956770062447 ], [ 5500149.897527859546244, 7483376.204672830179334 ], [ 5500151.249826580286026, 7483374.674511849880219 ], [ 5500152.705656199716032, 7483372.683397339656949 ], [ 5500153.930738739669323, 7483370.498750960454345 ], [ 5500155.064516239799559, 7483367.765669669955969 ], [ 5500155.560015870258212, 7483364.628775300458074 ], [ 5500155.354869039729238, 7483362.628949820064008 ], [ 5500154.616313439793885, 7483360.012254520319402 ], [ 5500153.631252950057387, 7483357.556261340156198 ], [ 5500152.061401049606502, 7483354.784702469594777 ], [ 5500144.927503629587591, 7483342.516707009635866 ], [ 5500150.548789470456541, 7483339.688510909676552 ], [ 5500159.161719439551234, 7483354.268153400160372 ], [ 5500160.035229680128396, 7483355.697720649652183 ], [ 5500161.262977669946849, 7483357.284736019559205 ], [ 5500162.595689199864864, 7483358.676401729695499 ], [ 5500164.191906900145113, 7483359.783321930095553 ], [ 5500165.981241580098867, 7483360.65899979043752 ], [ 5500168.74379940982908, 7483361.795016479678452 ], [ 5500171.805774469859898, 7483362.752336319535971 ], [ 5500176.208008830435574, 7483363.224293960258365 ], [ 5500178.449381840415299, 7483362.734050299972296 ], [ 5500183.385881910100579, 7483360.706365940161049 ], [ 5500193.694098490290344, 7483355.444528199732304 ], [ 5500212.759452980011702, 7483345.637527420185506 ], [ 5500232.355302910320461, 7483335.916150440461934 ], [ 5500242.063669280149043, 7483330.834592149592936 ], [ 5500243.71822561044246, 7483329.656930119730532 ], [ 5500244.929146979935467, 7483328.127529 ], [ 5500245.997090630233288, 7483326.297879509627819 ], [ 5500246.728656300343573, 7483324.346104660071433 ], [ 5500247.527260839939117, 7483321.721088699996471 ], [ 5500247.657990289852023, 7483319.75486839003861 ], [ 5500247.593023169785738, 7483317.541808480396867 ], [ 5500247.457476549781859, 7483315.346839530393481 ], [ 5500247.217448149807751, 7483313.43575484957546 ], [ 5500246.87245962023735, 7483311.720020369626582 ], [ 5500246.44171070959419, 7483310.482848250307143 ], [ 5500245.584231889806688, 7483308.752188350073993 ], [ 5500244.065162849612534, 7483305.573122709989548 ], [ 5500239.869470150209963, 7483297.539086470380425 ], [ 5500238.24343647994101, 7483294.183532239869237 ], [ 5500237.777543740347028, 7483292.98196760006249 ], [ 5500237.57725640013814, 7483291.885205440223217 ], [ 5500236.950527610257268, 7483290.348076299764216 ], [ 5500244.965409889817238, 7483285.789241700433195 ], [ 5500245.500543059781194, 7483286.724820620380342 ], [ 5500246.390008020214736, 7483287.835548969916999 ], [ 5500247.046239259652793, 7483288.292375580407679 ], [ 5500248.020220920443535, 7483288.694355989806354 ], [ 5500249.946688179858029, 7483288.790143850259483 ], [ 5500251.904569489881396, 7483288.159764239564538 ], [ 5500254.160522289574146, 7483287.102792779915035 ], [ 5500270.372394519858062, 7483278.993407879956067 ], [ 5500273.825506520457566, 7483277.133106850087643 ], [ 5500274.565677720122039, 7483276.774943189695477 ], [ 5500275.146351680159569, 7483276.32910963986069 ], [ 5500275.743928289972246, 7483275.741526659578085 ], [ 5500276.409977399744093, 7483274.746306199580431 ], [ 5500276.547975810244679, 7483274.125804759562016 ], [ 5500276.474141200073063, 7483273.541868209838867 ], [ 5500285.551307390443981, 7483269.384497280232608 ], [ 5500299.09171708021313, 7483296.580050590448081 ], [ 5500305.396245109848678, 7483309.011704429984093 ], [ 5500297.061611800454557, 7483313.253621679730713 ], [ 5500264.198035540059209, 7483329.846790970303118 ], [ 5500236.60296306014061, 7483343.755167559720576 ], [ 5500216.637773009948432, 7483353.797300919890404 ], [ 5500214.311693729832768, 7483354.960894970223308 ], [ 5500212.95644710958004, 7483355.942150220274925 ], [ 5500211.533583870157599, 7483357.490408400073647 ], [ 5500210.221991520375013, 7483360.011969890445471 ], [ 5500209.299592420458794, 7483362.619958690367639 ], [ 5500208.957303499802947, 7483364.675873289816082 ], [ 5500209.00459108967334, 7483366.889042760245502 ], [ 5500209.117870110087097, 7483368.234191790223122 ], [ 5500194.122323829680681, 7483375.858846950344741 ], [ 5500193.143460320308805, 7483374.553802840411663 ], [ 5500191.474744079634547, 7483373.110838389955461 ], [ 5500189.436127480119467, 7483371.882367620244622 ], [ 5500187.488722659647465, 7483371.184624750167131 ], [ 5500185.561662370339036, 7483370.982578909955919 ], [ 5500184.09590523969382, 7483371.132181219756603 ], [ 5500182.436649629846215, 7483371.442198540084064 ], [ 5500180.990280910395086, 7483371.910428769886494 ], [ 5500179.051856620237231, 7483372.877132689580321 ], [ 5500175.686450690031052, 7483374.630694259889424 ], [ 5500168.285646749660373, 7483378.407054989598691 ], [ 5500157.994764810428023, 7483383.615657939575613 ], [ 5500156.46224351041019, 7483384.491622179746628 ], [ 5500155.495319739915431, 7483385.399938300251961 ], [ 5500154.444251740351319, 7483387.087838049978018 ], [ 5500153.781232420355082, 7483388.649684529751539 ], [ 5500153.380956180393696, 7483389.785129450261593 ], [ 5500153.109422620385885, 7483391.858373030088842 ], [ 5500153.138070750050247, 7483393.894576760008931 ], [ 5500153.358309119939804, 7483395.416226809844375 ], [ 5500153.699461829848588, 7483396.423705570399761 ], [ 5500147.302991059608757, 7483399.681101090274751 ], [ 5500146.324800590053201, 7483398.499995780177414 ], [ 5500144.745005560107529, 7483397.16278022993356 ], [ 5500143.202362569980323, 7483396.16180547978729 ], [ 5500141.944237260147929, 7483395.49573235027492 ], [ 5500140.563574559986591, 7483395.042812069877982 ], [ 5500139.059706290252507, 7483394.679095859639347 ], [ 5500137.557556009851396, 7483394.634104560129344 ], [ 5500136.798457560129464, 7483394.76216575037688 ], [ 5500135.247022069990635, 7483395.408032230101526 ], [ 5500133.361784, 7483396.40985463000834 ], [ 5500130.859943609684706, 7483397.751455879770219 ], [ 5500124.11294418014586, 7483401.541954370215535 ], [ 5500114.162386699579656, 7483407.616340120323002 ], [ 5500104.353547279722989, 7483413.760781290009618 ], [ 5500088.807460949756205, 7483424.186044050380588 ], [ 5500076.659267229959369, 7483432.326356730423868 ], [ 5500060.849212910048664, 7483442.965505509637296 ], [ 5500039.827525629661977, 7483457.068058419972658 ], [ 5500019.861914549954236, 7483470.421158029697835 ], [ 5499992.854045390151441, 7483488.557877070270479 ], [ 5499979.420264859683812, 7483497.537300010211766 ], [ 5499975.670504500158131, 7483500.125137089751661 ], [ 5499972.978899610228837, 7483502.335406079888344 ], [ 5499971.839429769665003, 7483504.023782780393958 ], [ 5499971.07700212020427, 7483506.82571361027658 ], [ 5499970.667959, 7483509.625740190036595 ], [ 5499970.801149370148778, 7483511.395795609802008 ], [ 5499971.288200329989195, 7483513.252482360228896 ], [ 5499971.788548099808395, 7483514.294541589915752 ], [ 5499962.421572470106184, 7483520.507334530353546 ], [ 5499961.10568287037313, 7483518.956144830211997 ], [ 5499959.439164260402322, 7483517.920369840227067 ], [ 5499956.836649890057743, 7483516.978177989833057 ], [ 5499954.324762940406799, 7483516.460482910275459 ], [ 5499952.134248619899154, 7483516.560826390050352 ], [ 5499950.758135830052197, 7483516.957812460139394 ], [ 5499949.313150940462947, 7483517.691616679541767 ], [ 5499947.024315720424056, 7483519.226816520094872 ], [ 5499941.03794432990253, 7483523.207900390028954 ], [ 5499934.962365539744496, 7483527.03009220957756 ], [ 5499926.83695172984153, 7483530.827905420213938 ], [ 5499920.134959029965103, 7483533.166008669883013 ], [ 5499918.652635900303721, 7483533.528146180324256 ], [ 5499914.998221619985998, 7483534.132179680280387 ], [ 5499912.013532020151615, 7483534.413865719921887 ], [ 5499910.053662260062993, 7483534.690033639781177 ], [ 5499908.57133837044239, 7483535.052169290371239 ], [ 5499907.143730680458248, 7483535.732750370167196 ], [ 5499905.436450709588826, 7483536.981486110016704 ], [ 5499904.225144900381565, 7483538.45775336958468 ] ] ] ] } },
{ "type": "Feature", "properties": { "type_zone": null, "name_by_doc": "для размещения объектов капитального строительства пищевой промышленности", "descr": "16:24:240301:3408" }, "geometry": { "type": "MultiPolygon", "coordinates": [ [ [ [ 5499983.487166250124574, 7483692.214026619680226 ], [ 5499875.90400745999068, 7483783.264933929778636 ], [ 5499869.093107050284743, 7483775.208853149786592 ], [ 5499848.410744080320001, 7483750.599260039627552 ], [ 5499849.151968389749527, 7483747.124453299678862 ], [ 5499845.990871340036392, 7483717.763476249761879 ], [ 5499831.119643240235746, 7483689.368654269725084 ], [ 5499826.350259769707918, 7483683.054767879657447 ], [ 5499860.682841599918902, 7483649.950897590257227 ], [ 5499912.207213689573109, 7483606.802601180039346 ], [ 5499933.543795679695904, 7483588.696441040374339 ], [ 5499983.487166250124574, 7483692.214026619680226 ] ], [ [ 5499895.256272819824517, 7483625.575755699537694 ], [ 5499904.613559110090137, 7483617.521383159793913 ], [ 5499914.323930789716542, 7483609.411982639692724 ], [ 5499911.996129210107028, 7483606.980817140080035 ], [ 5499892.909854030236602, 7483622.967599670402706 ], [ 5499895.256272819824517, 7483625.575755699537694 ] ] ] ] } },
{ "type": "Feature", "properties": { "type_zone": null, "name_by_doc": "Под размещение производственных зданий", "descr": "16:24:240101:1587" }, "geometry": { "type": "MultiPolygon", "coordinates": [ [ [ [ 5499850.880895840004086, 7483640.972495939582586 ], [ 5499819.573857709765434, 7483694.636879259720445 ], [ 5499744.707324650138617, 7483595.731988869607449 ], [ 5499863.202162809669971, 7483506.645116490311921 ], [ 5499867.28046961966902, 7483512.608398430049419 ], [ 5499870.557027430273592, 7483517.336452309973538 ], [ 5499872.305306410416961, 7483520.443613920360804 ], [ 5499872.697224309667945, 7483524.337213460355997 ], [ 5499872.20084135979414, 7483527.332496279850602 ], [ 5499871.219516069628298, 7483528.860642890445888 ], [ 5499869.091771869920194, 7483530.784526489675045 ], [ 5499867.049907839857042, 7483532.247545739635825 ], [ 5499871.286970539949834, 7483538.156868079677224 ], [ 5499873.173889299854636, 7483537.456115170381963 ], [ 5499876.828592980280519, 7483536.905223079957068 ], [ 5499879.887756070122123, 7483537.331461720168591 ], [ 5499881.146166579797864, 7483538.050711619667709 ], [ 5499882.053087959997356, 7483539.126008310355246 ], [ 5499883.745522770099342, 7483541.702242310158908 ], [ 5499887.312875979579985, 7483547.933906850405037 ], [ 5499889.206602820195258, 7483551.801730900071561 ], [ 5499890.283935840241611, 7483555.001051579602063 ], [ 5499890.470021869987249, 7483556.753126200288534 ], [ 5499889.972789900377393, 7483559.589056610129774 ], [ 5499888.912224690429866, 7483562.817591929808259 ], [ 5499887.741752750240266, 7483565.320697540417314 ], [ 5499885.723244310356677, 7483567.846074379980564 ], [ 5499883.088013200089335, 7483570.693511130288243 ], [ 5499870.465207089670002, 7483582.678817450068891 ], [ 5499862.587798910215497, 7483589.910590769723058 ], [ 5499865.83856291975826, 7483593.115950959734619 ], [ 5499872.451047089882195, 7483600.446887210011482 ], [ 5499857.481930959969759, 7483629.656999659724534 ], [ 5499850.880895840004086, 7483640.972495939582586 ] ] ] ] } },
{ "type": "Feature", "properties": { "type_zone": null, "name_by_doc": "под размещение производственных зданий", "descr": "16:24:240101:4253" }, "geometry": { "type": "MultiPolygon", "coordinates": [ [ [ [ 5499777.119493629783392, 7483510.773032600060105 ], [ 5499806.427734419703484, 7483549.324906500056386 ], [ 5499744.707324650138617, 7483595.731988869607449 ], [ 5499715.718680010177195, 7483557.443555859848857 ], [ 5499777.119493629783392, 7483510.773032600060105 ] ] ] ] } },
{ "type": "Feature", "properties": { "type_zone": null, "name_by_doc": "под размещение производственных зданий", "descr": "16:24:240101:4254" }, "geometry": { "type": "MultiPolygon", "coordinates": [ [ [ [ 5499777.119493629783392, 7483510.773032600060105 ], [ 5499809.90580121986568, 7483486.001021729782224 ], [ 5499824.662055030465126, 7483479.777198350057006 ], [ 5499845.454476770013571, 7483482.179955010302365 ], [ 5499860.597447670064867, 7483508.589264820329845 ], [ 5499806.427734419703484, 7483549.324906500056386 ], [ 5499777.119493629783392, 7483510.773032600060105 ] ] ] ] } },
{ "type": "Feature", "properties": { "type_zone": null, "name_by_doc": "под размещение производственных зданий", "descr": "16:24:240101:4218" }, "geometry": { "type": "MultiPolygon", "coordinates": [ [ [ [ 5499869.590497329831123, 7483501.829677159897983 ], [ 5499894.15255509968847, 7483558.096813750453293 ], [ 5499872.451047089882195, 7483600.446887210011482 ], [ 5499865.83856291975826, 7483593.115950959734619 ], [ 5499862.587798910215497, 7483589.910590769723058 ], [ 5499870.465207089670002, 7483582.678817450068891 ], [ 5499883.088013200089335, 7483570.693511130288243 ], [ 5499885.723244310356677, 7483567.846074379980564 ], [ 5499887.741752750240266, 7483565.320697540417314 ], [ 5499888.912224690429866, 7483562.817591929808259 ], [ 5499889.972789900377393, 7483559.589056610129774 ], [ 5499890.470021869987249, 7483556.753126200288534 ], [ 5499890.283935840241611, 7483555.001051579602063 ], [ 5499889.206602820195258, 7483551.801730900071561 ], [ 5499887.312875979579985, 7483547.933906850405037 ], [ 5499883.745522770099342, 7483541.702242310158908 ], [ 5499882.053087959997356, 7483539.126008310355246 ], [ 5499881.146166579797864, 7483538.050711619667709 ], [ 5499879.887756070122123, 7483537.331461720168591 ], [ 5499876.828592980280519, 7483536.905223079957068 ], [ 5499873.173889299854636, 7483537.456115170381963 ], [ 5499871.286970539949834, 7483538.156868079677224 ], [ 5499867.049907839857042, 7483532.247545739635825 ], [ 5499869.091771869920194, 7483530.784526489675045 ], [ 5499871.219516069628298, 7483528.860642890445888 ], [ 5499872.20084135979414, 7483527.332496279850602 ], [ 5499872.697224309667945, 7483524.337213460355997 ], [ 5499872.305306410416961, 7483520.443613920360804 ], [ 5499870.557027430273592, 7483517.336452309973538 ], [ 5499867.28046961966902, 7483512.608398430049419 ], [ 5499863.202162809669971, 7483506.645116490311921 ], [ 5499869.590497329831123, 7483501.829677159897983 ] ] ] ] } },
{ "type": "Feature", "properties": { "type_zone": null, "name_by_doc": "под размещение производственных зданий", "descr": "16:24:240101:4220" }, "geometry": { "type": "MultiPolygon", "coordinates": [ [ [ [ 5499651.607412779703736, 7483443.731448469683528 ], [ 5499654.617169469594955, 7483448.159950070083141 ], [ 5499650.746941490098834, 7483451.368022919632494 ], [ 5499648.004328080452979, 7483453.968004579655826 ], [ 5499646.633963819593191, 7483455.445066399872303 ], [ 5499645.477609249763191, 7483457.292843329720199 ], [ 5499644.53696190007031, 7483459.830063760280609 ], [ 5499644.001289810054004, 7483462.09950440004468 ], [ 5499643.951111599802971, 7483462.631001500412822 ], [ 5499637.456044680438936, 7483454.059839810244739 ], [ 5499651.607412779703736, 7483443.731448469683528 ] ] ], [ [ [ 5499710.202069340273738, 7483550.142070829868317 ], [ 5499705.272712869569659, 7483543.616586449556053 ], [ 5499705.888778350315988, 7483543.170591039583087 ], [ 5499723.175433239899576, 7483530.965836890041828 ], [ 5499731.67653529997915, 7483524.7048448799178 ], [ 5499734.134934820234776, 7483528.445713969878852 ], [ 5499736.484674289822578, 7483531.691348689608276 ], [ 5499727.206590780057013, 7483538.045055040158331 ], [ 5499710.483645410276949, 7483549.928068400360644 ], [ 5499710.202069340273738, 7483550.142070829868317 ] ] ], [ [ [ 5499863.202162809669971, 7483506.645116490311921 ], [ 5499862.828169509768486, 7483506.098188109695911 ], [ 5499856.220552479848266, 7483496.359058779664338 ], [ 5499847.690082940272987, 7483483.903290039859712 ], [ 5499844.217296889983118, 7483478.822148299776018 ], [ 5499839.854897580109537, 7483472.594792259857059 ], [ 5499837.397412380203605, 7483469.031055130064487 ], [ 5499836.293681209906936, 7483467.49642198998481 ], [ 5499834.911886460147798, 7483466.830957270227373 ], [ 5499832.98651666007936, 7483466.94754914008081 ], [ 5499830.869438650086522, 7483467.560984400101006 ], [ 5499820.353469129651785, 7483453.876367400400341 ], [ 5499821.499836470000446, 7483450.169320720247924 ], [ 5499822.035739850252867, 7483447.952992609702051 ], [ 5499821.795906930230558, 7483446.059568920172751 ], [ 5499820.825295049697161, 7483442.983663380146027 ], [ 5499817.517871430143714, 7483435.776740210130811 ], [ 5499812.516930759884417, 7483425.781125989742577 ], [ 5499804.801716820336878, 7483410.452428160235286 ], [ 5499793.976445379666984, 7483388.464735629968345 ], [ 5499784.759891710244119, 7483369.921401089988649 ], [ 5499776.596254129894078, 7483353.320261020213366 ], [ 5499776.292476920410991, 7483352.684425599873066 ], [ 5499796.322066890075803, 7483338.056886940263212 ], [ 5499798.839943739585578, 7483339.707859249785542 ], [ 5499799.716604419983923, 7483341.739497389644384 ], [ 5499799.381747770123184, 7483341.900661390274763 ], [ 5499798.131706669926643, 7483342.739618279971182 ], [ 5499796.390817550010979, 7483344.30721179023385 ], [ 5499794.35693939961493, 7483347.257552219554782 ], [ 5499792.889978599734604, 7483350.488167840056121 ], [ 5499791.677384830079973, 7483355.027765070088208 ], [ 5499790.98362382967025, 7483360.768682319670916 ], [ 5499791.106199770234525, 7483363.866818710230291 ], [ 5499791.62598078045994, 7483365.245205850340426 ], [ 5499791.502676860429347, 7483365.316697360016406 ], [ 5499791.915498020127416, 7483366.518584829755127 ], [ 5499801.042962539941072, 7483384.920721500180662 ], [ 5499811.672374749556184, 7483406.626126069575548 ], [ 5499819.744673220440745, 7483422.643485159613192 ], [ 5499824.459979560226202, 7483432.091690969653428 ], [ 5499831.561809450387955, 7483445.050891069695354 ], [ 5499834.486924029886723, 7483450.152666959911585 ], [ 5499838.563757619820535, 7483455.850314389914274 ], [ 5499844.367392550222576, 7483463.946919729933143 ], [ 5499846.840084429830313, 7483467.050172049552202 ], [ 5499851.856814299710095, 7483473.380248039960861 ], [ 5499856.427936149761081, 7483478.986707559786737 ], [ 5499858.117126129567623, 7483480.960883949883282 ], [ 5499859.642269739881158, 7483481.997436010278761 ], [ 5499861.254242859780788, 7483482.750198280438781 ], [ 5499869.590497329831123, 7483501.829677159897983 ], [ 5499863.202162809669971, 7483506.645116490311921 ] ] ] ] } },
{ "type": "Feature", "properties": { "type_zone": null, "name_by_doc": "Под размещение производственных зданий", "descr": "16:24:240101:1637" }, "geometry": { "type": "MultiPolygon", "coordinates": [ [ [ [ 5499915.539101920090616, 7483516.368376090191305 ], [ 5499911.796795919537544, 7483523.648704309947789 ], [ 5499910.808265070430934, 7483523.831103810109198 ], [ 5499904.2517258701846, 7483523.636197390034795 ], [ 5499897.972866410389543, 7483522.501279540359974 ], [ 5499895.671115259639919, 7483521.628278859890997 ], [ 5499879.664538989774883, 7483489.061362040229142 ], [ 5499879.893195370212197, 7483488.865347449667752 ], [ 5499876.423639549873769, 7483481.092633630149066 ], [ 5499875.841409830376506, 7483481.255134459584951 ], [ 5499865.319341720081866, 7483459.850061539560556 ], [ 5499976.541662589646876, 7483395.805011980235577 ], [ 5499990.735821629874408, 7483423.157389059662819 ], [ 5499987.672912189736962, 7483425.316521540284157 ], [ 5499929.400079200044274, 7483465.118511339649558 ], [ 5499929.393608910031617, 7483470.501667969860137 ], [ 5499920.011588860303164, 7483493.678410040214658 ], [ 5499915.539101920090616, 7483516.368376090191305 ] ] ] ] } },
{ "type": "Feature", "properties": { "type_zone": null, "name_by_doc": "Под размещение производственных зданий", "descr": "16:24:240101:2828" }, "geometry": { "type": "MultiPolygon", "coordinates": [ [ [ [ 5499990.735821629874408, 7483423.157389059662819 ], [ 5499976.541662589646876, 7483395.805011980235577 ], [ 5499922.098675129935145, 7483289.748014350421727 ], [ 5499942.496112530119717, 7483281.191803859546781 ], [ 5499987.434786220081151, 7483239.497089410200715 ], [ 5500018.787705780006945, 7483211.368438850156963 ], [ 5500097.577961679548025, 7483366.306012890301645 ], [ 5500063.426945270039141, 7483383.472038090229034 ], [ 5500005.452069600112736, 7483412.825340989977121 ], [ 5499990.735821629874408, 7483423.157389059662819 ] ] ] ] } },
{ "type": "Feature", "properties": { "type_zone": null, "name_by_doc": "Под размещение производственных зданий", "descr": "16:24:240101:4205" }, "geometry": { "type": "MultiPolygon", "coordinates": [ [ [ [ 5500072.512375880032778, 7483075.443426320329309 ], [ 5500143.242791069671512, 7483026.703880379907787 ], [ 5500176.270708209834993, 7483073.518562530167401 ], [ 5500226.289584930054843, 7483040.543125580064952 ], [ 5500230.237673250027001, 7483048.56053985003382 ], [ 5500148.879486240446568, 7483102.157113620080054 ], [ 5500108.816802820190787, 7483127.021833430044353 ], [ 5500072.512375880032778, 7483075.443426320329309 ] ] ] ] } },
{ "type": "Feature", "properties": { "type_zone": null, "name_by_doc": "Под размещение производственных зданий", "descr": "16:24:240101:4199" }, "geometry": { "type": "MultiPolygon", "coordinates": [ [ [ [ 5500090.398897710256279, 7482951.790055099874735 ], [ 5500129.485010059550405, 7482922.911920219659805 ], [ 5500151.534984690137208, 7482945.81091270968318 ], [ 5500198.969345699995756, 7482993.892690190114081 ], [ 5500223.752685190178454, 7483035.368834420107305 ], [ 5500226.289584930054843, 7483040.543125580064952 ], [ 5500176.270708209834993, 7483073.518562530167401 ], [ 5500090.398897710256279, 7482951.790055099874735 ] ] ] ] } },
{ "type": "Feature", "properties": { "type_zone": null, "name_by_doc": "Под размещение производственных зданий", "descr": "16:24:240101:3934" }, "geometry": { "type": "MultiPolygon", "coordinates": [ [ [ [ 5500017.184278810396791, 7483113.563940569758415 ], [ 5500072.512375880032778, 7483075.443426320329309 ], [ 5500108.816802820190787, 7483127.021833430044353 ], [ 5500106.122504689730704, 7483128.700851909816265 ], [ 5500095.187238230369985, 7483135.594843559898436 ], [ 5500101.120109179988503, 7483144.717223869636655 ], [ 5500106.981748210266232, 7483153.733754090033472 ], [ 5500062.852863379754126, 7483181.524336510337889 ], [ 5500054.017188830301166, 7483168.167894460260868 ], [ 5500033.511046869680285, 7483136.707202189601958 ], [ 5500017.184278810396791, 7483113.563940569758415 ] ] ] ] } },
{ "type": "Feature", "properties": { "type_zone": null, "name_by_doc": "под размещение производственных зданий", "descr": "16:24:240101:4216" }, "geometry": { "type": "MultiPolygon", "coordinates": [ [ [ [ 5500050.694036999717355, 7483171.196028489619493 ], [ 5499995.658277340233326, 7483221.125887139700353 ], [ 5500001.598111339844763, 7483215.108853350393474 ], [ 5500005.440133119933307, 7483209.988491550087929 ], [ 5500007.049849309958518, 7483207.040435940027237 ], [ 5500007.650553910061717, 7483203.743685030378401 ], [ 5500007.473271120339632, 7483200.344891330227256 ], [ 5500006.630672469735146, 7483198.082938520237803 ], [ 5500005.720729719847441, 7483196.44109532982111 ], [ 5500003.372596819885075, 7483193.496693059802055 ], [ 5500000.475219549611211, 7483190.271942310035229 ], [ 5500013.678343329578638, 7483177.929754050448537 ], [ 5500027.464579620398581, 7483165.602121669799089 ], [ 5500037.416759829968214, 7483156.588676460087299 ], [ 5500044.090957440435886, 7483155.720408420078456 ], [ 5500045.358610100112855, 7483154.881336559541523 ], [ 5500049.955160539597273, 7483161.939283410087228 ], [ 5500047.634351040236652, 7483164.076652119867504 ], [ 5500047.020716019906104, 7483164.965313820168376 ], [ 5500046.848125980235636, 7483165.727644830010831 ], [ 5500046.870650859549642, 7483166.630577700212598 ], [ 5500047.725498420186341, 7483167.883154300041497 ], [ 5500050.694036999717355, 7483171.196028489619493 ] ] ] ] } },
{ "type": "Feature", "properties": { "type_zone": null, "name_by_doc": "Под размещение производственных зданий", "descr": "16:24:240101:4204" }, "geometry": { "type": "MultiPolygon", "coordinates": [ [ [ [ 5499967.243160240352154, 7483042.776128949597478 ], [ 5500090.398897710256279, 7482951.790055099874735 ], [ 5500143.242791069671512, 7483026.703880379907787 ], [ 5500072.512375880032778, 7483075.443426320329309 ], [ 5500017.184278810396791, 7483113.563940569758415 ], [ 5499967.243160240352154, 7483042.776128949597478 ] ] ] ] } },
{ "type": "Feature", "properties": { "type_zone": null, "name_by_doc": "под размещение производственных зданий", "descr": "16:24:240101:2338" }, "geometry": { "type": "MultiPolygon", "coordinates": [ [ [ [ 5499796.390817550010979, 7483344.30721179023385 ], [ 5499798.131706669926643, 7483342.739618279971182 ], [ 5499799.381747770123184, 7483341.900661390274763 ], [ 5499799.716604419983923, 7483341.739497389644384 ], [ 5499861.254242859780788, 7483482.750198280438781 ], [ 5499859.642269739881158, 7483481.997436010278761 ], [ 5499858.117126129567623, 7483480.960883949883282 ], [ 5499856.427936149761081, 7483478.986707559786737 ], [ 5499851.856814299710095, 7483473.380248039960861 ], [ 5499846.840084429830313, 7483467.050172049552202 ], [ 5499844.367392550222576, 7483463.946919729933143 ], [ 5499838.563757619820535, 7483455.850314389914274 ], [ 5499834.486924029886723, 7483450.152666959911585 ], [ 5499831.561809450387955, 7483445.050891069695354 ], [ 5499824.459979560226202, 7483432.091690969653428 ], [ 5499819.744673220440745, 7483422.643485159613192 ], [ 5499811.672374749556184, 7483406.626126069575548 ], [ 5499801.042962539941072, 7483384.920721500180662 ], [ 5499791.915498020127416, 7483366.518584829755127 ], [ 5499791.502676860429347, 7483365.316697360016406 ], [ 5499791.62598078045994, 7483365.245205850340426 ], [ 5499791.106199770234525, 7483363.866818710230291 ], [ 5499790.98362382967025, 7483360.768682319670916 ], [ 5499791.677384830079973, 7483355.027765070088208 ], [ 5499792.889978599734604, 7483350.488167840056121 ], [ 5499794.35693939961493, 7483347.257552219554782 ], [ 5499796.390817550010979, 7483344.30721179023385 ] ] ], [ [ [ 5499839.854897580109537, 7483472.594792259857059 ], [ 5499844.217296889983118, 7483478.822148299776018 ], [ 5499847.690082940272987, 7483483.903290039859712 ], [ 5499856.220552479848266, 7483496.359058779664338 ], [ 5499862.828169509768486, 7483506.098188109695911 ], [ 5499863.202162809669971, 7483506.645116490311921 ], [ 5499860.597447670064867, 7483508.589264820329845 ], [ 5499845.454476770013571, 7483482.179955010302365 ], [ 5499824.662055030465126, 7483479.777198350057006 ], [ 5499809.90580121986568, 7483486.001021729782224 ], [ 5499777.119493629783392, 7483510.773032600060105 ], [ 5499715.718680010177195, 7483557.443555859848857 ], [ 5499637.456044680438936, 7483454.059839810244739 ], [ 5499687.425647459924221, 7483417.580471890047193 ], [ 5499748.490070180036128, 7483503.329995890147984 ], [ 5499809.808729230426252, 7483457.934923919849098 ], [ 5499811.117078700102866, 7483448.171008150093257 ], [ 5499764.711173299700022, 7483361.13986250013113 ], [ 5499776.292476920410991, 7483352.684425599873066 ], [ 5499776.596254129894078, 7483353.320261020213366 ], [ 5499784.759891710244119, 7483369.921401089988649 ], [ 5499793.976445379666984, 7483388.464735629968345 ], [ 5499804.801716820336878, 7483410.452428160235286 ], [ 5499812.516930759884417, 7483425.781125989742577 ], [ 5499817.517871430143714, 7483435.776740210130811 ], [ 5499820.825295049697161, 7483442.983663380146027 ], [ 5499821.795906930230558, 7483446.059568920172751 ], [ 5499822.035739850252867, 7483447.952992609702051 ], [ 5499821.499836470000446, 7483450.169320720247924 ], [ 5499820.353469129651785, 7483453.876367400400341 ], [ 5499830.869438650086522, 7483467.560984400101006 ], [ 5499832.98651666007936, 7483466.94754914008081 ], [ 5499834.911886460147798, 7483466.830957270227373 ], [ 5499836.293681209906936, 7483467.49642198998481 ], [ 5499837.397412380203605, 7483469.031055130064487 ], [ 5499839.854897580109537, 7483472.594792259857059 ] ], [ [ 5499748.490070180036128, 7483503.329995890147984 ], [ 5499688.476051669567823, 7483419.062279360368848 ], [ 5499660.913870300166309, 7483439.396420979872346 ], [ 5499723.236849620006979, 7483522.607440129853785 ], [ 5499748.490070180036128, 7483503.329995890147984 ] ], [ [ 5499648.004328080452979, 7483453.968004579655826 ], [ 5499650.746941490098834, 7483451.368022919632494 ], [ 5499654.617169469594955, 7483448.159950070083141 ], [ 5499651.607412779703736, 7483443.731448469683528 ], [ 5499637.456044680438936, 7483454.059839810244739 ], [ 5499643.951111599802971, 7483462.631001500412822 ], [ 5499644.001289810054004, 7483462.09950440004468 ], [ 5499644.53696190007031, 7483459.830063760280609 ], [ 5499645.477609249763191, 7483457.292843329720199 ], [ 5499646.633963819593191, 7483455.445066399872303 ], [ 5499648.004328080452979, 7483453.968004579655826 ] ], [ [ 5499731.67653529997915, 7483524.7048448799178 ], [ 5499723.175433239899576, 7483530.965836890041828 ], [ 5499705.888778350315988, 7483543.170591039583087 ], [ 5499705.272712869569659, 7483543.616586449556053 ], [ 5499710.202069340273738, 7483550.142070829868317 ], [ 5499710.483645410276949, 7483549.928068400360644 ], [ 5499727.206590780057013, 7483538.045055040158331 ], [ 5499736.484674289822578, 7483531.691348689608276 ], [ 5499734.134934820234776, 7483528.445713969878852 ], [ 5499731.67653529997915, 7483524.7048448799178 ] ] ] ] } },
{ "type": "Feature", "properties": { "type_zone": null, "name_by_doc": "Под размещение производственных зданий", "descr": "16:24:240101:4239" }, "geometry": { "type": "MultiPolygon", "coordinates": [ [ [ [ 5499642.315248480066657, 7483600.052125969901681 ], [ 5499657.716123590245843, 7483588.725203840062022 ], [ 5499665.249203669838607, 7483583.160026470199227 ], [ 5499668.223069230094552, 7483580.842084210366011 ], [ 5499669.156151319853961, 7483580.199606100097299 ], [ 5499677.008679970167577, 7483574.898331710137427 ], [ 5499678.559151549823582, 7483574.057761239819229 ], [ 5499680.501087079755962, 7483573.728623200207949 ], [ 5499682.040496420115232, 7483574.127662730403244 ], [ 5499683.796092449687421, 7483575.304691189900041 ], [ 5499684.951684270054102, 7483576.626595109701157 ], [ 5499686.428441369906068, 7483578.531139690428972 ], [ 5499695.263361009769142, 7483571.896497019566596 ], [ 5499702.602601069957018, 7483566.438580360263586 ], [ 5499701.995514240115881, 7483565.255405659787357 ], [ 5499701.796051139943302, 7483564.30024981033057 ], [ 5499701.696654539555311, 7483562.228963379748166 ], [ 5499701.827904270030558, 7483560.333520540036261 ], [ 5499702.135942080058157, 7483558.454839030280709 ], [ 5499702.728295129723847, 7483556.875668269582093 ], [ 5499703.726571040228009, 7483555.205784229561687 ], [ 5499704.482481249608099, 7483554.475713820196688 ], [ 5499815.721663990058005, 7483701.227298920042813 ], [ 5499775.011545600369573, 7483771.056977169588208 ], [ 5499774.607315050438046, 7483771.466437789611518 ], [ 5499642.315248480066657, 7483600.052125969901681 ] ] ] ] } },
{ "type": "Feature", "properties": { "type_zone": null, "name_by_doc": "Под размещение производственных зданий", "descr": "16:24:240101:4238" }, "geometry": { "type": "MultiPolygon", "coordinates": [ [ [ [ 5499642.315248480066657, 7483600.052125969901681 ], [ 5499639.468425270169973, 7483596.366394460201263 ], [ 5499701.45725185982883, 7483550.472241589799523 ], [ 5499704.482481249608099, 7483554.475713820196688 ], [ 5499703.726571040228009, 7483555.205784229561687 ], [ 5499702.728295129723847, 7483556.875668269582093 ], [ 5499702.135942080058157, 7483558.454839030280709 ], [ 5499701.827904270030558, 7483560.333520540036261 ], [ 5499701.696654539555311, 7483562.228963379748166 ], [ 5499701.796051139943302, 7483564.30024981033057 ], [ 5499701.995514240115881, 7483565.255405659787357 ], [ 5499702.602601069957018, 7483566.438580360263586 ], [ 5499695.263361009769142, 7483571.896497019566596 ], [ 5499686.428441369906068, 7483578.531139690428972 ], [ 5499684.951684270054102, 7483576.626595109701157 ], [ 5499683.796092449687421, 7483575.304691189900041 ], [ 5499682.040496420115232, 7483574.127662730403244 ], [ 5499680.501087079755962, 7483573.728623200207949 ], [ 5499678.559151549823582, 7483574.057761239819229 ], [ 5499677.008679970167577, 7483574.898331710137427 ], [ 5499669.156151319853961, 7483580.199606100097299 ], [ 5499668.223069230094552, 7483580.842084210366011 ], [ 5499665.249203669838607, 7483583.160026470199227 ], [ 5499657.716123590245843, 7483588.725203840062022 ], [ 5499642.315248480066657, 7483600.052125969901681 ] ] ] ] } },
{ "type": "Feature", "properties": { "type_zone": null, "name_by_doc": "Под размещение производственных зданий", "descr": "16:24:240101:1588" }, "geometry": { "type": "MultiPolygon", "coordinates": [ [ [ [ 5499639.851326179690659, 7483469.187045689672232 ], [ 5499639.78008371964097, 7483469.081180890090764 ], [ 5499502.678804250434041, 7483288.878676169551909 ], [ 5499495.201171140186489, 7483278.223374290391803 ], [ 5499457.387276640161872, 7483227.906325940042734 ], [ 5499463.036557739600539, 7483223.661957680247724 ], [ 5499637.456044680438936, 7483454.059839810244739 ], [ 5499744.707324650138617, 7483595.731988869607449 ], [ 5499819.573857709765434, 7483694.636879259720445 ], [ 5499815.721663990058005, 7483701.227298920042813 ], [ 5499639.851326179690659, 7483469.187045689672232 ] ] ] ] } },
{ "type": "Feature", "properties": { "type_zone": null, "name_by_doc": "Под размещение производственных зданий", "descr": "16:24:240101:4192" }, "geometry": { "type": "MultiPolygon", "coordinates": [ [ [ [ 5500209.855564340017736, 7483311.77916541043669 ], [ 5500165.280422220006585, 7483332.277893310412765 ], [ 5500119.111673999577761, 7483355.476560980081558 ], [ 5500108.432349449954927, 7483337.773849040269852 ], [ 5500056.533866629935801, 7483251.713873599655926 ], [ 5500027.298557610251009, 7483203.743881950154901 ], [ 5500034.367331540212035, 7483197.384308120235801 ], [ 5500053.036688470281661, 7483202.684125060215592 ], [ 5500113.057139160111547, 7483163.067859030328691 ], [ 5500209.855564340017736, 7483311.77916541043669 ] ] ] ] } },
{ "type": "Feature", "properties": { "type_zone": null, "name_by_doc": "Под размещение производственных зданий", "descr": "16:24:240101:4197" }, "geometry": { "type": "MultiPolygon", "coordinates": [ [ [ [ 5499959.338145989924669, 7483031.575010979548097 ], [ 5500118.606792889535427, 7482914.099881590344012 ], [ 5500125.593795490451157, 7482918.860506749711931 ], [ 5500129.485010059550405, 7482922.911920219659805 ], [ 5500090.398897710256279, 7482951.790055099874735 ], [ 5499967.243160240352154, 7483042.776128949597478 ], [ 5499959.338145989924669, 7483031.575010979548097 ] ] ] ] } },
{ "type": "Feature", "properties": { "type_zone": null, "name_by_doc": "Под размещение производственных зданий", "descr": "16:24:240101:1633" }, "geometry": { "type": "MultiPolygon", "coordinates": [ [ [ [ 5499836.301338239572942, 7483138.707942630164325 ], [ 5499735.30919780023396, 7483215.47851402964443 ], [ 5499711.729728690348566, 7483236.995039840228856 ], [ 5499695.397877589799464, 7483259.145613510161638 ], [ 5499692.684466020204127, 7483257.26547874044627 ], [ 5499692.506551790051162, 7483257.036238470114768 ], [ 5499691.861982, 7483255.446046309545636 ], [ 5499690.928388100117445, 7483252.671023259870708 ], [ 5499690.776653500273824, 7483250.724049960263073 ], [ 5499691.274505370296538, 7483247.994484660215676 ], [ 5499692.304588080383837, 7483245.669334130361676 ], [ 5499694.446567730046809, 7483243.108036990277469 ], [ 5499698.701512239873409, 7483239.171975480392575 ], [ 5499703.415931300260127, 7483235.251159540377557 ], [ 5499706.705137279815972, 7483232.453524850308895 ], [ 5499721.430191200226545, 7483220.457759959623218 ], [ 5499751.671180919744074, 7483195.700557899661362 ], [ 5499772.447009189985693, 7483178.608103170059621 ], [ 5499798.061695319600403, 7483157.771196129731834 ], [ 5499823.375880650244653, 7483136.935873749665916 ], [ 5499834.300497150048614, 7483128.006034740246832 ], [ 5499870.344447179697454, 7483101.499915190041065 ], [ 5499950.789231579750776, 7483041.961769299581647 ], [ 5499961.510291449725628, 7483034.661966949701309 ], [ 5499967.207633780315518, 7483042.740907129831612 ], [ 5499892.582532979547977, 7483096.900463650003076 ], [ 5499836.301338239572942, 7483138.707942630164325 ] ] ], [ [ [ 5499680.160481919534504, 7483241.34299043007195 ], [ 5499676.861163980327547, 7483242.246008769609034 ], [ 5499674.228912820108235, 7483242.330927509814501 ], [ 5499672.478961629793048, 7483242.198637389577925 ], [ 5499793.655500460416079, 7483153.226463999599218 ], [ 5499768.973747700452805, 7483173.403181309811771 ], [ 5499747.406150749884546, 7483191.119606140069664 ], [ 5499717.692672080360353, 7483215.395859650336206 ], [ 5499702.897608569823205, 7483227.515934229828417 ], [ 5499699.501069550402462, 7483230.066241069696844 ], [ 5499697.529738149605691, 7483231.493367039598525 ], [ 5499692.318519559688866, 7483235.027281570248306 ], [ 5499686.488893800415099, 7483238.564505370333791 ], [ 5499680.160481919534504, 7483241.34299043007195 ] ] ] ] } },
{ "type": "Feature", "properties": { "type_zone": null, "name_by_doc": "Под размещение производственных зданий", "descr": "16:24:240101:2846" }, "geometry": { "type": "MultiPolygon", "coordinates": [ [ [ [ 5499794.44538396038115, 7483327.442564450204372 ], [ 5499880.150687630288303, 7483266.440910549834371 ], [ 5499887.837163080461323, 7483276.404119939543307 ], [ 5499930.355084519833326, 7483254.413116600364447 ], [ 5499942.574390790425241, 7483269.433801810257137 ], [ 5499935.812875780276954, 7483273.808488709852099 ], [ 5499931.199910559691489, 7483276.861267009750009 ], [ 5499927.940027499571443, 7483278.525594389997423 ], [ 5499925.64793538954109, 7483279.441006080247462 ], [ 5499925.047198600135744, 7483279.444241249933839 ], [ 5499923.172984120436013, 7483279.206433299928904 ], [ 5499919.93523976020515, 7483278.409336510114372 ], [ 5499918.199527549557388, 7483277.639565460383892 ], [ 5499917.276956669986248, 7483276.936244750395417 ], [ 5499916.528984759934247, 7483275.842425510287285 ], [ 5499914.888464439660311, 7483273.05352106038481 ], [ 5499910.571537709794939, 7483265.409550859592855 ], [ 5499902.182968660257757, 7483269.509649920277297 ], [ 5499903.519966210238636, 7483275.009390380233526 ], [ 5499903.708325910381973, 7483277.186362240463495 ], [ 5499903.622526889666915, 7483280.958459270186722 ], [ 5499903.226205159910023, 7483282.837557150050998 ], [ 5499902.319102969951928, 7483285.020427440293133 ], [ 5499900.690618160180748, 7483287.773812100291252 ], [ 5499898.86578324995935, 7483290.156402230262756 ], [ 5499896.298100279644132, 7483292.401332479901612 ], [ 5499894.273403639905155, 7483293.757978459820151 ], [ 5499801.503804979845881, 7483332.309597319923341 ], [ 5499794.44538396038115, 7483327.442564450204372 ] ] ] ] } },
{ "type": "Feature", "properties": { "type_zone": null, "name_by_doc": "под размещение цеха строительных материалов", "descr": "16:24:240101:4278" }, "geometry": { "type": "MultiPolygon", "coordinates": [ [ [ [ 5499826.422570790164173, 7483382.783468999899924 ], [ 5499808.346815040335059, 7483346.456434910185635 ], [ 5499921.40255821030587, 7483291.734973089769483 ], [ 5499940.633173779584467, 7483329.170827410183847 ], [ 5499826.422570790164173, 7483382.783468999899924 ] ] ] ] } },
{ "type": "Feature", "properties": { "type_zone": null, "name_by_doc": "земельные участки (территории) общего пользования (12.0)", "descr": "16:24:240101:4281" }, "geometry": { "type": "MultiPolygon", "coordinates": [ [ [ [ 5499699.481977259740233, 7483547.862064139917493 ], [ 5499701.45725185982883, 7483550.472241589799523 ], [ 5499639.468425270169973, 7483596.366394460201263 ], [ 5499550.039189900271595, 7483662.576285130344331 ], [ 5499480.849647490307689, 7483713.785284889861941 ], [ 5499429.13741897046566, 7483752.080212689936161 ], [ 5499348.751740070059896, 7483811.582589419558644 ], [ 5499347.381415509618819, 7483809.748191639780998 ], [ 5499360.988581899553537, 7483799.900880740024149 ], [ 5499370.511098739691079, 7483792.873185819946229 ], [ 5499377.463445279747248, 7483787.683105990290642 ], [ 5499374.721573649905622, 7483783.784129980020225 ], [ 5499391.549497090280056, 7483771.51134910993278 ], [ 5499394.256408049724996, 7483775.481332209892571 ], [ 5499394.661315170116723, 7483775.195846119895577 ], [ 5499412.720731440000236, 7483761.907111559994519 ], [ 5499443.15512770973146, 7483739.716072290204465 ], [ 5499473.00756302010268, 7483717.775990590453148 ], [ 5499494.076860239729285, 7483702.328440500423312 ], [ 5499500.993327240459621, 7483697.067667840048671 ], [ 5499513.733910280279815, 7483687.154015639796853 ], [ 5499534.360079269856215, 7483671.478573329746723 ], [ 5499552.415814129635692, 7483657.587632790207863 ], [ 5499585.869255119934678, 7483631.750069529749453 ], [ 5499602.905155370011926, 7483618.838467289693654 ], [ 5499632.874606300145388, 7483595.817296169698238 ], [ 5499652.481689940206707, 7483581.315891019999981 ], [ 5499662.656120190396905, 7483574.036633250303566 ], [ 5499664.346533039584756, 7483572.929698729887605 ], [ 5499669.681865950115025, 7483569.430401690304279 ], [ 5499684.908306499943137, 7483558.547099219635129 ], [ 5499695.961800269782543, 7483550.448551920242608 ], [ 5499699.481977259740233, 7483547.862064139917493 ] ] ], [ [ [ 5499902.703477770090103, 7483541.37002329993993 ], [ 5499894.15255509968847, 7483558.096813750453293 ], [ 5499869.590497329831123, 7483501.829677159897983 ], [ 5499861.271912050433457, 7483482.750103269703686 ], [ 5499863.342715710401535, 7483483.394151950255036 ], [ 5499864.933227729983628, 7483483.438722049817443 ], [ 5499867.670435910113156, 7483483.140679289586842 ], [ 5499871.942303360439837, 7483482.356274490244687 ], [ 5499875.823740639723837, 7483481.255229500122368 ], [ 5499879.664538989774883, 7483489.061362040229142 ], [ 5499877.694123540073633, 7483490.665653450414538 ], [ 5499876.078134809620678, 7483492.462822860106826 ], [ 5499874.712833669967949, 7483494.878413359634578 ], [ 5499874.226251279935241, 7483496.403892830014229 ], [ 5499874.188132690265775, 7483499.184207609854639 ], [ 5499874.414578460156918, 7483501.874561759643257 ], [ 5499874.602651139721274, 7483503.998476199805737 ], [ 5499875.513076630420983, 7483505.728935830295086 ], [ 5499876.36764957010746, 7483506.928464369848371 ], [ 5499880.298257649876177, 7483511.706115669570863 ], [ 5499885.393998979590833, 7483516.282714099623263 ], [ 5499891.492625930346549, 7483520.057066320441663 ], [ 5499895.653445979580283, 7483521.628373949788511 ], [ 5499904.032016119919717, 7483538.68899429962039 ], [ 5499904.067639480344951, 7483538.741925950162113 ], [ 5499902.964816519990563, 7483540.678012300282717 ], [ 5499902.703477770090103, 7483541.37002329993993 ] ] ], [ [ [ 5500016.275913910008967, 7483210.850784050300717 ], [ 5500014.710928030312061, 7483212.2580875903368 ], [ 5499999.836173839867115, 7483225.901967770420015 ], [ 5499983.660163420252502, 7483240.721530550159514 ], [ 5499961.347468269988894, 7483261.116507920436561 ], [ 5499953.908958629705012, 7483267.743666839785874 ], [ 5499947.066517770290375, 7483273.499959889799356 ], [ 5499939.005209409631789, 7483279.315938989631832 ], [ 5499933.845745950005949, 7483282.601858859881759 ], [ 5499920.628940800204873, 7483289.153882740065455 ], [ 5499907.181565119884908, 7483295.547765370458364 ], [ 5499901.065211639739573, 7483298.325310659594834 ], [ 5499898.19203351996839, 7483299.615696320310235 ], [ 5499886.047558340243995, 7483305.152589660137892 ], [ 5499873.40900314040482, 7483310.816076179966331 ], [ 5499853.524091189727187, 7483319.422502639703453 ], [ 5499838.715064659714699, 7483325.628830160014331 ], [ 5499822.706237370148301, 7483332.160311499610543 ], [ 5499804.423400919884443, 7483339.695587290450931 ], [ 5499801.020787780173123, 7483341.11273782979697 ], [ 5499799.734273290261626, 7483341.739402519538999 ], [ 5499798.839943739585578, 7483339.707859249785542 ], [ 5499796.322066890075803, 7483338.056886940263212 ], [ 5499794.087934030219913, 7483336.599171640351415 ], [ 5499795.94127145037055, 7483336.235075349919498 ], [ 5499797.987072999589145, 7483335.515798600390553 ], [ 5499801.724729830399156, 7483333.972900129854679 ], [ 5499820.854333720169961, 7483326.185185239650309 ], [ 5499836.509963289834559, 7483319.691025359556079 ], [ 5499851.372176240198314, 7483313.519835440441966 ], [ 5499870.97494378965348, 7483305.021182090044022 ], [ 5499883.613681050017476, 7483299.393117270432413 ], [ 5499888.88364833034575, 7483296.938870050013065 ], [ 5499892.42463496979326, 7483294.972019519656897 ], [ 5499894.238160990178585, 7483293.77587535046041 ], [ 5499933.976084319874644, 7483277.253579460084438 ], [ 5499942.574390790425241, 7483269.433801810257137 ], [ 5499949.994863069616258, 7483262.735920930281281 ], [ 5499957.240346119739115, 7483256.357710549607873 ], [ 5499979.711010309867561, 7483235.767127499915659 ], [ 5499986.743944839574397, 7483229.301522029563785 ], [ 5500012.186929100193083, 7483206.180483999662101 ], [ 5500016.275913910008967, 7483210.850784050300717 ] ] ], [ [ [ 5499706.141529279761016, 7483279.168014599941671 ], [ 5499700.211464960128069, 7483273.81679018959403 ], [ 5499698.100294269621372, 7483272.216743109747767 ], [ 5499694.021571249701083, 7483269.440851479768753 ], [ 5499691.418228389695287, 7483268.321533090434968 ], [ 5499688.746382820419967, 7483267.609845929779112 ], [ 5499675.963359899818897, 7483259.444449489936233 ], [ 5499663.835519920103252, 7483251.54114152956754 ], [ 5499662.417025960050523, 7483250.610253799706697 ], [ 5499671.669317919760942, 7483242.787306039594114 ], [ 5499692.684466020204127, 7483257.26547874044627 ], [ 5499692.702229119837284, 7483257.283090779557824 ], [ 5499693.413980539888144, 7483258.217758559621871 ], [ 5499695.046769949607551, 7483259.572465729899704 ], [ 5499698.098626470193267, 7483261.964295409619808 ], [ 5499705.658073389902711, 7483268.032779489643872 ], [ 5499716.719715000130236, 7483278.102030290290713 ], [ 5499729.594087679870427, 7483290.127064879983664 ], [ 5499744.937034590169787, 7483304.493926520459354 ], [ 5499711.194876139983535, 7483282.469898180104792 ], [ 5499706.141529279761016, 7483279.168014599941671 ] ] ], [ [ [ 5499959.338145989924669, 7483031.575010979548097 ], [ 5499793.761037889868021, 7483153.137362839654088 ], [ 5499819.49746183026582, 7483131.963368340395391 ], [ 5499830.50994404964149, 7483122.944534170441329 ], [ 5499953.371152279898524, 7483032.510207669809461 ], [ 5499957.824854999780655, 7483029.440663269720972 ], [ 5499959.338145989924669, 7483031.575010979548097 ] ] ], [ [ [ 5499536.301914890296757, 7483118.959746999666095 ], [ 5499537.866686950437725, 7483117.499438250437379 ], [ 5499554.127338490448892, 7483135.119527439586818 ], [ 5499552.420371839776635, 7483136.421239759773016 ], [ 5499536.301914890296757, 7483118.959746999666095 ] ] ] ] } },
{ "type": "Feature", "properties": { "type_zone": null, "name_by_doc": "Под размещение производственных зданий", "descr": "16:24:240101:4222" }, "geometry": { "type": "MultiPolygon", "coordinates": [ [ [ [ 5499639.468425270169973, 7483596.366394460201263 ], [ 5499642.297484709881246, 7483600.034513060003519 ], [ 5499638.073126340284944, 7483603.120580489747226 ], [ 5499619.015129029750824, 7483617.884673830121756 ], [ 5499619.81826854031533, 7483619.385558630339801 ], [ 5499613.99595426954329, 7483624.357209630310535 ], [ 5499609.121191100217402, 7483628.084235199727118 ], [ 5499607.875654989853501, 7483626.461755930446088 ], [ 5499590.927340569905937, 7483639.231249700300395 ], [ 5499582.339346059598029, 7483645.811386859975755 ], [ 5499580.720054679550231, 7483647.006474079564214 ], [ 5499581.930908470414579, 7483648.753103570081294 ], [ 5499572.092402970418334, 7483656.101362809538841 ], [ 5499563.081338480114937, 7483662.878540590405464 ], [ 5499561.943706500343978, 7483661.609632140025496 ], [ 5499558.634808350354433, 7483664.071010329760611 ], [ 5499553.936407409608364, 7483667.743954219855368 ], [ 5499550.039189900271595, 7483662.576285130344331 ], [ 5499639.468425270169973, 7483596.366394460201263 ] ] ] ] } },
{ "type": "Feature", "properties": { "type_zone": null, "name_by_doc": "Для индивидуального жилищного строительства", "descr": "16:24:240101:3795" }, "geometry": { "type": "MultiPolygon", "coordinates": [ [ [ [ 5499159.785445949994028, 7483456.015303149819374 ], [ 5499176.82595959957689, 7483484.186596030369401 ], [ 5499133.3594850897789, 7483514.607974690385163 ], [ 5499116.301392889581621, 7483486.43656865041703 ], [ 5499159.785445949994028, 7483456.015303149819374 ] ] ] ] } },
{ "type": "Feature", "properties": { "type_zone": null, "name_by_doc": "Под размещение производственных зданий", "descr": "16:24:240101:4326" }, "geometry": { "type": "MultiPolygon", "coordinates": [ [ [ [ 5499536.801714370027184, 7483402.643548839725554 ], [ 5499526.655707909725606, 7483388.637939319945872 ], [ 5499559.956302070058882, 7483364.165663699619472 ], [ 5499570.436822920106351, 7483377.939202729612589 ], [ 5499536.801714370027184, 7483402.643548839725554 ] ] ] ] } },
{ "type": "Feature", "properties": { "type_zone": null, "name_by_doc": "Коммунальное обслуживание", "descr": "16:24:240301:3403" }, "geometry": { "type": "MultiPolygon", "coordinates": [ [ [ [ 5500319.95513776037842, 7483289.312928889878094 ], [ 5500305.626705749891698, 7483260.173931480385363 ], [ 5500331.447944579645991, 7483248.329130429774523 ], [ 5500349.439274519681931, 7483242.564989989623427 ], [ 5500352.261460299603641, 7483241.664279569871724 ], [ 5500353.832452069967985, 7483238.114307870157063 ], [ 5500370.78653613012284, 7483272.444756009615958 ], [ 5500336.952373689971864, 7483289.202797289937735 ], [ 5500319.95513776037842, 7483289.312928889878094 ] ] ] ] } }
]
}
